solid terrain
facet normal 0.000000 0.000000 -1.000000
outer loop
vertex -33.0000 -43.0000 0.0000
vertex -33.0000 43.0000 0.0000
vertex 33.0000 43.0000 0.0000
endloop
endfacet
facet normal 0.000000 0.000000 -1.000000
outer loop
vertex -33.0000 -43.0000 0.0000
vertex 33.0000 43.0000 0.0000
vertex 33.0000 -43.0000 0.0000
endloop
endfacet
facet normal 0.000000 0.000000 1.000000
outer loop
vertex -33.0000 -43.0000 0.0500
vertex 33.0000 -43.0000 0.0500
vertex 33.0000 43.0000 0.0500
endloop
endfacet
facet normal 0.000000 0.000000 1.000000
outer loop
vertex -33.0000 -43.0000 0.0500
vertex 33.0000 43.0000 0.0500
vertex -33.0000 43.0000 0.0500
endloop
endfacet
facet normal 0.000000 -1.000000 0.000000
outer loop
vertex -33.0000 -43.0000 0.0000
vertex 33.0000 -43.0000 0.0000
vertex 33.0000 -43.0000 0.0500
endloop
endfacet
facet normal 0.000000 -1.000000 0.000000
outer loop
vertex -33.0000 -43.0000 0.0000
vertex 33.0000 -43.0000 0.0500
vertex -33.0000 -43.0000 0.0500
endloop
endfacet
facet normal 1.000000 0.000000 0.000000
outer loop
vertex 33.0000 -43.0000 0.0000
vertex 33.0000 43.0000 0.0000
vertex 33.0000 43.0000 0.0500
endloop
endfacet
facet normal 1.000000 0.000000 0.000000
outer loop
vertex 33.0000 -43.0000 0.0000
vertex 33.0000 43.0000 0.0500
vertex 33.0000 -43.0000 0.0500
endloop
endfacet
facet normal 0.000000 1.000000 0.000000
outer loop
vertex 33.0000 43.0000 0.0000
vertex -33.0000 43.0000 0.0000
vertex -33.0000 43.0000 0.0500
endloop
endfacet
facet normal 0.000000 1.000000 -0.000000
outer loop
vertex 33.0000 43.0000 0.0000
vertex -33.0000 43.0000 0.0500
vertex 33.0000 43.0000 0.0500
endloop
endfacet
facet normal -1.000000 0.000000 0.000000
outer loop
vertex -33.0000 43.0000 0.0000
vertex -33.0000 -43.0000 0.0000
vertex -33.0000 -43.0000 0.0500
endloop
endfacet
facet normal -1.000000 0.000000 0.000000
outer loop
vertex -33.0000 43.0000 0.0000
vertex -33.0000 -43.0000 0.0500
vertex -33.0000 43.0000 0.0500
endloop
endfacet
facet normal 0.000000 0.000000 -1.000000
outer loop
vertex -8.1491 16.5508 0.0000
vertex -8.1491 22.4553 0.0000
vertex 0.6961 22.4553 0.0000
endloop
endfacet
facet normal 0.000000 0.000000 -1.000000
outer loop
vertex -8.1491 16.5508 0.0000
vertex 0.6961 22.4553 0.0000
vertex 0.6961 16.5508 0.0000
endloop
endfacet
facet normal 0.000000 0.000000 1.000000
outer loop
vertex -8.1491 16.5508 13.2405
vertex 0.6961 16.5508 13.2405
vertex 0.6961 22.4553 13.2405
endloop
endfacet
facet normal 0.000000 0.000000 1.000000
outer loop
vertex -8.1491 16.5508 13.2405
vertex 0.6961 22.4553 13.2405
vertex -8.1491 22.4553 13.2405
endloop
endfacet
facet normal 0.000000 -1.000000 0.000000
outer loop
vertex -8.1491 16.5508 0.0000
vertex 0.6961 16.5508 0.0000
vertex 0.6961 16.5508 13.2405
endloop
endfacet
facet normal 0.000000 -1.000000 0.000000
outer loop
vertex -8.1491 16.5508 0.0000
vertex 0.6961 16.5508 13.2405
vertex -8.1491 16.5508 13.2405
endloop
endfacet
facet normal 1.000000 0.000000 0.000000
outer loop
vertex 0.6961 16.5508 0.0000
vertex 0.6961 22.4553 0.0000
vertex 0.6961 22.4553 13.2405
endloop
endfacet
facet normal 1.000000 0.000000 0.000000
outer loop
vertex 0.6961 16.5508 0.0000
vertex 0.6961 22.4553 13.2405
vertex 0.6961 16.5508 13.2405
endloop
endfacet
facet normal 0.000000 1.000000 0.000000
outer loop
vertex 0.6961 22.4553 0.0000
vertex -8.1491 22.4553 0.0000
vertex -8.1491 22.4553 13.2405
endloop
endfacet
facet normal 0.000000 1.000000 -0.000000
outer loop
vertex 0.6961 22.4553 0.0000
vertex -8.1491 22.4553 13.2405
vertex 0.6961 22.4553 13.2405
endloop
endfacet
facet normal -1.000000 0.000000 0.000000
outer loop
vertex -8.1491 22.4553 0.0000
vertex -8.1491 16.5508 0.0000
vertex -8.1491 16.5508 13.2405
endloop
endfacet
facet normal -1.000000 0.000000 0.000000
outer loop
vertex -8.1491 22.4553 0.0000
vertex -8.1491 16.5508 13.2405
vertex -8.1491 22.4553 13.2405
endloop
endfacet
facet normal 0.000000 0.000000 -1.000000
outer loop
vertex -26.8177 30.7491 0.0000
vertex -26.8177 38.8021 0.0000
vertex -17.9201 38.8021 0.0000
endloop
endfacet
facet normal 0.000000 0.000000 -1.000000
outer loop
vertex -26.8177 30.7491 0.0000
vertex -17.9201 38.8021 0.0000
vertex -17.9201 30.7491 0.0000
endloop
endfacet
facet normal 0.000000 0.000000 1.000000
outer loop
vertex -26.8177 30.7491 14.2734
vertex -17.9201 30.7491 14.2734
vertex -17.9201 38.8021 14.2734
endloop
endfacet
facet normal 0.000000 0.000000 1.000000
outer loop
vertex -26.8177 30.7491 14.2734
vertex -17.9201 38.8021 14.2734
vertex -26.8177 38.8021 14.2734
endloop
endfacet
facet normal 0.000000 -1.000000 0.000000
outer loop
vertex -26.8177 30.7491 0.0000
vertex -17.9201 30.7491 0.0000
vertex -17.9201 30.7491 14.2734
endloop
endfacet
facet normal 0.000000 -1.000000 0.000000
outer loop
vertex -26.8177 30.7491 0.0000
vertex -17.9201 30.7491 14.2734
vertex -26.8177 30.7491 14.2734
endloop
endfacet
facet normal 1.000000 0.000000 0.000000
outer loop
vertex -17.9201 30.7491 0.0000
vertex -17.9201 38.8021 0.0000
vertex -17.9201 38.8021 14.2734
endloop
endfacet
facet normal 1.000000 0.000000 0.000000
outer loop
vertex -17.9201 30.7491 0.0000
vertex -17.9201 38.8021 14.2734
vertex -17.9201 30.7491 14.2734
endloop
endfacet
facet normal 0.000000 1.000000 0.000000
outer loop
vertex -17.9201 38.8021 0.0000
vertex -26.8177 38.8021 0.0000
vertex -26.8177 38.8021 14.2734
endloop
endfacet
facet normal 0.000000 1.000000 -0.000000
outer loop
vertex -17.9201 38.8021 0.0000
vertex -26.8177 38.8021 14.2734
vertex -17.9201 38.8021 14.2734
endloop
endfacet
facet normal -1.000000 0.000000 0.000000
outer loop
vertex -26.8177 38.8021 0.0000
vertex -26.8177 30.7491 0.0000
vertex -26.8177 30.7491 14.2734
endloop
endfacet
facet normal -1.000000 0.000000 0.000000
outer loop
vertex -26.8177 38.8021 0.0000
vertex -26.8177 30.7491 14.2734
vertex -26.8177 38.8021 14.2734
endloop
endfacet
facet normal 0.000000 0.000000 -1.000000
outer loop
vertex 0.2938 -32.5642 0.0000
vertex 0.2938 -27.4527 0.0000
vertex 11.0143 -27.4527 0.0000
endloop
endfacet
facet normal 0.000000 0.000000 -1.000000
outer loop
vertex 0.2938 -32.5642 0.0000
vertex 11.0143 -27.4527 0.0000
vertex 11.0143 -32.5642 0.0000
endloop
endfacet
facet normal 0.000000 0.000000 1.000000
outer loop
vertex 0.2938 -32.5642 12.9332
vertex 11.0143 -32.5642 12.9332
vertex 11.0143 -27.4527 12.9332
endloop
endfacet
facet normal 0.000000 0.000000 1.000000
outer loop
vertex 0.2938 -32.5642 12.9332
vertex 11.0143 -27.4527 12.9332
vertex 0.2938 -27.4527 12.9332
endloop
endfacet
facet normal 0.000000 -1.000000 0.000000
outer loop
vertex 0.2938 -32.5642 0.0000
vertex 11.0143 -32.5642 0.0000
vertex 11.0143 -32.5642 12.9332
endloop
endfacet
facet normal 0.000000 -1.000000 0.000000
outer loop
vertex 0.2938 -32.5642 0.0000
vertex 11.0143 -32.5642 12.9332
vertex 0.2938 -32.5642 12.9332
endloop
endfacet
facet normal 1.000000 0.000000 0.000000
outer loop
vertex 11.0143 -32.5642 0.0000
vertex 11.0143 -27.4527 0.0000
vertex 11.0143 -27.4527 12.9332
endloop
endfacet
facet normal 1.000000 0.000000 0.000000
outer loop
vertex 11.0143 -32.5642 0.0000
vertex 11.0143 -27.4527 12.9332
vertex 11.0143 -32.5642 12.9332
endloop
endfacet
facet normal 0.000000 1.000000 0.000000
outer loop
vertex 11.0143 -27.4527 0.0000
vertex 0.2938 -27.4527 0.0000
vertex 0.2938 -27.4527 12.9332
endloop
endfacet
facet normal 0.000000 1.000000 -0.000000
outer loop
vertex 11.0143 -27.4527 0.0000
vertex 0.2938 -27.4527 12.9332
vertex 11.0143 -27.4527 12.9332
endloop
endfacet
facet normal -1.000000 0.000000 0.000000
outer loop
vertex 0.2938 -27.4527 0.0000
vertex 0.2938 -32.5642 0.0000
vertex 0.2938 -32.5642 12.9332
endloop
endfacet
facet normal -1.000000 0.000000 0.000000
outer loop
vertex 0.2938 -27.4527 0.0000
vertex 0.2938 -32.5642 12.9332
vertex 0.2938 -27.4527 12.9332
endloop
endfacet
facet normal 0.991445 0.130526 0.000000
outer loop
vertex -20.4742 -18.5721 0.0000
vertex -20.5473 -18.0167 0.0000
vertex -20.5473 -18.0167 22.3676
endloop
endfacet
facet normal 0.991445 0.130526 -0.000000
outer loop
vertex -20.4742 -18.5721 0.0000
vertex -20.5473 -18.0167 22.3676
vertex -20.4742 -18.5721 22.3676
endloop
endfacet
facet normal 0.000000 0.000000 1.000000
outer loop
vertex -22.6200 -18.5721 22.3676
vertex -20.4742 -18.5721 22.3676
vertex -20.5473 -18.0167 22.3676
endloop
endfacet
facet normal 0.000000 0.000000 -1.000000
outer loop
vertex -22.6200 -18.5721 0.0000
vertex -20.5473 -18.0167 0.0000
vertex -20.4742 -18.5721 0.0000
endloop
endfacet
facet normal 0.923880 0.382683 0.000000
outer loop
vertex -20.5473 -18.0167 0.0000
vertex -20.7617 -17.4992 0.0000
vertex -20.7617 -17.4992 22.3676
endloop
endfacet
facet normal 0.923880 0.382683 -0.000000
outer loop
vertex -20.5473 -18.0167 0.0000
vertex -20.7617 -17.4992 22.3676
vertex -20.5473 -18.0167 22.3676
endloop
endfacet
facet normal 0.000000 0.000000 1.000000
outer loop
vertex -22.6200 -18.5721 22.3676
vertex -20.5473 -18.0167 22.3676
vertex -20.7617 -17.4992 22.3676
endloop
endfacet
facet normal 0.000000 0.000000 -1.000000
outer loop
vertex -22.6200 -18.5721 0.0000
vertex -20.7617 -17.4992 0.0000
vertex -20.5473 -18.0167 0.0000
endloop
endfacet
facet normal 0.793353 0.608761 0.000000
outer loop
vertex -20.7617 -17.4992 0.0000
vertex -21.1027 -17.0548 0.0000
vertex -21.1027 -17.0548 22.3676
endloop
endfacet
facet normal 0.793353 0.608761 -0.000000
outer loop
vertex -20.7617 -17.4992 0.0000
vertex -21.1027 -17.0548 22.3676
vertex -20.7617 -17.4992 22.3676
endloop
endfacet
facet normal 0.000000 0.000000 1.000000
outer loop
vertex -22.6200 -18.5721 22.3676
vertex -20.7617 -17.4992 22.3676
vertex -21.1027 -17.0548 22.3676
endloop
endfacet
facet normal 0.000000 0.000000 -1.000000
outer loop
vertex -22.6200 -18.5721 0.0000
vertex -21.1027 -17.0548 0.0000
vertex -20.7617 -17.4992 0.0000
endloop
endfacet
facet normal 0.608761 0.793353 0.000000
outer loop
vertex -21.1027 -17.0548 0.0000
vertex -21.5471 -16.7138 0.0000
vertex -21.5471 -16.7138 22.3676
endloop
endfacet
facet normal 0.608761 0.793353 -0.000000
outer loop
vertex -21.1027 -17.0548 0.0000
vertex -21.5471 -16.7138 22.3676
vertex -21.1027 -17.0548 22.3676
endloop
endfacet
facet normal 0.000000 0.000000 1.000000
outer loop
vertex -22.6200 -18.5721 22.3676
vertex -21.1027 -17.0548 22.3676
vertex -21.5471 -16.7138 22.3676
endloop
endfacet
facet normal 0.000000 0.000000 -1.000000
outer loop
vertex -22.6200 -18.5721 0.0000
vertex -21.5471 -16.7138 0.0000
vertex -21.1027 -17.0548 0.0000
endloop
endfacet
facet normal 0.382683 0.923880 0.000000
outer loop
vertex -21.5471 -16.7138 0.0000
vertex -22.0646 -16.4995 0.0000
vertex -22.0646 -16.4995 22.3676
endloop
endfacet
facet normal 0.382683 0.923880 -0.000000
outer loop
vertex -21.5471 -16.7138 0.0000
vertex -22.0646 -16.4995 22.3676
vertex -21.5471 -16.7138 22.3676
endloop
endfacet
facet normal 0.000000 0.000000 1.000000
outer loop
vertex -22.6200 -18.5721 22.3676
vertex -21.5471 -16.7138 22.3676
vertex -22.0646 -16.4995 22.3676
endloop
endfacet
facet normal 0.000000 0.000000 -1.000000
outer loop
vertex -22.6200 -18.5721 0.0000
vertex -22.0646 -16.4995 0.0000
vertex -21.5471 -16.7138 0.0000
endloop
endfacet
facet normal 0.130526 0.991445 0.000000
outer loop
vertex -22.0646 -16.4995 0.0000
vertex -22.6200 -16.4263 0.0000
vertex -22.6200 -16.4263 22.3676
endloop
endfacet
facet normal 0.130526 0.991445 -0.000000
outer loop
vertex -22.0646 -16.4995 0.0000
vertex -22.6200 -16.4263 22.3676
vertex -22.0646 -16.4995 22.3676
endloop
endfacet
facet normal 0.000000 0.000000 1.000000
outer loop
vertex -22.6200 -18.5721 22.3676
vertex -22.0646 -16.4995 22.3676
vertex -22.6200 -16.4263 22.3676
endloop
endfacet
facet normal 0.000000 0.000000 -1.000000
outer loop
vertex -22.6200 -18.5721 0.0000
vertex -22.6200 -16.4263 0.0000
vertex -22.0646 -16.4995 0.0000
endloop
endfacet
facet normal -0.130526 0.991445 0.000000
outer loop
vertex -22.6200 -16.4263 0.0000
vertex -23.1753 -16.4995 0.0000
vertex -23.1753 -16.4995 22.3676
endloop
endfacet
facet normal -0.130526 0.991445 0.000000
outer loop
vertex -22.6200 -16.4263 0.0000
vertex -23.1753 -16.4995 22.3676
vertex -22.6200 -16.4263 22.3676
endloop
endfacet
facet normal 0.000000 -0.000000 1.000000
outer loop
vertex -22.6200 -18.5721 22.3676
vertex -22.6200 -16.4263 22.3676
vertex -23.1753 -16.4995 22.3676
endloop
endfacet
facet normal 0.000000 0.000000 -1.000000
outer loop
vertex -22.6200 -18.5721 0.0000
vertex -23.1753 -16.4995 0.0000
vertex -22.6200 -16.4263 0.0000
endloop
endfacet
facet normal -0.382683 0.923880 0.000000
outer loop
vertex -23.1753 -16.4995 0.0000
vertex -23.6928 -16.7138 0.0000
vertex -23.6928 -16.7138 22.3676
endloop
endfacet
facet normal -0.382683 0.923880 0.000000
outer loop
vertex -23.1753 -16.4995 0.0000
vertex -23.6928 -16.7138 22.3676
vertex -23.1753 -16.4995 22.3676
endloop
endfacet
facet normal 0.000000 0.000000 1.000000
outer loop
vertex -22.6200 -18.5721 22.3676
vertex -23.1753 -16.4995 22.3676
vertex -23.6928 -16.7138 22.3676
endloop
endfacet
facet normal 0.000000 0.000000 -1.000000
outer loop
vertex -22.6200 -18.5721 0.0000
vertex -23.6928 -16.7138 0.0000
vertex -23.1753 -16.4995 0.0000
endloop
endfacet
facet normal -0.608761 0.793353 0.000000
outer loop
vertex -23.6928 -16.7138 0.0000
vertex -24.1372 -17.0548 0.0000
vertex -24.1372 -17.0548 22.3676
endloop
endfacet
facet normal -0.608761 0.793353 0.000000
outer loop
vertex -23.6928 -16.7138 0.0000
vertex -24.1372 -17.0548 22.3676
vertex -23.6928 -16.7138 22.3676
endloop
endfacet
facet normal 0.000000 0.000000 1.000000
outer loop
vertex -22.6200 -18.5721 22.3676
vertex -23.6928 -16.7138 22.3676
vertex -24.1372 -17.0548 22.3676
endloop
endfacet
facet normal 0.000000 0.000000 -1.000000
outer loop
vertex -22.6200 -18.5721 0.0000
vertex -24.1372 -17.0548 0.0000
vertex -23.6928 -16.7138 0.0000
endloop
endfacet
facet normal -0.793353 0.608761 0.000000
outer loop
vertex -24.1372 -17.0548 0.0000
vertex -24.4782 -17.4992 0.0000
vertex -24.4782 -17.4992 22.3676
endloop
endfacet
facet normal -0.793353 0.608761 0.000000
outer loop
vertex -24.1372 -17.0548 0.0000
vertex -24.4782 -17.4992 22.3676
vertex -24.1372 -17.0548 22.3676
endloop
endfacet
facet normal 0.000000 0.000000 1.000000
outer loop
vertex -22.6200 -18.5721 22.3676
vertex -24.1372 -17.0548 22.3676
vertex -24.4782 -17.4992 22.3676
endloop
endfacet
facet normal 0.000000 0.000000 -1.000000
outer loop
vertex -22.6200 -18.5721 0.0000
vertex -24.4782 -17.4992 0.0000
vertex -24.1372 -17.0548 0.0000
endloop
endfacet
facet normal -0.923880 0.382683 0.000000
outer loop
vertex -24.4782 -17.4992 0.0000
vertex -24.6926 -18.0167 0.0000
vertex -24.6926 -18.0167 22.3676
endloop
endfacet
facet normal -0.923880 0.382683 0.000000
outer loop
vertex -24.4782 -17.4992 0.0000
vertex -24.6926 -18.0167 22.3676
vertex -24.4782 -17.4992 22.3676
endloop
endfacet
facet normal 0.000000 0.000000 1.000000
outer loop
vertex -22.6200 -18.5721 22.3676
vertex -24.4782 -17.4992 22.3676
vertex -24.6926 -18.0167 22.3676
endloop
endfacet
facet normal 0.000000 0.000000 -1.000000
outer loop
vertex -22.6200 -18.5721 0.0000
vertex -24.6926 -18.0167 0.0000
vertex -24.4782 -17.4992 0.0000
endloop
endfacet
facet normal -0.991445 0.130526 0.000000
outer loop
vertex -24.6926 -18.0167 0.0000
vertex -24.7657 -18.5721 0.0000
vertex -24.7657 -18.5721 22.3676
endloop
endfacet
facet normal -0.991445 0.130526 0.000000
outer loop
vertex -24.6926 -18.0167 0.0000
vertex -24.7657 -18.5721 22.3676
vertex -24.6926 -18.0167 22.3676
endloop
endfacet
facet normal 0.000000 0.000000 1.000000
outer loop
vertex -22.6200 -18.5721 22.3676
vertex -24.6926 -18.0167 22.3676
vertex -24.7657 -18.5721 22.3676
endloop
endfacet
facet normal 0.000000 0.000000 -1.000000
outer loop
vertex -22.6200 -18.5721 0.0000
vertex -24.7657 -18.5721 0.0000
vertex -24.6926 -18.0167 0.0000
endloop
endfacet
facet normal -0.991445 -0.130526 0.000000
outer loop
vertex -24.7657 -18.5721 0.0000
vertex -24.6926 -19.1275 0.0000
vertex -24.6926 -19.1275 22.3676
endloop
endfacet
facet normal -0.991445 -0.130526 0.000000
outer loop
vertex -24.7657 -18.5721 0.0000
vertex -24.6926 -19.1275 22.3676
vertex -24.7657 -18.5721 22.3676
endloop
endfacet
facet normal 0.000000 0.000000 1.000000
outer loop
vertex -22.6200 -18.5721 22.3676
vertex -24.7657 -18.5721 22.3676
vertex -24.6926 -19.1275 22.3676
endloop
endfacet
facet normal -0.000000 0.000000 -1.000000
outer loop
vertex -22.6200 -18.5721 0.0000
vertex -24.6926 -19.1275 0.0000
vertex -24.7657 -18.5721 0.0000
endloop
endfacet
facet normal -0.923880 -0.382683 0.000000
outer loop
vertex -24.6926 -19.1275 0.0000
vertex -24.4782 -19.6450 0.0000
vertex -24.4782 -19.6450 22.3676
endloop
endfacet
facet normal -0.923880 -0.382683 0.000000
outer loop
vertex -24.6926 -19.1275 0.0000
vertex -24.4782 -19.6450 22.3676
vertex -24.6926 -19.1275 22.3676
endloop
endfacet
facet normal 0.000000 0.000000 1.000000
outer loop
vertex -22.6200 -18.5721 22.3676
vertex -24.6926 -19.1275 22.3676
vertex -24.4782 -19.6450 22.3676
endloop
endfacet
facet normal 0.000000 0.000000 -1.000000
outer loop
vertex -22.6200 -18.5721 0.0000
vertex -24.4782 -19.6450 0.0000
vertex -24.6926 -19.1275 0.0000
endloop
endfacet
facet normal -0.793353 -0.608761 0.000000
outer loop
vertex -24.4782 -19.6450 0.0000
vertex -24.1372 -20.0894 0.0000
vertex -24.1372 -20.0894 22.3676
endloop
endfacet
facet normal -0.793353 -0.608761 0.000000
outer loop
vertex -24.4782 -19.6450 0.0000
vertex -24.1372 -20.0894 22.3676
vertex -24.4782 -19.6450 22.3676
endloop
endfacet
facet normal 0.000000 0.000000 1.000000
outer loop
vertex -22.6200 -18.5721 22.3676
vertex -24.4782 -19.6450 22.3676
vertex -24.1372 -20.0894 22.3676
endloop
endfacet
facet normal 0.000000 0.000000 -1.000000
outer loop
vertex -22.6200 -18.5721 0.0000
vertex -24.1372 -20.0894 0.0000
vertex -24.4782 -19.6450 0.0000
endloop
endfacet
facet normal -0.608761 -0.793353 0.000000
outer loop
vertex -24.1372 -20.0894 0.0000
vertex -23.6928 -20.4304 0.0000
vertex -23.6928 -20.4304 22.3676
endloop
endfacet
facet normal -0.608761 -0.793353 0.000000
outer loop
vertex -24.1372 -20.0894 0.0000
vertex -23.6928 -20.4304 22.3676
vertex -24.1372 -20.0894 22.3676
endloop
endfacet
facet normal 0.000000 0.000000 1.000000
outer loop
vertex -22.6200 -18.5721 22.3676
vertex -24.1372 -20.0894 22.3676
vertex -23.6928 -20.4304 22.3676
endloop
endfacet
facet normal 0.000000 0.000000 -1.000000
outer loop
vertex -22.6200 -18.5721 0.0000
vertex -23.6928 -20.4304 0.0000
vertex -24.1372 -20.0894 0.0000
endloop
endfacet
facet normal -0.382683 -0.923880 0.000000
outer loop
vertex -23.6928 -20.4304 0.0000
vertex -23.1753 -20.6447 0.0000
vertex -23.1753 -20.6447 22.3676
endloop
endfacet
facet normal -0.382683 -0.923880 0.000000
outer loop
vertex -23.6928 -20.4304 0.0000
vertex -23.1753 -20.6447 22.3676
vertex -23.6928 -20.4304 22.3676
endloop
endfacet
facet normal 0.000000 0.000000 1.000000
outer loop
vertex -22.6200 -18.5721 22.3676
vertex -23.6928 -20.4304 22.3676
vertex -23.1753 -20.6447 22.3676
endloop
endfacet
facet normal 0.000000 0.000000 -1.000000
outer loop
vertex -22.6200 -18.5721 0.0000
vertex -23.1753 -20.6447 0.0000
vertex -23.6928 -20.4304 0.0000
endloop
endfacet
facet normal -0.130526 -0.991445 0.000000
outer loop
vertex -23.1753 -20.6447 0.0000
vertex -22.6200 -20.7179 0.0000
vertex -22.6200 -20.7179 22.3676
endloop
endfacet
facet normal -0.130526 -0.991445 0.000000
outer loop
vertex -23.1753 -20.6447 0.0000
vertex -22.6200 -20.7179 22.3676
vertex -23.1753 -20.6447 22.3676
endloop
endfacet
facet normal 0.000000 0.000000 1.000000
outer loop
vertex -22.6200 -18.5721 22.3676
vertex -23.1753 -20.6447 22.3676
vertex -22.6200 -20.7179 22.3676
endloop
endfacet
facet normal 0.000000 -0.000000 -1.000000
outer loop
vertex -22.6200 -18.5721 0.0000
vertex -22.6200 -20.7179 0.0000
vertex -23.1753 -20.6447 0.0000
endloop
endfacet
facet normal 0.130526 -0.991445 0.000000
outer loop
vertex -22.6200 -20.7179 0.0000
vertex -22.0646 -20.6447 0.0000
vertex -22.0646 -20.6447 22.3676
endloop
endfacet
facet normal 0.130526 -0.991445 0.000000
outer loop
vertex -22.6200 -20.7179 0.0000
vertex -22.0646 -20.6447 22.3676
vertex -22.6200 -20.7179 22.3676
endloop
endfacet
facet normal 0.000000 0.000000 1.000000
outer loop
vertex -22.6200 -18.5721 22.3676
vertex -22.6200 -20.7179 22.3676
vertex -22.0646 -20.6447 22.3676
endloop
endfacet
facet normal 0.000000 0.000000 -1.000000
outer loop
vertex -22.6200 -18.5721 0.0000
vertex -22.0646 -20.6447 0.0000
vertex -22.6200 -20.7179 0.0000
endloop
endfacet
facet normal 0.382683 -0.923880 0.000000
outer loop
vertex -22.0646 -20.6447 0.0000
vertex -21.5471 -20.4304 0.0000
vertex -21.5471 -20.4304 22.3676
endloop
endfacet
facet normal 0.382683 -0.923880 0.000000
outer loop
vertex -22.0646 -20.6447 0.0000
vertex -21.5471 -20.4304 22.3676
vertex -22.0646 -20.6447 22.3676
endloop
endfacet
facet normal 0.000000 0.000000 1.000000
outer loop
vertex -22.6200 -18.5721 22.3676
vertex -22.0646 -20.6447 22.3676
vertex -21.5471 -20.4304 22.3676
endloop
endfacet
facet normal 0.000000 0.000000 -1.000000
outer loop
vertex -22.6200 -18.5721 0.0000
vertex -21.5471 -20.4304 0.0000
vertex -22.0646 -20.6447 0.0000
endloop
endfacet
facet normal 0.608761 -0.793353 0.000000
outer loop
vertex -21.5471 -20.4304 0.0000
vertex -21.1027 -20.0894 0.0000
vertex -21.1027 -20.0894 22.3676
endloop
endfacet
facet normal 0.608761 -0.793353 0.000000
outer loop
vertex -21.5471 -20.4304 0.0000
vertex -21.1027 -20.0894 22.3676
vertex -21.5471 -20.4304 22.3676
endloop
endfacet
facet normal 0.000000 0.000000 1.000000
outer loop
vertex -22.6200 -18.5721 22.3676
vertex -21.5471 -20.4304 22.3676
vertex -21.1027 -20.0894 22.3676
endloop
endfacet
facet normal 0.000000 0.000000 -1.000000
outer loop
vertex -22.6200 -18.5721 0.0000
vertex -21.1027 -20.0894 0.0000
vertex -21.5471 -20.4304 0.0000
endloop
endfacet
facet normal 0.793353 -0.608761 0.000000
outer loop
vertex -21.1027 -20.0894 0.0000
vertex -20.7617 -19.6450 0.0000
vertex -20.7617 -19.6450 22.3676
endloop
endfacet
facet normal 0.793353 -0.608761 0.000000
outer loop
vertex -21.1027 -20.0894 0.0000
vertex -20.7617 -19.6450 22.3676
vertex -21.1027 -20.0894 22.3676
endloop
endfacet
facet normal 0.000000 0.000000 1.000000
outer loop
vertex -22.6200 -18.5721 22.3676
vertex -21.1027 -20.0894 22.3676
vertex -20.7617 -19.6450 22.3676
endloop
endfacet
facet normal 0.000000 0.000000 -1.000000
outer loop
vertex -22.6200 -18.5721 0.0000
vertex -20.7617 -19.6450 0.0000
vertex -21.1027 -20.0894 0.0000
endloop
endfacet
facet normal 0.923880 -0.382683 0.000000
outer loop
vertex -20.7617 -19.6450 0.0000
vertex -20.5473 -19.1275 0.0000
vertex -20.5473 -19.1275 22.3676
endloop
endfacet
facet normal 0.923880 -0.382683 0.000000
outer loop
vertex -20.7617 -19.6450 0.0000
vertex -20.5473 -19.1275 22.3676
vertex -20.7617 -19.6450 22.3676
endloop
endfacet
facet normal 0.000000 0.000000 1.000000
outer loop
vertex -22.6200 -18.5721 22.3676
vertex -20.7617 -19.6450 22.3676
vertex -20.5473 -19.1275 22.3676
endloop
endfacet
facet normal 0.000000 0.000000 -1.000000
outer loop
vertex -22.6200 -18.5721 0.0000
vertex -20.5473 -19.1275 0.0000
vertex -20.7617 -19.6450 0.0000
endloop
endfacet
facet normal 0.991445 -0.130526 0.000000
outer loop
vertex -20.5473 -19.1275 0.0000
vertex -20.4742 -18.5721 0.0000
vertex -20.4742 -18.5721 22.3676
endloop
endfacet
facet normal 0.991445 -0.130526 0.000000
outer loop
vertex -20.5473 -19.1275 0.0000
vertex -20.4742 -18.5721 22.3676
vertex -20.5473 -19.1275 22.3676
endloop
endfacet
facet normal -0.000000 0.000000 1.000000
outer loop
vertex -22.6200 -18.5721 22.3676
vertex -20.5473 -19.1275 22.3676
vertex -20.4742 -18.5721 22.3676
endloop
endfacet
facet normal 0.000000 0.000000 -1.000000
outer loop
vertex -22.6200 -18.5721 0.0000
vertex -20.4742 -18.5721 0.0000
vertex -20.5473 -19.1275 0.0000
endloop
endfacet
facet normal 0.991445 0.130526 0.000000
outer loop
vertex -12.2488 4.5739 0.0000
vertex -12.3115 5.0503 0.0000
vertex -12.3115 5.0503 11.4464
endloop
endfacet
facet normal 0.991445 0.130526 -0.000000
outer loop
vertex -12.2488 4.5739 0.0000
vertex -12.3115 5.0503 11.4464
vertex -12.2488 4.5739 11.4464
endloop
endfacet
facet normal 0.000000 0.000000 1.000000
outer loop
vertex -14.0898 4.5739 11.4464
vertex -12.2488 4.5739 11.4464
vertex -12.3115 5.0503 11.4464
endloop
endfacet
facet normal 0.000000 0.000000 -1.000000
outer loop
vertex -14.0898 4.5739 0.0000
vertex -12.3115 5.0503 0.0000
vertex -12.2488 4.5739 0.0000
endloop
endfacet
facet normal 0.923880 0.382683 0.000000
outer loop
vertex -12.3115 5.0503 0.0000
vertex -12.4954 5.4943 0.0000
vertex -12.4954 5.4943 11.4464
endloop
endfacet
facet normal 0.923880 0.382683 -0.000000
outer loop
vertex -12.3115 5.0503 0.0000
vertex -12.4954 5.4943 11.4464
vertex -12.3115 5.0503 11.4464
endloop
endfacet
facet normal 0.000000 0.000000 1.000000
outer loop
vertex -14.0898 4.5739 11.4464
vertex -12.3115 5.0503 11.4464
vertex -12.4954 5.4943 11.4464
endloop
endfacet
facet normal 0.000000 0.000000 -1.000000
outer loop
vertex -14.0898 4.5739 0.0000
vertex -12.4954 5.4943 0.0000
vertex -12.3115 5.0503 0.0000
endloop
endfacet
facet normal 0.793353 0.608761 0.000000
outer loop
vertex -12.4954 5.4943 0.0000
vertex -12.7880 5.8756 0.0000
vertex -12.7880 5.8756 11.4464
endloop
endfacet
facet normal 0.793353 0.608761 -0.000000
outer loop
vertex -12.4954 5.4943 0.0000
vertex -12.7880 5.8756 11.4464
vertex -12.4954 5.4943 11.4464
endloop
endfacet
facet normal 0.000000 0.000000 1.000000
outer loop
vertex -14.0898 4.5739 11.4464
vertex -12.4954 5.4943 11.4464
vertex -12.7880 5.8756 11.4464
endloop
endfacet
facet normal 0.000000 0.000000 -1.000000
outer loop
vertex -14.0898 4.5739 0.0000
vertex -12.7880 5.8756 0.0000
vertex -12.4954 5.4943 0.0000
endloop
endfacet
facet normal 0.608761 0.793353 0.000000
outer loop
vertex -12.7880 5.8756 0.0000
vertex -13.1693 6.1682 0.0000
vertex -13.1693 6.1682 11.4464
endloop
endfacet
facet normal 0.608761 0.793353 -0.000000
outer loop
vertex -12.7880 5.8756 0.0000
vertex -13.1693 6.1682 11.4464
vertex -12.7880 5.8756 11.4464
endloop
endfacet
facet normal 0.000000 0.000000 1.000000
outer loop
vertex -14.0898 4.5739 11.4464
vertex -12.7880 5.8756 11.4464
vertex -13.1693 6.1682 11.4464
endloop
endfacet
facet normal 0.000000 0.000000 -1.000000
outer loop
vertex -14.0898 4.5739 0.0000
vertex -13.1693 6.1682 0.0000
vertex -12.7880 5.8756 0.0000
endloop
endfacet
facet normal 0.382683 0.923880 0.000000
outer loop
vertex -13.1693 6.1682 0.0000
vertex -13.6133 6.3521 0.0000
vertex -13.6133 6.3521 11.4464
endloop
endfacet
facet normal 0.382683 0.923880 -0.000000
outer loop
vertex -13.1693 6.1682 0.0000
vertex -13.6133 6.3521 11.4464
vertex -13.1693 6.1682 11.4464
endloop
endfacet
facet normal 0.000000 0.000000 1.000000
outer loop
vertex -14.0898 4.5739 11.4464
vertex -13.1693 6.1682 11.4464
vertex -13.6133 6.3521 11.4464
endloop
endfacet
facet normal 0.000000 0.000000 -1.000000
outer loop
vertex -14.0898 4.5739 0.0000
vertex -13.6133 6.3521 0.0000
vertex -13.1693 6.1682 0.0000
endloop
endfacet
facet normal 0.130526 0.991445 0.000000
outer loop
vertex -13.6133 6.3521 0.0000
vertex -14.0898 6.4148 0.0000
vertex -14.0898 6.4148 11.4464
endloop
endfacet
facet normal 0.130526 0.991445 -0.000000
outer loop
vertex -13.6133 6.3521 0.0000
vertex -14.0898 6.4148 11.4464
vertex -13.6133 6.3521 11.4464
endloop
endfacet
facet normal 0.000000 0.000000 1.000000
outer loop
vertex -14.0898 4.5739 11.4464
vertex -13.6133 6.3521 11.4464
vertex -14.0898 6.4148 11.4464
endloop
endfacet
facet normal 0.000000 0.000000 -1.000000
outer loop
vertex -14.0898 4.5739 0.0000
vertex -14.0898 6.4148 0.0000
vertex -13.6133 6.3521 0.0000
endloop
endfacet
facet normal -0.130526 0.991445 0.000000
outer loop
vertex -14.0898 6.4148 0.0000
vertex -14.5662 6.3521 0.0000
vertex -14.5662 6.3521 11.4464
endloop
endfacet
facet normal -0.130526 0.991445 0.000000
outer loop
vertex -14.0898 6.4148 0.0000
vertex -14.5662 6.3521 11.4464
vertex -14.0898 6.4148 11.4464
endloop
endfacet
facet normal 0.000000 -0.000000 1.000000
outer loop
vertex -14.0898 4.5739 11.4464
vertex -14.0898 6.4148 11.4464
vertex -14.5662 6.3521 11.4464
endloop
endfacet
facet normal 0.000000 0.000000 -1.000000
outer loop
vertex -14.0898 4.5739 0.0000
vertex -14.5662 6.3521 0.0000
vertex -14.0898 6.4148 0.0000
endloop
endfacet
facet normal -0.382683 0.923880 0.000000
outer loop
vertex -14.5662 6.3521 0.0000
vertex -15.0102 6.1682 0.0000
vertex -15.0102 6.1682 11.4464
endloop
endfacet
facet normal -0.382683 0.923880 0.000000
outer loop
vertex -14.5662 6.3521 0.0000
vertex -15.0102 6.1682 11.4464
vertex -14.5662 6.3521 11.4464
endloop
endfacet
facet normal 0.000000 0.000000 1.000000
outer loop
vertex -14.0898 4.5739 11.4464
vertex -14.5662 6.3521 11.4464
vertex -15.0102 6.1682 11.4464
endloop
endfacet
facet normal 0.000000 0.000000 -1.000000
outer loop
vertex -14.0898 4.5739 0.0000
vertex -15.0102 6.1682 0.0000
vertex -14.5662 6.3521 0.0000
endloop
endfacet
facet normal -0.608761 0.793353 0.000000
outer loop
vertex -15.0102 6.1682 0.0000
vertex -15.3915 5.8756 0.0000
vertex -15.3915 5.8756 11.4464
endloop
endfacet
facet normal -0.608761 0.793353 0.000000
outer loop
vertex -15.0102 6.1682 0.0000
vertex -15.3915 5.8756 11.4464
vertex -15.0102 6.1682 11.4464
endloop
endfacet
facet normal 0.000000 0.000000 1.000000
outer loop
vertex -14.0898 4.5739 11.4464
vertex -15.0102 6.1682 11.4464
vertex -15.3915 5.8756 11.4464
endloop
endfacet
facet normal 0.000000 0.000000 -1.000000
outer loop
vertex -14.0898 4.5739 0.0000
vertex -15.3915 5.8756 0.0000
vertex -15.0102 6.1682 0.0000
endloop
endfacet
facet normal -0.793353 0.608761 0.000000
outer loop
vertex -15.3915 5.8756 0.0000
vertex -15.6841 5.4943 0.0000
vertex -15.6841 5.4943 11.4464
endloop
endfacet
facet normal -0.793353 0.608761 0.000000
outer loop
vertex -15.3915 5.8756 0.0000
vertex -15.6841 5.4943 11.4464
vertex -15.3915 5.8756 11.4464
endloop
endfacet
facet normal 0.000000 0.000000 1.000000
outer loop
vertex -14.0898 4.5739 11.4464
vertex -15.3915 5.8756 11.4464
vertex -15.6841 5.4943 11.4464
endloop
endfacet
facet normal 0.000000 0.000000 -1.000000
outer loop
vertex -14.0898 4.5739 0.0000
vertex -15.6841 5.4943 0.0000
vertex -15.3915 5.8756 0.0000
endloop
endfacet
facet normal -0.923880 0.382683 0.000000
outer loop
vertex -15.6841 5.4943 0.0000
vertex -15.8680 5.0503 0.0000
vertex -15.8680 5.0503 11.4464
endloop
endfacet
facet normal -0.923880 0.382683 0.000000
outer loop
vertex -15.6841 5.4943 0.0000
vertex -15.8680 5.0503 11.4464
vertex -15.6841 5.4943 11.4464
endloop
endfacet
facet normal 0.000000 0.000000 1.000000
outer loop
vertex -14.0898 4.5739 11.4464
vertex -15.6841 5.4943 11.4464
vertex -15.8680 5.0503 11.4464
endloop
endfacet
facet normal 0.000000 0.000000 -1.000000
outer loop
vertex -14.0898 4.5739 0.0000
vertex -15.8680 5.0503 0.0000
vertex -15.6841 5.4943 0.0000
endloop
endfacet
facet normal -0.991445 0.130526 0.000000
outer loop
vertex -15.8680 5.0503 0.0000
vertex -15.9307 4.5739 0.0000
vertex -15.9307 4.5739 11.4464
endloop
endfacet
facet normal -0.991445 0.130526 0.000000
outer loop
vertex -15.8680 5.0503 0.0000
vertex -15.9307 4.5739 11.4464
vertex -15.8680 5.0503 11.4464
endloop
endfacet
facet normal 0.000000 0.000000 1.000000
outer loop
vertex -14.0898 4.5739 11.4464
vertex -15.8680 5.0503 11.4464
vertex -15.9307 4.5739 11.4464
endloop
endfacet
facet normal 0.000000 0.000000 -1.000000
outer loop
vertex -14.0898 4.5739 0.0000
vertex -15.9307 4.5739 0.0000
vertex -15.8680 5.0503 0.0000
endloop
endfacet
facet normal -0.991445 -0.130526 0.000000
outer loop
vertex -15.9307 4.5739 0.0000
vertex -15.8680 4.0974 0.0000
vertex -15.8680 4.0974 11.4464
endloop
endfacet
facet normal -0.991445 -0.130526 0.000000
outer loop
vertex -15.9307 4.5739 0.0000
vertex -15.8680 4.0974 11.4464
vertex -15.9307 4.5739 11.4464
endloop
endfacet
facet normal 0.000000 0.000000 1.000000
outer loop
vertex -14.0898 4.5739 11.4464
vertex -15.9307 4.5739 11.4464
vertex -15.8680 4.0974 11.4464
endloop
endfacet
facet normal -0.000000 0.000000 -1.000000
outer loop
vertex -14.0898 4.5739 0.0000
vertex -15.8680 4.0974 0.0000
vertex -15.9307 4.5739 0.0000
endloop
endfacet
facet normal -0.923880 -0.382683 0.000000
outer loop
vertex -15.8680 4.0974 0.0000
vertex -15.6841 3.6534 0.0000
vertex -15.6841 3.6534 11.4464
endloop
endfacet
facet normal -0.923880 -0.382683 0.000000
outer loop
vertex -15.8680 4.0974 0.0000
vertex -15.6841 3.6534 11.4464
vertex -15.8680 4.0974 11.4464
endloop
endfacet
facet normal 0.000000 0.000000 1.000000
outer loop
vertex -14.0898 4.5739 11.4464
vertex -15.8680 4.0974 11.4464
vertex -15.6841 3.6534 11.4464
endloop
endfacet
facet normal 0.000000 0.000000 -1.000000
outer loop
vertex -14.0898 4.5739 0.0000
vertex -15.6841 3.6534 0.0000
vertex -15.8680 4.0974 0.0000
endloop
endfacet
facet normal -0.793353 -0.608761 0.000000
outer loop
vertex -15.6841 3.6534 0.0000
vertex -15.3915 3.2721 0.0000
vertex -15.3915 3.2721 11.4464
endloop
endfacet
facet normal -0.793353 -0.608761 0.000000
outer loop
vertex -15.6841 3.6534 0.0000
vertex -15.3915 3.2721 11.4464
vertex -15.6841 3.6534 11.4464
endloop
endfacet
facet normal 0.000000 0.000000 1.000000
outer loop
vertex -14.0898 4.5739 11.4464
vertex -15.6841 3.6534 11.4464
vertex -15.3915 3.2721 11.4464
endloop
endfacet
facet normal 0.000000 0.000000 -1.000000
outer loop
vertex -14.0898 4.5739 0.0000
vertex -15.3915 3.2721 0.0000
vertex -15.6841 3.6534 0.0000
endloop
endfacet
facet normal -0.608761 -0.793353 0.000000
outer loop
vertex -15.3915 3.2721 0.0000
vertex -15.0102 2.9795 0.0000
vertex -15.0102 2.9795 11.4464
endloop
endfacet
facet normal -0.608761 -0.793353 0.000000
outer loop
vertex -15.3915 3.2721 0.0000
vertex -15.0102 2.9795 11.4464
vertex -15.3915 3.2721 11.4464
endloop
endfacet
facet normal 0.000000 0.000000 1.000000
outer loop
vertex -14.0898 4.5739 11.4464
vertex -15.3915 3.2721 11.4464
vertex -15.0102 2.9795 11.4464
endloop
endfacet
facet normal 0.000000 0.000000 -1.000000
outer loop
vertex -14.0898 4.5739 0.0000
vertex -15.0102 2.9795 0.0000
vertex -15.3915 3.2721 0.0000
endloop
endfacet
facet normal -0.382683 -0.923880 0.000000
outer loop
vertex -15.0102 2.9795 0.0000
vertex -14.5662 2.7956 0.0000
vertex -14.5662 2.7956 11.4464
endloop
endfacet
facet normal -0.382683 -0.923880 0.000000
outer loop
vertex -15.0102 2.9795 0.0000
vertex -14.5662 2.7956 11.4464
vertex -15.0102 2.9795 11.4464
endloop
endfacet
facet normal 0.000000 0.000000 1.000000
outer loop
vertex -14.0898 4.5739 11.4464
vertex -15.0102 2.9795 11.4464
vertex -14.5662 2.7956 11.4464
endloop
endfacet
facet normal 0.000000 0.000000 -1.000000
outer loop
vertex -14.0898 4.5739 0.0000
vertex -14.5662 2.7956 0.0000
vertex -15.0102 2.9795 0.0000
endloop
endfacet
facet normal -0.130526 -0.991445 0.000000
outer loop
vertex -14.5662 2.7956 0.0000
vertex -14.0898 2.7329 0.0000
vertex -14.0898 2.7329 11.4464
endloop
endfacet
facet normal -0.130526 -0.991445 0.000000
outer loop
vertex -14.5662 2.7956 0.0000
vertex -14.0898 2.7329 11.4464
vertex -14.5662 2.7956 11.4464
endloop
endfacet
facet normal 0.000000 0.000000 1.000000
outer loop
vertex -14.0898 4.5739 11.4464
vertex -14.5662 2.7956 11.4464
vertex -14.0898 2.7329 11.4464
endloop
endfacet
facet normal 0.000000 -0.000000 -1.000000
outer loop
vertex -14.0898 4.5739 0.0000
vertex -14.0898 2.7329 0.0000
vertex -14.5662 2.7956 0.0000
endloop
endfacet
facet normal 0.130526 -0.991445 0.000000
outer loop
vertex -14.0898 2.7329 0.0000
vertex -13.6133 2.7956 0.0000
vertex -13.6133 2.7956 11.4464
endloop
endfacet
facet normal 0.130526 -0.991445 0.000000
outer loop
vertex -14.0898 2.7329 0.0000
vertex -13.6133 2.7956 11.4464
vertex -14.0898 2.7329 11.4464
endloop
endfacet
facet normal 0.000000 0.000000 1.000000
outer loop
vertex -14.0898 4.5739 11.4464
vertex -14.0898 2.7329 11.4464
vertex -13.6133 2.7956 11.4464
endloop
endfacet
facet normal 0.000000 0.000000 -1.000000
outer loop
vertex -14.0898 4.5739 0.0000
vertex -13.6133 2.7956 0.0000
vertex -14.0898 2.7329 0.0000
endloop
endfacet
facet normal 0.382683 -0.923880 0.000000
outer loop
vertex -13.6133 2.7956 0.0000
vertex -13.1693 2.9795 0.0000
vertex -13.1693 2.9795 11.4464
endloop
endfacet
facet normal 0.382683 -0.923880 0.000000
outer loop
vertex -13.6133 2.7956 0.0000
vertex -13.1693 2.9795 11.4464
vertex -13.6133 2.7956 11.4464
endloop
endfacet
facet normal 0.000000 0.000000 1.000000
outer loop
vertex -14.0898 4.5739 11.4464
vertex -13.6133 2.7956 11.4464
vertex -13.1693 2.9795 11.4464
endloop
endfacet
facet normal 0.000000 0.000000 -1.000000
outer loop
vertex -14.0898 4.5739 0.0000
vertex -13.1693 2.9795 0.0000
vertex -13.6133 2.7956 0.0000
endloop
endfacet
facet normal 0.608761 -0.793353 0.000000
outer loop
vertex -13.1693 2.9795 0.0000
vertex -12.7880 3.2721 0.0000
vertex -12.7880 3.2721 11.4464
endloop
endfacet
facet normal 0.608761 -0.793353 0.000000
outer loop
vertex -13.1693 2.9795 0.0000
vertex -12.7880 3.2721 11.4464
vertex -13.1693 2.9795 11.4464
endloop
endfacet
facet normal 0.000000 0.000000 1.000000
outer loop
vertex -14.0898 4.5739 11.4464
vertex -13.1693 2.9795 11.4464
vertex -12.7880 3.2721 11.4464
endloop
endfacet
facet normal 0.000000 0.000000 -1.000000
outer loop
vertex -14.0898 4.5739 0.0000
vertex -12.7880 3.2721 0.0000
vertex -13.1693 2.9795 0.0000
endloop
endfacet
facet normal 0.793353 -0.608761 0.000000
outer loop
vertex -12.7880 3.2721 0.0000
vertex -12.4954 3.6534 0.0000
vertex -12.4954 3.6534 11.4464
endloop
endfacet
facet normal 0.793353 -0.608761 0.000000
outer loop
vertex -12.7880 3.2721 0.0000
vertex -12.4954 3.6534 11.4464
vertex -12.7880 3.2721 11.4464
endloop
endfacet
facet normal 0.000000 0.000000 1.000000
outer loop
vertex -14.0898 4.5739 11.4464
vertex -12.7880 3.2721 11.4464
vertex -12.4954 3.6534 11.4464
endloop
endfacet
facet normal 0.000000 0.000000 -1.000000
outer loop
vertex -14.0898 4.5739 0.0000
vertex -12.4954 3.6534 0.0000
vertex -12.7880 3.2721 0.0000
endloop
endfacet
facet normal 0.923880 -0.382683 0.000000
outer loop
vertex -12.4954 3.6534 0.0000
vertex -12.3115 4.0974 0.0000
vertex -12.3115 4.0974 11.4464
endloop
endfacet
facet normal 0.923880 -0.382683 0.000000
outer loop
vertex -12.4954 3.6534 0.0000
vertex -12.3115 4.0974 11.4464
vertex -12.4954 3.6534 11.4464
endloop
endfacet
facet normal 0.000000 0.000000 1.000000
outer loop
vertex -14.0898 4.5739 11.4464
vertex -12.4954 3.6534 11.4464
vertex -12.3115 4.0974 11.4464
endloop
endfacet
facet normal 0.000000 0.000000 -1.000000
outer loop
vertex -14.0898 4.5739 0.0000
vertex -12.3115 4.0974 0.0000
vertex -12.4954 3.6534 0.0000
endloop
endfacet
facet normal 0.991445 -0.130526 0.000000
outer loop
vertex -12.3115 4.0974 0.0000
vertex -12.2488 4.5739 0.0000
vertex -12.2488 4.5739 11.4464
endloop
endfacet
facet normal 0.991445 -0.130526 0.000000
outer loop
vertex -12.3115 4.0974 0.0000
vertex -12.2488 4.5739 11.4464
vertex -12.3115 4.0974 11.4464
endloop
endfacet
facet normal 0.000000 0.000000 1.000000
outer loop
vertex -14.0898 4.5739 11.4464
vertex -12.3115 4.0974 11.4464
vertex -12.2488 4.5739 11.4464
endloop
endfacet
facet normal 0.000000 0.000000 -1.000000
outer loop
vertex -14.0898 4.5739 0.0000
vertex -12.2488 4.5739 0.0000
vertex -12.3115 4.0974 0.0000
endloop
endfacet
facet normal 0.000000 0.000000 -1.000000
outer loop
vertex 20.2090 -15.6076 0.0000
vertex 20.2090 -5.7988 0.0000
vertex 27.4096 -5.7988 0.0000
endloop
endfacet
facet normal 0.000000 0.000000 -1.000000
outer loop
vertex 20.2090 -15.6076 0.0000
vertex 27.4096 -5.7988 0.0000
vertex 27.4096 -15.6076 0.0000
endloop
endfacet
facet normal 0.000000 0.000000 1.000000
outer loop
vertex 20.2090 -15.6076 8.5952
vertex 27.4096 -15.6076 8.5952
vertex 27.4096 -5.7988 8.5952
endloop
endfacet
facet normal 0.000000 0.000000 1.000000
outer loop
vertex 20.2090 -15.6076 8.5952
vertex 27.4096 -5.7988 8.5952
vertex 20.2090 -5.7988 8.5952
endloop
endfacet
facet normal 0.000000 -1.000000 0.000000
outer loop
vertex 20.2090 -15.6076 0.0000
vertex 27.4096 -15.6076 0.0000
vertex 27.4096 -15.6076 8.5952
endloop
endfacet
facet normal 0.000000 -1.000000 0.000000
outer loop
vertex 20.2090 -15.6076 0.0000
vertex 27.4096 -15.6076 8.5952
vertex 20.2090 -15.6076 8.5952
endloop
endfacet
facet normal 1.000000 0.000000 0.000000
outer loop
vertex 27.4096 -15.6076 0.0000
vertex 27.4096 -5.7988 0.0000
vertex 27.4096 -5.7988 8.5952
endloop
endfacet
facet normal 1.000000 0.000000 0.000000
outer loop
vertex 27.4096 -15.6076 0.0000
vertex 27.4096 -5.7988 8.5952
vertex 27.4096 -15.6076 8.5952
endloop
endfacet
facet normal 0.000000 1.000000 0.000000
outer loop
vertex 27.4096 -5.7988 0.0000
vertex 20.2090 -5.7988 0.0000
vertex 20.2090 -5.7988 8.5952
endloop
endfacet
facet normal 0.000000 1.000000 -0.000000
outer loop
vertex 27.4096 -5.7988 0.0000
vertex 20.2090 -5.7988 8.5952
vertex 27.4096 -5.7988 8.5952
endloop
endfacet
facet normal -1.000000 0.000000 0.000000
outer loop
vertex 20.2090 -5.7988 0.0000
vertex 20.2090 -15.6076 0.0000
vertex 20.2090 -15.6076 8.5952
endloop
endfacet
facet normal -1.000000 0.000000 0.000000
outer loop
vertex 20.2090 -5.7988 0.0000
vertex 20.2090 -15.6076 8.5952
vertex 20.2090 -5.7988 8.5952
endloop
endfacet
facet normal 0.000000 0.000000 -1.000000
outer loop
vertex 16.8443 29.2294 0.0000
vertex 16.8443 37.0854 0.0000
vertex 27.7267 37.0854 0.0000
endloop
endfacet
facet normal 0.000000 0.000000 -1.000000
outer loop
vertex 16.8443 29.2294 0.0000
vertex 27.7267 37.0854 0.0000
vertex 27.7267 29.2294 0.0000
endloop
endfacet
facet normal 0.000000 0.000000 1.000000
outer loop
vertex 16.8443 29.2294 20.4649
vertex 27.7267 29.2294 20.4649
vertex 27.7267 37.0854 20.4649
endloop
endfacet
facet normal 0.000000 0.000000 1.000000
outer loop
vertex 16.8443 29.2294 20.4649
vertex 27.7267 37.0854 20.4649
vertex 16.8443 37.0854 20.4649
endloop
endfacet
facet normal 0.000000 -1.000000 0.000000
outer loop
vertex 16.8443 29.2294 0.0000
vertex 27.7267 29.2294 0.0000
vertex 27.7267 29.2294 20.4649
endloop
endfacet
facet normal 0.000000 -1.000000 0.000000
outer loop
vertex 16.8443 29.2294 0.0000
vertex 27.7267 29.2294 20.4649
vertex 16.8443 29.2294 20.4649
endloop
endfacet
facet normal 1.000000 0.000000 0.000000
outer loop
vertex 27.7267 29.2294 0.0000
vertex 27.7267 37.0854 0.0000
vertex 27.7267 37.0854 20.4649
endloop
endfacet
facet normal 1.000000 0.000000 0.000000
outer loop
vertex 27.7267 29.2294 0.0000
vertex 27.7267 37.0854 20.4649
vertex 27.7267 29.2294 20.4649
endloop
endfacet
facet normal 0.000000 1.000000 0.000000
outer loop
vertex 27.7267 37.0854 0.0000
vertex 16.8443 37.0854 0.0000
vertex 16.8443 37.0854 20.4649
endloop
endfacet
facet normal 0.000000 1.000000 -0.000000
outer loop
vertex 27.7267 37.0854 0.0000
vertex 16.8443 37.0854 20.4649
vertex 27.7267 37.0854 20.4649
endloop
endfacet
facet normal -1.000000 0.000000 0.000000
outer loop
vertex 16.8443 37.0854 0.0000
vertex 16.8443 29.2294 0.0000
vertex 16.8443 29.2294 20.4649
endloop
endfacet
facet normal -1.000000 0.000000 0.000000
outer loop
vertex 16.8443 37.0854 0.0000
vertex 16.8443 29.2294 20.4649
vertex 16.8443 37.0854 20.4649
endloop
endfacet
facet normal 0.986752 0.129908 0.097187
outer loop
vertex -0.5421 -16.3619 0.0000
vertex -0.6558 -15.4983 0.0000
vertex -0.7177 -15.5149 0.6510
endloop
endfacet
facet normal 0.986752 0.129908 0.097187
outer loop
vertex -0.5421 -16.3619 0.0000
vertex -0.7177 -15.5149 0.6510
vertex -0.6062 -16.3619 0.6510
endloop
endfacet
facet normal 0.919506 0.380872 0.097187
outer loop
vertex -0.6558 -15.4983 0.0000
vertex -0.9891 -14.6936 0.0000
vertex -1.0447 -14.7256 0.6510
endloop
endfacet
facet normal 0.919506 0.380872 0.097187
outer loop
vertex -0.6558 -15.4983 0.0000
vertex -1.0447 -14.7256 0.6510
vertex -0.7177 -15.5149 0.6510
endloop
endfacet
facet normal 0.789598 0.605880 0.097187
outer loop
vertex -0.9891 -14.6936 0.0000
vertex -1.5194 -14.0025 0.0000
vertex -1.5647 -14.0478 0.6510
endloop
endfacet
facet normal 0.789598 0.605880 0.097187
outer loop
vertex -0.9891 -14.6936 0.0000
vertex -1.5647 -14.0478 0.6510
vertex -1.0447 -14.7256 0.6510
endloop
endfacet
facet normal 0.605880 0.789598 0.097187
outer loop
vertex -1.5194 -14.0025 0.0000
vertex -2.2105 -13.4722 0.0000
vertex -2.2425 -13.5278 0.6510
endloop
endfacet
facet normal 0.605880 0.789598 0.097187
outer loop
vertex -1.5194 -14.0025 0.0000
vertex -2.2425 -13.5278 0.6510
vertex -1.5647 -14.0478 0.6510
endloop
endfacet
facet normal 0.380872 0.919506 0.097187
outer loop
vertex -2.2105 -13.4722 0.0000
vertex -3.0152 -13.1389 0.0000
vertex -3.0318 -13.2008 0.6510
endloop
endfacet
facet normal 0.380872 0.919506 0.097187
outer loop
vertex -2.2105 -13.4722 0.0000
vertex -3.0318 -13.2008 0.6510
vertex -2.2425 -13.5278 0.6510
endloop
endfacet
facet normal 0.129908 0.986752 0.097187
outer loop
vertex -3.0152 -13.1389 0.0000
vertex -3.8789 -13.0252 0.0000
vertex -3.8789 -13.0893 0.6510
endloop
endfacet
facet normal 0.129908 0.986752 0.097187
outer loop
vertex -3.0152 -13.1389 0.0000
vertex -3.8789 -13.0893 0.6510
vertex -3.0318 -13.2008 0.6510
endloop
endfacet
facet normal -0.129908 0.986752 0.097187
outer loop
vertex -3.8789 -13.0252 0.0000
vertex -4.7425 -13.1389 0.0000
vertex -4.7259 -13.2008 0.6510
endloop
endfacet
facet normal -0.129908 0.986752 0.097187
outer loop
vertex -3.8789 -13.0252 0.0000
vertex -4.7259 -13.2008 0.6510
vertex -3.8789 -13.0893 0.6510
endloop
endfacet
facet normal -0.380872 0.919506 0.097187
outer loop
vertex -4.7425 -13.1389 0.0000
vertex -5.5472 -13.4722 0.0000
vertex -5.5152 -13.5278 0.6510
endloop
endfacet
facet normal -0.380872 0.919506 0.097187
outer loop
vertex -4.7425 -13.1389 0.0000
vertex -5.5152 -13.5278 0.6510
vertex -4.7259 -13.2008 0.6510
endloop
endfacet
facet normal -0.605880 0.789598 0.097187
outer loop
vertex -5.5472 -13.4722 0.0000
vertex -6.2383 -14.0025 0.0000
vertex -6.1930 -14.0478 0.6510
endloop
endfacet
facet normal -0.605880 0.789598 0.097187
outer loop
vertex -5.5472 -13.4722 0.0000
vertex -6.1930 -14.0478 0.6510
vertex -5.5152 -13.5278 0.6510
endloop
endfacet
facet normal -0.789598 0.605880 0.097187
outer loop
vertex -6.2383 -14.0025 0.0000
vertex -6.7686 -14.6936 0.0000
vertex -6.7130 -14.7256 0.6510
endloop
endfacet
facet normal -0.789598 0.605880 0.097187
outer loop
vertex -6.2383 -14.0025 0.0000
vertex -6.7130 -14.7256 0.6510
vertex -6.1930 -14.0478 0.6510
endloop
endfacet
facet normal -0.919506 0.380872 0.097187
outer loop
vertex -6.7686 -14.6936 0.0000
vertex -7.1019 -15.4983 0.0000
vertex -7.0400 -15.5149 0.6510
endloop
endfacet
facet normal -0.919506 0.380872 0.097187
outer loop
vertex -6.7686 -14.6936 0.0000
vertex -7.0400 -15.5149 0.6510
vertex -6.7130 -14.7256 0.6510
endloop
endfacet
facet normal -0.986752 0.129908 0.097187
outer loop
vertex -7.1019 -15.4983 0.0000
vertex -7.2156 -16.3619 0.0000
vertex -7.1515 -16.3619 0.6510
endloop
endfacet
facet normal -0.986752 0.129908 0.097187
outer loop
vertex -7.1019 -15.4983 0.0000
vertex -7.1515 -16.3619 0.6510
vertex -7.0400 -15.5149 0.6510
endloop
endfacet
facet normal -0.986752 -0.129908 0.097187
outer loop
vertex -7.2156 -16.3619 0.0000
vertex -7.1019 -17.2256 0.0000
vertex -7.0400 -17.2090 0.6510
endloop
endfacet
facet normal -0.986752 -0.129908 0.097187
outer loop
vertex -7.2156 -16.3619 0.0000
vertex -7.0400 -17.2090 0.6510
vertex -7.1515 -16.3619 0.6510
endloop
endfacet
facet normal -0.919506 -0.380872 0.097187
outer loop
vertex -7.1019 -17.2256 0.0000
vertex -6.7686 -18.0303 0.0000
vertex -6.7130 -17.9983 0.6510
endloop
endfacet
facet normal -0.919506 -0.380872 0.097187
outer loop
vertex -7.1019 -17.2256 0.0000
vertex -6.7130 -17.9983 0.6510
vertex -7.0400 -17.2090 0.6510
endloop
endfacet
facet normal -0.789598 -0.605880 0.097187
outer loop
vertex -6.7686 -18.0303 0.0000
vertex -6.2383 -18.7214 0.0000
vertex -6.1930 -18.6761 0.6510
endloop
endfacet
facet normal -0.789598 -0.605880 0.097187
outer loop
vertex -6.7686 -18.0303 0.0000
vertex -6.1930 -18.6761 0.6510
vertex -6.7130 -17.9983 0.6510
endloop
endfacet
facet normal -0.605880 -0.789598 0.097187
outer loop
vertex -6.2383 -18.7214 0.0000
vertex -5.5472 -19.2517 0.0000
vertex -5.5152 -19.1961 0.6510
endloop
endfacet
facet normal -0.605880 -0.789598 0.097187
outer loop
vertex -6.2383 -18.7214 0.0000
vertex -5.5152 -19.1961 0.6510
vertex -6.1930 -18.6761 0.6510
endloop
endfacet
facet normal -0.380872 -0.919506 0.097187
outer loop
vertex -5.5472 -19.2517 0.0000
vertex -4.7425 -19.5850 0.0000
vertex -4.7259 -19.5231 0.6510
endloop
endfacet
facet normal -0.380872 -0.919506 0.097187
outer loop
vertex -5.5472 -19.2517 0.0000
vertex -4.7259 -19.5231 0.6510
vertex -5.5152 -19.1961 0.6510
endloop
endfacet
facet normal -0.129908 -0.986752 0.097187
outer loop
vertex -4.7425 -19.5850 0.0000
vertex -3.8789 -19.6987 0.0000
vertex -3.8789 -19.6346 0.6510
endloop
endfacet
facet normal -0.129908 -0.986752 0.097187
outer loop
vertex -4.7425 -19.5850 0.0000
vertex -3.8789 -19.6346 0.6510
vertex -4.7259 -19.5231 0.6510
endloop
endfacet
facet normal 0.129908 -0.986752 0.097187
outer loop
vertex -3.8789 -19.6987 0.0000
vertex -3.0152 -19.5850 0.0000
vertex -3.0318 -19.5231 0.6510
endloop
endfacet
facet normal 0.129908 -0.986752 0.097187
outer loop
vertex -3.8789 -19.6987 0.0000
vertex -3.0318 -19.5231 0.6510
vertex -3.8789 -19.6346 0.6510
endloop
endfacet
facet normal 0.380872 -0.919506 0.097187
outer loop
vertex -3.0152 -19.5850 0.0000
vertex -2.2105 -19.2517 0.0000
vertex -2.2425 -19.1961 0.6510
endloop
endfacet
facet normal 0.380872 -0.919506 0.097187
outer loop
vertex -3.0152 -19.5850 0.0000
vertex -2.2425 -19.1961 0.6510
vertex -3.0318 -19.5231 0.6510
endloop
endfacet
facet normal 0.605880 -0.789598 0.097187
outer loop
vertex -2.2105 -19.2517 0.0000
vertex -1.5194 -18.7214 0.0000
vertex -1.5647 -18.6761 0.6510
endloop
endfacet
facet normal 0.605880 -0.789598 0.097187
outer loop
vertex -2.2105 -19.2517 0.0000
vertex -1.5647 -18.6761 0.6510
vertex -2.2425 -19.1961 0.6510
endloop
endfacet
facet normal 0.789598 -0.605880 0.097187
outer loop
vertex -1.5194 -18.7214 0.0000
vertex -0.9891 -18.0303 0.0000
vertex -1.0447 -17.9983 0.6510
endloop
endfacet
facet normal 0.789598 -0.605880 0.097187
outer loop
vertex -1.5194 -18.7214 0.0000
vertex -1.0447 -17.9983 0.6510
vertex -1.5647 -18.6761 0.6510
endloop
endfacet
facet normal 0.919506 -0.380872 0.097187
outer loop
vertex -0.9891 -18.0303 0.0000
vertex -0.6558 -17.2256 0.0000
vertex -0.7177 -17.2090 0.6510
endloop
endfacet
facet normal 0.919506 -0.380872 0.097187
outer loop
vertex -0.9891 -18.0303 0.0000
vertex -0.7177 -17.2090 0.6510
vertex -1.0447 -17.9983 0.6510
endloop
endfacet
facet normal 0.986752 -0.129908 0.097187
outer loop
vertex -0.6558 -17.2256 0.0000
vertex -0.5421 -16.3619 0.0000
vertex -0.6062 -16.3619 0.6510
endloop
endfacet
facet normal 0.986752 -0.129908 0.097187
outer loop
vertex -0.6558 -17.2256 0.0000
vertex -0.6062 -16.3619 0.6510
vertex -0.7177 -17.2090 0.6510
endloop
endfacet
facet normal 0.949435 0.124996 0.288008
outer loop
vertex -0.6062 -16.3619 0.6510
vertex -0.7177 -15.5149 0.6510
vertex -0.9011 -15.5641 1.2769
endloop
endfacet
facet normal 0.949435 0.124996 0.288008
outer loop
vertex -0.6062 -16.3619 0.6510
vertex -0.9011 -15.5641 1.2769
vertex -0.7961 -16.3619 1.2769
endloop
endfacet
facet normal 0.884733 0.366468 0.288008
outer loop
vertex -0.7177 -15.5149 0.6510
vertex -1.0447 -14.7256 0.6510
vertex -1.2091 -14.8206 1.2769
endloop
endfacet
facet normal 0.884733 0.366468 0.288008
outer loop
vertex -0.7177 -15.5149 0.6510
vertex -1.2091 -14.8206 1.2769
vertex -0.9011 -15.5641 1.2769
endloop
endfacet
facet normal 0.759737 0.582967 0.288008
outer loop
vertex -1.0447 -14.7256 0.6510
vertex -1.5647 -14.0478 0.6510
vertex -1.6990 -14.1821 1.2769
endloop
endfacet
facet normal 0.759737 0.582967 0.288008
outer loop
vertex -1.0447 -14.7256 0.6510
vertex -1.6990 -14.1821 1.2769
vertex -1.2091 -14.8206 1.2769
endloop
endfacet
facet normal 0.582967 0.759737 0.288008
outer loop
vertex -1.5647 -14.0478 0.6510
vertex -2.2425 -13.5278 0.6510
vertex -2.3375 -13.6922 1.2769
endloop
endfacet
facet normal 0.582967 0.759737 0.288008
outer loop
vertex -1.5647 -14.0478 0.6510
vertex -2.3375 -13.6922 1.2769
vertex -1.6990 -14.1821 1.2769
endloop
endfacet
facet normal 0.366468 0.884733 0.288008
outer loop
vertex -2.2425 -13.5278 0.6510
vertex -3.0318 -13.2008 0.6510
vertex -3.0810 -13.3842 1.2769
endloop
endfacet
facet normal 0.366468 0.884733 0.288008
outer loop
vertex -2.2425 -13.5278 0.6510
vertex -3.0810 -13.3842 1.2769
vertex -2.3375 -13.6922 1.2769
endloop
endfacet
facet normal 0.124996 0.949435 0.288008
outer loop
vertex -3.0318 -13.2008 0.6510
vertex -3.8789 -13.0893 0.6510
vertex -3.8789 -13.2792 1.2769
endloop
endfacet
facet normal 0.124996 0.949435 0.288008
outer loop
vertex -3.0318 -13.2008 0.6510
vertex -3.8789 -13.2792 1.2769
vertex -3.0810 -13.3842 1.2769
endloop
endfacet
facet normal -0.124996 0.949435 0.288008
outer loop
vertex -3.8789 -13.0893 0.6510
vertex -4.7259 -13.2008 0.6510
vertex -4.6767 -13.3842 1.2769
endloop
endfacet
facet normal -0.124996 0.949435 0.288008
outer loop
vertex -3.8789 -13.0893 0.6510
vertex -4.6767 -13.3842 1.2769
vertex -3.8789 -13.2792 1.2769
endloop
endfacet
facet normal -0.366468 0.884733 0.288008
outer loop
vertex -4.7259 -13.2008 0.6510
vertex -5.5152 -13.5278 0.6510
vertex -5.4202 -13.6922 1.2769
endloop
endfacet
facet normal -0.366468 0.884733 0.288008
outer loop
vertex -4.7259 -13.2008 0.6510
vertex -5.4202 -13.6922 1.2769
vertex -4.6767 -13.3842 1.2769
endloop
endfacet
facet normal -0.582967 0.759737 0.288008
outer loop
vertex -5.5152 -13.5278 0.6510
vertex -6.1930 -14.0478 0.6510
vertex -6.0587 -14.1821 1.2769
endloop
endfacet
facet normal -0.582967 0.759737 0.288008
outer loop
vertex -5.5152 -13.5278 0.6510
vertex -6.0587 -14.1821 1.2769
vertex -5.4202 -13.6922 1.2769
endloop
endfacet
facet normal -0.759737 0.582967 0.288008
outer loop
vertex -6.1930 -14.0478 0.6510
vertex -6.7130 -14.7256 0.6510
vertex -6.5486 -14.8206 1.2769
endloop
endfacet
facet normal -0.759737 0.582967 0.288008
outer loop
vertex -6.1930 -14.0478 0.6510
vertex -6.5486 -14.8206 1.2769
vertex -6.0587 -14.1821 1.2769
endloop
endfacet
facet normal -0.884733 0.366468 0.288008
outer loop
vertex -6.7130 -14.7256 0.6510
vertex -7.0400 -15.5149 0.6510
vertex -6.8566 -15.5641 1.2769
endloop
endfacet
facet normal -0.884733 0.366468 0.288008
outer loop
vertex -6.7130 -14.7256 0.6510
vertex -6.8566 -15.5641 1.2769
vertex -6.5486 -14.8206 1.2769
endloop
endfacet
facet normal -0.949435 0.124996 0.288008
outer loop
vertex -7.0400 -15.5149 0.6510
vertex -7.1515 -16.3619 0.6510
vertex -6.9616 -16.3619 1.2769
endloop
endfacet
facet normal -0.949435 0.124996 0.288008
outer loop
vertex -7.0400 -15.5149 0.6510
vertex -6.9616 -16.3619 1.2769
vertex -6.8566 -15.5641 1.2769
endloop
endfacet
facet normal -0.949435 -0.124996 0.288008
outer loop
vertex -7.1515 -16.3619 0.6510
vertex -7.0400 -17.2090 0.6510
vertex -6.8566 -17.1598 1.2769
endloop
endfacet
facet normal -0.949435 -0.124996 0.288008
outer loop
vertex -7.1515 -16.3619 0.6510
vertex -6.8566 -17.1598 1.2769
vertex -6.9616 -16.3619 1.2769
endloop
endfacet
facet normal -0.884733 -0.366468 0.288008
outer loop
vertex -7.0400 -17.2090 0.6510
vertex -6.7130 -17.9983 0.6510
vertex -6.5486 -17.9033 1.2769
endloop
endfacet
facet normal -0.884733 -0.366468 0.288008
outer loop
vertex -7.0400 -17.2090 0.6510
vertex -6.5486 -17.9033 1.2769
vertex -6.8566 -17.1598 1.2769
endloop
endfacet
facet normal -0.759737 -0.582967 0.288008
outer loop
vertex -6.7130 -17.9983 0.6510
vertex -6.1930 -18.6761 0.6510
vertex -6.0587 -18.5418 1.2769
endloop
endfacet
facet normal -0.759737 -0.582967 0.288008
outer loop
vertex -6.7130 -17.9983 0.6510
vertex -6.0587 -18.5418 1.2769
vertex -6.5486 -17.9033 1.2769
endloop
endfacet
facet normal -0.582967 -0.759737 0.288008
outer loop
vertex -6.1930 -18.6761 0.6510
vertex -5.5152 -19.1961 0.6510
vertex -5.4202 -19.0317 1.2769
endloop
endfacet
facet normal -0.582967 -0.759737 0.288008
outer loop
vertex -6.1930 -18.6761 0.6510
vertex -5.4202 -19.0317 1.2769
vertex -6.0587 -18.5418 1.2769
endloop
endfacet
facet normal -0.366468 -0.884733 0.288008
outer loop
vertex -5.5152 -19.1961 0.6510
vertex -4.7259 -19.5231 0.6510
vertex -4.6767 -19.3397 1.2769
endloop
endfacet
facet normal -0.366468 -0.884733 0.288008
outer loop
vertex -5.5152 -19.1961 0.6510
vertex -4.6767 -19.3397 1.2769
vertex -5.4202 -19.0317 1.2769
endloop
endfacet
facet normal -0.124996 -0.949435 0.288008
outer loop
vertex -4.7259 -19.5231 0.6510
vertex -3.8789 -19.6346 0.6510
vertex -3.8789 -19.4447 1.2769
endloop
endfacet
facet normal -0.124996 -0.949435 0.288008
outer loop
vertex -4.7259 -19.5231 0.6510
vertex -3.8789 -19.4447 1.2769
vertex -4.6767 -19.3397 1.2769
endloop
endfacet
facet normal 0.124996 -0.949435 0.288008
outer loop
vertex -3.8789 -19.6346 0.6510
vertex -3.0318 -19.5231 0.6510
vertex -3.0810 -19.3397 1.2769
endloop
endfacet
facet normal 0.124996 -0.949435 0.288008
outer loop
vertex -3.8789 -19.6346 0.6510
vertex -3.0810 -19.3397 1.2769
vertex -3.8789 -19.4447 1.2769
endloop
endfacet
facet normal 0.366468 -0.884733 0.288008
outer loop
vertex -3.0318 -19.5231 0.6510
vertex -2.2425 -19.1961 0.6510
vertex -2.3375 -19.0317 1.2769
endloop
endfacet
facet normal 0.366468 -0.884733 0.288008
outer loop
vertex -3.0318 -19.5231 0.6510
vertex -2.3375 -19.0317 1.2769
vertex -3.0810 -19.3397 1.2769
endloop
endfacet
facet normal 0.582967 -0.759737 0.288008
outer loop
vertex -2.2425 -19.1961 0.6510
vertex -1.5647 -18.6761 0.6510
vertex -1.6990 -18.5418 1.2769
endloop
endfacet
facet normal 0.582967 -0.759737 0.288008
outer loop
vertex -2.2425 -19.1961 0.6510
vertex -1.6990 -18.5418 1.2769
vertex -2.3375 -19.0317 1.2769
endloop
endfacet
facet normal 0.759737 -0.582967 0.288008
outer loop
vertex -1.5647 -18.6761 0.6510
vertex -1.0447 -17.9983 0.6510
vertex -1.2091 -17.9033 1.2769
endloop
endfacet
facet normal 0.759737 -0.582967 0.288008
outer loop
vertex -1.5647 -18.6761 0.6510
vertex -1.2091 -17.9033 1.2769
vertex -1.6990 -18.5418 1.2769
endloop
endfacet
facet normal 0.884733 -0.366468 0.288008
outer loop
vertex -1.0447 -17.9983 0.6510
vertex -0.7177 -17.2090 0.6510
vertex -0.9011 -17.1598 1.2769
endloop
endfacet
facet normal 0.884733 -0.366468 0.288008
outer loop
vertex -1.0447 -17.9983 0.6510
vertex -0.9011 -17.1598 1.2769
vertex -1.2091 -17.9033 1.2769
endloop
endfacet
facet normal 0.949435 -0.124996 0.288008
outer loop
vertex -0.7177 -17.2090 0.6510
vertex -0.6062 -16.3619 0.6510
vertex -0.7961 -16.3619 1.2769
endloop
endfacet
facet normal 0.949435 -0.124996 0.288008
outer loop
vertex -0.7177 -17.2090 0.6510
vertex -0.7961 -16.3619 1.2769
vertex -0.9011 -17.1598 1.2769
endloop
endfacet
facet normal 0.876036 0.115332 0.468251
outer loop
vertex -0.7961 -16.3619 1.2769
vertex -0.9011 -15.5641 1.2769
vertex -1.1990 -15.6439 1.8538
endloop
endfacet
facet normal 0.876036 0.115332 0.468251
outer loop
vertex -0.7961 -16.3619 1.2769
vertex -1.1990 -15.6439 1.8538
vertex -1.1044 -16.3619 1.8538
endloop
endfacet
facet normal 0.816336 0.338137 0.468251
outer loop
vertex -0.9011 -15.5641 1.2769
vertex -1.2091 -14.8206 1.2769
vertex -1.4761 -14.9747 1.8538
endloop
endfacet
facet normal 0.816336 0.338137 0.468251
outer loop
vertex -0.9011 -15.5641 1.2769
vertex -1.4761 -14.9747 1.8538
vertex -1.1990 -15.6439 1.8538
endloop
endfacet
facet normal 0.701003 0.537899 0.468251
outer loop
vertex -1.2091 -14.8206 1.2769
vertex -1.6990 -14.1821 1.2769
vertex -1.9170 -14.4001 1.8538
endloop
endfacet
facet normal 0.701003 0.537899 0.468251
outer loop
vertex -1.2091 -14.8206 1.2769
vertex -1.9170 -14.4001 1.8538
vertex -1.4761 -14.9747 1.8538
endloop
endfacet
facet normal 0.537899 0.701003 0.468251
outer loop
vertex -1.6990 -14.1821 1.2769
vertex -2.3375 -13.6922 1.2769
vertex -2.4916 -13.9592 1.8538
endloop
endfacet
facet normal 0.537899 0.701003 0.468251
outer loop
vertex -1.6990 -14.1821 1.2769
vertex -2.4916 -13.9592 1.8538
vertex -1.9170 -14.4001 1.8538
endloop
endfacet
facet normal 0.338137 0.816336 0.468251
outer loop
vertex -2.3375 -13.6922 1.2769
vertex -3.0810 -13.3842 1.2769
vertex -3.1608 -13.6821 1.8538
endloop
endfacet
facet normal 0.338137 0.816336 0.468251
outer loop
vertex -2.3375 -13.6922 1.2769
vertex -3.1608 -13.6821 1.8538
vertex -2.4916 -13.9592 1.8538
endloop
endfacet
facet normal 0.115332 0.876036 0.468251
outer loop
vertex -3.0810 -13.3842 1.2769
vertex -3.8789 -13.2792 1.2769
vertex -3.8789 -13.5875 1.8538
endloop
endfacet
facet normal 0.115332 0.876036 0.468251
outer loop
vertex -3.0810 -13.3842 1.2769
vertex -3.8789 -13.5875 1.8538
vertex -3.1608 -13.6821 1.8538
endloop
endfacet
facet normal -0.115332 0.876036 0.468251
outer loop
vertex -3.8789 -13.2792 1.2769
vertex -4.6767 -13.3842 1.2769
vertex -4.5969 -13.6821 1.8538
endloop
endfacet
facet normal -0.115332 0.876036 0.468251
outer loop
vertex -3.8789 -13.2792 1.2769
vertex -4.5969 -13.6821 1.8538
vertex -3.8789 -13.5875 1.8538
endloop
endfacet
facet normal -0.338137 0.816336 0.468251
outer loop
vertex -4.6767 -13.3842 1.2769
vertex -5.4202 -13.6922 1.2769
vertex -5.2661 -13.9592 1.8538
endloop
endfacet
facet normal -0.338137 0.816336 0.468251
outer loop
vertex -4.6767 -13.3842 1.2769
vertex -5.2661 -13.9592 1.8538
vertex -4.5969 -13.6821 1.8538
endloop
endfacet
facet normal -0.537899 0.701003 0.468251
outer loop
vertex -5.4202 -13.6922 1.2769
vertex -6.0587 -14.1821 1.2769
vertex -5.8407 -14.4001 1.8538
endloop
endfacet
facet normal -0.537899 0.701003 0.468251
outer loop
vertex -5.4202 -13.6922 1.2769
vertex -5.8407 -14.4001 1.8538
vertex -5.2661 -13.9592 1.8538
endloop
endfacet
facet normal -0.701003 0.537899 0.468251
outer loop
vertex -6.0587 -14.1821 1.2769
vertex -6.5486 -14.8206 1.2769
vertex -6.2816 -14.9747 1.8538
endloop
endfacet
facet normal -0.701003 0.537899 0.468251
outer loop
vertex -6.0587 -14.1821 1.2769
vertex -6.2816 -14.9747 1.8538
vertex -5.8407 -14.4001 1.8538
endloop
endfacet
facet normal -0.816336 0.338137 0.468251
outer loop
vertex -6.5486 -14.8206 1.2769
vertex -6.8566 -15.5641 1.2769
vertex -6.5587 -15.6439 1.8538
endloop
endfacet
facet normal -0.816336 0.338137 0.468251
outer loop
vertex -6.5486 -14.8206 1.2769
vertex -6.5587 -15.6439 1.8538
vertex -6.2816 -14.9747 1.8538
endloop
endfacet
facet normal -0.876036 0.115332 0.468251
outer loop
vertex -6.8566 -15.5641 1.2769
vertex -6.9616 -16.3619 1.2769
vertex -6.6533 -16.3619 1.8538
endloop
endfacet
facet normal -0.876036 0.115332 0.468251
outer loop
vertex -6.8566 -15.5641 1.2769
vertex -6.6533 -16.3619 1.8538
vertex -6.5587 -15.6439 1.8538
endloop
endfacet
facet normal -0.876036 -0.115332 0.468251
outer loop
vertex -6.9616 -16.3619 1.2769
vertex -6.8566 -17.1598 1.2769
vertex -6.5587 -17.0800 1.8538
endloop
endfacet
facet normal -0.876036 -0.115332 0.468251
outer loop
vertex -6.9616 -16.3619 1.2769
vertex -6.5587 -17.0800 1.8538
vertex -6.6533 -16.3619 1.8538
endloop
endfacet
facet normal -0.816336 -0.338137 0.468251
outer loop
vertex -6.8566 -17.1598 1.2769
vertex -6.5486 -17.9033 1.2769
vertex -6.2816 -17.7491 1.8538
endloop
endfacet
facet normal -0.816336 -0.338137 0.468251
outer loop
vertex -6.8566 -17.1598 1.2769
vertex -6.2816 -17.7491 1.8538
vertex -6.5587 -17.0800 1.8538
endloop
endfacet
facet normal -0.701003 -0.537899 0.468251
outer loop
vertex -6.5486 -17.9033 1.2769
vertex -6.0587 -18.5418 1.2769
vertex -5.8407 -18.3237 1.8538
endloop
endfacet
facet normal -0.701003 -0.537899 0.468251
outer loop
vertex -6.5486 -17.9033 1.2769
vertex -5.8407 -18.3237 1.8538
vertex -6.2816 -17.7491 1.8538
endloop
endfacet
facet normal -0.537899 -0.701003 0.468251
outer loop
vertex -6.0587 -18.5418 1.2769
vertex -5.4202 -19.0317 1.2769
vertex -5.2661 -18.7647 1.8538
endloop
endfacet
facet normal -0.537899 -0.701003 0.468251
outer loop
vertex -6.0587 -18.5418 1.2769
vertex -5.2661 -18.7647 1.8538
vertex -5.8407 -18.3237 1.8538
endloop
endfacet
facet normal -0.338137 -0.816336 0.468251
outer loop
vertex -5.4202 -19.0317 1.2769
vertex -4.6767 -19.3397 1.2769
vertex -4.5969 -19.0418 1.8538
endloop
endfacet
facet normal -0.338137 -0.816336 0.468251
outer loop
vertex -5.4202 -19.0317 1.2769
vertex -4.5969 -19.0418 1.8538
vertex -5.2661 -18.7647 1.8538
endloop
endfacet
facet normal -0.115332 -0.876036 0.468251
outer loop
vertex -4.6767 -19.3397 1.2769
vertex -3.8789 -19.4447 1.2769
vertex -3.8789 -19.1364 1.8538
endloop
endfacet
facet normal -0.115332 -0.876036 0.468251
outer loop
vertex -4.6767 -19.3397 1.2769
vertex -3.8789 -19.1364 1.8538
vertex -4.5969 -19.0418 1.8538
endloop
endfacet
facet normal 0.115332 -0.876036 0.468251
outer loop
vertex -3.8789 -19.4447 1.2769
vertex -3.0810 -19.3397 1.2769
vertex -3.1608 -19.0418 1.8538
endloop
endfacet
facet normal 0.115332 -0.876036 0.468251
outer loop
vertex -3.8789 -19.4447 1.2769
vertex -3.1608 -19.0418 1.8538
vertex -3.8789 -19.1364 1.8538
endloop
endfacet
facet normal 0.338137 -0.816336 0.468251
outer loop
vertex -3.0810 -19.3397 1.2769
vertex -2.3375 -19.0317 1.2769
vertex -2.4916 -18.7647 1.8538
endloop
endfacet
facet normal 0.338137 -0.816336 0.468251
outer loop
vertex -3.0810 -19.3397 1.2769
vertex -2.4916 -18.7647 1.8538
vertex -3.1608 -19.0418 1.8538
endloop
endfacet
facet normal 0.537899 -0.701003 0.468251
outer loop
vertex -2.3375 -19.0317 1.2769
vertex -1.6990 -18.5418 1.2769
vertex -1.9170 -18.3237 1.8538
endloop
endfacet
facet normal 0.537899 -0.701003 0.468251
outer loop
vertex -2.3375 -19.0317 1.2769
vertex -1.9170 -18.3237 1.8538
vertex -2.4916 -18.7647 1.8538
endloop
endfacet
facet normal 0.701003 -0.537899 0.468251
outer loop
vertex -1.6990 -18.5418 1.2769
vertex -1.2091 -17.9033 1.2769
vertex -1.4761 -17.7491 1.8538
endloop
endfacet
facet normal 0.701003 -0.537899 0.468251
outer loop
vertex -1.6990 -18.5418 1.2769
vertex -1.4761 -17.7491 1.8538
vertex -1.9170 -18.3237 1.8538
endloop
endfacet
facet normal 0.816336 -0.338137 0.468251
outer loop
vertex -1.2091 -17.9033 1.2769
vertex -0.9011 -17.1598 1.2769
vertex -1.1990 -17.0800 1.8538
endloop
endfacet
facet normal 0.816336 -0.338137 0.468251
outer loop
vertex -1.2091 -17.9033 1.2769
vertex -1.1990 -17.0800 1.8538
vertex -1.4761 -17.7491 1.8538
endloop
endfacet
facet normal 0.876036 -0.115332 0.468251
outer loop
vertex -0.9011 -17.1598 1.2769
vertex -0.7961 -16.3619 1.2769
vertex -1.1044 -16.3619 1.8538
endloop
endfacet
facet normal 0.876036 -0.115332 0.468251
outer loop
vertex -0.9011 -17.1598 1.2769
vertex -1.1044 -16.3619 1.8538
vertex -1.1990 -17.0800 1.8538
endloop
endfacet
facet normal 0.769038 0.101246 0.631133
outer loop
vertex -1.1044 -16.3619 1.8538
vertex -1.1990 -15.6439 1.8538
vertex -1.5998 -15.7513 2.3594
endloop
endfacet
facet normal 0.769038 0.101246 0.631133
outer loop
vertex -1.1044 -16.3619 1.8538
vertex -1.5998 -15.7513 2.3594
vertex -1.5194 -16.3619 2.3594
endloop
endfacet
facet normal 0.716630 0.296838 0.631133
outer loop
vertex -1.1990 -15.6439 1.8538
vertex -1.4761 -14.9747 1.8538
vertex -1.8355 -15.1822 2.3594
endloop
endfacet
facet normal 0.716630 0.296838 0.631133
outer loop
vertex -1.1990 -15.6439 1.8538
vertex -1.8355 -15.1822 2.3594
vertex -1.5998 -15.7513 2.3594
endloop
endfacet
facet normal 0.615384 0.472201 0.631133
outer loop
vertex -1.4761 -14.9747 1.8538
vertex -1.9170 -14.4001 1.8538
vertex -2.2105 -14.6936 2.3594
endloop
endfacet
facet normal 0.615384 0.472201 0.631133
outer loop
vertex -1.4761 -14.9747 1.8538
vertex -2.2105 -14.6936 2.3594
vertex -1.8355 -15.1822 2.3594
endloop
endfacet
facet normal 0.472201 0.615384 0.631133
outer loop
vertex -1.9170 -14.4001 1.8538
vertex -2.4916 -13.9592 1.8538
vertex -2.6991 -14.3186 2.3594
endloop
endfacet
facet normal 0.472201 0.615384 0.631133
outer loop
vertex -1.9170 -14.4001 1.8538
vertex -2.6991 -14.3186 2.3594
vertex -2.2105 -14.6936 2.3594
endloop
endfacet
facet normal 0.296838 0.716630 0.631133
outer loop
vertex -2.4916 -13.9592 1.8538
vertex -3.1608 -13.6821 1.8538
vertex -3.2682 -14.0829 2.3594
endloop
endfacet
facet normal 0.296838 0.716630 0.631133
outer loop
vertex -2.4916 -13.9592 1.8538
vertex -3.2682 -14.0829 2.3594
vertex -2.6991 -14.3186 2.3594
endloop
endfacet
facet normal 0.101246 0.769038 0.631133
outer loop
vertex -3.1608 -13.6821 1.8538
vertex -3.8789 -13.5875 1.8538
vertex -3.8789 -14.0025 2.3594
endloop
endfacet
facet normal 0.101246 0.769038 0.631133
outer loop
vertex -3.1608 -13.6821 1.8538
vertex -3.8789 -14.0025 2.3594
vertex -3.2682 -14.0829 2.3594
endloop
endfacet
facet normal -0.101246 0.769038 0.631133
outer loop
vertex -3.8789 -13.5875 1.8538
vertex -4.5969 -13.6821 1.8538
vertex -4.4895 -14.0829 2.3594
endloop
endfacet
facet normal -0.101246 0.769038 0.631133
outer loop
vertex -3.8789 -13.5875 1.8538
vertex -4.4895 -14.0829 2.3594
vertex -3.8789 -14.0025 2.3594
endloop
endfacet
facet normal -0.296838 0.716630 0.631133
outer loop
vertex -4.5969 -13.6821 1.8538
vertex -5.2661 -13.9592 1.8538
vertex -5.0586 -14.3186 2.3594
endloop
endfacet
facet normal -0.296838 0.716630 0.631133
outer loop
vertex -4.5969 -13.6821 1.8538
vertex -5.0586 -14.3186 2.3594
vertex -4.4895 -14.0829 2.3594
endloop
endfacet
facet normal -0.472201 0.615384 0.631133
outer loop
vertex -5.2661 -13.9592 1.8538
vertex -5.8407 -14.4001 1.8538
vertex -5.5472 -14.6936 2.3594
endloop
endfacet
facet normal -0.472201 0.615384 0.631133
outer loop
vertex -5.2661 -13.9592 1.8538
vertex -5.5472 -14.6936 2.3594
vertex -5.0586 -14.3186 2.3594
endloop
endfacet
facet normal -0.615384 0.472201 0.631133
outer loop
vertex -5.8407 -14.4001 1.8538
vertex -6.2816 -14.9747 1.8538
vertex -5.9222 -15.1822 2.3594
endloop
endfacet
facet normal -0.615384 0.472201 0.631133
outer loop
vertex -5.8407 -14.4001 1.8538
vertex -5.9222 -15.1822 2.3594
vertex -5.5472 -14.6936 2.3594
endloop
endfacet
facet normal -0.716630 0.296838 0.631133
outer loop
vertex -6.2816 -14.9747 1.8538
vertex -6.5587 -15.6439 1.8538
vertex -6.1579 -15.7513 2.3594
endloop
endfacet
facet normal -0.716630 0.296838 0.631133
outer loop
vertex -6.2816 -14.9747 1.8538
vertex -6.1579 -15.7513 2.3594
vertex -5.9222 -15.1822 2.3594
endloop
endfacet
facet normal -0.769038 0.101246 0.631133
outer loop
vertex -6.5587 -15.6439 1.8538
vertex -6.6533 -16.3619 1.8538
vertex -6.2383 -16.3619 2.3594
endloop
endfacet
facet normal -0.769038 0.101246 0.631133
outer loop
vertex -6.5587 -15.6439 1.8538
vertex -6.2383 -16.3619 2.3594
vertex -6.1579 -15.7513 2.3594
endloop
endfacet
facet normal -0.769038 -0.101246 0.631133
outer loop
vertex -6.6533 -16.3619 1.8538
vertex -6.5587 -17.0800 1.8538
vertex -6.1579 -16.9726 2.3594
endloop
endfacet
facet normal -0.769038 -0.101246 0.631133
outer loop
vertex -6.6533 -16.3619 1.8538
vertex -6.1579 -16.9726 2.3594
vertex -6.2383 -16.3619 2.3594
endloop
endfacet
facet normal -0.716630 -0.296838 0.631133
outer loop
vertex -6.5587 -17.0800 1.8538
vertex -6.2816 -17.7491 1.8538
vertex -5.9222 -17.5417 2.3594
endloop
endfacet
facet normal -0.716630 -0.296838 0.631133
outer loop
vertex -6.5587 -17.0800 1.8538
vertex -5.9222 -17.5417 2.3594
vertex -6.1579 -16.9726 2.3594
endloop
endfacet
facet normal -0.615384 -0.472201 0.631133
outer loop
vertex -6.2816 -17.7491 1.8538
vertex -5.8407 -18.3237 1.8538
vertex -5.5472 -18.0303 2.3594
endloop
endfacet
facet normal -0.615384 -0.472201 0.631133
outer loop
vertex -6.2816 -17.7491 1.8538
vertex -5.5472 -18.0303 2.3594
vertex -5.9222 -17.5417 2.3594
endloop
endfacet
facet normal -0.472201 -0.615384 0.631133
outer loop
vertex -5.8407 -18.3237 1.8538
vertex -5.2661 -18.7647 1.8538
vertex -5.0586 -18.4053 2.3594
endloop
endfacet
facet normal -0.472201 -0.615384 0.631133
outer loop
vertex -5.8407 -18.3237 1.8538
vertex -5.0586 -18.4053 2.3594
vertex -5.5472 -18.0303 2.3594
endloop
endfacet
facet normal -0.296838 -0.716630 0.631133
outer loop
vertex -5.2661 -18.7647 1.8538
vertex -4.5969 -19.0418 1.8538
vertex -4.4895 -18.6410 2.3594
endloop
endfacet
facet normal -0.296838 -0.716630 0.631133
outer loop
vertex -5.2661 -18.7647 1.8538
vertex -4.4895 -18.6410 2.3594
vertex -5.0586 -18.4053 2.3594
endloop
endfacet
facet normal -0.101246 -0.769038 0.631133
outer loop
vertex -4.5969 -19.0418 1.8538
vertex -3.8789 -19.1364 1.8538
vertex -3.8789 -18.7214 2.3594
endloop
endfacet
facet normal -0.101246 -0.769038 0.631133
outer loop
vertex -4.5969 -19.0418 1.8538
vertex -3.8789 -18.7214 2.3594
vertex -4.4895 -18.6410 2.3594
endloop
endfacet
facet normal 0.101246 -0.769038 0.631133
outer loop
vertex -3.8789 -19.1364 1.8538
vertex -3.1608 -19.0418 1.8538
vertex -3.2682 -18.6410 2.3594
endloop
endfacet
facet normal 0.101246 -0.769038 0.631133
outer loop
vertex -3.8789 -19.1364 1.8538
vertex -3.2682 -18.6410 2.3594
vertex -3.8789 -18.7214 2.3594
endloop
endfacet
facet normal 0.296838 -0.716630 0.631133
outer loop
vertex -3.1608 -19.0418 1.8538
vertex -2.4916 -18.7647 1.8538
vertex -2.6991 -18.4053 2.3594
endloop
endfacet
facet normal 0.296838 -0.716630 0.631133
outer loop
vertex -3.1608 -19.0418 1.8538
vertex -2.6991 -18.4053 2.3594
vertex -3.2682 -18.6410 2.3594
endloop
endfacet
facet normal 0.472201 -0.615384 0.631133
outer loop
vertex -2.4916 -18.7647 1.8538
vertex -1.9170 -18.3237 1.8538
vertex -2.2105 -18.0303 2.3594
endloop
endfacet
facet normal 0.472201 -0.615384 0.631133
outer loop
vertex -2.4916 -18.7647 1.8538
vertex -2.2105 -18.0303 2.3594
vertex -2.6991 -18.4053 2.3594
endloop
endfacet
facet normal 0.615384 -0.472201 0.631133
outer loop
vertex -1.9170 -18.3237 1.8538
vertex -1.4761 -17.7491 1.8538
vertex -1.8355 -17.5417 2.3594
endloop
endfacet
facet normal 0.615384 -0.472201 0.631133
outer loop
vertex -1.9170 -18.3237 1.8538
vertex -1.8355 -17.5417 2.3594
vertex -2.2105 -18.0303 2.3594
endloop
endfacet
facet normal 0.716630 -0.296838 0.631133
outer loop
vertex -1.4761 -17.7491 1.8538
vertex -1.1990 -17.0800 1.8538
vertex -1.5998 -16.9726 2.3594
endloop
endfacet
facet normal 0.716630 -0.296838 0.631133
outer loop
vertex -1.4761 -17.7491 1.8538
vertex -1.5998 -16.9726 2.3594
vertex -1.8355 -17.5417 2.3594
endloop
endfacet
facet normal 0.769038 -0.101246 0.631133
outer loop
vertex -1.1990 -17.0800 1.8538
vertex -1.1044 -16.3619 1.8538
vertex -1.5194 -16.3619 2.3594
endloop
endfacet
facet normal 0.769038 -0.101246 0.631133
outer loop
vertex -1.1990 -17.0800 1.8538
vertex -1.5194 -16.3619 2.3594
vertex -1.5998 -16.9726 2.3594
endloop
endfacet
facet normal 0.632192 0.083230 0.770328
outer loop
vertex -1.5194 -16.3619 2.3594
vertex -1.5998 -15.7513 2.3594
vertex -2.0882 -15.8821 2.7744
endloop
endfacet
facet normal 0.632192 0.083230 0.770328
outer loop
vertex -1.5194 -16.3619 2.3594
vertex -2.0882 -15.8821 2.7744
vertex -2.0250 -16.3619 2.7744
endloop
endfacet
facet normal 0.589109 0.244017 0.770328
outer loop
vertex -1.5998 -15.7513 2.3594
vertex -1.8355 -15.1822 2.3594
vertex -2.2734 -15.4350 2.7744
endloop
endfacet
facet normal 0.589109 0.244017 0.770328
outer loop
vertex -1.5998 -15.7513 2.3594
vertex -2.2734 -15.4350 2.7744
vertex -2.0882 -15.8821 2.7744
endloop
endfacet
facet normal 0.505880 0.388175 0.770328
outer loop
vertex -1.8355 -15.1822 2.3594
vertex -2.2105 -14.6936 2.3594
vertex -2.5680 -15.0511 2.7744
endloop
endfacet
facet normal 0.505880 0.388175 0.770328
outer loop
vertex -1.8355 -15.1822 2.3594
vertex -2.5680 -15.0511 2.7744
vertex -2.2734 -15.4350 2.7744
endloop
endfacet
facet normal 0.388175 0.505880 0.770328
outer loop
vertex -2.2105 -14.6936 2.3594
vertex -2.6991 -14.3186 2.3594
vertex -2.9520 -14.7565 2.7744
endloop
endfacet
facet normal 0.388175 0.505880 0.770328
outer loop
vertex -2.2105 -14.6936 2.3594
vertex -2.9520 -14.7565 2.7744
vertex -2.5680 -15.0511 2.7744
endloop
endfacet
facet normal 0.244017 0.589109 0.770328
outer loop
vertex -2.6991 -14.3186 2.3594
vertex -3.2682 -14.0829 2.3594
vertex -3.3991 -14.5713 2.7744
endloop
endfacet
facet normal 0.244017 0.589109 0.770328
outer loop
vertex -2.6991 -14.3186 2.3594
vertex -3.3991 -14.5713 2.7744
vertex -2.9520 -14.7565 2.7744
endloop
endfacet
facet normal 0.083230 0.632192 0.770328
outer loop
vertex -3.2682 -14.0829 2.3594
vertex -3.8789 -14.0025 2.3594
vertex -3.8789 -14.5081 2.7744
endloop
endfacet
facet normal 0.083230 0.632192 0.770328
outer loop
vertex -3.2682 -14.0829 2.3594
vertex -3.8789 -14.5081 2.7744
vertex -3.3991 -14.5713 2.7744
endloop
endfacet
facet normal -0.083230 0.632192 0.770328
outer loop
vertex -3.8789 -14.0025 2.3594
vertex -4.4895 -14.0829 2.3594
vertex -4.3587 -14.5713 2.7744
endloop
endfacet
facet normal -0.083230 0.632192 0.770328
outer loop
vertex -3.8789 -14.0025 2.3594
vertex -4.3587 -14.5713 2.7744
vertex -3.8789 -14.5081 2.7744
endloop
endfacet
facet normal -0.244017 0.589109 0.770328
outer loop
vertex -4.4895 -14.0829 2.3594
vertex -5.0586 -14.3186 2.3594
vertex -4.8058 -14.7565 2.7744
endloop
endfacet
facet normal -0.244017 0.589109 0.770328
outer loop
vertex -4.4895 -14.0829 2.3594
vertex -4.8058 -14.7565 2.7744
vertex -4.3587 -14.5713 2.7744
endloop
endfacet
facet normal -0.388175 0.505880 0.770328
outer loop
vertex -5.0586 -14.3186 2.3594
vertex -5.5472 -14.6936 2.3594
vertex -5.1897 -15.0511 2.7744
endloop
endfacet
facet normal -0.388175 0.505880 0.770328
outer loop
vertex -5.0586 -14.3186 2.3594
vertex -5.1897 -15.0511 2.7744
vertex -4.8058 -14.7565 2.7744
endloop
endfacet
facet normal -0.505880 0.388175 0.770328
outer loop
vertex -5.5472 -14.6936 2.3594
vertex -5.9222 -15.1822 2.3594
vertex -5.4843 -15.4350 2.7744
endloop
endfacet
facet normal -0.505880 0.388175 0.770328
outer loop
vertex -5.5472 -14.6936 2.3594
vertex -5.4843 -15.4350 2.7744
vertex -5.1897 -15.0511 2.7744
endloop
endfacet
facet normal -0.589109 0.244017 0.770328
outer loop
vertex -5.9222 -15.1822 2.3594
vertex -6.1579 -15.7513 2.3594
vertex -5.6695 -15.8821 2.7744
endloop
endfacet
facet normal -0.589109 0.244017 0.770328
outer loop
vertex -5.9222 -15.1822 2.3594
vertex -5.6695 -15.8821 2.7744
vertex -5.4843 -15.4350 2.7744
endloop
endfacet
facet normal -0.632192 0.083230 0.770328
outer loop
vertex -6.1579 -15.7513 2.3594
vertex -6.2383 -16.3619 2.3594
vertex -5.7327 -16.3619 2.7744
endloop
endfacet
facet normal -0.632192 0.083230 0.770328
outer loop
vertex -6.1579 -15.7513 2.3594
vertex -5.7327 -16.3619 2.7744
vertex -5.6695 -15.8821 2.7744
endloop
endfacet
facet normal -0.632192 -0.083230 0.770328
outer loop
vertex -6.2383 -16.3619 2.3594
vertex -6.1579 -16.9726 2.3594
vertex -5.6695 -16.8417 2.7744
endloop
endfacet
facet normal -0.632192 -0.083230 0.770328
outer loop
vertex -6.2383 -16.3619 2.3594
vertex -5.6695 -16.8417 2.7744
vertex -5.7327 -16.3619 2.7744
endloop
endfacet
facet normal -0.589109 -0.244017 0.770328
outer loop
vertex -6.1579 -16.9726 2.3594
vertex -5.9222 -17.5417 2.3594
vertex -5.4843 -17.2888 2.7744
endloop
endfacet
facet normal -0.589109 -0.244017 0.770328
outer loop
vertex -6.1579 -16.9726 2.3594
vertex -5.4843 -17.2888 2.7744
vertex -5.6695 -16.8417 2.7744
endloop
endfacet
facet normal -0.505880 -0.388175 0.770328
outer loop
vertex -5.9222 -17.5417 2.3594
vertex -5.5472 -18.0303 2.3594
vertex -5.1897 -17.6728 2.7744
endloop
endfacet
facet normal -0.505880 -0.388175 0.770328
outer loop
vertex -5.9222 -17.5417 2.3594
vertex -5.1897 -17.6728 2.7744
vertex -5.4843 -17.2888 2.7744
endloop
endfacet
facet normal -0.388175 -0.505880 0.770328
outer loop
vertex -5.5472 -18.0303 2.3594
vertex -5.0586 -18.4053 2.3594
vertex -4.8058 -17.9674 2.7744
endloop
endfacet
facet normal -0.388175 -0.505880 0.770328
outer loop
vertex -5.5472 -18.0303 2.3594
vertex -4.8058 -17.9674 2.7744
vertex -5.1897 -17.6728 2.7744
endloop
endfacet
facet normal -0.244017 -0.589109 0.770328
outer loop
vertex -5.0586 -18.4053 2.3594
vertex -4.4895 -18.6410 2.3594
vertex -4.3587 -18.1526 2.7744
endloop
endfacet
facet normal -0.244017 -0.589109 0.770328
outer loop
vertex -5.0586 -18.4053 2.3594
vertex -4.3587 -18.1526 2.7744
vertex -4.8058 -17.9674 2.7744
endloop
endfacet
facet normal -0.083230 -0.632192 0.770328
outer loop
vertex -4.4895 -18.6410 2.3594
vertex -3.8789 -18.7214 2.3594
vertex -3.8789 -18.2157 2.7744
endloop
endfacet
facet normal -0.083230 -0.632192 0.770328
outer loop
vertex -4.4895 -18.6410 2.3594
vertex -3.8789 -18.2157 2.7744
vertex -4.3587 -18.1526 2.7744
endloop
endfacet
facet normal 0.083230 -0.632192 0.770328
outer loop
vertex -3.8789 -18.7214 2.3594
vertex -3.2682 -18.6410 2.3594
vertex -3.3991 -18.1526 2.7744
endloop
endfacet
facet normal 0.083230 -0.632192 0.770328
outer loop
vertex -3.8789 -18.7214 2.3594
vertex -3.3991 -18.1526 2.7744
vertex -3.8789 -18.2157 2.7744
endloop
endfacet
facet normal 0.244017 -0.589109 0.770328
outer loop
vertex -3.2682 -18.6410 2.3594
vertex -2.6991 -18.4053 2.3594
vertex -2.9520 -17.9674 2.7744
endloop
endfacet
facet normal 0.244017 -0.589109 0.770328
outer loop
vertex -3.2682 -18.6410 2.3594
vertex -2.9520 -17.9674 2.7744
vertex -3.3991 -18.1526 2.7744
endloop
endfacet
facet normal 0.388175 -0.505880 0.770328
outer loop
vertex -2.6991 -18.4053 2.3594
vertex -2.2105 -18.0303 2.3594
vertex -2.5680 -17.6728 2.7744
endloop
endfacet
facet normal 0.388175 -0.505880 0.770328
outer loop
vertex -2.6991 -18.4053 2.3594
vertex -2.5680 -17.6728 2.7744
vertex -2.9520 -17.9674 2.7744
endloop
endfacet
facet normal 0.505880 -0.388175 0.770328
outer loop
vertex -2.2105 -18.0303 2.3594
vertex -1.8355 -17.5417 2.3594
vertex -2.2734 -17.2888 2.7744
endloop
endfacet
facet normal 0.505880 -0.388175 0.770328
outer loop
vertex -2.2105 -18.0303 2.3594
vertex -2.2734 -17.2888 2.7744
vertex -2.5680 -17.6728 2.7744
endloop
endfacet
facet normal 0.589109 -0.244017 0.770328
outer loop
vertex -1.8355 -17.5417 2.3594
vertex -1.5998 -16.9726 2.3594
vertex -2.0882 -16.8417 2.7744
endloop
endfacet
facet normal 0.589109 -0.244017 0.770328
outer loop
vertex -1.8355 -17.5417 2.3594
vertex -2.0882 -16.8417 2.7744
vertex -2.2734 -17.2888 2.7744
endloop
endfacet
facet normal 0.632192 -0.083230 0.770328
outer loop
vertex -1.5998 -16.9726 2.3594
vertex -1.5194 -16.3619 2.3594
vertex -2.0250 -16.3619 2.7744
endloop
endfacet
facet normal 0.632192 -0.083230 0.770328
outer loop
vertex -1.5998 -16.9726 2.3594
vertex -2.0250 -16.3619 2.7744
vertex -2.0882 -16.8417 2.7744
endloop
endfacet
facet normal 0.470492 0.061941 0.880228
outer loop
vertex -2.0250 -16.3619 2.7744
vertex -2.0882 -15.8821 2.7744
vertex -2.6454 -16.0315 3.0828
endloop
endfacet
facet normal 0.470492 0.061941 0.880228
outer loop
vertex -2.0250 -16.3619 2.7744
vertex -2.6454 -16.0315 3.0828
vertex -2.6019 -16.3619 3.0828
endloop
endfacet
facet normal 0.438428 0.181603 0.880228
outer loop
vertex -2.0882 -15.8821 2.7744
vertex -2.2734 -15.4350 2.7744
vertex -2.7730 -15.7235 3.0828
endloop
endfacet
facet normal 0.438428 0.181603 0.880228
outer loop
vertex -2.0882 -15.8821 2.7744
vertex -2.7730 -15.7235 3.0828
vertex -2.6454 -16.0315 3.0828
endloop
endfacet
facet normal 0.376487 0.288889 0.880228
outer loop
vertex -2.2734 -15.4350 2.7744
vertex -2.5680 -15.0511 2.7744
vertex -2.9759 -15.4590 3.0828
endloop
endfacet
facet normal 0.376487 0.288889 0.880228
outer loop
vertex -2.2734 -15.4350 2.7744
vertex -2.9759 -15.4590 3.0828
vertex -2.7730 -15.7235 3.0828
endloop
endfacet
facet normal 0.288889 0.376487 0.880228
outer loop
vertex -2.5680 -15.0511 2.7744
vertex -2.9520 -14.7565 2.7744
vertex -3.2404 -15.2561 3.0828
endloop
endfacet
facet normal 0.288889 0.376487 0.880228
outer loop
vertex -2.5680 -15.0511 2.7744
vertex -3.2404 -15.2561 3.0828
vertex -2.9759 -15.4590 3.0828
endloop
endfacet
facet normal 0.181603 0.438428 0.880228
outer loop
vertex -2.9520 -14.7565 2.7744
vertex -3.3991 -14.5713 2.7744
vertex -3.5484 -15.1285 3.0828
endloop
endfacet
facet normal 0.181603 0.438428 0.880228
outer loop
vertex -2.9520 -14.7565 2.7744
vertex -3.5484 -15.1285 3.0828
vertex -3.2404 -15.2561 3.0828
endloop
endfacet
facet normal 0.061941 0.470492 0.880228
outer loop
vertex -3.3991 -14.5713 2.7744
vertex -3.8789 -14.5081 2.7744
vertex -3.8789 -15.0850 3.0828
endloop
endfacet
facet normal 0.061941 0.470492 0.880228
outer loop
vertex -3.3991 -14.5713 2.7744
vertex -3.8789 -15.0850 3.0828
vertex -3.5484 -15.1285 3.0828
endloop
endfacet
facet normal -0.061941 0.470492 0.880228
outer loop
vertex -3.8789 -14.5081 2.7744
vertex -4.3587 -14.5713 2.7744
vertex -4.2093 -15.1285 3.0828
endloop
endfacet
facet normal -0.061941 0.470492 0.880228
outer loop
vertex -3.8789 -14.5081 2.7744
vertex -4.2093 -15.1285 3.0828
vertex -3.8789 -15.0850 3.0828
endloop
endfacet
facet normal -0.181603 0.438428 0.880228
outer loop
vertex -4.3587 -14.5713 2.7744
vertex -4.8058 -14.7565 2.7744
vertex -4.5173 -15.2561 3.0828
endloop
endfacet
facet normal -0.181603 0.438428 0.880228
outer loop
vertex -4.3587 -14.5713 2.7744
vertex -4.5173 -15.2561 3.0828
vertex -4.2093 -15.1285 3.0828
endloop
endfacet
facet normal -0.288889 0.376487 0.880228
outer loop
vertex -4.8058 -14.7565 2.7744
vertex -5.1897 -15.0511 2.7744
vertex -4.7818 -15.4590 3.0828
endloop
endfacet
facet normal -0.288889 0.376487 0.880228
outer loop
vertex -4.8058 -14.7565 2.7744
vertex -4.7818 -15.4590 3.0828
vertex -4.5173 -15.2561 3.0828
endloop
endfacet
facet normal -0.376487 0.288889 0.880228
outer loop
vertex -5.1897 -15.0511 2.7744
vertex -5.4843 -15.4350 2.7744
vertex -4.9847 -15.7235 3.0828
endloop
endfacet
facet normal -0.376487 0.288889 0.880228
outer loop
vertex -5.1897 -15.0511 2.7744
vertex -4.9847 -15.7235 3.0828
vertex -4.7818 -15.4590 3.0828
endloop
endfacet
facet normal -0.438428 0.181603 0.880228
outer loop
vertex -5.4843 -15.4350 2.7744
vertex -5.6695 -15.8821 2.7744
vertex -5.1123 -16.0315 3.0828
endloop
endfacet
facet normal -0.438428 0.181603 0.880228
outer loop
vertex -5.4843 -15.4350 2.7744
vertex -5.1123 -16.0315 3.0828
vertex -4.9847 -15.7235 3.0828
endloop
endfacet
facet normal -0.470492 0.061941 0.880228
outer loop
vertex -5.6695 -15.8821 2.7744
vertex -5.7327 -16.3619 2.7744
vertex -5.1558 -16.3619 3.0828
endloop
endfacet
facet normal -0.470492 0.061941 0.880228
outer loop
vertex -5.6695 -15.8821 2.7744
vertex -5.1558 -16.3619 3.0828
vertex -5.1123 -16.0315 3.0828
endloop
endfacet
facet normal -0.470492 -0.061941 0.880228
outer loop
vertex -5.7327 -16.3619 2.7744
vertex -5.6695 -16.8417 2.7744
vertex -5.1123 -16.6924 3.0828
endloop
endfacet
facet normal -0.470492 -0.061941 0.880228
outer loop
vertex -5.7327 -16.3619 2.7744
vertex -5.1123 -16.6924 3.0828
vertex -5.1558 -16.3619 3.0828
endloop
endfacet
facet normal -0.438428 -0.181603 0.880228
outer loop
vertex -5.6695 -16.8417 2.7744
vertex -5.4843 -17.2888 2.7744
vertex -4.9847 -17.0004 3.0828
endloop
endfacet
facet normal -0.438428 -0.181603 0.880228
outer loop
vertex -5.6695 -16.8417 2.7744
vertex -4.9847 -17.0004 3.0828
vertex -5.1123 -16.6924 3.0828
endloop
endfacet
facet normal -0.376487 -0.288889 0.880228
outer loop
vertex -5.4843 -17.2888 2.7744
vertex -5.1897 -17.6728 2.7744
vertex -4.7818 -17.2649 3.0828
endloop
endfacet
facet normal -0.376487 -0.288889 0.880228
outer loop
vertex -5.4843 -17.2888 2.7744
vertex -4.7818 -17.2649 3.0828
vertex -4.9847 -17.0004 3.0828
endloop
endfacet
facet normal -0.288889 -0.376487 0.880228
outer loop
vertex -5.1897 -17.6728 2.7744
vertex -4.8058 -17.9674 2.7744
vertex -4.5173 -17.4678 3.0828
endloop
endfacet
facet normal -0.288889 -0.376487 0.880228
outer loop
vertex -5.1897 -17.6728 2.7744
vertex -4.5173 -17.4678 3.0828
vertex -4.7818 -17.2649 3.0828
endloop
endfacet
facet normal -0.181603 -0.438428 0.880228
outer loop
vertex -4.8058 -17.9674 2.7744
vertex -4.3587 -18.1526 2.7744
vertex -4.2093 -17.5954 3.0828
endloop
endfacet
facet normal -0.181603 -0.438428 0.880228
outer loop
vertex -4.8058 -17.9674 2.7744
vertex -4.2093 -17.5954 3.0828
vertex -4.5173 -17.4678 3.0828
endloop
endfacet
facet normal -0.061941 -0.470492 0.880228
outer loop
vertex -4.3587 -18.1526 2.7744
vertex -3.8789 -18.2157 2.7744
vertex -3.8789 -17.6389 3.0828
endloop
endfacet
facet normal -0.061941 -0.470492 0.880228
outer loop
vertex -4.3587 -18.1526 2.7744
vertex -3.8789 -17.6389 3.0828
vertex -4.2093 -17.5954 3.0828
endloop
endfacet
facet normal 0.061941 -0.470492 0.880228
outer loop
vertex -3.8789 -18.2157 2.7744
vertex -3.3991 -18.1526 2.7744
vertex -3.5484 -17.5954 3.0828
endloop
endfacet
facet normal 0.061941 -0.470492 0.880228
outer loop
vertex -3.8789 -18.2157 2.7744
vertex -3.5484 -17.5954 3.0828
vertex -3.8789 -17.6389 3.0828
endloop
endfacet
facet normal 0.181603 -0.438428 0.880228
outer loop
vertex -3.3991 -18.1526 2.7744
vertex -2.9520 -17.9674 2.7744
vertex -3.2404 -17.4678 3.0828
endloop
endfacet
facet normal 0.181603 -0.438428 0.880228
outer loop
vertex -3.3991 -18.1526 2.7744
vertex -3.2404 -17.4678 3.0828
vertex -3.5484 -17.5954 3.0828
endloop
endfacet
facet normal 0.288889 -0.376487 0.880228
outer loop
vertex -2.9520 -17.9674 2.7744
vertex -2.5680 -17.6728 2.7744
vertex -2.9759 -17.2649 3.0828
endloop
endfacet
facet normal 0.288889 -0.376487 0.880228
outer loop
vertex -2.9520 -17.9674 2.7744
vertex -2.9759 -17.2649 3.0828
vertex -3.2404 -17.4678 3.0828
endloop
endfacet
facet normal 0.376487 -0.288889 0.880228
outer loop
vertex -2.5680 -17.6728 2.7744
vertex -2.2734 -17.2888 2.7744
vertex -2.7730 -17.0004 3.0828
endloop
endfacet
facet normal 0.376487 -0.288889 0.880228
outer loop
vertex -2.5680 -17.6728 2.7744
vertex -2.7730 -17.0004 3.0828
vertex -2.9759 -17.2649 3.0828
endloop
endfacet
facet normal 0.438428 -0.181603 0.880228
outer loop
vertex -2.2734 -17.2888 2.7744
vertex -2.0882 -16.8417 2.7744
vertex -2.6454 -16.6924 3.0828
endloop
endfacet
facet normal 0.438428 -0.181603 0.880228
outer loop
vertex -2.2734 -17.2888 2.7744
vertex -2.6454 -16.6924 3.0828
vertex -2.7730 -17.0004 3.0828
endloop
endfacet
facet normal 0.470492 -0.061941 0.880228
outer loop
vertex -2.0882 -16.8417 2.7744
vertex -2.0250 -16.3619 2.7744
vertex -2.6019 -16.3619 3.0828
endloop
endfacet
facet normal 0.470492 -0.061941 0.880228
outer loop
vertex -2.0882 -16.8417 2.7744
vertex -2.6019 -16.3619 3.0828
vertex -2.6454 -16.6924 3.0828
endloop
endfacet
facet normal 0.290073 0.038189 0.956242
outer loop
vertex -2.6019 -16.3619 3.0828
vertex -2.6454 -16.0315 3.0828
vertex -3.2501 -16.1935 3.2726
endloop
endfacet
facet normal 0.290073 0.038189 0.956242
outer loop
vertex -2.6019 -16.3619 3.0828
vertex -3.2501 -16.1935 3.2726
vertex -3.2279 -16.3619 3.2726
endloop
endfacet
facet normal 0.270305 0.111964 0.956242
outer loop
vertex -2.6454 -16.0315 3.0828
vertex -2.7730 -15.7235 3.0828
vertex -3.3151 -16.0365 3.2726
endloop
endfacet
facet normal 0.270305 0.111964 0.956242
outer loop
vertex -2.6454 -16.0315 3.0828
vertex -3.3151 -16.0365 3.2726
vertex -3.2501 -16.1935 3.2726
endloop
endfacet
facet normal 0.232116 0.178109 0.956242
outer loop
vertex -2.7730 -15.7235 3.0828
vertex -2.9759 -15.4590 3.0828
vertex -3.4185 -15.9016 3.2726
endloop
endfacet
facet normal 0.232116 0.178109 0.956242
outer loop
vertex -2.7730 -15.7235 3.0828
vertex -3.4185 -15.9016 3.2726
vertex -3.3151 -16.0365 3.2726
endloop
endfacet
facet normal 0.178109 0.232116 0.956242
outer loop
vertex -2.9759 -15.4590 3.0828
vertex -3.2404 -15.2561 3.0828
vertex -3.5534 -15.7982 3.2726
endloop
endfacet
facet normal 0.178109 0.232116 0.956242
outer loop
vertex -2.9759 -15.4590 3.0828
vertex -3.5534 -15.7982 3.2726
vertex -3.4185 -15.9016 3.2726
endloop
endfacet
facet normal 0.111964 0.270305 0.956242
outer loop
vertex -3.2404 -15.2561 3.0828
vertex -3.5484 -15.1285 3.0828
vertex -3.7104 -15.7332 3.2726
endloop
endfacet
facet normal 0.111964 0.270305 0.956242
outer loop
vertex -3.2404 -15.2561 3.0828
vertex -3.7104 -15.7332 3.2726
vertex -3.5534 -15.7982 3.2726
endloop
endfacet
facet normal 0.038189 0.290073 0.956242
outer loop
vertex -3.5484 -15.1285 3.0828
vertex -3.8789 -15.0850 3.0828
vertex -3.8789 -15.7110 3.2726
endloop
endfacet
facet normal 0.038189 0.290073 0.956242
outer loop
vertex -3.5484 -15.1285 3.0828
vertex -3.8789 -15.7110 3.2726
vertex -3.7104 -15.7332 3.2726
endloop
endfacet
facet normal -0.038189 0.290073 0.956242
outer loop
vertex -3.8789 -15.0850 3.0828
vertex -4.2093 -15.1285 3.0828
vertex -4.0473 -15.7332 3.2726
endloop
endfacet
facet normal -0.038189 0.290073 0.956242
outer loop
vertex -3.8789 -15.0850 3.0828
vertex -4.0473 -15.7332 3.2726
vertex -3.8789 -15.7110 3.2726
endloop
endfacet
facet normal -0.111964 0.270305 0.956242
outer loop
vertex -4.2093 -15.1285 3.0828
vertex -4.5173 -15.2561 3.0828
vertex -4.2043 -15.7982 3.2726
endloop
endfacet
facet normal -0.111964 0.270305 0.956242
outer loop
vertex -4.2093 -15.1285 3.0828
vertex -4.2043 -15.7982 3.2726
vertex -4.0473 -15.7332 3.2726
endloop
endfacet
facet normal -0.178109 0.232116 0.956242
outer loop
vertex -4.5173 -15.2561 3.0828
vertex -4.7818 -15.4590 3.0828
vertex -4.3392 -15.9016 3.2726
endloop
endfacet
facet normal -0.178109 0.232116 0.956242
outer loop
vertex -4.5173 -15.2561 3.0828
vertex -4.3392 -15.9016 3.2726
vertex -4.2043 -15.7982 3.2726
endloop
endfacet
facet normal -0.232116 0.178109 0.956242
outer loop
vertex -4.7818 -15.4590 3.0828
vertex -4.9847 -15.7235 3.0828
vertex -4.4426 -16.0365 3.2726
endloop
endfacet
facet normal -0.232116 0.178109 0.956242
outer loop
vertex -4.7818 -15.4590 3.0828
vertex -4.4426 -16.0365 3.2726
vertex -4.3392 -15.9016 3.2726
endloop
endfacet
facet normal -0.270305 0.111964 0.956242
outer loop
vertex -4.9847 -15.7235 3.0828
vertex -5.1123 -16.0315 3.0828
vertex -4.5076 -16.1935 3.2726
endloop
endfacet
facet normal -0.270305 0.111964 0.956242
outer loop
vertex -4.9847 -15.7235 3.0828
vertex -4.5076 -16.1935 3.2726
vertex -4.4426 -16.0365 3.2726
endloop
endfacet
facet normal -0.290073 0.038189 0.956242
outer loop
vertex -5.1123 -16.0315 3.0828
vertex -5.1558 -16.3619 3.0828
vertex -4.5298 -16.3619 3.2726
endloop
endfacet
facet normal -0.290073 0.038189 0.956242
outer loop
vertex -5.1123 -16.0315 3.0828
vertex -4.5298 -16.3619 3.2726
vertex -4.5076 -16.1935 3.2726
endloop
endfacet
facet normal -0.290073 -0.038189 0.956242
outer loop
vertex -5.1558 -16.3619 3.0828
vertex -5.1123 -16.6924 3.0828
vertex -4.5076 -16.5304 3.2726
endloop
endfacet
facet normal -0.290073 -0.038189 0.956242
outer loop
vertex -5.1558 -16.3619 3.0828
vertex -4.5076 -16.5304 3.2726
vertex -4.5298 -16.3619 3.2726
endloop
endfacet
facet normal -0.270305 -0.111964 0.956242
outer loop
vertex -5.1123 -16.6924 3.0828
vertex -4.9847 -17.0004 3.0828
vertex -4.4426 -16.6874 3.2726
endloop
endfacet
facet normal -0.270305 -0.111964 0.956242
outer loop
vertex -5.1123 -16.6924 3.0828
vertex -4.4426 -16.6874 3.2726
vertex -4.5076 -16.5304 3.2726
endloop
endfacet
facet normal -0.232116 -0.178109 0.956242
outer loop
vertex -4.9847 -17.0004 3.0828
vertex -4.7818 -17.2649 3.0828
vertex -4.3392 -16.8222 3.2726
endloop
endfacet
facet normal -0.232116 -0.178109 0.956242
outer loop
vertex -4.9847 -17.0004 3.0828
vertex -4.3392 -16.8222 3.2726
vertex -4.4426 -16.6874 3.2726
endloop
endfacet
facet normal -0.178109 -0.232116 0.956242
outer loop
vertex -4.7818 -17.2649 3.0828
vertex -4.5173 -17.4678 3.0828
vertex -4.2043 -16.9257 3.2726
endloop
endfacet
facet normal -0.178109 -0.232116 0.956242
outer loop
vertex -4.7818 -17.2649 3.0828
vertex -4.2043 -16.9257 3.2726
vertex -4.3392 -16.8222 3.2726
endloop
endfacet
facet normal -0.111964 -0.270305 0.956242
outer loop
vertex -4.5173 -17.4678 3.0828
vertex -4.2093 -17.5954 3.0828
vertex -4.0473 -16.9907 3.2726
endloop
endfacet
facet normal -0.111964 -0.270305 0.956242
outer loop
vertex -4.5173 -17.4678 3.0828
vertex -4.0473 -16.9907 3.2726
vertex -4.2043 -16.9257 3.2726
endloop
endfacet
facet normal -0.038189 -0.290073 0.956242
outer loop
vertex -4.2093 -17.5954 3.0828
vertex -3.8789 -17.6389 3.0828
vertex -3.8789 -17.0129 3.2726
endloop
endfacet
facet normal -0.038189 -0.290073 0.956242
outer loop
vertex -4.2093 -17.5954 3.0828
vertex -3.8789 -17.0129 3.2726
vertex -4.0473 -16.9907 3.2726
endloop
endfacet
facet normal 0.038189 -0.290073 0.956242
outer loop
vertex -3.8789 -17.6389 3.0828
vertex -3.5484 -17.5954 3.0828
vertex -3.7104 -16.9907 3.2726
endloop
endfacet
facet normal 0.038189 -0.290073 0.956242
outer loop
vertex -3.8789 -17.6389 3.0828
vertex -3.7104 -16.9907 3.2726
vertex -3.8789 -17.0129 3.2726
endloop
endfacet
facet normal 0.111964 -0.270305 0.956242
outer loop
vertex -3.5484 -17.5954 3.0828
vertex -3.2404 -17.4678 3.0828
vertex -3.5534 -16.9257 3.2726
endloop
endfacet
facet normal 0.111964 -0.270305 0.956242
outer loop
vertex -3.5484 -17.5954 3.0828
vertex -3.5534 -16.9257 3.2726
vertex -3.7104 -16.9907 3.2726
endloop
endfacet
facet normal 0.178109 -0.232116 0.956242
outer loop
vertex -3.2404 -17.4678 3.0828
vertex -2.9759 -17.2649 3.0828
vertex -3.4185 -16.8222 3.2726
endloop
endfacet
facet normal 0.178109 -0.232116 0.956242
outer loop
vertex -3.2404 -17.4678 3.0828
vertex -3.4185 -16.8222 3.2726
vertex -3.5534 -16.9257 3.2726
endloop
endfacet
facet normal 0.232116 -0.178109 0.956242
outer loop
vertex -2.9759 -17.2649 3.0828
vertex -2.7730 -17.0004 3.0828
vertex -3.3151 -16.6874 3.2726
endloop
endfacet
facet normal 0.232116 -0.178109 0.956242
outer loop
vertex -2.9759 -17.2649 3.0828
vertex -3.3151 -16.6874 3.2726
vertex -3.4185 -16.8222 3.2726
endloop
endfacet
facet normal 0.270305 -0.111964 0.956242
outer loop
vertex -2.7730 -17.0004 3.0828
vertex -2.6454 -16.6924 3.0828
vertex -3.2501 -16.5304 3.2726
endloop
endfacet
facet normal 0.270305 -0.111964 0.956242
outer loop
vertex -2.7730 -17.0004 3.0828
vertex -3.2501 -16.5304 3.2726
vertex -3.3151 -16.6874 3.2726
endloop
endfacet
facet normal 0.290073 -0.038189 0.956242
outer loop
vertex -2.6454 -16.6924 3.0828
vertex -2.6019 -16.3619 3.0828
vertex -3.2279 -16.3619 3.2726
endloop
endfacet
facet normal 0.290073 -0.038189 0.956242
outer loop
vertex -2.6454 -16.6924 3.0828
vertex -3.2279 -16.3619 3.2726
vertex -3.2501 -16.5304 3.2726
endloop
endfacet
facet normal 0.098009 0.012903 0.995102
outer loop
vertex -3.2279 -16.3619 3.2726
vertex -3.2501 -16.1935 3.2726
vertex -3.8789 -16.3619 3.3368
endloop
endfacet
facet normal 0.091330 0.037830 0.995102
outer loop
vertex -3.2501 -16.1935 3.2726
vertex -3.3151 -16.0365 3.2726
vertex -3.8789 -16.3619 3.3368
endloop
endfacet
facet normal 0.078427 0.060179 0.995102
outer loop
vertex -3.3151 -16.0365 3.2726
vertex -3.4185 -15.9016 3.2726
vertex -3.8789 -16.3619 3.3368
endloop
endfacet
facet normal 0.060179 0.078427 0.995102
outer loop
vertex -3.4185 -15.9016 3.2726
vertex -3.5534 -15.7982 3.2726
vertex -3.8789 -16.3619 3.3368
endloop
endfacet
facet normal 0.037830 0.091330 0.995102
outer loop
vertex -3.5534 -15.7982 3.2726
vertex -3.7104 -15.7332 3.2726
vertex -3.8789 -16.3619 3.3368
endloop
endfacet
facet normal 0.012903 0.098009 0.995102
outer loop
vertex -3.7104 -15.7332 3.2726
vertex -3.8789 -15.7110 3.2726
vertex -3.8789 -16.3619 3.3368
endloop
endfacet
facet normal -0.012903 0.098009 0.995102
outer loop
vertex -3.8789 -15.7110 3.2726
vertex -4.0473 -15.7332 3.2726
vertex -3.8789 -16.3619 3.3368
endloop
endfacet
facet normal -0.037830 0.091330 0.995102
outer loop
vertex -4.0473 -15.7332 3.2726
vertex -4.2043 -15.7982 3.2726
vertex -3.8789 -16.3619 3.3368
endloop
endfacet
facet normal -0.060179 0.078427 0.995102
outer loop
vertex -4.2043 -15.7982 3.2726
vertex -4.3392 -15.9016 3.2726
vertex -3.8789 -16.3619 3.3368
endloop
endfacet
facet normal -0.078427 0.060179 0.995102
outer loop
vertex -4.3392 -15.9016 3.2726
vertex -4.4426 -16.0365 3.2726
vertex -3.8789 -16.3619 3.3368
endloop
endfacet
facet normal -0.091330 0.037830 0.995102
outer loop
vertex -4.4426 -16.0365 3.2726
vertex -4.5076 -16.1935 3.2726
vertex -3.8789 -16.3619 3.3368
endloop
endfacet
facet normal -0.098009 0.012903 0.995102
outer loop
vertex -4.5076 -16.1935 3.2726
vertex -4.5298 -16.3619 3.2726
vertex -3.8789 -16.3619 3.3368
endloop
endfacet
facet normal -0.098009 -0.012903 0.995102
outer loop
vertex -4.5298 -16.3619 3.2726
vertex -4.5076 -16.5304 3.2726
vertex -3.8789 -16.3619 3.3368
endloop
endfacet
facet normal -0.091330 -0.037830 0.995102
outer loop
vertex -4.5076 -16.5304 3.2726
vertex -4.4426 -16.6874 3.2726
vertex -3.8789 -16.3619 3.3368
endloop
endfacet
facet normal -0.078427 -0.060179 0.995102
outer loop
vertex -4.4426 -16.6874 3.2726
vertex -4.3392 -16.8222 3.2726
vertex -3.8789 -16.3619 3.3368
endloop
endfacet
facet normal -0.060179 -0.078427 0.995102
outer loop
vertex -4.3392 -16.8222 3.2726
vertex -4.2043 -16.9257 3.2726
vertex -3.8789 -16.3619 3.3368
endloop
endfacet
facet normal -0.037830 -0.091330 0.995102
outer loop
vertex -4.2043 -16.9257 3.2726
vertex -4.0473 -16.9907 3.2726
vertex -3.8789 -16.3619 3.3368
endloop
endfacet
facet normal -0.012903 -0.098009 0.995102
outer loop
vertex -4.0473 -16.9907 3.2726
vertex -3.8789 -17.0129 3.2726
vertex -3.8789 -16.3619 3.3368
endloop
endfacet
facet normal 0.012903 -0.098009 0.995102
outer loop
vertex -3.8789 -17.0129 3.2726
vertex -3.7104 -16.9907 3.2726
vertex -3.8789 -16.3619 3.3368
endloop
endfacet
facet normal 0.037830 -0.091330 0.995102
outer loop
vertex -3.7104 -16.9907 3.2726
vertex -3.5534 -16.9257 3.2726
vertex -3.8789 -16.3619 3.3368
endloop
endfacet
facet normal 0.060179 -0.078427 0.995102
outer loop
vertex -3.5534 -16.9257 3.2726
vertex -3.4185 -16.8222 3.2726
vertex -3.8789 -16.3619 3.3368
endloop
endfacet
facet normal 0.078427 -0.060179 0.995102
outer loop
vertex -3.4185 -16.8222 3.2726
vertex -3.3151 -16.6874 3.2726
vertex -3.8789 -16.3619 3.3368
endloop
endfacet
facet normal 0.091330 -0.037830 0.995102
outer loop
vertex -3.3151 -16.6874 3.2726
vertex -3.2501 -16.5304 3.2726
vertex -3.8789 -16.3619 3.3368
endloop
endfacet
facet normal 0.098009 -0.012903 0.995102
outer loop
vertex -3.2501 -16.5304 3.2726
vertex -3.2279 -16.3619 3.2726
vertex -3.8789 -16.3619 3.3368
endloop
endfacet
facet normal 0.000000 0.000000 -1.000000
outer loop
vertex 12.2360 6.4345 0.0000
vertex 12.2360 11.1909 0.0000
vertex 17.8598 11.1909 0.0000
endloop
endfacet
facet normal 0.000000 0.000000 -1.000000
outer loop
vertex 12.2360 6.4345 0.0000
vertex 17.8598 11.1909 0.0000
vertex 17.8598 6.4345 0.0000
endloop
endfacet
facet normal 0.000000 0.000000 1.000000
outer loop
vertex 12.2360 6.4345 21.5067
vertex 17.8598 6.4345 21.5067
vertex 17.8598 11.1909 21.5067
endloop
endfacet
facet normal 0.000000 0.000000 1.000000
outer loop
vertex 12.2360 6.4345 21.5067
vertex 17.8598 11.1909 21.5067
vertex 12.2360 11.1909 21.5067
endloop
endfacet
facet normal 0.000000 -1.000000 0.000000
outer loop
vertex 12.2360 6.4345 0.0000
vertex 17.8598 6.4345 0.0000
vertex 17.8598 6.4345 21.5067
endloop
endfacet
facet normal 0.000000 -1.000000 0.000000
outer loop
vertex 12.2360 6.4345 0.0000
vertex 17.8598 6.4345 21.5067
vertex 12.2360 6.4345 21.5067
endloop
endfacet
facet normal 1.000000 0.000000 0.000000
outer loop
vertex 17.8598 6.4345 0.0000
vertex 17.8598 11.1909 0.0000
vertex 17.8598 11.1909 21.5067
endloop
endfacet
facet normal 1.000000 0.000000 0.000000
outer loop
vertex 17.8598 6.4345 0.0000
vertex 17.8598 11.1909 21.5067
vertex 17.8598 6.4345 21.5067
endloop
endfacet
facet normal 0.000000 1.000000 0.000000
outer loop
vertex 17.8598 11.1909 0.0000
vertex 12.2360 11.1909 0.0000
vertex 12.2360 11.1909 21.5067
endloop
endfacet
facet normal 0.000000 1.000000 -0.000000
outer loop
vertex 17.8598 11.1909 0.0000
vertex 12.2360 11.1909 21.5067
vertex 17.8598 11.1909 21.5067
endloop
endfacet
facet normal -1.000000 0.000000 0.000000
outer loop
vertex 12.2360 11.1909 0.0000
vertex 12.2360 6.4345 0.0000
vertex 12.2360 6.4345 21.5067
endloop
endfacet
facet normal -1.000000 0.000000 0.000000
outer loop
vertex 12.2360 11.1909 0.0000
vertex 12.2360 6.4345 21.5067
vertex 12.2360 11.1909 21.5067
endloop
endfacet
facet normal 0.000000 0.000000 -1.000000
outer loop
vertex -31.1386 3.9044 0.0000
vertex -31.1386 12.2960 0.0000
vertex -22.3761 12.2960 0.0000
endloop
endfacet
facet normal 0.000000 0.000000 -1.000000
outer loop
vertex -31.1386 3.9044 0.0000
vertex -22.3761 12.2960 0.0000
vertex -22.3761 3.9044 0.0000
endloop
endfacet
facet normal 0.000000 0.000000 1.000000
outer loop
vertex -31.1386 3.9044 15.5503
vertex -22.3761 3.9044 15.5503
vertex -22.3761 12.2960 15.5503
endloop
endfacet
facet normal 0.000000 0.000000 1.000000
outer loop
vertex -31.1386 3.9044 15.5503
vertex -22.3761 12.2960 15.5503
vertex -31.1386 12.2960 15.5503
endloop
endfacet
facet normal 0.000000 -1.000000 0.000000
outer loop
vertex -31.1386 3.9044 0.0000
vertex -22.3761 3.9044 0.0000
vertex -22.3761 3.9044 15.5503
endloop
endfacet
facet normal 0.000000 -1.000000 0.000000
outer loop
vertex -31.1386 3.9044 0.0000
vertex -22.3761 3.9044 15.5503
vertex -31.1386 3.9044 15.5503
endloop
endfacet
facet normal 1.000000 0.000000 0.000000
outer loop
vertex -22.3761 3.9044 0.0000
vertex -22.3761 12.2960 0.0000
vertex -22.3761 12.2960 15.5503
endloop
endfacet
facet normal 1.000000 0.000000 0.000000
outer loop
vertex -22.3761 3.9044 0.0000
vertex -22.3761 12.2960 15.5503
vertex -22.3761 3.9044 15.5503
endloop
endfacet
facet normal 0.000000 1.000000 0.000000
outer loop
vertex -22.3761 12.2960 0.0000
vertex -31.1386 12.2960 0.0000
vertex -31.1386 12.2960 15.5503
endloop
endfacet
facet normal 0.000000 1.000000 -0.000000
outer loop
vertex -22.3761 12.2960 0.0000
vertex -31.1386 12.2960 15.5503
vertex -22.3761 12.2960 15.5503
endloop
endfacet
facet normal -1.000000 0.000000 0.000000
outer loop
vertex -31.1386 12.2960 0.0000
vertex -31.1386 3.9044 0.0000
vertex -31.1386 3.9044 15.5503
endloop
endfacet
facet normal -1.000000 0.000000 0.000000
outer loop
vertex -31.1386 12.2960 0.0000
vertex -31.1386 3.9044 15.5503
vertex -31.1386 12.2960 15.5503
endloop
endfacet
facet normal 0.991445 0.130526 0.000000
outer loop
vertex -3.2969 32.8993 0.0000
vertex -3.3930 33.6295 0.0000
vertex -3.3930 33.6295 16.2591
endloop
endfacet
facet normal 0.991445 0.130526 -0.000000
outer loop
vertex -3.2969 32.8993 0.0000
vertex -3.3930 33.6295 16.2591
vertex -3.2969 32.8993 16.2591
endloop
endfacet
facet normal 0.000000 0.000000 1.000000
outer loop
vertex -6.1180 32.8993 16.2591
vertex -3.2969 32.8993 16.2591
vertex -3.3930 33.6295 16.2591
endloop
endfacet
facet normal 0.000000 0.000000 -1.000000
outer loop
vertex -6.1180 32.8993 0.0000
vertex -3.3930 33.6295 0.0000
vertex -3.2969 32.8993 0.0000
endloop
endfacet
facet normal 0.923880 0.382683 0.000000
outer loop
vertex -3.3930 33.6295 0.0000
vertex -3.6748 34.3099 0.0000
vertex -3.6748 34.3099 16.2591
endloop
endfacet
facet normal 0.923880 0.382683 -0.000000
outer loop
vertex -3.3930 33.6295 0.0000
vertex -3.6748 34.3099 16.2591
vertex -3.3930 33.6295 16.2591
endloop
endfacet
facet normal 0.000000 0.000000 1.000000
outer loop
vertex -6.1180 32.8993 16.2591
vertex -3.3930 33.6295 16.2591
vertex -3.6748 34.3099 16.2591
endloop
endfacet
facet normal 0.000000 0.000000 -1.000000
outer loop
vertex -6.1180 32.8993 0.0000
vertex -3.6748 34.3099 0.0000
vertex -3.3930 33.6295 0.0000
endloop
endfacet
facet normal 0.793353 0.608761 0.000000
outer loop
vertex -3.6748 34.3099 0.0000
vertex -4.1232 34.8942 0.0000
vertex -4.1232 34.8942 16.2591
endloop
endfacet
facet normal 0.793353 0.608761 -0.000000
outer loop
vertex -3.6748 34.3099 0.0000
vertex -4.1232 34.8942 16.2591
vertex -3.6748 34.3099 16.2591
endloop
endfacet
facet normal 0.000000 0.000000 1.000000
outer loop
vertex -6.1180 32.8993 16.2591
vertex -3.6748 34.3099 16.2591
vertex -4.1232 34.8942 16.2591
endloop
endfacet
facet normal 0.000000 0.000000 -1.000000
outer loop
vertex -6.1180 32.8993 0.0000
vertex -4.1232 34.8942 0.0000
vertex -3.6748 34.3099 0.0000
endloop
endfacet
facet normal 0.608761 0.793353 0.000000
outer loop
vertex -4.1232 34.8942 0.0000
vertex -4.7075 35.3426 0.0000
vertex -4.7075 35.3426 16.2591
endloop
endfacet
facet normal 0.608761 0.793353 -0.000000
outer loop
vertex -4.1232 34.8942 0.0000
vertex -4.7075 35.3426 16.2591
vertex -4.1232 34.8942 16.2591
endloop
endfacet
facet normal 0.000000 0.000000 1.000000
outer loop
vertex -6.1180 32.8993 16.2591
vertex -4.1232 34.8942 16.2591
vertex -4.7075 35.3426 16.2591
endloop
endfacet
facet normal 0.000000 0.000000 -1.000000
outer loop
vertex -6.1180 32.8993 0.0000
vertex -4.7075 35.3426 0.0000
vertex -4.1232 34.8942 0.0000
endloop
endfacet
facet normal 0.382683 0.923880 0.000000
outer loop
vertex -4.7075 35.3426 0.0000
vertex -5.3879 35.6244 0.0000
vertex -5.3879 35.6244 16.2591
endloop
endfacet
facet normal 0.382683 0.923880 -0.000000
outer loop
vertex -4.7075 35.3426 0.0000
vertex -5.3879 35.6244 16.2591
vertex -4.7075 35.3426 16.2591
endloop
endfacet
facet normal 0.000000 0.000000 1.000000
outer loop
vertex -6.1180 32.8993 16.2591
vertex -4.7075 35.3426 16.2591
vertex -5.3879 35.6244 16.2591
endloop
endfacet
facet normal 0.000000 0.000000 -1.000000
outer loop
vertex -6.1180 32.8993 0.0000
vertex -5.3879 35.6244 0.0000
vertex -4.7075 35.3426 0.0000
endloop
endfacet
facet normal 0.130526 0.991445 0.000000
outer loop
vertex -5.3879 35.6244 0.0000
vertex -6.1180 35.7205 0.0000
vertex -6.1180 35.7205 16.2591
endloop
endfacet
facet normal 0.130526 0.991445 -0.000000
outer loop
vertex -5.3879 35.6244 0.0000
vertex -6.1180 35.7205 16.2591
vertex -5.3879 35.6244 16.2591
endloop
endfacet
facet normal 0.000000 0.000000 1.000000
outer loop
vertex -6.1180 32.8993 16.2591
vertex -5.3879 35.6244 16.2591
vertex -6.1180 35.7205 16.2591
endloop
endfacet
facet normal 0.000000 0.000000 -1.000000
outer loop
vertex -6.1180 32.8993 0.0000
vertex -6.1180 35.7205 0.0000
vertex -5.3879 35.6244 0.0000
endloop
endfacet
facet normal -0.130526 0.991445 0.000000
outer loop
vertex -6.1180 35.7205 0.0000
vertex -6.8482 35.6244 0.0000
vertex -6.8482 35.6244 16.2591
endloop
endfacet
facet normal -0.130526 0.991445 0.000000
outer loop
vertex -6.1180 35.7205 0.0000
vertex -6.8482 35.6244 16.2591
vertex -6.1180 35.7205 16.2591
endloop
endfacet
facet normal 0.000000 -0.000000 1.000000
outer loop
vertex -6.1180 32.8993 16.2591
vertex -6.1180 35.7205 16.2591
vertex -6.8482 35.6244 16.2591
endloop
endfacet
facet normal 0.000000 0.000000 -1.000000
outer loop
vertex -6.1180 32.8993 0.0000
vertex -6.8482 35.6244 0.0000
vertex -6.1180 35.7205 0.0000
endloop
endfacet
facet normal -0.382683 0.923880 0.000000
outer loop
vertex -6.8482 35.6244 0.0000
vertex -7.5286 35.3426 0.0000
vertex -7.5286 35.3426 16.2591
endloop
endfacet
facet normal -0.382683 0.923880 0.000000
outer loop
vertex -6.8482 35.6244 0.0000
vertex -7.5286 35.3426 16.2591
vertex -6.8482 35.6244 16.2591
endloop
endfacet
facet normal 0.000000 0.000000 1.000000
outer loop
vertex -6.1180 32.8993 16.2591
vertex -6.8482 35.6244 16.2591
vertex -7.5286 35.3426 16.2591
endloop
endfacet
facet normal 0.000000 0.000000 -1.000000
outer loop
vertex -6.1180 32.8993 0.0000
vertex -7.5286 35.3426 0.0000
vertex -6.8482 35.6244 0.0000
endloop
endfacet
facet normal -0.608761 0.793353 0.000000
outer loop
vertex -7.5286 35.3426 0.0000
vertex -8.1129 34.8942 0.0000
vertex -8.1129 34.8942 16.2591
endloop
endfacet
facet normal -0.608761 0.793353 0.000000
outer loop
vertex -7.5286 35.3426 0.0000
vertex -8.1129 34.8942 16.2591
vertex -7.5286 35.3426 16.2591
endloop
endfacet
facet normal 0.000000 0.000000 1.000000
outer loop
vertex -6.1180 32.8993 16.2591
vertex -7.5286 35.3426 16.2591
vertex -8.1129 34.8942 16.2591
endloop
endfacet
facet normal 0.000000 0.000000 -1.000000
outer loop
vertex -6.1180 32.8993 0.0000
vertex -8.1129 34.8942 0.0000
vertex -7.5286 35.3426 0.0000
endloop
endfacet
facet normal -0.793353 0.608761 0.000000
outer loop
vertex -8.1129 34.8942 0.0000
vertex -8.5612 34.3099 0.0000
vertex -8.5612 34.3099 16.2591
endloop
endfacet
facet normal -0.793353 0.608761 0.000000
outer loop
vertex -8.1129 34.8942 0.0000
vertex -8.5612 34.3099 16.2591
vertex -8.1129 34.8942 16.2591
endloop
endfacet
facet normal 0.000000 0.000000 1.000000
outer loop
vertex -6.1180 32.8993 16.2591
vertex -8.1129 34.8942 16.2591
vertex -8.5612 34.3099 16.2591
endloop
endfacet
facet normal 0.000000 0.000000 -1.000000
outer loop
vertex -6.1180 32.8993 0.0000
vertex -8.5612 34.3099 0.0000
vertex -8.1129 34.8942 0.0000
endloop
endfacet
facet normal -0.923880 0.382683 0.000000
outer loop
vertex -8.5612 34.3099 0.0000
vertex -8.8431 33.6295 0.0000
vertex -8.8431 33.6295 16.2591
endloop
endfacet
facet normal -0.923880 0.382683 0.000000
outer loop
vertex -8.5612 34.3099 0.0000
vertex -8.8431 33.6295 16.2591
vertex -8.5612 34.3099 16.2591
endloop
endfacet
facet normal 0.000000 0.000000 1.000000
outer loop
vertex -6.1180 32.8993 16.2591
vertex -8.5612 34.3099 16.2591
vertex -8.8431 33.6295 16.2591
endloop
endfacet
facet normal 0.000000 0.000000 -1.000000
outer loop
vertex -6.1180 32.8993 0.0000
vertex -8.8431 33.6295 0.0000
vertex -8.5612 34.3099 0.0000
endloop
endfacet
facet normal -0.991445 0.130526 0.000000
outer loop
vertex -8.8431 33.6295 0.0000
vertex -8.9392 32.8993 0.0000
vertex -8.9392 32.8993 16.2591
endloop
endfacet
facet normal -0.991445 0.130526 0.000000
outer loop
vertex -8.8431 33.6295 0.0000
vertex -8.9392 32.8993 16.2591
vertex -8.8431 33.6295 16.2591
endloop
endfacet
facet normal 0.000000 0.000000 1.000000
outer loop
vertex -6.1180 32.8993 16.2591
vertex -8.8431 33.6295 16.2591
vertex -8.9392 32.8993 16.2591
endloop
endfacet
facet normal 0.000000 0.000000 -1.000000
outer loop
vertex -6.1180 32.8993 0.0000
vertex -8.9392 32.8993 0.0000
vertex -8.8431 33.6295 0.0000
endloop
endfacet
facet normal -0.991445 -0.130526 0.000000
outer loop
vertex -8.9392 32.8993 0.0000
vertex -8.8431 32.1692 0.0000
vertex -8.8431 32.1692 16.2591
endloop
endfacet
facet normal -0.991445 -0.130526 0.000000
outer loop
vertex -8.9392 32.8993 0.0000
vertex -8.8431 32.1692 16.2591
vertex -8.9392 32.8993 16.2591
endloop
endfacet
facet normal 0.000000 0.000000 1.000000
outer loop
vertex -6.1180 32.8993 16.2591
vertex -8.9392 32.8993 16.2591
vertex -8.8431 32.1692 16.2591
endloop
endfacet
facet normal -0.000000 0.000000 -1.000000
outer loop
vertex -6.1180 32.8993 0.0000
vertex -8.8431 32.1692 0.0000
vertex -8.9392 32.8993 0.0000
endloop
endfacet
facet normal -0.923880 -0.382683 0.000000
outer loop
vertex -8.8431 32.1692 0.0000
vertex -8.5612 31.4888 0.0000
vertex -8.5612 31.4888 16.2591
endloop
endfacet
facet normal -0.923880 -0.382683 0.000000
outer loop
vertex -8.8431 32.1692 0.0000
vertex -8.5612 31.4888 16.2591
vertex -8.8431 32.1692 16.2591
endloop
endfacet
facet normal 0.000000 0.000000 1.000000
outer loop
vertex -6.1180 32.8993 16.2591
vertex -8.8431 32.1692 16.2591
vertex -8.5612 31.4888 16.2591
endloop
endfacet
facet normal 0.000000 0.000000 -1.000000
outer loop
vertex -6.1180 32.8993 0.0000
vertex -8.5612 31.4888 0.0000
vertex -8.8431 32.1692 0.0000
endloop
endfacet
facet normal -0.793353 -0.608761 0.000000
outer loop
vertex -8.5612 31.4888 0.0000
vertex -8.1129 30.9045 0.0000
vertex -8.1129 30.9045 16.2591
endloop
endfacet
facet normal -0.793353 -0.608761 0.000000
outer loop
vertex -8.5612 31.4888 0.0000
vertex -8.1129 30.9045 16.2591
vertex -8.5612 31.4888 16.2591
endloop
endfacet
facet normal 0.000000 0.000000 1.000000
outer loop
vertex -6.1180 32.8993 16.2591
vertex -8.5612 31.4888 16.2591
vertex -8.1129 30.9045 16.2591
endloop
endfacet
facet normal 0.000000 0.000000 -1.000000
outer loop
vertex -6.1180 32.8993 0.0000
vertex -8.1129 30.9045 0.0000
vertex -8.5612 31.4888 0.0000
endloop
endfacet
facet normal -0.608761 -0.793353 0.000000
outer loop
vertex -8.1129 30.9045 0.0000
vertex -7.5286 30.4561 0.0000
vertex -7.5286 30.4561 16.2591
endloop
endfacet
facet normal -0.608761 -0.793353 0.000000
outer loop
vertex -8.1129 30.9045 0.0000
vertex -7.5286 30.4561 16.2591
vertex -8.1129 30.9045 16.2591
endloop
endfacet
facet normal 0.000000 0.000000 1.000000
outer loop
vertex -6.1180 32.8993 16.2591
vertex -8.1129 30.9045 16.2591
vertex -7.5286 30.4561 16.2591
endloop
endfacet
facet normal 0.000000 0.000000 -1.000000
outer loop
vertex -6.1180 32.8993 0.0000
vertex -7.5286 30.4561 0.0000
vertex -8.1129 30.9045 0.0000
endloop
endfacet
facet normal -0.382683 -0.923880 0.000000
outer loop
vertex -7.5286 30.4561 0.0000
vertex -6.8482 30.1743 0.0000
vertex -6.8482 30.1743 16.2591
endloop
endfacet
facet normal -0.382683 -0.923880 0.000000
outer loop
vertex -7.5286 30.4561 0.0000
vertex -6.8482 30.1743 16.2591
vertex -7.5286 30.4561 16.2591
endloop
endfacet
facet normal 0.000000 0.000000 1.000000
outer loop
vertex -6.1180 32.8993 16.2591
vertex -7.5286 30.4561 16.2591
vertex -6.8482 30.1743 16.2591
endloop
endfacet
facet normal 0.000000 0.000000 -1.000000
outer loop
vertex -6.1180 32.8993 0.0000
vertex -6.8482 30.1743 0.0000
vertex -7.5286 30.4561 0.0000
endloop
endfacet
facet normal -0.130526 -0.991445 0.000000
outer loop
vertex -6.8482 30.1743 0.0000
vertex -6.1180 30.0782 0.0000
vertex -6.1180 30.0782 16.2591
endloop
endfacet
facet normal -0.130526 -0.991445 0.000000
outer loop
vertex -6.8482 30.1743 0.0000
vertex -6.1180 30.0782 16.2591
vertex -6.8482 30.1743 16.2591
endloop
endfacet
facet normal 0.000000 0.000000 1.000000
outer loop
vertex -6.1180 32.8993 16.2591
vertex -6.8482 30.1743 16.2591
vertex -6.1180 30.0782 16.2591
endloop
endfacet
facet normal 0.000000 0.000000 -1.000000
outer loop
vertex -6.1180 32.8993 0.0000
vertex -6.1180 30.0782 0.0000
vertex -6.8482 30.1743 0.0000
endloop
endfacet
facet normal 0.130526 -0.991445 0.000000
outer loop
vertex -6.1180 30.0782 0.0000
vertex -5.3879 30.1743 0.0000
vertex -5.3879 30.1743 16.2591
endloop
endfacet
facet normal 0.130526 -0.991445 0.000000
outer loop
vertex -6.1180 30.0782 0.0000
vertex -5.3879 30.1743 16.2591
vertex -6.1180 30.0782 16.2591
endloop
endfacet
facet normal 0.000000 0.000000 1.000000
outer loop
vertex -6.1180 32.8993 16.2591
vertex -6.1180 30.0782 16.2591
vertex -5.3879 30.1743 16.2591
endloop
endfacet
facet normal 0.000000 -0.000000 -1.000000
outer loop
vertex -6.1180 32.8993 0.0000
vertex -5.3879 30.1743 0.0000
vertex -6.1180 30.0782 0.0000
endloop
endfacet
facet normal 0.382683 -0.923880 0.000000
outer loop
vertex -5.3879 30.1743 0.0000
vertex -4.7075 30.4561 0.0000
vertex -4.7075 30.4561 16.2591
endloop
endfacet
facet normal 0.382683 -0.923880 0.000000
outer loop
vertex -5.3879 30.1743 0.0000
vertex -4.7075 30.4561 16.2591
vertex -5.3879 30.1743 16.2591
endloop
endfacet
facet normal 0.000000 0.000000 1.000000
outer loop
vertex -6.1180 32.8993 16.2591
vertex -5.3879 30.1743 16.2591
vertex -4.7075 30.4561 16.2591
endloop
endfacet
facet normal 0.000000 0.000000 -1.000000
outer loop
vertex -6.1180 32.8993 0.0000
vertex -4.7075 30.4561 0.0000
vertex -5.3879 30.1743 0.0000
endloop
endfacet
facet normal 0.608761 -0.793353 0.000000
outer loop
vertex -4.7075 30.4561 0.0000
vertex -4.1232 30.9045 0.0000
vertex -4.1232 30.9045 16.2591
endloop
endfacet
facet normal 0.608761 -0.793353 0.000000
outer loop
vertex -4.7075 30.4561 0.0000
vertex -4.1232 30.9045 16.2591
vertex -4.7075 30.4561 16.2591
endloop
endfacet
facet normal 0.000000 0.000000 1.000000
outer loop
vertex -6.1180 32.8993 16.2591
vertex -4.7075 30.4561 16.2591
vertex -4.1232 30.9045 16.2591
endloop
endfacet
facet normal 0.000000 0.000000 -1.000000
outer loop
vertex -6.1180 32.8993 0.0000
vertex -4.1232 30.9045 0.0000
vertex -4.7075 30.4561 0.0000
endloop
endfacet
facet normal 0.793353 -0.608761 0.000000
outer loop
vertex -4.1232 30.9045 0.0000
vertex -3.6748 31.4888 0.0000
vertex -3.6748 31.4888 16.2591
endloop
endfacet
facet normal 0.793353 -0.608761 0.000000
outer loop
vertex -4.1232 30.9045 0.0000
vertex -3.6748 31.4888 16.2591
vertex -4.1232 30.9045 16.2591
endloop
endfacet
facet normal 0.000000 0.000000 1.000000
outer loop
vertex -6.1180 32.8993 16.2591
vertex -4.1232 30.9045 16.2591
vertex -3.6748 31.4888 16.2591
endloop
endfacet
facet normal 0.000000 0.000000 -1.000000
outer loop
vertex -6.1180 32.8993 0.0000
vertex -3.6748 31.4888 0.0000
vertex -4.1232 30.9045 0.0000
endloop
endfacet
facet normal 0.923880 -0.382683 0.000000
outer loop
vertex -3.6748 31.4888 0.0000
vertex -3.3930 32.1692 0.0000
vertex -3.3930 32.1692 16.2591
endloop
endfacet
facet normal 0.923880 -0.382683 0.000000
outer loop
vertex -3.6748 31.4888 0.0000
vertex -3.3930 32.1692 16.2591
vertex -3.6748 31.4888 16.2591
endloop
endfacet
facet normal 0.000000 0.000000 1.000000
outer loop
vertex -6.1180 32.8993 16.2591
vertex -3.6748 31.4888 16.2591
vertex -3.3930 32.1692 16.2591
endloop
endfacet
facet normal 0.000000 0.000000 -1.000000
outer loop
vertex -6.1180 32.8993 0.0000
vertex -3.3930 32.1692 0.0000
vertex -3.6748 31.4888 0.0000
endloop
endfacet
facet normal 0.991445 -0.130526 0.000000
outer loop
vertex -3.3930 32.1692 0.0000
vertex -3.2969 32.8993 0.0000
vertex -3.2969 32.8993 16.2591
endloop
endfacet
facet normal 0.991445 -0.130526 0.000000
outer loop
vertex -3.3930 32.1692 0.0000
vertex -3.2969 32.8993 16.2591
vertex -3.3930 32.1692 16.2591
endloop
endfacet
facet normal -0.000000 0.000000 1.000000
outer loop
vertex -6.1180 32.8993 16.2591
vertex -3.3930 32.1692 16.2591
vertex -3.2969 32.8993 16.2591
endloop
endfacet
facet normal 0.000000 0.000000 -1.000000
outer loop
vertex -6.1180 32.8993 0.0000
vertex -3.2969 32.8993 0.0000
vertex -3.3930 32.1692 0.0000
endloop
endfacet
facet normal 0.986752 0.129908 0.097187
outer loop
vertex 27.3474 -29.6329 0.0000
vertex 27.2136 -28.6164 0.0000
vertex 27.1407 -28.6359 0.7663
endloop
endfacet
facet normal 0.986752 0.129908 0.097187
outer loop
vertex 27.3474 -29.6329 0.0000
vertex 27.1407 -28.6359 0.7663
vertex 27.2720 -29.6329 0.7663
endloop
endfacet
facet normal 0.919506 0.380872 0.097187
outer loop
vertex 27.2136 -28.6164 0.0000
vertex 26.8212 -27.6691 0.0000
vertex 26.7558 -27.7068 0.7663
endloop
endfacet
facet normal 0.919506 0.380872 0.097187
outer loop
vertex 27.2136 -28.6164 0.0000
vertex 26.7558 -27.7068 0.7663
vertex 27.1407 -28.6359 0.7663
endloop
endfacet
facet normal 0.789598 0.605880 0.097187
outer loop
vertex 26.8212 -27.6691 0.0000
vertex 26.1970 -26.8556 0.0000
vertex 26.1436 -26.9090 0.7663
endloop
endfacet
facet normal 0.789598 0.605880 0.097187
outer loop
vertex 26.8212 -27.6691 0.0000
vertex 26.1436 -26.9090 0.7663
vertex 26.7558 -27.7068 0.7663
endloop
endfacet
facet normal 0.605880 0.789598 0.097187
outer loop
vertex 26.1970 -26.8556 0.0000
vertex 25.3835 -26.2314 0.0000
vertex 25.3458 -26.2968 0.7663
endloop
endfacet
facet normal 0.605880 0.789598 0.097187
outer loop
vertex 26.1970 -26.8556 0.0000
vertex 25.3458 -26.2968 0.7663
vertex 26.1436 -26.9090 0.7663
endloop
endfacet
facet normal 0.380872 0.919506 0.097187
outer loop
vertex 25.3835 -26.2314 0.0000
vertex 24.4362 -25.8390 0.0000
vertex 24.4167 -25.9119 0.7663
endloop
endfacet
facet normal 0.380872 0.919506 0.097187
outer loop
vertex 25.3835 -26.2314 0.0000
vertex 24.4167 -25.9119 0.7663
vertex 25.3458 -26.2968 0.7663
endloop
endfacet
facet normal 0.129908 0.986752 0.097187
outer loop
vertex 24.4362 -25.8390 0.0000
vertex 23.4197 -25.7052 0.0000
vertex 23.4197 -25.7807 0.7663
endloop
endfacet
facet normal 0.129908 0.986752 0.097187
outer loop
vertex 24.4362 -25.8390 0.0000
vertex 23.4197 -25.7807 0.7663
vertex 24.4167 -25.9119 0.7663
endloop
endfacet
facet normal -0.129908 0.986752 0.097187
outer loop
vertex 23.4197 -25.7052 0.0000
vertex 22.4031 -25.8390 0.0000
vertex 22.4226 -25.9119 0.7663
endloop
endfacet
facet normal -0.129908 0.986752 0.097187
outer loop
vertex 23.4197 -25.7052 0.0000
vertex 22.4226 -25.9119 0.7663
vertex 23.4197 -25.7807 0.7663
endloop
endfacet
facet normal -0.380872 0.919506 0.097187
outer loop
vertex 22.4031 -25.8390 0.0000
vertex 21.4558 -26.2314 0.0000
vertex 21.4935 -26.2968 0.7663
endloop
endfacet
facet normal -0.380872 0.919506 0.097187
outer loop
vertex 22.4031 -25.8390 0.0000
vertex 21.4935 -26.2968 0.7663
vertex 22.4226 -25.9119 0.7663
endloop
endfacet
facet normal -0.605880 0.789598 0.097187
outer loop
vertex 21.4558 -26.2314 0.0000
vertex 20.6423 -26.8556 0.0000
vertex 20.6957 -26.9090 0.7663
endloop
endfacet
facet normal -0.605880 0.789598 0.097187
outer loop
vertex 21.4558 -26.2314 0.0000
vertex 20.6957 -26.9090 0.7663
vertex 21.4935 -26.2968 0.7663
endloop
endfacet
facet normal -0.789598 0.605880 0.097187
outer loop
vertex 20.6423 -26.8556 0.0000
vertex 20.0181 -27.6691 0.0000
vertex 20.0835 -27.7068 0.7663
endloop
endfacet
facet normal -0.789598 0.605880 0.097187
outer loop
vertex 20.6423 -26.8556 0.0000
vertex 20.0835 -27.7068 0.7663
vertex 20.6957 -26.9090 0.7663
endloop
endfacet
facet normal -0.919506 0.380872 0.097187
outer loop
vertex 20.0181 -27.6691 0.0000
vertex 19.6257 -28.6164 0.0000
vertex 19.6986 -28.6359 0.7663
endloop
endfacet
facet normal -0.919506 0.380872 0.097187
outer loop
vertex 20.0181 -27.6691 0.0000
vertex 19.6986 -28.6359 0.7663
vertex 20.0835 -27.7068 0.7663
endloop
endfacet
facet normal -0.986752 0.129908 0.097187
outer loop
vertex 19.6257 -28.6164 0.0000
vertex 19.4919 -29.6329 0.0000
vertex 19.5674 -29.6329 0.7663
endloop
endfacet
facet normal -0.986752 0.129908 0.097187
outer loop
vertex 19.6257 -28.6164 0.0000
vertex 19.5674 -29.6329 0.7663
vertex 19.6986 -28.6359 0.7663
endloop
endfacet
facet normal -0.986752 -0.129908 0.097187
outer loop
vertex 19.4919 -29.6329 0.0000
vertex 19.6257 -30.6495 0.0000
vertex 19.6986 -30.6300 0.7663
endloop
endfacet
facet normal -0.986752 -0.129908 0.097187
outer loop
vertex 19.4919 -29.6329 0.0000
vertex 19.6986 -30.6300 0.7663
vertex 19.5674 -29.6329 0.7663
endloop
endfacet
facet normal -0.919506 -0.380872 0.097187
outer loop
vertex 19.6257 -30.6495 0.0000
vertex 20.0181 -31.5968 0.0000
vertex 20.0835 -31.5591 0.7663
endloop
endfacet
facet normal -0.919506 -0.380872 0.097187
outer loop
vertex 19.6257 -30.6495 0.0000
vertex 20.0835 -31.5591 0.7663
vertex 19.6986 -30.6300 0.7663
endloop
endfacet
facet normal -0.789598 -0.605880 0.097187
outer loop
vertex 20.0181 -31.5968 0.0000
vertex 20.6423 -32.4103 0.0000
vertex 20.6957 -32.3569 0.7663
endloop
endfacet
facet normal -0.789598 -0.605880 0.097187
outer loop
vertex 20.0181 -31.5968 0.0000
vertex 20.6957 -32.3569 0.7663
vertex 20.0835 -31.5591 0.7663
endloop
endfacet
facet normal -0.605880 -0.789598 0.097187
outer loop
vertex 20.6423 -32.4103 0.0000
vertex 21.4558 -33.0345 0.0000
vertex 21.4935 -32.9691 0.7663
endloop
endfacet
facet normal -0.605880 -0.789598 0.097187
outer loop
vertex 20.6423 -32.4103 0.0000
vertex 21.4935 -32.9691 0.7663
vertex 20.6957 -32.3569 0.7663
endloop
endfacet
facet normal -0.380872 -0.919506 0.097187
outer loop
vertex 21.4558 -33.0345 0.0000
vertex 22.4031 -33.4269 0.0000
vertex 22.4226 -33.3540 0.7663
endloop
endfacet
facet normal -0.380872 -0.919506 0.097187
outer loop
vertex 21.4558 -33.0345 0.0000
vertex 22.4226 -33.3540 0.7663
vertex 21.4935 -32.9691 0.7663
endloop
endfacet
facet normal -0.129908 -0.986752 0.097187
outer loop
vertex 22.4031 -33.4269 0.0000
vertex 23.4197 -33.5607 0.0000
vertex 23.4197 -33.4852 0.7663
endloop
endfacet
facet normal -0.129908 -0.986752 0.097187
outer loop
vertex 22.4031 -33.4269 0.0000
vertex 23.4197 -33.4852 0.7663
vertex 22.4226 -33.3540 0.7663
endloop
endfacet
facet normal 0.129908 -0.986752 0.097187
outer loop
vertex 23.4197 -33.5607 0.0000
vertex 24.4362 -33.4269 0.0000
vertex 24.4167 -33.3540 0.7663
endloop
endfacet
facet normal 0.129908 -0.986752 0.097187
outer loop
vertex 23.4197 -33.5607 0.0000
vertex 24.4167 -33.3540 0.7663
vertex 23.4197 -33.4852 0.7663
endloop
endfacet
facet normal 0.380872 -0.919506 0.097187
outer loop
vertex 24.4362 -33.4269 0.0000
vertex 25.3835 -33.0345 0.0000
vertex 25.3458 -32.9691 0.7663
endloop
endfacet
facet normal 0.380872 -0.919506 0.097187
outer loop
vertex 24.4362 -33.4269 0.0000
vertex 25.3458 -32.9691 0.7663
vertex 24.4167 -33.3540 0.7663
endloop
endfacet
facet normal 0.605880 -0.789598 0.097187
outer loop
vertex 25.3835 -33.0345 0.0000
vertex 26.1970 -32.4103 0.0000
vertex 26.1436 -32.3569 0.7663
endloop
endfacet
facet normal 0.605880 -0.789598 0.097187
outer loop
vertex 25.3835 -33.0345 0.0000
vertex 26.1436 -32.3569 0.7663
vertex 25.3458 -32.9691 0.7663
endloop
endfacet
facet normal 0.789598 -0.605880 0.097187
outer loop
vertex 26.1970 -32.4103 0.0000
vertex 26.8212 -31.5968 0.0000
vertex 26.7558 -31.5591 0.7663
endloop
endfacet
facet normal 0.789598 -0.605880 0.097187
outer loop
vertex 26.1970 -32.4103 0.0000
vertex 26.7558 -31.5591 0.7663
vertex 26.1436 -32.3569 0.7663
endloop
endfacet
facet normal 0.919506 -0.380872 0.097187
outer loop
vertex 26.8212 -31.5968 0.0000
vertex 27.2136 -30.6495 0.0000
vertex 27.1407 -30.6300 0.7663
endloop
endfacet
facet normal 0.919506 -0.380872 0.097187
outer loop
vertex 26.8212 -31.5968 0.0000
vertex 27.1407 -30.6300 0.7663
vertex 26.7558 -31.5591 0.7663
endloop
endfacet
facet normal 0.986752 -0.129908 0.097187
outer loop
vertex 27.2136 -30.6495 0.0000
vertex 27.3474 -29.6329 0.0000
vertex 27.2720 -29.6329 0.7663
endloop
endfacet
facet normal 0.986752 -0.129908 0.097187
outer loop
vertex 27.2136 -30.6495 0.0000
vertex 27.2720 -29.6329 0.7663
vertex 27.1407 -30.6300 0.7663
endloop
endfacet
facet normal 0.949435 0.124996 0.288008
outer loop
vertex 27.2720 -29.6329 0.7663
vertex 27.1407 -28.6359 0.7663
vertex 26.9248 -28.6937 1.5031
endloop
endfacet
facet normal 0.949435 0.124996 0.288008
outer loop
vertex 27.2720 -29.6329 0.7663
vertex 26.9248 -28.6937 1.5031
vertex 27.0484 -29.6329 1.5031
endloop
endfacet
facet normal 0.884733 0.366468 0.288008
outer loop
vertex 27.1407 -28.6359 0.7663
vertex 26.7558 -27.7068 0.7663
vertex 26.5623 -27.8186 1.5031
endloop
endfacet
facet normal 0.884733 0.366468 0.288008
outer loop
vertex 27.1407 -28.6359 0.7663
vertex 26.5623 -27.8186 1.5031
vertex 26.9248 -28.6937 1.5031
endloop
endfacet
facet normal 0.759737 0.582967 0.288008
outer loop
vertex 26.7558 -27.7068 0.7663
vertex 26.1436 -26.9090 0.7663
vertex 25.9856 -27.0670 1.5031
endloop
endfacet
facet normal 0.759737 0.582967 0.288008
outer loop
vertex 26.7558 -27.7068 0.7663
vertex 25.9856 -27.0670 1.5031
vertex 26.5623 -27.8186 1.5031
endloop
endfacet
facet normal 0.582967 0.759737 0.288008
outer loop
vertex 26.1436 -26.9090 0.7663
vertex 25.3458 -26.2968 0.7663
vertex 25.2341 -26.4903 1.5031
endloop
endfacet
facet normal 0.582967 0.759737 0.288008
outer loop
vertex 26.1436 -26.9090 0.7663
vertex 25.2341 -26.4903 1.5031
vertex 25.9856 -27.0670 1.5031
endloop
endfacet
facet normal 0.366468 0.884733 0.288008
outer loop
vertex 25.3458 -26.2968 0.7663
vertex 24.4167 -25.9119 0.7663
vertex 24.3589 -26.1278 1.5031
endloop
endfacet
facet normal 0.366468 0.884733 0.288008
outer loop
vertex 25.3458 -26.2968 0.7663
vertex 24.3589 -26.1278 1.5031
vertex 25.2341 -26.4903 1.5031
endloop
endfacet
facet normal 0.124996 0.949435 0.288008
outer loop
vertex 24.4167 -25.9119 0.7663
vertex 23.4197 -25.7807 0.7663
vertex 23.4197 -26.0042 1.5031
endloop
endfacet
facet normal 0.124996 0.949435 0.288008
outer loop
vertex 24.4167 -25.9119 0.7663
vertex 23.4197 -26.0042 1.5031
vertex 24.3589 -26.1278 1.5031
endloop
endfacet
facet normal -0.124996 0.949435 0.288008
outer loop
vertex 23.4197 -25.7807 0.7663
vertex 22.4226 -25.9119 0.7663
vertex 22.4805 -26.1278 1.5031
endloop
endfacet
facet normal -0.124996 0.949435 0.288008
outer loop
vertex 23.4197 -25.7807 0.7663
vertex 22.4805 -26.1278 1.5031
vertex 23.4197 -26.0042 1.5031
endloop
endfacet
facet normal -0.366468 0.884733 0.288008
outer loop
vertex 22.4226 -25.9119 0.7663
vertex 21.4935 -26.2968 0.7663
vertex 21.6053 -26.4903 1.5031
endloop
endfacet
facet normal -0.366468 0.884733 0.288008
outer loop
vertex 22.4226 -25.9119 0.7663
vertex 21.6053 -26.4903 1.5031
vertex 22.4805 -26.1278 1.5031
endloop
endfacet
facet normal -0.582967 0.759737 0.288008
outer loop
vertex 21.4935 -26.2968 0.7663
vertex 20.6957 -26.9090 0.7663
vertex 20.8537 -27.0670 1.5031
endloop
endfacet
facet normal -0.582967 0.759737 0.288008
outer loop
vertex 21.4935 -26.2968 0.7663
vertex 20.8537 -27.0670 1.5031
vertex 21.6053 -26.4903 1.5031
endloop
endfacet
facet normal -0.759737 0.582967 0.288008
outer loop
vertex 20.6957 -26.9090 0.7663
vertex 20.0835 -27.7068 0.7663
vertex 20.2770 -27.8186 1.5031
endloop
endfacet
facet normal -0.759737 0.582967 0.288008
outer loop
vertex 20.6957 -26.9090 0.7663
vertex 20.2770 -27.8186 1.5031
vertex 20.8537 -27.0670 1.5031
endloop
endfacet
facet normal -0.884733 0.366468 0.288008
outer loop
vertex 20.0835 -27.7068 0.7663
vertex 19.6986 -28.6359 0.7663
vertex 19.9145 -28.6937 1.5031
endloop
endfacet
facet normal -0.884733 0.366468 0.288008
outer loop
vertex 20.0835 -27.7068 0.7663
vertex 19.9145 -28.6937 1.5031
vertex 20.2770 -27.8186 1.5031
endloop
endfacet
facet normal -0.949435 0.124996 0.288008
outer loop
vertex 19.6986 -28.6359 0.7663
vertex 19.5674 -29.6329 0.7663
vertex 19.7909 -29.6329 1.5031
endloop
endfacet
facet normal -0.949435 0.124996 0.288008
outer loop
vertex 19.6986 -28.6359 0.7663
vertex 19.7909 -29.6329 1.5031
vertex 19.9145 -28.6937 1.5031
endloop
endfacet
facet normal -0.949435 -0.124996 0.288008
outer loop
vertex 19.5674 -29.6329 0.7663
vertex 19.6986 -30.6300 0.7663
vertex 19.9145 -30.5721 1.5031
endloop
endfacet
facet normal -0.949435 -0.124996 0.288008
outer loop
vertex 19.5674 -29.6329 0.7663
vertex 19.9145 -30.5721 1.5031
vertex 19.7909 -29.6329 1.5031
endloop
endfacet
facet normal -0.884733 -0.366468 0.288008
outer loop
vertex 19.6986 -30.6300 0.7663
vertex 20.0835 -31.5591 0.7663
vertex 20.2770 -31.4473 1.5031
endloop
endfacet
facet normal -0.884733 -0.366468 0.288008
outer loop
vertex 19.6986 -30.6300 0.7663
vertex 20.2770 -31.4473 1.5031
vertex 19.9145 -30.5721 1.5031
endloop
endfacet
facet normal -0.759737 -0.582967 0.288008
outer loop
vertex 20.0835 -31.5591 0.7663
vertex 20.6957 -32.3569 0.7663
vertex 20.8537 -32.1989 1.5031
endloop
endfacet
facet normal -0.759737 -0.582967 0.288008
outer loop
vertex 20.0835 -31.5591 0.7663
vertex 20.8537 -32.1989 1.5031
vertex 20.2770 -31.4473 1.5031
endloop
endfacet
facet normal -0.582967 -0.759737 0.288008
outer loop
vertex 20.6957 -32.3569 0.7663
vertex 21.4935 -32.9691 0.7663
vertex 21.6053 -32.7756 1.5031
endloop
endfacet
facet normal -0.582967 -0.759737 0.288008
outer loop
vertex 20.6957 -32.3569 0.7663
vertex 21.6053 -32.7756 1.5031
vertex 20.8537 -32.1989 1.5031
endloop
endfacet
facet normal -0.366468 -0.884733 0.288008
outer loop
vertex 21.4935 -32.9691 0.7663
vertex 22.4226 -33.3540 0.7663
vertex 22.4805 -33.1381 1.5031
endloop
endfacet
facet normal -0.366468 -0.884733 0.288008
outer loop
vertex 21.4935 -32.9691 0.7663
vertex 22.4805 -33.1381 1.5031
vertex 21.6053 -32.7756 1.5031
endloop
endfacet
facet normal -0.124996 -0.949435 0.288008
outer loop
vertex 22.4226 -33.3540 0.7663
vertex 23.4197 -33.4852 0.7663
vertex 23.4197 -33.2617 1.5031
endloop
endfacet
facet normal -0.124996 -0.949435 0.288008
outer loop
vertex 22.4226 -33.3540 0.7663
vertex 23.4197 -33.2617 1.5031
vertex 22.4805 -33.1381 1.5031
endloop
endfacet
facet normal 0.124996 -0.949435 0.288008
outer loop
vertex 23.4197 -33.4852 0.7663
vertex 24.4167 -33.3540 0.7663
vertex 24.3589 -33.1381 1.5031
endloop
endfacet
facet normal 0.124996 -0.949435 0.288008
outer loop
vertex 23.4197 -33.4852 0.7663
vertex 24.3589 -33.1381 1.5031
vertex 23.4197 -33.2617 1.5031
endloop
endfacet
facet normal 0.366468 -0.884733 0.288008
outer loop
vertex 24.4167 -33.3540 0.7663
vertex 25.3458 -32.9691 0.7663
vertex 25.2341 -32.7756 1.5031
endloop
endfacet
facet normal 0.366468 -0.884733 0.288008
outer loop
vertex 24.4167 -33.3540 0.7663
vertex 25.2341 -32.7756 1.5031
vertex 24.3589 -33.1381 1.5031
endloop
endfacet
facet normal 0.582967 -0.759737 0.288008
outer loop
vertex 25.3458 -32.9691 0.7663
vertex 26.1436 -32.3569 0.7663
vertex 25.9856 -32.1989 1.5031
endloop
endfacet
facet normal 0.582967 -0.759737 0.288008
outer loop
vertex 25.3458 -32.9691 0.7663
vertex 25.9856 -32.1989 1.5031
vertex 25.2341 -32.7756 1.5031
endloop
endfacet
facet normal 0.759737 -0.582967 0.288008
outer loop
vertex 26.1436 -32.3569 0.7663
vertex 26.7558 -31.5591 0.7663
vertex 26.5623 -31.4473 1.5031
endloop
endfacet
facet normal 0.759737 -0.582967 0.288008
outer loop
vertex 26.1436 -32.3569 0.7663
vertex 26.5623 -31.4473 1.5031
vertex 25.9856 -32.1989 1.5031
endloop
endfacet
facet normal 0.884733 -0.366468 0.288008
outer loop
vertex 26.7558 -31.5591 0.7663
vertex 27.1407 -30.6300 0.7663
vertex 26.9248 -30.5721 1.5031
endloop
endfacet
facet normal 0.884733 -0.366468 0.288008
outer loop
vertex 26.7558 -31.5591 0.7663
vertex 26.9248 -30.5721 1.5031
vertex 26.5623 -31.4473 1.5031
endloop
endfacet
facet normal 0.949435 -0.124996 0.288008
outer loop
vertex 27.1407 -30.6300 0.7663
vertex 27.2720 -29.6329 0.7663
vertex 27.0484 -29.6329 1.5031
endloop
endfacet
facet normal 0.949435 -0.124996 0.288008
outer loop
vertex 27.1407 -30.6300 0.7663
vertex 27.0484 -29.6329 1.5031
vertex 26.9248 -30.5721 1.5031
endloop
endfacet
facet normal 0.876036 0.115332 0.468251
outer loop
vertex 27.0484 -29.6329 1.5031
vertex 26.9248 -28.6937 1.5031
vertex 26.5742 -28.7877 2.1821
endloop
endfacet
facet normal 0.876036 0.115332 0.468251
outer loop
vertex 27.0484 -29.6329 1.5031
vertex 26.5742 -28.7877 2.1821
vertex 26.6855 -29.6329 2.1821
endloop
endfacet
facet normal 0.816336 0.338137 0.468251
outer loop
vertex 26.9248 -28.6937 1.5031
vertex 26.5623 -27.8186 1.5031
vertex 26.2479 -28.0000 2.1821
endloop
endfacet
facet normal 0.816336 0.338137 0.468251
outer loop
vertex 26.9248 -28.6937 1.5031
vertex 26.2479 -28.0000 2.1821
vertex 26.5742 -28.7877 2.1821
endloop
endfacet
facet normal 0.701003 0.537899 0.468251
outer loop
vertex 26.5623 -27.8186 1.5031
vertex 25.9856 -27.0670 1.5031
vertex 25.7289 -27.3237 2.1821
endloop
endfacet
facet normal 0.701003 0.537899 0.468251
outer loop
vertex 26.5623 -27.8186 1.5031
vertex 25.7289 -27.3237 2.1821
vertex 26.2479 -28.0000 2.1821
endloop
endfacet
facet normal 0.537899 0.701003 0.468251
outer loop
vertex 25.9856 -27.0670 1.5031
vertex 25.2341 -26.4903 1.5031
vertex 25.0526 -26.8047 2.1821
endloop
endfacet
facet normal 0.537899 0.701003 0.468251
outer loop
vertex 25.9856 -27.0670 1.5031
vertex 25.0526 -26.8047 2.1821
vertex 25.7289 -27.3237 2.1821
endloop
endfacet
facet normal 0.338137 0.816336 0.468251
outer loop
vertex 25.2341 -26.4903 1.5031
vertex 24.3589 -26.1278 1.5031
vertex 24.2649 -26.4784 2.1821
endloop
endfacet
facet normal 0.338137 0.816336 0.468251
outer loop
vertex 25.2341 -26.4903 1.5031
vertex 24.2649 -26.4784 2.1821
vertex 25.0526 -26.8047 2.1821
endloop
endfacet
facet normal 0.115332 0.876036 0.468251
outer loop
vertex 24.3589 -26.1278 1.5031
vertex 23.4197 -26.0042 1.5031
vertex 23.4197 -26.3671 2.1821
endloop
endfacet
facet normal 0.115332 0.876036 0.468251
outer loop
vertex 24.3589 -26.1278 1.5031
vertex 23.4197 -26.3671 2.1821
vertex 24.2649 -26.4784 2.1821
endloop
endfacet
facet normal -0.115332 0.876036 0.468251
outer loop
vertex 23.4197 -26.0042 1.5031
vertex 22.4805 -26.1278 1.5031
vertex 22.5744 -26.4784 2.1821
endloop
endfacet
facet normal -0.115332 0.876036 0.468251
outer loop
vertex 23.4197 -26.0042 1.5031
vertex 22.5744 -26.4784 2.1821
vertex 23.4197 -26.3671 2.1821
endloop
endfacet
facet normal -0.338137 0.816336 0.468251
outer loop
vertex 22.4805 -26.1278 1.5031
vertex 21.6053 -26.4903 1.5031
vertex 21.7868 -26.8047 2.1821
endloop
endfacet
facet normal -0.338137 0.816336 0.468251
outer loop
vertex 22.4805 -26.1278 1.5031
vertex 21.7868 -26.8047 2.1821
vertex 22.5744 -26.4784 2.1821
endloop
endfacet
facet normal -0.537899 0.701003 0.468251
outer loop
vertex 21.6053 -26.4903 1.5031
vertex 20.8537 -27.0670 1.5031
vertex 21.1104 -27.3237 2.1821
endloop
endfacet
facet normal -0.537899 0.701003 0.468251
outer loop
vertex 21.6053 -26.4903 1.5031
vertex 21.1104 -27.3237 2.1821
vertex 21.7868 -26.8047 2.1821
endloop
endfacet
facet normal -0.701003 0.537899 0.468251
outer loop
vertex 20.8537 -27.0670 1.5031
vertex 20.2770 -27.8186 1.5031
vertex 20.5914 -28.0000 2.1821
endloop
endfacet
facet normal -0.701003 0.537899 0.468251
outer loop
vertex 20.8537 -27.0670 1.5031
vertex 20.5914 -28.0000 2.1821
vertex 21.1104 -27.3237 2.1821
endloop
endfacet
facet normal -0.816336 0.338137 0.468251
outer loop
vertex 20.2770 -27.8186 1.5031
vertex 19.9145 -28.6937 1.5031
vertex 20.2651 -28.7877 2.1821
endloop
endfacet
facet normal -0.816336 0.338137 0.468251
outer loop
vertex 20.2770 -27.8186 1.5031
vertex 20.2651 -28.7877 2.1821
vertex 20.5914 -28.0000 2.1821
endloop
endfacet
facet normal -0.876036 0.115332 0.468251
outer loop
vertex 19.9145 -28.6937 1.5031
vertex 19.7909 -29.6329 1.5031
vertex 20.1538 -29.6329 2.1821
endloop
endfacet
facet normal -0.876036 0.115332 0.468251
outer loop
vertex 19.9145 -28.6937 1.5031
vertex 20.1538 -29.6329 2.1821
vertex 20.2651 -28.7877 2.1821
endloop
endfacet
facet normal -0.876036 -0.115332 0.468251
outer loop
vertex 19.7909 -29.6329 1.5031
vertex 19.9145 -30.5721 1.5031
vertex 20.2651 -30.4782 2.1821
endloop
endfacet
facet normal -0.876036 -0.115332 0.468251
outer loop
vertex 19.7909 -29.6329 1.5031
vertex 20.2651 -30.4782 2.1821
vertex 20.1538 -29.6329 2.1821
endloop
endfacet
facet normal -0.816336 -0.338137 0.468251
outer loop
vertex 19.9145 -30.5721 1.5031
vertex 20.2770 -31.4473 1.5031
vertex 20.5914 -31.2659 2.1821
endloop
endfacet
facet normal -0.816336 -0.338137 0.468251
outer loop
vertex 19.9145 -30.5721 1.5031
vertex 20.5914 -31.2659 2.1821
vertex 20.2651 -30.4782 2.1821
endloop
endfacet
facet normal -0.701003 -0.537899 0.468251
outer loop
vertex 20.2770 -31.4473 1.5031
vertex 20.8537 -32.1989 1.5031
vertex 21.1104 -31.9422 2.1821
endloop
endfacet
facet normal -0.701003 -0.537899 0.468251
outer loop
vertex 20.2770 -31.4473 1.5031
vertex 21.1104 -31.9422 2.1821
vertex 20.5914 -31.2659 2.1821
endloop
endfacet
facet normal -0.537899 -0.701003 0.468251
outer loop
vertex 20.8537 -32.1989 1.5031
vertex 21.6053 -32.7756 1.5031
vertex 21.7868 -32.4612 2.1821
endloop
endfacet
facet normal -0.537899 -0.701003 0.468251
outer loop
vertex 20.8537 -32.1989 1.5031
vertex 21.7868 -32.4612 2.1821
vertex 21.1104 -31.9422 2.1821
endloop
endfacet
facet normal -0.338137 -0.816336 0.468251
outer loop
vertex 21.6053 -32.7756 1.5031
vertex 22.4805 -33.1381 1.5031
vertex 22.5744 -32.7875 2.1821
endloop
endfacet
facet normal -0.338137 -0.816336 0.468251
outer loop
vertex 21.6053 -32.7756 1.5031
vertex 22.5744 -32.7875 2.1821
vertex 21.7868 -32.4612 2.1821
endloop
endfacet
facet normal -0.115332 -0.876036 0.468251
outer loop
vertex 22.4805 -33.1381 1.5031
vertex 23.4197 -33.2617 1.5031
vertex 23.4197 -32.8988 2.1821
endloop
endfacet
facet normal -0.115332 -0.876036 0.468251
outer loop
vertex 22.4805 -33.1381 1.5031
vertex 23.4197 -32.8988 2.1821
vertex 22.5744 -32.7875 2.1821
endloop
endfacet
facet normal 0.115332 -0.876036 0.468251
outer loop
vertex 23.4197 -33.2617 1.5031
vertex 24.3589 -33.1381 1.5031
vertex 24.2649 -32.7875 2.1821
endloop
endfacet
facet normal 0.115332 -0.876036 0.468251
outer loop
vertex 23.4197 -33.2617 1.5031
vertex 24.2649 -32.7875 2.1821
vertex 23.4197 -32.8988 2.1821
endloop
endfacet
facet normal 0.338137 -0.816336 0.468251
outer loop
vertex 24.3589 -33.1381 1.5031
vertex 25.2341 -32.7756 1.5031
vertex 25.0526 -32.4612 2.1821
endloop
endfacet
facet normal 0.338137 -0.816336 0.468251
outer loop
vertex 24.3589 -33.1381 1.5031
vertex 25.0526 -32.4612 2.1821
vertex 24.2649 -32.7875 2.1821
endloop
endfacet
facet normal 0.537899 -0.701003 0.468251
outer loop
vertex 25.2341 -32.7756 1.5031
vertex 25.9856 -32.1989 1.5031
vertex 25.7289 -31.9422 2.1821
endloop
endfacet
facet normal 0.537899 -0.701003 0.468251
outer loop
vertex 25.2341 -32.7756 1.5031
vertex 25.7289 -31.9422 2.1821
vertex 25.0526 -32.4612 2.1821
endloop
endfacet
facet normal 0.701003 -0.537899 0.468251
outer loop
vertex 25.9856 -32.1989 1.5031
vertex 26.5623 -31.4473 1.5031
vertex 26.2479 -31.2659 2.1821
endloop
endfacet
facet normal 0.701003 -0.537899 0.468251
outer loop
vertex 25.9856 -32.1989 1.5031
vertex 26.2479 -31.2659 2.1821
vertex 25.7289 -31.9422 2.1821
endloop
endfacet
facet normal 0.816336 -0.338137 0.468251
outer loop
vertex 26.5623 -31.4473 1.5031
vertex 26.9248 -30.5721 1.5031
vertex 26.5742 -30.4782 2.1821
endloop
endfacet
facet normal 0.816336 -0.338137 0.468251
outer loop
vertex 26.5623 -31.4473 1.5031
vertex 26.5742 -30.4782 2.1821
vertex 26.2479 -31.2659 2.1821
endloop
endfacet
facet normal 0.876036 -0.115332 0.468251
outer loop
vertex 26.9248 -30.5721 1.5031
vertex 27.0484 -29.6329 1.5031
vertex 26.6855 -29.6329 2.1821
endloop
endfacet
facet normal 0.876036 -0.115332 0.468251
outer loop
vertex 26.9248 -30.5721 1.5031
vertex 26.6855 -29.6329 2.1821
vertex 26.5742 -30.4782 2.1821
endloop
endfacet
facet normal 0.769038 0.101246 0.631133
outer loop
vertex 26.6855 -29.6329 2.1821
vertex 26.5742 -28.7877 2.1821
vertex 26.1024 -28.9141 2.7773
endloop
endfacet
facet normal 0.769038 0.101246 0.631133
outer loop
vertex 26.6855 -29.6329 2.1821
vertex 26.1024 -28.9141 2.7773
vertex 26.1970 -29.6329 2.7773
endloop
endfacet
facet normal 0.716630 0.296838 0.631133
outer loop
vertex 26.5742 -28.7877 2.1821
vertex 26.2479 -28.0000 2.1821
vertex 25.8249 -28.2443 2.7773
endloop
endfacet
facet normal 0.716630 0.296838 0.631133
outer loop
vertex 26.5742 -28.7877 2.1821
vertex 25.8249 -28.2443 2.7773
vertex 26.1024 -28.9141 2.7773
endloop
endfacet
facet normal 0.615384 0.472201 0.631133
outer loop
vertex 26.2479 -28.0000 2.1821
vertex 25.7289 -27.3237 2.1821
vertex 25.3835 -27.6691 2.7773
endloop
endfacet
facet normal 0.615384 0.472201 0.631133
outer loop
vertex 26.2479 -28.0000 2.1821
vertex 25.3835 -27.6691 2.7773
vertex 25.8249 -28.2443 2.7773
endloop
endfacet
facet normal 0.472201 0.615384 0.631133
outer loop
vertex 25.7289 -27.3237 2.1821
vertex 25.0526 -26.8047 2.1821
vertex 24.8083 -27.2277 2.7773
endloop
endfacet
facet normal 0.472201 0.615384 0.631133
outer loop
vertex 25.7289 -27.3237 2.1821
vertex 24.8083 -27.2277 2.7773
vertex 25.3835 -27.6691 2.7773
endloop
endfacet
facet normal 0.296838 0.716630 0.631133
outer loop
vertex 25.0526 -26.8047 2.1821
vertex 24.2649 -26.4784 2.1821
vertex 24.1385 -26.9502 2.7773
endloop
endfacet
facet normal 0.296838 0.716630 0.631133
outer loop
vertex 25.0526 -26.8047 2.1821
vertex 24.1385 -26.9502 2.7773
vertex 24.8083 -27.2277 2.7773
endloop
endfacet
facet normal 0.101246 0.769038 0.631133
outer loop
vertex 24.2649 -26.4784 2.1821
vertex 23.4197 -26.3671 2.1821
vertex 23.4197 -26.8556 2.7773
endloop
endfacet
facet normal 0.101246 0.769038 0.631133
outer loop
vertex 24.2649 -26.4784 2.1821
vertex 23.4197 -26.8556 2.7773
vertex 24.1385 -26.9502 2.7773
endloop
endfacet
facet normal -0.101246 0.769038 0.631133
outer loop
vertex 23.4197 -26.3671 2.1821
vertex 22.5744 -26.4784 2.1821
vertex 22.7008 -26.9502 2.7773
endloop
endfacet
facet normal -0.101246 0.769038 0.631133
outer loop
vertex 23.4197 -26.3671 2.1821
vertex 22.7008 -26.9502 2.7773
vertex 23.4197 -26.8556 2.7773
endloop
endfacet
facet normal -0.296838 0.716630 0.631133
outer loop
vertex 22.5744 -26.4784 2.1821
vertex 21.7868 -26.8047 2.1821
vertex 22.0310 -27.2277 2.7773
endloop
endfacet
facet normal -0.296838 0.716630 0.631133
outer loop
vertex 22.5744 -26.4784 2.1821
vertex 22.0310 -27.2277 2.7773
vertex 22.7008 -26.9502 2.7773
endloop
endfacet
facet normal -0.472201 0.615384 0.631133
outer loop
vertex 21.7868 -26.8047 2.1821
vertex 21.1104 -27.3237 2.1821
vertex 21.4558 -27.6691 2.7773
endloop
endfacet
facet normal -0.472201 0.615384 0.631133
outer loop
vertex 21.7868 -26.8047 2.1821
vertex 21.4558 -27.6691 2.7773
vertex 22.0310 -27.2277 2.7773
endloop
endfacet
facet normal -0.615384 0.472201 0.631133
outer loop
vertex 21.1104 -27.3237 2.1821
vertex 20.5914 -28.0000 2.1821
vertex 21.0144 -28.2443 2.7773
endloop
endfacet
facet normal -0.615384 0.472201 0.631133
outer loop
vertex 21.1104 -27.3237 2.1821
vertex 21.0144 -28.2443 2.7773
vertex 21.4558 -27.6691 2.7773
endloop
endfacet
facet normal -0.716630 0.296838 0.631133
outer loop
vertex 20.5914 -28.0000 2.1821
vertex 20.2651 -28.7877 2.1821
vertex 20.7369 -28.9141 2.7773
endloop
endfacet
facet normal -0.716630 0.296838 0.631133
outer loop
vertex 20.5914 -28.0000 2.1821
vertex 20.7369 -28.9141 2.7773
vertex 21.0144 -28.2443 2.7773
endloop
endfacet
facet normal -0.769038 0.101246 0.631133
outer loop
vertex 20.2651 -28.7877 2.1821
vertex 20.1538 -29.6329 2.1821
vertex 20.6423 -29.6329 2.7773
endloop
endfacet
facet normal -0.769038 0.101246 0.631133
outer loop
vertex 20.2651 -28.7877 2.1821
vertex 20.6423 -29.6329 2.7773
vertex 20.7369 -28.9141 2.7773
endloop
endfacet
facet normal -0.769038 -0.101246 0.631133
outer loop
vertex 20.1538 -29.6329 2.1821
vertex 20.2651 -30.4782 2.1821
vertex 20.7369 -30.3518 2.7773
endloop
endfacet
facet normal -0.769038 -0.101246 0.631133
outer loop
vertex 20.1538 -29.6329 2.1821
vertex 20.7369 -30.3518 2.7773
vertex 20.6423 -29.6329 2.7773
endloop
endfacet
facet normal -0.716630 -0.296838 0.631133
outer loop
vertex 20.2651 -30.4782 2.1821
vertex 20.5914 -31.2659 2.1821
vertex 21.0144 -31.0216 2.7773
endloop
endfacet
facet normal -0.716630 -0.296838 0.631133
outer loop
vertex 20.2651 -30.4782 2.1821
vertex 21.0144 -31.0216 2.7773
vertex 20.7369 -30.3518 2.7773
endloop
endfacet
facet normal -0.615384 -0.472201 0.631133
outer loop
vertex 20.5914 -31.2659 2.1821
vertex 21.1104 -31.9422 2.1821
vertex 21.4558 -31.5968 2.7773
endloop
endfacet
facet normal -0.615384 -0.472201 0.631133
outer loop
vertex 20.5914 -31.2659 2.1821
vertex 21.4558 -31.5968 2.7773
vertex 21.0144 -31.0216 2.7773
endloop
endfacet
facet normal -0.472201 -0.615384 0.631133
outer loop
vertex 21.1104 -31.9422 2.1821
vertex 21.7868 -32.4612 2.1821
vertex 22.0310 -32.0382 2.7773
endloop
endfacet
facet normal -0.472201 -0.615384 0.631133
outer loop
vertex 21.1104 -31.9422 2.1821
vertex 22.0310 -32.0382 2.7773
vertex 21.4558 -31.5968 2.7773
endloop
endfacet
facet normal -0.296838 -0.716630 0.631133
outer loop
vertex 21.7868 -32.4612 2.1821
vertex 22.5744 -32.7875 2.1821
vertex 22.7008 -32.3157 2.7773
endloop
endfacet
facet normal -0.296838 -0.716630 0.631133
outer loop
vertex 21.7868 -32.4612 2.1821
vertex 22.7008 -32.3157 2.7773
vertex 22.0310 -32.0382 2.7773
endloop
endfacet
facet normal -0.101246 -0.769038 0.631133
outer loop
vertex 22.5744 -32.7875 2.1821
vertex 23.4197 -32.8988 2.1821
vertex 23.4197 -32.4103 2.7773
endloop
endfacet
facet normal -0.101246 -0.769038 0.631133
outer loop
vertex 22.5744 -32.7875 2.1821
vertex 23.4197 -32.4103 2.7773
vertex 22.7008 -32.3157 2.7773
endloop
endfacet
facet normal 0.101246 -0.769038 0.631133
outer loop
vertex 23.4197 -32.8988 2.1821
vertex 24.2649 -32.7875 2.1821
vertex 24.1385 -32.3157 2.7773
endloop
endfacet
facet normal 0.101246 -0.769038 0.631133
outer loop
vertex 23.4197 -32.8988 2.1821
vertex 24.1385 -32.3157 2.7773
vertex 23.4197 -32.4103 2.7773
endloop
endfacet
facet normal 0.296838 -0.716630 0.631133
outer loop
vertex 24.2649 -32.7875 2.1821
vertex 25.0526 -32.4612 2.1821
vertex 24.8083 -32.0382 2.7773
endloop
endfacet
facet normal 0.296838 -0.716630 0.631133
outer loop
vertex 24.2649 -32.7875 2.1821
vertex 24.8083 -32.0382 2.7773
vertex 24.1385 -32.3157 2.7773
endloop
endfacet
facet normal 0.472201 -0.615384 0.631133
outer loop
vertex 25.0526 -32.4612 2.1821
vertex 25.7289 -31.9422 2.1821
vertex 25.3835 -31.5968 2.7773
endloop
endfacet
facet normal 0.472201 -0.615384 0.631133
outer loop
vertex 25.0526 -32.4612 2.1821
vertex 25.3835 -31.5968 2.7773
vertex 24.8083 -32.0382 2.7773
endloop
endfacet
facet normal 0.615384 -0.472201 0.631133
outer loop
vertex 25.7289 -31.9422 2.1821
vertex 26.2479 -31.2659 2.1821
vertex 25.8249 -31.0216 2.7773
endloop
endfacet
facet normal 0.615384 -0.472201 0.631133
outer loop
vertex 25.7289 -31.9422 2.1821
vertex 25.8249 -31.0216 2.7773
vertex 25.3835 -31.5968 2.7773
endloop
endfacet
facet normal 0.716630 -0.296838 0.631133
outer loop
vertex 26.2479 -31.2659 2.1821
vertex 26.5742 -30.4782 2.1821
vertex 26.1024 -30.3518 2.7773
endloop
endfacet
facet normal 0.716630 -0.296838 0.631133
outer loop
vertex 26.2479 -31.2659 2.1821
vertex 26.1024 -30.3518 2.7773
vertex 25.8249 -31.0216 2.7773
endloop
endfacet
facet normal 0.769038 -0.101246 0.631133
outer loop
vertex 26.5742 -30.4782 2.1821
vertex 26.6855 -29.6329 2.1821
vertex 26.1970 -29.6329 2.7773
endloop
endfacet
facet normal 0.769038 -0.101246 0.631133
outer loop
vertex 26.5742 -30.4782 2.1821
vertex 26.1970 -29.6329 2.7773
vertex 26.1024 -30.3518 2.7773
endloop
endfacet
facet normal 0.632192 0.083230 0.770328
outer loop
vertex 26.1970 -29.6329 2.7773
vertex 26.1024 -28.9141 2.7773
vertex 25.5275 -29.0682 3.2658
endloop
endfacet
facet normal 0.632192 0.083230 0.770328
outer loop
vertex 26.1970 -29.6329 2.7773
vertex 25.5275 -29.0682 3.2658
vertex 25.6018 -29.6329 3.2658
endloop
endfacet
facet normal 0.589109 0.244017 0.770328
outer loop
vertex 26.1024 -28.9141 2.7773
vertex 25.8249 -28.2443 2.7773
vertex 25.3095 -28.5419 3.2658
endloop
endfacet
facet normal 0.589109 0.244017 0.770328
outer loop
vertex 26.1024 -28.9141 2.7773
vertex 25.3095 -28.5419 3.2658
vertex 25.5275 -29.0682 3.2658
endloop
endfacet
facet normal 0.505880 0.388175 0.770328
outer loop
vertex 25.8249 -28.2443 2.7773
vertex 25.3835 -27.6691 2.7773
vertex 24.9627 -28.0899 3.2658
endloop
endfacet
facet normal 0.505880 0.388175 0.770328
outer loop
vertex 25.8249 -28.2443 2.7773
vertex 24.9627 -28.0899 3.2658
vertex 25.3095 -28.5419 3.2658
endloop
endfacet
facet normal 0.388175 0.505880 0.770328
outer loop
vertex 25.3835 -27.6691 2.7773
vertex 24.8083 -27.2277 2.7773
vertex 24.5107 -27.7431 3.2658
endloop
endfacet
facet normal 0.388175 0.505880 0.770328
outer loop
vertex 25.3835 -27.6691 2.7773
vertex 24.5107 -27.7431 3.2658
vertex 24.9627 -28.0899 3.2658
endloop
endfacet
facet normal 0.244017 0.589109 0.770328
outer loop
vertex 24.8083 -27.2277 2.7773
vertex 24.1385 -26.9502 2.7773
vertex 23.9844 -27.5251 3.2658
endloop
endfacet
facet normal 0.244017 0.589109 0.770328
outer loop
vertex 24.8083 -27.2277 2.7773
vertex 23.9844 -27.5251 3.2658
vertex 24.5107 -27.7431 3.2658
endloop
endfacet
facet normal 0.083230 0.632192 0.770328
outer loop
vertex 24.1385 -26.9502 2.7773
vertex 23.4197 -26.8556 2.7773
vertex 23.4197 -27.4508 3.2658
endloop
endfacet
facet normal 0.083230 0.632192 0.770328
outer loop
vertex 24.1385 -26.9502 2.7773
vertex 23.4197 -27.4508 3.2658
vertex 23.9844 -27.5251 3.2658
endloop
endfacet
facet normal -0.083230 0.632192 0.770328
outer loop
vertex 23.4197 -26.8556 2.7773
vertex 22.7008 -26.9502 2.7773
vertex 22.8549 -27.5251 3.2658
endloop
endfacet
facet normal -0.083230 0.632192 0.770328
outer loop
vertex 23.4197 -26.8556 2.7773
vertex 22.8549 -27.5251 3.2658
vertex 23.4197 -27.4508 3.2658
endloop
endfacet
facet normal -0.244017 0.589109 0.770328
outer loop
vertex 22.7008 -26.9502 2.7773
vertex 22.0310 -27.2277 2.7773
vertex 22.3286 -27.7431 3.2658
endloop
endfacet
facet normal -0.244017 0.589109 0.770328
outer loop
vertex 22.7008 -26.9502 2.7773
vertex 22.3286 -27.7431 3.2658
vertex 22.8549 -27.5251 3.2658
endloop
endfacet
facet normal -0.388175 0.505880 0.770328
outer loop
vertex 22.0310 -27.2277 2.7773
vertex 21.4558 -27.6691 2.7773
vertex 21.8766 -28.0899 3.2658
endloop
endfacet
facet normal -0.388175 0.505880 0.770328
outer loop
vertex 22.0310 -27.2277 2.7773
vertex 21.8766 -28.0899 3.2658
vertex 22.3286 -27.7431 3.2658
endloop
endfacet
facet normal -0.505880 0.388175 0.770328
outer loop
vertex 21.4558 -27.6691 2.7773
vertex 21.0144 -28.2443 2.7773
vertex 21.5299 -28.5419 3.2658
endloop
endfacet
facet normal -0.505880 0.388175 0.770328
outer loop
vertex 21.4558 -27.6691 2.7773
vertex 21.5299 -28.5419 3.2658
vertex 21.8766 -28.0899 3.2658
endloop
endfacet
facet normal -0.589109 0.244017 0.770328
outer loop
vertex 21.0144 -28.2443 2.7773
vertex 20.7369 -28.9141 2.7773
vertex 21.3119 -29.0682 3.2658
endloop
endfacet
facet normal -0.589109 0.244017 0.770328
outer loop
vertex 21.0144 -28.2443 2.7773
vertex 21.3119 -29.0682 3.2658
vertex 21.5299 -28.5419 3.2658
endloop
endfacet
facet normal -0.632192 0.083230 0.770328
outer loop
vertex 20.7369 -28.9141 2.7773
vertex 20.6423 -29.6329 2.7773
vertex 21.2375 -29.6329 3.2658
endloop
endfacet
facet normal -0.632192 0.083230 0.770328
outer loop
vertex 20.7369 -28.9141 2.7773
vertex 21.2375 -29.6329 3.2658
vertex 21.3119 -29.0682 3.2658
endloop
endfacet
facet normal -0.632192 -0.083230 0.770328
outer loop
vertex 20.6423 -29.6329 2.7773
vertex 20.7369 -30.3518 2.7773
vertex 21.3119 -30.1977 3.2658
endloop
endfacet
facet normal -0.632192 -0.083230 0.770328
outer loop
vertex 20.6423 -29.6329 2.7773
vertex 21.3119 -30.1977 3.2658
vertex 21.2375 -29.6329 3.2658
endloop
endfacet
facet normal -0.589109 -0.244017 0.770328
outer loop
vertex 20.7369 -30.3518 2.7773
vertex 21.0144 -31.0216 2.7773
vertex 21.5299 -30.7240 3.2658
endloop
endfacet
facet normal -0.589109 -0.244017 0.770328
outer loop
vertex 20.7369 -30.3518 2.7773
vertex 21.5299 -30.7240 3.2658
vertex 21.3119 -30.1977 3.2658
endloop
endfacet
facet normal -0.505880 -0.388175 0.770328
outer loop
vertex 21.0144 -31.0216 2.7773
vertex 21.4558 -31.5968 2.7773
vertex 21.8766 -31.1760 3.2658
endloop
endfacet
facet normal -0.505880 -0.388175 0.770328
outer loop
vertex 21.0144 -31.0216 2.7773
vertex 21.8766 -31.1760 3.2658
vertex 21.5299 -30.7240 3.2658
endloop
endfacet
facet normal -0.388175 -0.505880 0.770328
outer loop
vertex 21.4558 -31.5968 2.7773
vertex 22.0310 -32.0382 2.7773
vertex 22.3286 -31.5227 3.2658
endloop
endfacet
facet normal -0.388175 -0.505880 0.770328
outer loop
vertex 21.4558 -31.5968 2.7773
vertex 22.3286 -31.5227 3.2658
vertex 21.8766 -31.1760 3.2658
endloop
endfacet
facet normal -0.244017 -0.589109 0.770328
outer loop
vertex 22.0310 -32.0382 2.7773
vertex 22.7008 -32.3157 2.7773
vertex 22.8549 -31.7407 3.2658
endloop
endfacet
facet normal -0.244017 -0.589109 0.770328
outer loop
vertex 22.0310 -32.0382 2.7773
vertex 22.8549 -31.7407 3.2658
vertex 22.3286 -31.5227 3.2658
endloop
endfacet
facet normal -0.083230 -0.632192 0.770328
outer loop
vertex 22.7008 -32.3157 2.7773
vertex 23.4197 -32.4103 2.7773
vertex 23.4197 -31.8151 3.2658
endloop
endfacet
facet normal -0.083230 -0.632192 0.770328
outer loop
vertex 22.7008 -32.3157 2.7773
vertex 23.4197 -31.8151 3.2658
vertex 22.8549 -31.7407 3.2658
endloop
endfacet
facet normal 0.083230 -0.632192 0.770328
outer loop
vertex 23.4197 -32.4103 2.7773
vertex 24.1385 -32.3157 2.7773
vertex 23.9844 -31.7407 3.2658
endloop
endfacet
facet normal 0.083230 -0.632192 0.770328
outer loop
vertex 23.4197 -32.4103 2.7773
vertex 23.9844 -31.7407 3.2658
vertex 23.4197 -31.8151 3.2658
endloop
endfacet
facet normal 0.244017 -0.589109 0.770328
outer loop
vertex 24.1385 -32.3157 2.7773
vertex 24.8083 -32.0382 2.7773
vertex 24.5107 -31.5227 3.2658
endloop
endfacet
facet normal 0.244017 -0.589109 0.770328
outer loop
vertex 24.1385 -32.3157 2.7773
vertex 24.5107 -31.5227 3.2658
vertex 23.9844 -31.7407 3.2658
endloop
endfacet
facet normal 0.388175 -0.505880 0.770328
outer loop
vertex 24.8083 -32.0382 2.7773
vertex 25.3835 -31.5968 2.7773
vertex 24.9627 -31.1760 3.2658
endloop
endfacet
facet normal 0.388175 -0.505880 0.770328
outer loop
vertex 24.8083 -32.0382 2.7773
vertex 24.9627 -31.1760 3.2658
vertex 24.5107 -31.5227 3.2658
endloop
endfacet
facet normal 0.505880 -0.388175 0.770328
outer loop
vertex 25.3835 -31.5968 2.7773
vertex 25.8249 -31.0216 2.7773
vertex 25.3095 -30.7240 3.2658
endloop
endfacet
facet normal 0.505880 -0.388175 0.770328
outer loop
vertex 25.3835 -31.5968 2.7773
vertex 25.3095 -30.7240 3.2658
vertex 24.9627 -31.1760 3.2658
endloop
endfacet
facet normal 0.589109 -0.244017 0.770328
outer loop
vertex 25.8249 -31.0216 2.7773
vertex 26.1024 -30.3518 2.7773
vertex 25.5275 -30.1977 3.2658
endloop
endfacet
facet normal 0.589109 -0.244017 0.770328
outer loop
vertex 25.8249 -31.0216 2.7773
vertex 25.5275 -30.1977 3.2658
vertex 25.3095 -30.7240 3.2658
endloop
endfacet
facet normal 0.632192 -0.083230 0.770328
outer loop
vertex 26.1024 -30.3518 2.7773
vertex 26.1970 -29.6329 2.7773
vertex 25.6018 -29.6329 3.2658
endloop
endfacet
facet normal 0.632192 -0.083230 0.770328
outer loop
vertex 26.1024 -30.3518 2.7773
vertex 25.6018 -29.6329 3.2658
vertex 25.5275 -30.1977 3.2658
endloop
endfacet
facet normal 0.470492 0.061941 0.880228
outer loop
vertex 25.6018 -29.6329 3.2658
vertex 25.5275 -29.0682 3.2658
vertex 24.8715 -29.2439 3.6288
endloop
endfacet
facet normal 0.470492 0.061941 0.880228
outer loop
vertex 25.6018 -29.6329 3.2658
vertex 24.8715 -29.2439 3.6288
vertex 24.9228 -29.6329 3.6288
endloop
endfacet
facet normal 0.438428 0.181603 0.880228
outer loop
vertex 25.5275 -29.0682 3.2658
vertex 25.3095 -28.5419 3.2658
vertex 24.7214 -28.8814 3.6288
endloop
endfacet
facet normal 0.438428 0.181603 0.880228
outer loop
vertex 25.5275 -29.0682 3.2658
vertex 24.7214 -28.8814 3.6288
vertex 24.8715 -29.2439 3.6288
endloop
endfacet
facet normal 0.376487 0.288889 0.880228
outer loop
vertex 25.3095 -28.5419 3.2658
vertex 24.9627 -28.0899 3.2658
vertex 24.4825 -28.5701 3.6288
endloop
endfacet
facet normal 0.376487 0.288889 0.880228
outer loop
vertex 25.3095 -28.5419 3.2658
vertex 24.4825 -28.5701 3.6288
vertex 24.7214 -28.8814 3.6288
endloop
endfacet
facet normal 0.288889 0.376487 0.880228
outer loop
vertex 24.9627 -28.0899 3.2658
vertex 24.5107 -27.7431 3.2658
vertex 24.1712 -28.3312 3.6288
endloop
endfacet
facet normal 0.288889 0.376487 0.880228
outer loop
vertex 24.9627 -28.0899 3.2658
vertex 24.1712 -28.3312 3.6288
vertex 24.4825 -28.5701 3.6288
endloop
endfacet
facet normal 0.181603 0.438428 0.880228
outer loop
vertex 24.5107 -27.7431 3.2658
vertex 23.9844 -27.5251 3.2658
vertex 23.8087 -28.1811 3.6288
endloop
endfacet
facet normal 0.181603 0.438428 0.880228
outer loop
vertex 24.5107 -27.7431 3.2658
vertex 23.8087 -28.1811 3.6288
vertex 24.1712 -28.3312 3.6288
endloop
endfacet
facet normal 0.061941 0.470492 0.880228
outer loop
vertex 23.9844 -27.5251 3.2658
vertex 23.4197 -27.4508 3.2658
vertex 23.4197 -28.1299 3.6288
endloop
endfacet
facet normal 0.061941 0.470492 0.880228
outer loop
vertex 23.9844 -27.5251 3.2658
vertex 23.4197 -28.1299 3.6288
vertex 23.8087 -28.1811 3.6288
endloop
endfacet
facet normal -0.061941 0.470492 0.880228
outer loop
vertex 23.4197 -27.4508 3.2658
vertex 22.8549 -27.5251 3.2658
vertex 23.0306 -28.1811 3.6288
endloop
endfacet
facet normal -0.061941 0.470492 0.880228
outer loop
vertex 23.4197 -27.4508 3.2658
vertex 23.0306 -28.1811 3.6288
vertex 23.4197 -28.1299 3.6288
endloop
endfacet
facet normal -0.181603 0.438428 0.880228
outer loop
vertex 22.8549 -27.5251 3.2658
vertex 22.3286 -27.7431 3.2658
vertex 22.6681 -28.3312 3.6288
endloop
endfacet
facet normal -0.181603 0.438428 0.880228
outer loop
vertex 22.8549 -27.5251 3.2658
vertex 22.6681 -28.3312 3.6288
vertex 23.0306 -28.1811 3.6288
endloop
endfacet
facet normal -0.288889 0.376487 0.880228
outer loop
vertex 22.3286 -27.7431 3.2658
vertex 21.8766 -28.0899 3.2658
vertex 22.3568 -28.5701 3.6288
endloop
endfacet
facet normal -0.288889 0.376487 0.880228
outer loop
vertex 22.3286 -27.7431 3.2658
vertex 22.3568 -28.5701 3.6288
vertex 22.6681 -28.3312 3.6288
endloop
endfacet
facet normal -0.376487 0.288889 0.880228
outer loop
vertex 21.8766 -28.0899 3.2658
vertex 21.5299 -28.5419 3.2658
vertex 22.1179 -28.8814 3.6288
endloop
endfacet
facet normal -0.376487 0.288889 0.880228
outer loop
vertex 21.8766 -28.0899 3.2658
vertex 22.1179 -28.8814 3.6288
vertex 22.3568 -28.5701 3.6288
endloop
endfacet
facet normal -0.438428 0.181603 0.880228
outer loop
vertex 21.5299 -28.5419 3.2658
vertex 21.3119 -29.0682 3.2658
vertex 21.9678 -29.2439 3.6288
endloop
endfacet
facet normal -0.438428 0.181603 0.880228
outer loop
vertex 21.5299 -28.5419 3.2658
vertex 21.9678 -29.2439 3.6288
vertex 22.1179 -28.8814 3.6288
endloop
endfacet
facet normal -0.470492 0.061941 0.880228
outer loop
vertex 21.3119 -29.0682 3.2658
vertex 21.2375 -29.6329 3.2658
vertex 21.9166 -29.6329 3.6288
endloop
endfacet
facet normal -0.470492 0.061941 0.880228
outer loop
vertex 21.3119 -29.0682 3.2658
vertex 21.9166 -29.6329 3.6288
vertex 21.9678 -29.2439 3.6288
endloop
endfacet
facet normal -0.470492 -0.061941 0.880228
outer loop
vertex 21.2375 -29.6329 3.2658
vertex 21.3119 -30.1977 3.2658
vertex 21.9678 -30.0220 3.6288
endloop
endfacet
facet normal -0.470492 -0.061941 0.880228
outer loop
vertex 21.2375 -29.6329 3.2658
vertex 21.9678 -30.0220 3.6288
vertex 21.9166 -29.6329 3.6288
endloop
endfacet
facet normal -0.438428 -0.181603 0.880228
outer loop
vertex 21.3119 -30.1977 3.2658
vertex 21.5299 -30.7240 3.2658
vertex 22.1179 -30.3845 3.6288
endloop
endfacet
facet normal -0.438428 -0.181603 0.880228
outer loop
vertex 21.3119 -30.1977 3.2658
vertex 22.1179 -30.3845 3.6288
vertex 21.9678 -30.0220 3.6288
endloop
endfacet
facet normal -0.376487 -0.288889 0.880228
outer loop
vertex 21.5299 -30.7240 3.2658
vertex 21.8766 -31.1760 3.2658
vertex 22.3568 -30.6958 3.6288
endloop
endfacet
facet normal -0.376487 -0.288889 0.880228
outer loop
vertex 21.5299 -30.7240 3.2658
vertex 22.3568 -30.6958 3.6288
vertex 22.1179 -30.3845 3.6288
endloop
endfacet
facet normal -0.288889 -0.376487 0.880228
outer loop
vertex 21.8766 -31.1760 3.2658
vertex 22.3286 -31.5227 3.2658
vertex 22.6681 -30.9347 3.6288
endloop
endfacet
facet normal -0.288889 -0.376487 0.880228
outer loop
vertex 21.8766 -31.1760 3.2658
vertex 22.6681 -30.9347 3.6288
vertex 22.3568 -30.6958 3.6288
endloop
endfacet
facet normal -0.181603 -0.438428 0.880228
outer loop
vertex 22.3286 -31.5227 3.2658
vertex 22.8549 -31.7407 3.2658
vertex 23.0306 -31.0848 3.6288
endloop
endfacet
facet normal -0.181603 -0.438428 0.880228
outer loop
vertex 22.3286 -31.5227 3.2658
vertex 23.0306 -31.0848 3.6288
vertex 22.6681 -30.9347 3.6288
endloop
endfacet
facet normal -0.061941 -0.470492 0.880228
outer loop
vertex 22.8549 -31.7407 3.2658
vertex 23.4197 -31.8151 3.2658
vertex 23.4197 -31.1360 3.6288
endloop
endfacet
facet normal -0.061941 -0.470492 0.880228
outer loop
vertex 22.8549 -31.7407 3.2658
vertex 23.4197 -31.1360 3.6288
vertex 23.0306 -31.0848 3.6288
endloop
endfacet
facet normal 0.061941 -0.470492 0.880228
outer loop
vertex 23.4197 -31.8151 3.2658
vertex 23.9844 -31.7407 3.2658
vertex 23.8087 -31.0848 3.6288
endloop
endfacet
facet normal 0.061941 -0.470492 0.880228
outer loop
vertex 23.4197 -31.8151 3.2658
vertex 23.8087 -31.0848 3.6288
vertex 23.4197 -31.1360 3.6288
endloop
endfacet
facet normal 0.181603 -0.438428 0.880228
outer loop
vertex 23.9844 -31.7407 3.2658
vertex 24.5107 -31.5227 3.2658
vertex 24.1712 -30.9347 3.6288
endloop
endfacet
facet normal 0.181603 -0.438428 0.880228
outer loop
vertex 23.9844 -31.7407 3.2658
vertex 24.1712 -30.9347 3.6288
vertex 23.8087 -31.0848 3.6288
endloop
endfacet
facet normal 0.288889 -0.376487 0.880228
outer loop
vertex 24.5107 -31.5227 3.2658
vertex 24.9627 -31.1760 3.2658
vertex 24.4825 -30.6958 3.6288
endloop
endfacet
facet normal 0.288889 -0.376487 0.880228
outer loop
vertex 24.5107 -31.5227 3.2658
vertex 24.4825 -30.6958 3.6288
vertex 24.1712 -30.9347 3.6288
endloop
endfacet
facet normal 0.376487 -0.288889 0.880228
outer loop
vertex 24.9627 -31.1760 3.2658
vertex 25.3095 -30.7240 3.2658
vertex 24.7214 -30.3845 3.6288
endloop
endfacet
facet normal 0.376487 -0.288889 0.880228
outer loop
vertex 24.9627 -31.1760 3.2658
vertex 24.7214 -30.3845 3.6288
vertex 24.4825 -30.6958 3.6288
endloop
endfacet
facet normal 0.438428 -0.181603 0.880228
outer loop
vertex 25.3095 -30.7240 3.2658
vertex 25.5275 -30.1977 3.2658
vertex 24.8715 -30.0220 3.6288
endloop
endfacet
facet normal 0.438428 -0.181603 0.880228
outer loop
vertex 25.3095 -30.7240 3.2658
vertex 24.8715 -30.0220 3.6288
vertex 24.7214 -30.3845 3.6288
endloop
endfacet
facet normal 0.470492 -0.061941 0.880228
outer loop
vertex 25.5275 -30.1977 3.2658
vertex 25.6018 -29.6329 3.2658
vertex 24.9228 -29.6329 3.6288
endloop
endfacet
facet normal 0.470492 -0.061941 0.880228
outer loop
vertex 25.5275 -30.1977 3.2658
vertex 24.9228 -29.6329 3.6288
vertex 24.8715 -30.0220 3.6288
endloop
endfacet
facet normal 0.290073 0.038189 0.956242
outer loop
vertex 24.9228 -29.6329 3.6288
vertex 24.8715 -29.2439 3.6288
vertex 24.1598 -29.4346 3.8523
endloop
endfacet
facet normal 0.290073 0.038189 0.956242
outer loop
vertex 24.9228 -29.6329 3.6288
vertex 24.1598 -29.4346 3.8523
vertex 24.1859 -29.6329 3.8523
endloop
endfacet
facet normal 0.270305 0.111964 0.956242
outer loop
vertex 24.8715 -29.2439 3.6288
vertex 24.7214 -28.8814 3.6288
vertex 24.0833 -29.2498 3.8523
endloop
endfacet
facet normal 0.270305 0.111964 0.956242
outer loop
vertex 24.8715 -29.2439 3.6288
vertex 24.0833 -29.2498 3.8523
vertex 24.1598 -29.4346 3.8523
endloop
endfacet
facet normal 0.232116 0.178109 0.956242
outer loop
vertex 24.7214 -28.8814 3.6288
vertex 24.4825 -28.5701 3.6288
vertex 23.9615 -29.0911 3.8523
endloop
endfacet
facet normal 0.232116 0.178109 0.956242
outer loop
vertex 24.7214 -28.8814 3.6288
vertex 23.9615 -29.0911 3.8523
vertex 24.0833 -29.2498 3.8523
endloop
endfacet
facet normal 0.178109 0.232116 0.956242
outer loop
vertex 24.4825 -28.5701 3.6288
vertex 24.1712 -28.3312 3.6288
vertex 23.8028 -28.9693 3.8523
endloop
endfacet
facet normal 0.178109 0.232116 0.956242
outer loop
vertex 24.4825 -28.5701 3.6288
vertex 23.8028 -28.9693 3.8523
vertex 23.9615 -29.0911 3.8523
endloop
endfacet
facet normal 0.111964 0.270305 0.956242
outer loop
vertex 24.1712 -28.3312 3.6288
vertex 23.8087 -28.1811 3.6288
vertex 23.6180 -28.8928 3.8523
endloop
endfacet
facet normal 0.111964 0.270305 0.956242
outer loop
vertex 24.1712 -28.3312 3.6288
vertex 23.6180 -28.8928 3.8523
vertex 23.8028 -28.9693 3.8523
endloop
endfacet
facet normal 0.038189 0.290073 0.956242
outer loop
vertex 23.8087 -28.1811 3.6288
vertex 23.4197 -28.1299 3.6288
vertex 23.4197 -28.8667 3.8523
endloop
endfacet
facet normal 0.038189 0.290073 0.956242
outer loop
vertex 23.8087 -28.1811 3.6288
vertex 23.4197 -28.8667 3.8523
vertex 23.6180 -28.8928 3.8523
endloop
endfacet
facet normal -0.038189 0.290073 0.956242
outer loop
vertex 23.4197 -28.1299 3.6288
vertex 23.0306 -28.1811 3.6288
vertex 23.2213 -28.8928 3.8523
endloop
endfacet
facet normal -0.038189 0.290073 0.956242
outer loop
vertex 23.4197 -28.1299 3.6288
vertex 23.2213 -28.8928 3.8523
vertex 23.4197 -28.8667 3.8523
endloop
endfacet
facet normal -0.111964 0.270305 0.956242
outer loop
vertex 23.0306 -28.1811 3.6288
vertex 22.6681 -28.3312 3.6288
vertex 23.0365 -28.9693 3.8523
endloop
endfacet
facet normal -0.111964 0.270305 0.956242
outer loop
vertex 23.0306 -28.1811 3.6288
vertex 23.0365 -28.9693 3.8523
vertex 23.2213 -28.8928 3.8523
endloop
endfacet
facet normal -0.178109 0.232116 0.956242
outer loop
vertex 22.6681 -28.3312 3.6288
vertex 22.3568 -28.5701 3.6288
vertex 22.8778 -29.0911 3.8523
endloop
endfacet
facet normal -0.178109 0.232116 0.956242
outer loop
vertex 22.6681 -28.3312 3.6288
vertex 22.8778 -29.0911 3.8523
vertex 23.0365 -28.9693 3.8523
endloop
endfacet
facet normal -0.232116 0.178109 0.956242
outer loop
vertex 22.3568 -28.5701 3.6288
vertex 22.1179 -28.8814 3.6288
vertex 22.7561 -29.2498 3.8523
endloop
endfacet
facet normal -0.232116 0.178109 0.956242
outer loop
vertex 22.3568 -28.5701 3.6288
vertex 22.7561 -29.2498 3.8523
vertex 22.8778 -29.0911 3.8523
endloop
endfacet
facet normal -0.270305 0.111964 0.956242
outer loop
vertex 22.1179 -28.8814 3.6288
vertex 21.9678 -29.2439 3.6288
vertex 22.6795 -29.4346 3.8523
endloop
endfacet
facet normal -0.270305 0.111964 0.956242
outer loop
vertex 22.1179 -28.8814 3.6288
vertex 22.6795 -29.4346 3.8523
vertex 22.7561 -29.2498 3.8523
endloop
endfacet
facet normal -0.290073 0.038189 0.956242
outer loop
vertex 21.9678 -29.2439 3.6288
vertex 21.9166 -29.6329 3.6288
vertex 22.6534 -29.6329 3.8523
endloop
endfacet
facet normal -0.290073 0.038189 0.956242
outer loop
vertex 21.9678 -29.2439 3.6288
vertex 22.6534 -29.6329 3.8523
vertex 22.6795 -29.4346 3.8523
endloop
endfacet
facet normal -0.290073 -0.038189 0.956242
outer loop
vertex 21.9166 -29.6329 3.6288
vertex 21.9678 -30.0220 3.6288
vertex 22.6795 -29.8313 3.8523
endloop
endfacet
facet normal -0.290073 -0.038189 0.956242
outer loop
vertex 21.9166 -29.6329 3.6288
vertex 22.6795 -29.8313 3.8523
vertex 22.6534 -29.6329 3.8523
endloop
endfacet
facet normal -0.270305 -0.111964 0.956242
outer loop
vertex 21.9678 -30.0220 3.6288
vertex 22.1179 -30.3845 3.6288
vertex 22.7561 -30.0161 3.8523
endloop
endfacet
facet normal -0.270305 -0.111964 0.956242
outer loop
vertex 21.9678 -30.0220 3.6288
vertex 22.7561 -30.0161 3.8523
vertex 22.6795 -29.8313 3.8523
endloop
endfacet
facet normal -0.232116 -0.178109 0.956242
outer loop
vertex 22.1179 -30.3845 3.6288
vertex 22.3568 -30.6958 3.6288
vertex 22.8778 -30.1748 3.8523
endloop
endfacet
facet normal -0.232116 -0.178109 0.956242
outer loop
vertex 22.1179 -30.3845 3.6288
vertex 22.8778 -30.1748 3.8523
vertex 22.7561 -30.0161 3.8523
endloop
endfacet
facet normal -0.178109 -0.232116 0.956242
outer loop
vertex 22.3568 -30.6958 3.6288
vertex 22.6681 -30.9347 3.6288
vertex 23.0365 -30.2966 3.8523
endloop
endfacet
facet normal -0.178109 -0.232116 0.956242
outer loop
vertex 22.3568 -30.6958 3.6288
vertex 23.0365 -30.2966 3.8523
vertex 22.8778 -30.1748 3.8523
endloop
endfacet
facet normal -0.111964 -0.270305 0.956242
outer loop
vertex 22.6681 -30.9347 3.6288
vertex 23.0306 -31.0848 3.6288
vertex 23.2213 -30.3731 3.8523
endloop
endfacet
facet normal -0.111964 -0.270305 0.956242
outer loop
vertex 22.6681 -30.9347 3.6288
vertex 23.2213 -30.3731 3.8523
vertex 23.0365 -30.2966 3.8523
endloop
endfacet
facet normal -0.038189 -0.290073 0.956242
outer loop
vertex 23.0306 -31.0848 3.6288
vertex 23.4197 -31.1360 3.6288
vertex 23.4197 -30.3992 3.8523
endloop
endfacet
facet normal -0.038189 -0.290073 0.956242
outer loop
vertex 23.0306 -31.0848 3.6288
vertex 23.4197 -30.3992 3.8523
vertex 23.2213 -30.3731 3.8523
endloop
endfacet
facet normal 0.038189 -0.290073 0.956242
outer loop
vertex 23.4197 -31.1360 3.6288
vertex 23.8087 -31.0848 3.6288
vertex 23.6180 -30.3731 3.8523
endloop
endfacet
facet normal 0.038189 -0.290073 0.956242
outer loop
vertex 23.4197 -31.1360 3.6288
vertex 23.6180 -30.3731 3.8523
vertex 23.4197 -30.3992 3.8523
endloop
endfacet
facet normal 0.111964 -0.270305 0.956242
outer loop
vertex 23.8087 -31.0848 3.6288
vertex 24.1712 -30.9347 3.6288
vertex 23.8028 -30.2966 3.8523
endloop
endfacet
facet normal 0.111964 -0.270305 0.956242
outer loop
vertex 23.8087 -31.0848 3.6288
vertex 23.8028 -30.2966 3.8523
vertex 23.6180 -30.3731 3.8523
endloop
endfacet
facet normal 0.178109 -0.232116 0.956242
outer loop
vertex 24.1712 -30.9347 3.6288
vertex 24.4825 -30.6958 3.6288
vertex 23.9615 -30.1748 3.8523
endloop
endfacet
facet normal 0.178109 -0.232116 0.956242
outer loop
vertex 24.1712 -30.9347 3.6288
vertex 23.9615 -30.1748 3.8523
vertex 23.8028 -30.2966 3.8523
endloop
endfacet
facet normal 0.232116 -0.178109 0.956242
outer loop
vertex 24.4825 -30.6958 3.6288
vertex 24.7214 -30.3845 3.6288
vertex 24.0833 -30.0161 3.8523
endloop
endfacet
facet normal 0.232116 -0.178109 0.956242
outer loop
vertex 24.4825 -30.6958 3.6288
vertex 24.0833 -30.0161 3.8523
vertex 23.9615 -30.1748 3.8523
endloop
endfacet
facet normal 0.270305 -0.111964 0.956242
outer loop
vertex 24.7214 -30.3845 3.6288
vertex 24.8715 -30.0220 3.6288
vertex 24.1598 -29.8313 3.8523
endloop
endfacet
facet normal 0.270305 -0.111964 0.956242
outer loop
vertex 24.7214 -30.3845 3.6288
vertex 24.1598 -29.8313 3.8523
vertex 24.0833 -30.0161 3.8523
endloop
endfacet
facet normal 0.290073 -0.038189 0.956242
outer loop
vertex 24.8715 -30.0220 3.6288
vertex 24.9228 -29.6329 3.6288
vertex 24.1859 -29.6329 3.8523
endloop
endfacet
facet normal 0.290073 -0.038189 0.956242
outer loop
vertex 24.8715 -30.0220 3.6288
vertex 24.1859 -29.6329 3.8523
vertex 24.1598 -29.8313 3.8523
endloop
endfacet
facet normal 0.098009 0.012903 0.995102
outer loop
vertex 24.1859 -29.6329 3.8523
vertex 24.1598 -29.4346 3.8523
vertex 23.4197 -29.6329 3.9278
endloop
endfacet
facet normal 0.091330 0.037830 0.995102
outer loop
vertex 24.1598 -29.4346 3.8523
vertex 24.0833 -29.2498 3.8523
vertex 23.4197 -29.6329 3.9278
endloop
endfacet
facet normal 0.078427 0.060179 0.995102
outer loop
vertex 24.0833 -29.2498 3.8523
vertex 23.9615 -29.0911 3.8523
vertex 23.4197 -29.6329 3.9278
endloop
endfacet
facet normal 0.060179 0.078427 0.995102
outer loop
vertex 23.9615 -29.0911 3.8523
vertex 23.8028 -28.9693 3.8523
vertex 23.4197 -29.6329 3.9278
endloop
endfacet
facet normal 0.037830 0.091330 0.995102
outer loop
vertex 23.8028 -28.9693 3.8523
vertex 23.6180 -28.8928 3.8523
vertex 23.4197 -29.6329 3.9278
endloop
endfacet
facet normal 0.012903 0.098009 0.995102
outer loop
vertex 23.6180 -28.8928 3.8523
vertex 23.4197 -28.8667 3.8523
vertex 23.4197 -29.6329 3.9278
endloop
endfacet
facet normal -0.012903 0.098009 0.995102
outer loop
vertex 23.4197 -28.8667 3.8523
vertex 23.2213 -28.8928 3.8523
vertex 23.4197 -29.6329 3.9278
endloop
endfacet
facet normal -0.037830 0.091330 0.995102
outer loop
vertex 23.2213 -28.8928 3.8523
vertex 23.0365 -28.9693 3.8523
vertex 23.4197 -29.6329 3.9278
endloop
endfacet
facet normal -0.060179 0.078427 0.995102
outer loop
vertex 23.0365 -28.9693 3.8523
vertex 22.8778 -29.0911 3.8523
vertex 23.4197 -29.6329 3.9278
endloop
endfacet
facet normal -0.078427 0.060179 0.995102
outer loop
vertex 22.8778 -29.0911 3.8523
vertex 22.7561 -29.2498 3.8523
vertex 23.4197 -29.6329 3.9278
endloop
endfacet
facet normal -0.091330 0.037830 0.995102
outer loop
vertex 22.7561 -29.2498 3.8523
vertex 22.6795 -29.4346 3.8523
vertex 23.4197 -29.6329 3.9278
endloop
endfacet
facet normal -0.098009 0.012903 0.995102
outer loop
vertex 22.6795 -29.4346 3.8523
vertex 22.6534 -29.6329 3.8523
vertex 23.4197 -29.6329 3.9278
endloop
endfacet
facet normal -0.098009 -0.012903 0.995102
outer loop
vertex 22.6534 -29.6329 3.8523
vertex 22.6795 -29.8313 3.8523
vertex 23.4197 -29.6329 3.9278
endloop
endfacet
facet normal -0.091330 -0.037830 0.995102
outer loop
vertex 22.6795 -29.8313 3.8523
vertex 22.7561 -30.0161 3.8523
vertex 23.4197 -29.6329 3.9278
endloop
endfacet
facet normal -0.078427 -0.060179 0.995102
outer loop
vertex 22.7561 -30.0161 3.8523
vertex 22.8778 -30.1748 3.8523
vertex 23.4197 -29.6329 3.9278
endloop
endfacet
facet normal -0.060179 -0.078427 0.995102
outer loop
vertex 22.8778 -30.1748 3.8523
vertex 23.0365 -30.2966 3.8523
vertex 23.4197 -29.6329 3.9278
endloop
endfacet
facet normal -0.037830 -0.091330 0.995102
outer loop
vertex 23.0365 -30.2966 3.8523
vertex 23.2213 -30.3731 3.8523
vertex 23.4197 -29.6329 3.9278
endloop
endfacet
facet normal -0.012903 -0.098009 0.995102
outer loop
vertex 23.2213 -30.3731 3.8523
vertex 23.4197 -30.3992 3.8523
vertex 23.4197 -29.6329 3.9278
endloop
endfacet
facet normal 0.012903 -0.098009 0.995102
outer loop
vertex 23.4197 -30.3992 3.8523
vertex 23.6180 -30.3731 3.8523
vertex 23.4197 -29.6329 3.9278
endloop
endfacet
facet normal 0.037830 -0.091330 0.995102
outer loop
vertex 23.6180 -30.3731 3.8523
vertex 23.8028 -30.2966 3.8523
vertex 23.4197 -29.6329 3.9278
endloop
endfacet
facet normal 0.060179 -0.078427 0.995102
outer loop
vertex 23.8028 -30.2966 3.8523
vertex 23.9615 -30.1748 3.8523
vertex 23.4197 -29.6329 3.9278
endloop
endfacet
facet normal 0.078427 -0.060179 0.995102
outer loop
vertex 23.9615 -30.1748 3.8523
vertex 24.0833 -30.0161 3.8523
vertex 23.4197 -29.6329 3.9278
endloop
endfacet
facet normal 0.091330 -0.037830 0.995102
outer loop
vertex 24.0833 -30.0161 3.8523
vertex 24.1598 -29.8313 3.8523
vertex 23.4197 -29.6329 3.9278
endloop
endfacet
facet normal 0.098009 -0.012903 0.995102
outer loop
vertex 24.1598 -29.8313 3.8523
vertex 24.1859 -29.6329 3.8523
vertex 23.4197 -29.6329 3.9278
endloop
endfacet
facet normal 0.986752 0.129908 0.097187
outer loop
vertex -20.7502 -36.4301 0.0000
vertex -20.8651 -35.5576 0.0000
vertex -20.9276 -35.5744 0.6577
endloop
endfacet
facet normal 0.986752 0.129908 0.097187
outer loop
vertex -20.7502 -36.4301 0.0000
vertex -20.9276 -35.5744 0.6577
vertex -20.8150 -36.4301 0.6577
endloop
endfacet
facet normal 0.919506 0.380872 0.097187
outer loop
vertex -20.8651 -35.5576 0.0000
vertex -21.2018 -34.7446 0.0000
vertex -21.2579 -34.7770 0.6577
endloop
endfacet
facet normal 0.919506 0.380872 0.097187
outer loop
vertex -20.8651 -35.5576 0.0000
vertex -21.2579 -34.7770 0.6577
vertex -20.9276 -35.5744 0.6577
endloop
endfacet
facet normal 0.789598 0.605880 0.097187
outer loop
vertex -21.2018 -34.7446 0.0000
vertex -21.7375 -34.0464 0.0000
vertex -21.7833 -34.0922 0.6577
endloop
endfacet
facet normal 0.789598 0.605880 0.097187
outer loop
vertex -21.2018 -34.7446 0.0000
vertex -21.7833 -34.0922 0.6577
vertex -21.2579 -34.7770 0.6577
endloop
endfacet
facet normal 0.605880 0.789598 0.097187
outer loop
vertex -21.7375 -34.0464 0.0000
vertex -22.4357 -33.5107 0.0000
vertex -22.4681 -33.5668 0.6577
endloop
endfacet
facet normal 0.605880 0.789598 0.097187
outer loop
vertex -21.7375 -34.0464 0.0000
vertex -22.4681 -33.5668 0.6577
vertex -21.7833 -34.0922 0.6577
endloop
endfacet
facet normal 0.380872 0.919506 0.097187
outer loop
vertex -22.4357 -33.5107 0.0000
vertex -23.2487 -33.1740 0.0000
vertex -23.2655 -33.2365 0.6577
endloop
endfacet
facet normal 0.380872 0.919506 0.097187
outer loop
vertex -22.4357 -33.5107 0.0000
vertex -23.2655 -33.2365 0.6577
vertex -22.4681 -33.5668 0.6577
endloop
endfacet
facet normal 0.129908 0.986752 0.097187
outer loop
vertex -23.2487 -33.1740 0.0000
vertex -24.1212 -33.0591 0.0000
vertex -24.1212 -33.1239 0.6577
endloop
endfacet
facet normal 0.129908 0.986752 0.097187
outer loop
vertex -23.2487 -33.1740 0.0000
vertex -24.1212 -33.1239 0.6577
vertex -23.2655 -33.2365 0.6577
endloop
endfacet
facet normal -0.129908 0.986752 0.097187
outer loop
vertex -24.1212 -33.0591 0.0000
vertex -24.9937 -33.1740 0.0000
vertex -24.9770 -33.2365 0.6577
endloop
endfacet
facet normal -0.129908 0.986752 0.097187
outer loop
vertex -24.1212 -33.0591 0.0000
vertex -24.9770 -33.2365 0.6577
vertex -24.1212 -33.1239 0.6577
endloop
endfacet
facet normal -0.380872 0.919506 0.097187
outer loop
vertex -24.9937 -33.1740 0.0000
vertex -25.8068 -33.5107 0.0000
vertex -25.7744 -33.5668 0.6577
endloop
endfacet
facet normal -0.380872 0.919506 0.097187
outer loop
vertex -24.9937 -33.1740 0.0000
vertex -25.7744 -33.5668 0.6577
vertex -24.9770 -33.2365 0.6577
endloop
endfacet
facet normal -0.605880 0.789598 0.097187
outer loop
vertex -25.8068 -33.5107 0.0000
vertex -26.5049 -34.0464 0.0000
vertex -26.4591 -34.0922 0.6577
endloop
endfacet
facet normal -0.605880 0.789598 0.097187
outer loop
vertex -25.8068 -33.5107 0.0000
vertex -26.4591 -34.0922 0.6577
vertex -25.7744 -33.5668 0.6577
endloop
endfacet
facet normal -0.789598 0.605880 0.097187
outer loop
vertex -26.5049 -34.0464 0.0000
vertex -27.0407 -34.7446 0.0000
vertex -26.9846 -34.7770 0.6577
endloop
endfacet
facet normal -0.789598 0.605880 0.097187
outer loop
vertex -26.5049 -34.0464 0.0000
vertex -26.9846 -34.7770 0.6577
vertex -26.4591 -34.0922 0.6577
endloop
endfacet
facet normal -0.919506 0.380872 0.097187
outer loop
vertex -27.0407 -34.7446 0.0000
vertex -27.3774 -35.5576 0.0000
vertex -27.3149 -35.5744 0.6577
endloop
endfacet
facet normal -0.919506 0.380872 0.097187
outer loop
vertex -27.0407 -34.7446 0.0000
vertex -27.3149 -35.5744 0.6577
vertex -26.9846 -34.7770 0.6577
endloop
endfacet
facet normal -0.986752 0.129908 0.097187
outer loop
vertex -27.3774 -35.5576 0.0000
vertex -27.4923 -36.4301 0.0000
vertex -27.4275 -36.4301 0.6577
endloop
endfacet
facet normal -0.986752 0.129908 0.097187
outer loop
vertex -27.3774 -35.5576 0.0000
vertex -27.4275 -36.4301 0.6577
vertex -27.3149 -35.5744 0.6577
endloop
endfacet
facet normal -0.986752 -0.129908 0.097187
outer loop
vertex -27.4923 -36.4301 0.0000
vertex -27.3774 -37.3026 0.0000
vertex -27.3149 -37.2859 0.6577
endloop
endfacet
facet normal -0.986752 -0.129908 0.097187
outer loop
vertex -27.4923 -36.4301 0.0000
vertex -27.3149 -37.2859 0.6577
vertex -27.4275 -36.4301 0.6577
endloop
endfacet
facet normal -0.919506 -0.380872 0.097187
outer loop
vertex -27.3774 -37.3026 0.0000
vertex -27.0407 -38.1157 0.0000
vertex -26.9846 -38.0833 0.6577
endloop
endfacet
facet normal -0.919506 -0.380872 0.097187
outer loop
vertex -27.3774 -37.3026 0.0000
vertex -26.9846 -38.0833 0.6577
vertex -27.3149 -37.2859 0.6577
endloop
endfacet
facet normal -0.789598 -0.605880 0.097187
outer loop
vertex -27.0407 -38.1157 0.0000
vertex -26.5049 -38.8138 0.0000
vertex -26.4591 -38.7680 0.6577
endloop
endfacet
facet normal -0.789598 -0.605880 0.097187
outer loop
vertex -27.0407 -38.1157 0.0000
vertex -26.4591 -38.7680 0.6577
vertex -26.9846 -38.0833 0.6577
endloop
endfacet
facet normal -0.605880 -0.789598 0.097187
outer loop
vertex -26.5049 -38.8138 0.0000
vertex -25.8068 -39.3496 0.0000
vertex -25.7744 -39.2935 0.6577
endloop
endfacet
facet normal -0.605880 -0.789598 0.097187
outer loop
vertex -26.5049 -38.8138 0.0000
vertex -25.7744 -39.2935 0.6577
vertex -26.4591 -38.7680 0.6577
endloop
endfacet
facet normal -0.380872 -0.919506 0.097187
outer loop
vertex -25.8068 -39.3496 0.0000
vertex -24.9937 -39.6863 0.0000
vertex -24.9770 -39.6238 0.6577
endloop
endfacet
facet normal -0.380872 -0.919506 0.097187
outer loop
vertex -25.8068 -39.3496 0.0000
vertex -24.9770 -39.6238 0.6577
vertex -25.7744 -39.2935 0.6577
endloop
endfacet
facet normal -0.129908 -0.986752 0.097187
outer loop
vertex -24.9937 -39.6863 0.0000
vertex -24.1212 -39.8012 0.0000
vertex -24.1212 -39.7364 0.6577
endloop
endfacet
facet normal -0.129908 -0.986752 0.097187
outer loop
vertex -24.9937 -39.6863 0.0000
vertex -24.1212 -39.7364 0.6577
vertex -24.9770 -39.6238 0.6577
endloop
endfacet
facet normal 0.129908 -0.986752 0.097187
outer loop
vertex -24.1212 -39.8012 0.0000
vertex -23.2487 -39.6863 0.0000
vertex -23.2655 -39.6238 0.6577
endloop
endfacet
facet normal 0.129908 -0.986752 0.097187
outer loop
vertex -24.1212 -39.8012 0.0000
vertex -23.2655 -39.6238 0.6577
vertex -24.1212 -39.7364 0.6577
endloop
endfacet
facet normal 0.380872 -0.919506 0.097187
outer loop
vertex -23.2487 -39.6863 0.0000
vertex -22.4357 -39.3496 0.0000
vertex -22.4681 -39.2935 0.6577
endloop
endfacet
facet normal 0.380872 -0.919506 0.097187
outer loop
vertex -23.2487 -39.6863 0.0000
vertex -22.4681 -39.2935 0.6577
vertex -23.2655 -39.6238 0.6577
endloop
endfacet
facet normal 0.605880 -0.789598 0.097187
outer loop
vertex -22.4357 -39.3496 0.0000
vertex -21.7375 -38.8138 0.0000
vertex -21.7833 -38.7680 0.6577
endloop
endfacet
facet normal 0.605880 -0.789598 0.097187
outer loop
vertex -22.4357 -39.3496 0.0000
vertex -21.7833 -38.7680 0.6577
vertex -22.4681 -39.2935 0.6577
endloop
endfacet
facet normal 0.789598 -0.605880 0.097187
outer loop
vertex -21.7375 -38.8138 0.0000
vertex -21.2018 -38.1157 0.0000
vertex -21.2579 -38.0833 0.6577
endloop
endfacet
facet normal 0.789598 -0.605880 0.097187
outer loop
vertex -21.7375 -38.8138 0.0000
vertex -21.2579 -38.0833 0.6577
vertex -21.7833 -38.7680 0.6577
endloop
endfacet
facet normal 0.919506 -0.380872 0.097187
outer loop
vertex -21.2018 -38.1157 0.0000
vertex -20.8651 -37.3026 0.0000
vertex -20.9276 -37.2859 0.6577
endloop
endfacet
facet normal 0.919506 -0.380872 0.097187
outer loop
vertex -21.2018 -38.1157 0.0000
vertex -20.9276 -37.2859 0.6577
vertex -21.2579 -38.0833 0.6577
endloop
endfacet
facet normal 0.986752 -0.129908 0.097187
outer loop
vertex -20.8651 -37.3026 0.0000
vertex -20.7502 -36.4301 0.0000
vertex -20.8150 -36.4301 0.6577
endloop
endfacet
facet normal 0.986752 -0.129908 0.097187
outer loop
vertex -20.8651 -37.3026 0.0000
vertex -20.8150 -36.4301 0.6577
vertex -20.9276 -37.2859 0.6577
endloop
endfacet
facet normal 0.949435 0.124996 0.288008
outer loop
vertex -20.8150 -36.4301 0.6577
vertex -20.9276 -35.5744 0.6577
vertex -21.1129 -35.6241 1.2900
endloop
endfacet
facet normal 0.949435 0.124996 0.288008
outer loop
vertex -20.8150 -36.4301 0.6577
vertex -21.1129 -35.6241 1.2900
vertex -21.0068 -36.4301 1.2900
endloop
endfacet
facet normal 0.884733 0.366468 0.288008
outer loop
vertex -20.9276 -35.5744 0.6577
vertex -21.2579 -34.7770 0.6577
vertex -21.4241 -34.8729 1.2900
endloop
endfacet
facet normal 0.884733 0.366468 0.288008
outer loop
vertex -20.9276 -35.5744 0.6577
vertex -21.4241 -34.8729 1.2900
vertex -21.1129 -35.6241 1.2900
endloop
endfacet
facet normal 0.759737 0.582967 0.288008
outer loop
vertex -21.2579 -34.7770 0.6577
vertex -21.7833 -34.0922 0.6577
vertex -21.9190 -34.2279 1.2900
endloop
endfacet
facet normal 0.759737 0.582967 0.288008
outer loop
vertex -21.2579 -34.7770 0.6577
vertex -21.9190 -34.2279 1.2900
vertex -21.4241 -34.8729 1.2900
endloop
endfacet
facet normal 0.582967 0.759737 0.288008
outer loop
vertex -21.7833 -34.0922 0.6577
vertex -22.4681 -33.5668 0.6577
vertex -22.5640 -33.7330 1.2900
endloop
endfacet
facet normal 0.582967 0.759737 0.288008
outer loop
vertex -21.7833 -34.0922 0.6577
vertex -22.5640 -33.7330 1.2900
vertex -21.9190 -34.2279 1.2900
endloop
endfacet
facet normal 0.366468 0.884733 0.288008
outer loop
vertex -22.4681 -33.5668 0.6577
vertex -23.2655 -33.2365 0.6577
vertex -23.3152 -33.4218 1.2900
endloop
endfacet
facet normal 0.366468 0.884733 0.288008
outer loop
vertex -22.4681 -33.5668 0.6577
vertex -23.3152 -33.4218 1.2900
vertex -22.5640 -33.7330 1.2900
endloop
endfacet
facet normal 0.124996 0.949435 0.288008
outer loop
vertex -23.2655 -33.2365 0.6577
vertex -24.1212 -33.1239 0.6577
vertex -24.1212 -33.3157 1.2900
endloop
endfacet
facet normal 0.124996 0.949435 0.288008
outer loop
vertex -23.2655 -33.2365 0.6577
vertex -24.1212 -33.3157 1.2900
vertex -23.3152 -33.4218 1.2900
endloop
endfacet
facet normal -0.124996 0.949435 0.288008
outer loop
vertex -24.1212 -33.1239 0.6577
vertex -24.9770 -33.2365 0.6577
vertex -24.9273 -33.4218 1.2900
endloop
endfacet
facet normal -0.124996 0.949435 0.288008
outer loop
vertex -24.1212 -33.1239 0.6577
vertex -24.9273 -33.4218 1.2900
vertex -24.1212 -33.3157 1.2900
endloop
endfacet
facet normal -0.366468 0.884733 0.288008
outer loop
vertex -24.9770 -33.2365 0.6577
vertex -25.7744 -33.5668 0.6577
vertex -25.6785 -33.7330 1.2900
endloop
endfacet
facet normal -0.366468 0.884733 0.288008
outer loop
vertex -24.9770 -33.2365 0.6577
vertex -25.6785 -33.7330 1.2900
vertex -24.9273 -33.4218 1.2900
endloop
endfacet
facet normal -0.582967 0.759737 0.288008
outer loop
vertex -25.7744 -33.5668 0.6577
vertex -26.4591 -34.0922 0.6577
vertex -26.3235 -34.2279 1.2900
endloop
endfacet
facet normal -0.582967 0.759737 0.288008
outer loop
vertex -25.7744 -33.5668 0.6577
vertex -26.3235 -34.2279 1.2900
vertex -25.6785 -33.7330 1.2900
endloop
endfacet
facet normal -0.759737 0.582967 0.288008
outer loop
vertex -26.4591 -34.0922 0.6577
vertex -26.9846 -34.7770 0.6577
vertex -26.8184 -34.8729 1.2900
endloop
endfacet
facet normal -0.759737 0.582967 0.288008
outer loop
vertex -26.4591 -34.0922 0.6577
vertex -26.8184 -34.8729 1.2900
vertex -26.3235 -34.2279 1.2900
endloop
endfacet
facet normal -0.884733 0.366468 0.288008
outer loop
vertex -26.9846 -34.7770 0.6577
vertex -27.3149 -35.5744 0.6577
vertex -27.1296 -35.6241 1.2900
endloop
endfacet
facet normal -0.884733 0.366468 0.288008
outer loop
vertex -26.9846 -34.7770 0.6577
vertex -27.1296 -35.6241 1.2900
vertex -26.8184 -34.8729 1.2900
endloop
endfacet
facet normal -0.949435 0.124996 0.288008
outer loop
vertex -27.3149 -35.5744 0.6577
vertex -27.4275 -36.4301 0.6577
vertex -27.2357 -36.4301 1.2900
endloop
endfacet
facet normal -0.949435 0.124996 0.288008
outer loop
vertex -27.3149 -35.5744 0.6577
vertex -27.2357 -36.4301 1.2900
vertex -27.1296 -35.6241 1.2900
endloop
endfacet
facet normal -0.949435 -0.124996 0.288008
outer loop
vertex -27.4275 -36.4301 0.6577
vertex -27.3149 -37.2859 0.6577
vertex -27.1296 -37.2362 1.2900
endloop
endfacet
facet normal -0.949435 -0.124996 0.288008
outer loop
vertex -27.4275 -36.4301 0.6577
vertex -27.1296 -37.2362 1.2900
vertex -27.2357 -36.4301 1.2900
endloop
endfacet
facet normal -0.884733 -0.366468 0.288008
outer loop
vertex -27.3149 -37.2859 0.6577
vertex -26.9846 -38.0833 0.6577
vertex -26.8184 -37.9874 1.2900
endloop
endfacet
facet normal -0.884733 -0.366468 0.288008
outer loop
vertex -27.3149 -37.2859 0.6577
vertex -26.8184 -37.9874 1.2900
vertex -27.1296 -37.2362 1.2900
endloop
endfacet
facet normal -0.759737 -0.582967 0.288008
outer loop
vertex -26.9846 -38.0833 0.6577
vertex -26.4591 -38.7680 0.6577
vertex -26.3235 -38.6324 1.2900
endloop
endfacet
facet normal -0.759737 -0.582967 0.288008
outer loop
vertex -26.9846 -38.0833 0.6577
vertex -26.3235 -38.6324 1.2900
vertex -26.8184 -37.9874 1.2900
endloop
endfacet
facet normal -0.582967 -0.759737 0.288008
outer loop
vertex -26.4591 -38.7680 0.6577
vertex -25.7744 -39.2935 0.6577
vertex -25.6785 -39.1273 1.2900
endloop
endfacet
facet normal -0.582967 -0.759737 0.288008
outer loop
vertex -26.4591 -38.7680 0.6577
vertex -25.6785 -39.1273 1.2900
vertex -26.3235 -38.6324 1.2900
endloop
endfacet
facet normal -0.366468 -0.884733 0.288008
outer loop
vertex -25.7744 -39.2935 0.6577
vertex -24.9770 -39.6238 0.6577
vertex -24.9273 -39.4385 1.2900
endloop
endfacet
facet normal -0.366468 -0.884733 0.288008
outer loop
vertex -25.7744 -39.2935 0.6577
vertex -24.9273 -39.4385 1.2900
vertex -25.6785 -39.1273 1.2900
endloop
endfacet
facet normal -0.124996 -0.949435 0.288008
outer loop
vertex -24.9770 -39.6238 0.6577
vertex -24.1212 -39.7364 0.6577
vertex -24.1212 -39.5446 1.2900
endloop
endfacet
facet normal -0.124996 -0.949435 0.288008
outer loop
vertex -24.9770 -39.6238 0.6577
vertex -24.1212 -39.5446 1.2900
vertex -24.9273 -39.4385 1.2900
endloop
endfacet
facet normal 0.124996 -0.949435 0.288008
outer loop
vertex -24.1212 -39.7364 0.6577
vertex -23.2655 -39.6238 0.6577
vertex -23.3152 -39.4385 1.2900
endloop
endfacet
facet normal 0.124996 -0.949435 0.288008
outer loop
vertex -24.1212 -39.7364 0.6577
vertex -23.3152 -39.4385 1.2900
vertex -24.1212 -39.5446 1.2900
endloop
endfacet
facet normal 0.366468 -0.884733 0.288008
outer loop
vertex -23.2655 -39.6238 0.6577
vertex -22.4681 -39.2935 0.6577
vertex -22.5640 -39.1273 1.2900
endloop
endfacet
facet normal 0.366468 -0.884733 0.288008
outer loop
vertex -23.2655 -39.6238 0.6577
vertex -22.5640 -39.1273 1.2900
vertex -23.3152 -39.4385 1.2900
endloop
endfacet
facet normal 0.582967 -0.759737 0.288008
outer loop
vertex -22.4681 -39.2935 0.6577
vertex -21.7833 -38.7680 0.6577
vertex -21.9190 -38.6324 1.2900
endloop
endfacet
facet normal 0.582967 -0.759737 0.288008
outer loop
vertex -22.4681 -39.2935 0.6577
vertex -21.9190 -38.6324 1.2900
vertex -22.5640 -39.1273 1.2900
endloop
endfacet
facet normal 0.759737 -0.582967 0.288008
outer loop
vertex -21.7833 -38.7680 0.6577
vertex -21.2579 -38.0833 0.6577
vertex -21.4241 -37.9874 1.2900
endloop
endfacet
facet normal 0.759737 -0.582967 0.288008
outer loop
vertex -21.7833 -38.7680 0.6577
vertex -21.4241 -37.9874 1.2900
vertex -21.9190 -38.6324 1.2900
endloop
endfacet
facet normal 0.884733 -0.366468 0.288008
outer loop
vertex -21.2579 -38.0833 0.6577
vertex -20.9276 -37.2859 0.6577
vertex -21.1129 -37.2362 1.2900
endloop
endfacet
facet normal 0.884733 -0.366468 0.288008
outer loop
vertex -21.2579 -38.0833 0.6577
vertex -21.1129 -37.2362 1.2900
vertex -21.4241 -37.9874 1.2900
endloop
endfacet
facet normal 0.949435 -0.124996 0.288008
outer loop
vertex -20.9276 -37.2859 0.6577
vertex -20.8150 -36.4301 0.6577
vertex -21.0068 -36.4301 1.2900
endloop
endfacet
facet normal 0.949435 -0.124996 0.288008
outer loop
vertex -20.9276 -37.2859 0.6577
vertex -21.0068 -36.4301 1.2900
vertex -21.1129 -37.2362 1.2900
endloop
endfacet
facet normal 0.876036 0.115332 0.468251
outer loop
vertex -21.0068 -36.4301 1.2900
vertex -21.1129 -35.6241 1.2900
vertex -21.4138 -35.7047 1.8729
endloop
endfacet
facet normal 0.876036 0.115332 0.468251
outer loop
vertex -21.0068 -36.4301 1.2900
vertex -21.4138 -35.7047 1.8729
vertex -21.3183 -36.4301 1.8729
endloop
endfacet
facet normal 0.816336 0.338137 0.468251
outer loop
vertex -21.1129 -35.6241 1.2900
vertex -21.4241 -34.8729 1.2900
vertex -21.6938 -35.0287 1.8729
endloop
endfacet
facet normal 0.816336 0.338137 0.468251
outer loop
vertex -21.1129 -35.6241 1.2900
vertex -21.6938 -35.0287 1.8729
vertex -21.4138 -35.7047 1.8729
endloop
endfacet
facet normal 0.701003 0.537899 0.468251
outer loop
vertex -21.4241 -34.8729 1.2900
vertex -21.9190 -34.2279 1.2900
vertex -22.1393 -34.4482 1.8729
endloop
endfacet
facet normal 0.701003 0.537899 0.468251
outer loop
vertex -21.4241 -34.8729 1.2900
vertex -22.1393 -34.4482 1.8729
vertex -21.6938 -35.0287 1.8729
endloop
endfacet
facet normal 0.537899 0.701003 0.468251
outer loop
vertex -21.9190 -34.2279 1.2900
vertex -22.5640 -33.7330 1.2900
vertex -22.7198 -34.0027 1.8729
endloop
endfacet
facet normal 0.537899 0.701003 0.468251
outer loop
vertex -21.9190 -34.2279 1.2900
vertex -22.7198 -34.0027 1.8729
vertex -22.1393 -34.4482 1.8729
endloop
endfacet
facet normal 0.338137 0.816336 0.468251
outer loop
vertex -22.5640 -33.7330 1.2900
vertex -23.3152 -33.4218 1.2900
vertex -23.3958 -33.7227 1.8729
endloop
endfacet
facet normal 0.338137 0.816336 0.468251
outer loop
vertex -22.5640 -33.7330 1.2900
vertex -23.3958 -33.7227 1.8729
vertex -22.7198 -34.0027 1.8729
endloop
endfacet
facet normal 0.115332 0.876036 0.468251
outer loop
vertex -23.3152 -33.4218 1.2900
vertex -24.1212 -33.3157 1.2900
vertex -24.1212 -33.6272 1.8729
endloop
endfacet
facet normal 0.115332 0.876036 0.468251
outer loop
vertex -23.3152 -33.4218 1.2900
vertex -24.1212 -33.6272 1.8729
vertex -23.3958 -33.7227 1.8729
endloop
endfacet
facet normal -0.115332 0.876036 0.468251
outer loop
vertex -24.1212 -33.3157 1.2900
vertex -24.9273 -33.4218 1.2900
vertex -24.8467 -33.7227 1.8729
endloop
endfacet
facet normal -0.115332 0.876036 0.468251
outer loop
vertex -24.1212 -33.3157 1.2900
vertex -24.8467 -33.7227 1.8729
vertex -24.1212 -33.6272 1.8729
endloop
endfacet
facet normal -0.338137 0.816336 0.468251
outer loop
vertex -24.9273 -33.4218 1.2900
vertex -25.6785 -33.7330 1.2900
vertex -25.5227 -34.0027 1.8729
endloop
endfacet
facet normal -0.338137 0.816336 0.468251
outer loop
vertex -24.9273 -33.4218 1.2900
vertex -25.5227 -34.0027 1.8729
vertex -24.8467 -33.7227 1.8729
endloop
endfacet
facet normal -0.537899 0.701003 0.468251
outer loop
vertex -25.6785 -33.7330 1.2900
vertex -26.3235 -34.2279 1.2900
vertex -26.1032 -34.4482 1.8729
endloop
endfacet
facet normal -0.537899 0.701003 0.468251
outer loop
vertex -25.6785 -33.7330 1.2900
vertex -26.1032 -34.4482 1.8729
vertex -25.5227 -34.0027 1.8729
endloop
endfacet
facet normal -0.701003 0.537899 0.468251
outer loop
vertex -26.3235 -34.2279 1.2900
vertex -26.8184 -34.8729 1.2900
vertex -26.5486 -35.0287 1.8729
endloop
endfacet
facet normal -0.701003 0.537899 0.468251
outer loop
vertex -26.3235 -34.2279 1.2900
vertex -26.5486 -35.0287 1.8729
vertex -26.1032 -34.4482 1.8729
endloop
endfacet
facet normal -0.816336 0.338137 0.468251
outer loop
vertex -26.8184 -34.8729 1.2900
vertex -27.1296 -35.6241 1.2900
vertex -26.8287 -35.7047 1.8729
endloop
endfacet
facet normal -0.816336 0.338137 0.468251
outer loop
vertex -26.8184 -34.8729 1.2900
vertex -26.8287 -35.7047 1.8729
vertex -26.5486 -35.0287 1.8729
endloop
endfacet
facet normal -0.876036 0.115332 0.468251
outer loop
vertex -27.1296 -35.6241 1.2900
vertex -27.2357 -36.4301 1.2900
vertex -26.9242 -36.4301 1.8729
endloop
endfacet
facet normal -0.876036 0.115332 0.468251
outer loop
vertex -27.1296 -35.6241 1.2900
vertex -26.9242 -36.4301 1.8729
vertex -26.8287 -35.7047 1.8729
endloop
endfacet
facet normal -0.876036 -0.115332 0.468251
outer loop
vertex -27.2357 -36.4301 1.2900
vertex -27.1296 -37.2362 1.2900
vertex -26.8287 -37.1556 1.8729
endloop
endfacet
facet normal -0.876036 -0.115332 0.468251
outer loop
vertex -27.2357 -36.4301 1.2900
vertex -26.8287 -37.1556 1.8729
vertex -26.9242 -36.4301 1.8729
endloop
endfacet
facet normal -0.816336 -0.338137 0.468251
outer loop
vertex -27.1296 -37.2362 1.2900
vertex -26.8184 -37.9874 1.2900
vertex -26.5486 -37.8316 1.8729
endloop
endfacet
facet normal -0.816336 -0.338137 0.468251
outer loop
vertex -27.1296 -37.2362 1.2900
vertex -26.5486 -37.8316 1.8729
vertex -26.8287 -37.1556 1.8729
endloop
endfacet
facet normal -0.701003 -0.537899 0.468251
outer loop
vertex -26.8184 -37.9874 1.2900
vertex -26.3235 -38.6324 1.2900
vertex -26.1032 -38.4121 1.8729
endloop
endfacet
facet normal -0.701003 -0.537899 0.468251
outer loop
vertex -26.8184 -37.9874 1.2900
vertex -26.1032 -38.4121 1.8729
vertex -26.5486 -37.8316 1.8729
endloop
endfacet
facet normal -0.537899 -0.701003 0.468251
outer loop
vertex -26.3235 -38.6324 1.2900
vertex -25.6785 -39.1273 1.2900
vertex -25.5227 -38.8575 1.8729
endloop
endfacet
facet normal -0.537899 -0.701003 0.468251
outer loop
vertex -26.3235 -38.6324 1.2900
vertex -25.5227 -38.8575 1.8729
vertex -26.1032 -38.4121 1.8729
endloop
endfacet
facet normal -0.338137 -0.816336 0.468251
outer loop
vertex -25.6785 -39.1273 1.2900
vertex -24.9273 -39.4385 1.2900
vertex -24.8467 -39.1376 1.8729
endloop
endfacet
facet normal -0.338137 -0.816336 0.468251
outer loop
vertex -25.6785 -39.1273 1.2900
vertex -24.8467 -39.1376 1.8729
vertex -25.5227 -38.8575 1.8729
endloop
endfacet
facet normal -0.115332 -0.876036 0.468251
outer loop
vertex -24.9273 -39.4385 1.2900
vertex -24.1212 -39.5446 1.2900
vertex -24.1212 -39.2331 1.8729
endloop
endfacet
facet normal -0.115332 -0.876036 0.468251
outer loop
vertex -24.9273 -39.4385 1.2900
vertex -24.1212 -39.2331 1.8729
vertex -24.8467 -39.1376 1.8729
endloop
endfacet
facet normal 0.115332 -0.876036 0.468251
outer loop
vertex -24.1212 -39.5446 1.2900
vertex -23.3152 -39.4385 1.2900
vertex -23.3958 -39.1376 1.8729
endloop
endfacet
facet normal 0.115332 -0.876036 0.468251
outer loop
vertex -24.1212 -39.5446 1.2900
vertex -23.3958 -39.1376 1.8729
vertex -24.1212 -39.2331 1.8729
endloop
endfacet
facet normal 0.338137 -0.816336 0.468251
outer loop
vertex -23.3152 -39.4385 1.2900
vertex -22.5640 -39.1273 1.2900
vertex -22.7198 -38.8575 1.8729
endloop
endfacet
facet normal 0.338137 -0.816336 0.468251
outer loop
vertex -23.3152 -39.4385 1.2900
vertex -22.7198 -38.8575 1.8729
vertex -23.3958 -39.1376 1.8729
endloop
endfacet
facet normal 0.537899 -0.701003 0.468251
outer loop
vertex -22.5640 -39.1273 1.2900
vertex -21.9190 -38.6324 1.2900
vertex -22.1393 -38.4121 1.8729
endloop
endfacet
facet normal 0.537899 -0.701003 0.468251
outer loop
vertex -22.5640 -39.1273 1.2900
vertex -22.1393 -38.4121 1.8729
vertex -22.7198 -38.8575 1.8729
endloop
endfacet
facet normal 0.701003 -0.537899 0.468251
outer loop
vertex -21.9190 -38.6324 1.2900
vertex -21.4241 -37.9874 1.2900
vertex -21.6938 -37.8316 1.8729
endloop
endfacet
facet normal 0.701003 -0.537899 0.468251
outer loop
vertex -21.9190 -38.6324 1.2900
vertex -21.6938 -37.8316 1.8729
vertex -22.1393 -38.4121 1.8729
endloop
endfacet
facet normal 0.816336 -0.338137 0.468251
outer loop
vertex -21.4241 -37.9874 1.2900
vertex -21.1129 -37.2362 1.2900
vertex -21.4138 -37.1556 1.8729
endloop
endfacet
facet normal 0.816336 -0.338137 0.468251
outer loop
vertex -21.4241 -37.9874 1.2900
vertex -21.4138 -37.1556 1.8729
vertex -21.6938 -37.8316 1.8729
endloop
endfacet
facet normal 0.876036 -0.115332 0.468251
outer loop
vertex -21.1129 -37.2362 1.2900
vertex -21.0068 -36.4301 1.2900
vertex -21.3183 -36.4301 1.8729
endloop
endfacet
facet normal 0.876036 -0.115332 0.468251
outer loop
vertex -21.1129 -37.2362 1.2900
vertex -21.3183 -36.4301 1.8729
vertex -21.4138 -37.1556 1.8729
endloop
endfacet
facet normal 0.769038 0.101246 0.631133
outer loop
vertex -21.3183 -36.4301 1.8729
vertex -21.4138 -35.7047 1.8729
vertex -21.8188 -35.8132 2.3837
endloop
endfacet
facet normal 0.769038 0.101246 0.631133
outer loop
vertex -21.3183 -36.4301 1.8729
vertex -21.8188 -35.8132 2.3837
vertex -21.7375 -36.4301 2.3837
endloop
endfacet
facet normal 0.716630 0.296838 0.631133
outer loop
vertex -21.4138 -35.7047 1.8729
vertex -21.6938 -35.0287 1.8729
vertex -22.0569 -35.2383 2.3837
endloop
endfacet
facet normal 0.716630 0.296838 0.631133
outer loop
vertex -21.4138 -35.7047 1.8729
vertex -22.0569 -35.2383 2.3837
vertex -21.8188 -35.8132 2.3837
endloop
endfacet
facet normal 0.615384 0.472201 0.631133
outer loop
vertex -21.6938 -35.0287 1.8729
vertex -22.1393 -34.4482 1.8729
vertex -22.4357 -34.7446 2.3837
endloop
endfacet
facet normal 0.615384 0.472201 0.631133
outer loop
vertex -21.6938 -35.0287 1.8729
vertex -22.4357 -34.7446 2.3837
vertex -22.0569 -35.2383 2.3837
endloop
endfacet
facet normal 0.472201 0.615384 0.631133
outer loop
vertex -22.1393 -34.4482 1.8729
vertex -22.7198 -34.0027 1.8729
vertex -22.9294 -34.3658 2.3837
endloop
endfacet
facet normal 0.472201 0.615384 0.631133
outer loop
vertex -22.1393 -34.4482 1.8729
vertex -22.9294 -34.3658 2.3837
vertex -22.4357 -34.7446 2.3837
endloop
endfacet
facet normal 0.296838 0.716630 0.631133
outer loop
vertex -22.7198 -34.0027 1.8729
vertex -23.3958 -33.7227 1.8729
vertex -23.5043 -34.1277 2.3837
endloop
endfacet
facet normal 0.296838 0.716630 0.631133
outer loop
vertex -22.7198 -34.0027 1.8729
vertex -23.5043 -34.1277 2.3837
vertex -22.9294 -34.3658 2.3837
endloop
endfacet
facet normal 0.101246 0.769038 0.631133
outer loop
vertex -23.3958 -33.7227 1.8729
vertex -24.1212 -33.6272 1.8729
vertex -24.1212 -34.0464 2.3837
endloop
endfacet
facet normal 0.101246 0.769038 0.631133
outer loop
vertex -23.3958 -33.7227 1.8729
vertex -24.1212 -34.0464 2.3837
vertex -23.5043 -34.1277 2.3837
endloop
endfacet
facet normal -0.101246 0.769038 0.631133
outer loop
vertex -24.1212 -33.6272 1.8729
vertex -24.8467 -33.7227 1.8729
vertex -24.7382 -34.1277 2.3837
endloop
endfacet
facet normal -0.101246 0.769038 0.631133
outer loop
vertex -24.1212 -33.6272 1.8729
vertex -24.7382 -34.1277 2.3837
vertex -24.1212 -34.0464 2.3837
endloop
endfacet
facet normal -0.296838 0.716630 0.631133
outer loop
vertex -24.8467 -33.7227 1.8729
vertex -25.5227 -34.0027 1.8729
vertex -25.3131 -34.3658 2.3837
endloop
endfacet
facet normal -0.296838 0.716630 0.631133
outer loop
vertex -24.8467 -33.7227 1.8729
vertex -25.3131 -34.3658 2.3837
vertex -24.7382 -34.1277 2.3837
endloop
endfacet
facet normal -0.472201 0.615384 0.631133
outer loop
vertex -25.5227 -34.0027 1.8729
vertex -26.1032 -34.4482 1.8729
vertex -25.8068 -34.7446 2.3837
endloop
endfacet
facet normal -0.472201 0.615384 0.631133
outer loop
vertex -25.5227 -34.0027 1.8729
vertex -25.8068 -34.7446 2.3837
vertex -25.3131 -34.3658 2.3837
endloop
endfacet
facet normal -0.615384 0.472201 0.631133
outer loop
vertex -26.1032 -34.4482 1.8729
vertex -26.5486 -35.0287 1.8729
vertex -26.1856 -35.2383 2.3837
endloop
endfacet
facet normal -0.615384 0.472201 0.631133
outer loop
vertex -26.1032 -34.4482 1.8729
vertex -26.1856 -35.2383 2.3837
vertex -25.8068 -34.7446 2.3837
endloop
endfacet
facet normal -0.716630 0.296838 0.631133
outer loop
vertex -26.5486 -35.0287 1.8729
vertex -26.8287 -35.7047 1.8729
vertex -26.4237 -35.8132 2.3837
endloop
endfacet
facet normal -0.716630 0.296838 0.631133
outer loop
vertex -26.5486 -35.0287 1.8729
vertex -26.4237 -35.8132 2.3837
vertex -26.1856 -35.2383 2.3837
endloop
endfacet
facet normal -0.769038 0.101246 0.631133
outer loop
vertex -26.8287 -35.7047 1.8729
vertex -26.9242 -36.4301 1.8729
vertex -26.5049 -36.4301 2.3837
endloop
endfacet
facet normal -0.769038 0.101246 0.631133
outer loop
vertex -26.8287 -35.7047 1.8729
vertex -26.5049 -36.4301 2.3837
vertex -26.4237 -35.8132 2.3837
endloop
endfacet
facet normal -0.769038 -0.101246 0.631133
outer loop
vertex -26.9242 -36.4301 1.8729
vertex -26.8287 -37.1556 1.8729
vertex -26.4237 -37.0471 2.3837
endloop
endfacet
facet normal -0.769038 -0.101246 0.631133
outer loop
vertex -26.9242 -36.4301 1.8729
vertex -26.4237 -37.0471 2.3837
vertex -26.5049 -36.4301 2.3837
endloop
endfacet
facet normal -0.716630 -0.296838 0.631133
outer loop
vertex -26.8287 -37.1556 1.8729
vertex -26.5486 -37.8316 1.8729
vertex -26.1856 -37.6220 2.3837
endloop
endfacet
facet normal -0.716630 -0.296838 0.631133
outer loop
vertex -26.8287 -37.1556 1.8729
vertex -26.1856 -37.6220 2.3837
vertex -26.4237 -37.0471 2.3837
endloop
endfacet
facet normal -0.615384 -0.472201 0.631133
outer loop
vertex -26.5486 -37.8316 1.8729
vertex -26.1032 -38.4121 1.8729
vertex -25.8068 -38.1157 2.3837
endloop
endfacet
facet normal -0.615384 -0.472201 0.631133
outer loop
vertex -26.5486 -37.8316 1.8729
vertex -25.8068 -38.1157 2.3837
vertex -26.1856 -37.6220 2.3837
endloop
endfacet
facet normal -0.472201 -0.615384 0.631133
outer loop
vertex -26.1032 -38.4121 1.8729
vertex -25.5227 -38.8575 1.8729
vertex -25.3131 -38.4945 2.3837
endloop
endfacet
facet normal -0.472201 -0.615384 0.631133
outer loop
vertex -26.1032 -38.4121 1.8729
vertex -25.3131 -38.4945 2.3837
vertex -25.8068 -38.1157 2.3837
endloop
endfacet
facet normal -0.296838 -0.716630 0.631133
outer loop
vertex -25.5227 -38.8575 1.8729
vertex -24.8467 -39.1376 1.8729
vertex -24.7382 -38.7326 2.3837
endloop
endfacet
facet normal -0.296838 -0.716630 0.631133
outer loop
vertex -25.5227 -38.8575 1.8729
vertex -24.7382 -38.7326 2.3837
vertex -25.3131 -38.4945 2.3837
endloop
endfacet
facet normal -0.101246 -0.769038 0.631133
outer loop
vertex -24.8467 -39.1376 1.8729
vertex -24.1212 -39.2331 1.8729
vertex -24.1212 -38.8138 2.3837
endloop
endfacet
facet normal -0.101246 -0.769038 0.631133
outer loop
vertex -24.8467 -39.1376 1.8729
vertex -24.1212 -38.8138 2.3837
vertex -24.7382 -38.7326 2.3837
endloop
endfacet
facet normal 0.101246 -0.769038 0.631133
outer loop
vertex -24.1212 -39.2331 1.8729
vertex -23.3958 -39.1376 1.8729
vertex -23.5043 -38.7326 2.3837
endloop
endfacet
facet normal 0.101246 -0.769038 0.631133
outer loop
vertex -24.1212 -39.2331 1.8729
vertex -23.5043 -38.7326 2.3837
vertex -24.1212 -38.8138 2.3837
endloop
endfacet
facet normal 0.296838 -0.716630 0.631133
outer loop
vertex -23.3958 -39.1376 1.8729
vertex -22.7198 -38.8575 1.8729
vertex -22.9294 -38.4945 2.3837
endloop
endfacet
facet normal 0.296838 -0.716630 0.631133
outer loop
vertex -23.3958 -39.1376 1.8729
vertex -22.9294 -38.4945 2.3837
vertex -23.5043 -38.7326 2.3837
endloop
endfacet
facet normal 0.472201 -0.615384 0.631133
outer loop
vertex -22.7198 -38.8575 1.8729
vertex -22.1393 -38.4121 1.8729
vertex -22.4357 -38.1157 2.3837
endloop
endfacet
facet normal 0.472201 -0.615384 0.631133
outer loop
vertex -22.7198 -38.8575 1.8729
vertex -22.4357 -38.1157 2.3837
vertex -22.9294 -38.4945 2.3837
endloop
endfacet
facet normal 0.615384 -0.472201 0.631133
outer loop
vertex -22.1393 -38.4121 1.8729
vertex -21.6938 -37.8316 1.8729
vertex -22.0569 -37.6220 2.3837
endloop
endfacet
facet normal 0.615384 -0.472201 0.631133
outer loop
vertex -22.1393 -38.4121 1.8729
vertex -22.0569 -37.6220 2.3837
vertex -22.4357 -38.1157 2.3837
endloop
endfacet
facet normal 0.716630 -0.296838 0.631133
outer loop
vertex -21.6938 -37.8316 1.8729
vertex -21.4138 -37.1556 1.8729
vertex -21.8188 -37.0471 2.3837
endloop
endfacet
facet normal 0.716630 -0.296838 0.631133
outer loop
vertex -21.6938 -37.8316 1.8729
vertex -21.8188 -37.0471 2.3837
vertex -22.0569 -37.6220 2.3837
endloop
endfacet
facet normal 0.769038 -0.101246 0.631133
outer loop
vertex -21.4138 -37.1556 1.8729
vertex -21.3183 -36.4301 1.8729
vertex -21.7375 -36.4301 2.3837
endloop
endfacet
facet normal 0.769038 -0.101246 0.631133
outer loop
vertex -21.4138 -37.1556 1.8729
vertex -21.7375 -36.4301 2.3837
vertex -21.8188 -37.0471 2.3837
endloop
endfacet
facet normal 0.632192 0.083230 0.770328
outer loop
vertex -21.7375 -36.4301 2.3837
vertex -21.8188 -35.8132 2.3837
vertex -22.3122 -35.9454 2.8029
endloop
endfacet
facet normal 0.632192 0.083230 0.770328
outer loop
vertex -21.7375 -36.4301 2.3837
vertex -22.3122 -35.9454 2.8029
vertex -22.2484 -36.4301 2.8029
endloop
endfacet
facet normal 0.589109 0.244017 0.770328
outer loop
vertex -21.8188 -35.8132 2.3837
vertex -22.0569 -35.2383 2.3837
vertex -22.4993 -35.4937 2.8029
endloop
endfacet
facet normal 0.589109 0.244017 0.770328
outer loop
vertex -21.8188 -35.8132 2.3837
vertex -22.4993 -35.4937 2.8029
vertex -22.3122 -35.9454 2.8029
endloop
endfacet
facet normal 0.505880 0.388175 0.770328
outer loop
vertex -22.0569 -35.2383 2.3837
vertex -22.4357 -34.7446 2.3837
vertex -22.7969 -35.1058 2.8029
endloop
endfacet
facet normal 0.505880 0.388175 0.770328
outer loop
vertex -22.0569 -35.2383 2.3837
vertex -22.7969 -35.1058 2.8029
vertex -22.4993 -35.4937 2.8029
endloop
endfacet
facet normal 0.388175 0.505880 0.770328
outer loop
vertex -22.4357 -34.7446 2.3837
vertex -22.9294 -34.3658 2.3837
vertex -23.1848 -34.8082 2.8029
endloop
endfacet
facet normal 0.388175 0.505880 0.770328
outer loop
vertex -22.4357 -34.7446 2.3837
vertex -23.1848 -34.8082 2.8029
vertex -22.7969 -35.1058 2.8029
endloop
endfacet
facet normal 0.244017 0.589109 0.770328
outer loop
vertex -22.9294 -34.3658 2.3837
vertex -23.5043 -34.1277 2.3837
vertex -23.6365 -34.6211 2.8029
endloop
endfacet
facet normal 0.244017 0.589109 0.770328
outer loop
vertex -22.9294 -34.3658 2.3837
vertex -23.6365 -34.6211 2.8029
vertex -23.1848 -34.8082 2.8029
endloop
endfacet
facet normal 0.083230 0.632192 0.770328
outer loop
vertex -23.5043 -34.1277 2.3837
vertex -24.1212 -34.0464 2.3837
vertex -24.1212 -34.5573 2.8029
endloop
endfacet
facet normal 0.083230 0.632192 0.770328
outer loop
vertex -23.5043 -34.1277 2.3837
vertex -24.1212 -34.5573 2.8029
vertex -23.6365 -34.6211 2.8029
endloop
endfacet
facet normal -0.083230 0.632192 0.770328
outer loop
vertex -24.1212 -34.0464 2.3837
vertex -24.7382 -34.1277 2.3837
vertex -24.6060 -34.6211 2.8029
endloop
endfacet
facet normal -0.083230 0.632192 0.770328
outer loop
vertex -24.1212 -34.0464 2.3837
vertex -24.6060 -34.6211 2.8029
vertex -24.1212 -34.5573 2.8029
endloop
endfacet
facet normal -0.244017 0.589109 0.770328
outer loop
vertex -24.7382 -34.1277 2.3837
vertex -25.3131 -34.3658 2.3837
vertex -25.0577 -34.8082 2.8029
endloop
endfacet
facet normal -0.244017 0.589109 0.770328
outer loop
vertex -24.7382 -34.1277 2.3837
vertex -25.0577 -34.8082 2.8029
vertex -24.6060 -34.6211 2.8029
endloop
endfacet
facet normal -0.388175 0.505880 0.770328
outer loop
vertex -25.3131 -34.3658 2.3837
vertex -25.8068 -34.7446 2.3837
vertex -25.4456 -35.1058 2.8029
endloop
endfacet
facet normal -0.388175 0.505880 0.770328
outer loop
vertex -25.3131 -34.3658 2.3837
vertex -25.4456 -35.1058 2.8029
vertex -25.0577 -34.8082 2.8029
endloop
endfacet
facet normal -0.505880 0.388175 0.770328
outer loop
vertex -25.8068 -34.7446 2.3837
vertex -26.1856 -35.2383 2.3837
vertex -25.7432 -35.4937 2.8029
endloop
endfacet
facet normal -0.505880 0.388175 0.770328
outer loop
vertex -25.8068 -34.7446 2.3837
vertex -25.7432 -35.4937 2.8029
vertex -25.4456 -35.1058 2.8029
endloop
endfacet
facet normal -0.589109 0.244017 0.770328
outer loop
vertex -26.1856 -35.2383 2.3837
vertex -26.4237 -35.8132 2.3837
vertex -25.9303 -35.9454 2.8029
endloop
endfacet
facet normal -0.589109 0.244017 0.770328
outer loop
vertex -26.1856 -35.2383 2.3837
vertex -25.9303 -35.9454 2.8029
vertex -25.7432 -35.4937 2.8029
endloop
endfacet
facet normal -0.632192 0.083230 0.770328
outer loop
vertex -26.4237 -35.8132 2.3837
vertex -26.5049 -36.4301 2.3837
vertex -25.9941 -36.4301 2.8029
endloop
endfacet
facet normal -0.632192 0.083230 0.770328
outer loop
vertex -26.4237 -35.8132 2.3837
vertex -25.9941 -36.4301 2.8029
vertex -25.9303 -35.9454 2.8029
endloop
endfacet
facet normal -0.632192 -0.083230 0.770328
outer loop
vertex -26.5049 -36.4301 2.3837
vertex -26.4237 -37.0471 2.3837
vertex -25.9303 -36.9149 2.8029
endloop
endfacet
facet normal -0.632192 -0.083230 0.770328
outer loop
vertex -26.5049 -36.4301 2.3837
vertex -25.9303 -36.9149 2.8029
vertex -25.9941 -36.4301 2.8029
endloop
endfacet
facet normal -0.589109 -0.244017 0.770328
outer loop
vertex -26.4237 -37.0471 2.3837
vertex -26.1856 -37.6220 2.3837
vertex -25.7432 -37.3666 2.8029
endloop
endfacet
facet normal -0.589109 -0.244017 0.770328
outer loop
vertex -26.4237 -37.0471 2.3837
vertex -25.7432 -37.3666 2.8029
vertex -25.9303 -36.9149 2.8029
endloop
endfacet
facet normal -0.505880 -0.388175 0.770328
outer loop
vertex -26.1856 -37.6220 2.3837
vertex -25.8068 -38.1157 2.3837
vertex -25.4456 -37.7544 2.8029
endloop
endfacet
facet normal -0.505880 -0.388175 0.770328
outer loop
vertex -26.1856 -37.6220 2.3837
vertex -25.4456 -37.7544 2.8029
vertex -25.7432 -37.3666 2.8029
endloop
endfacet
facet normal -0.388175 -0.505880 0.770328
outer loop
vertex -25.8068 -38.1157 2.3837
vertex -25.3131 -38.4945 2.3837
vertex -25.0577 -38.0521 2.8029
endloop
endfacet
facet normal -0.388175 -0.505880 0.770328
outer loop
vertex -25.8068 -38.1157 2.3837
vertex -25.0577 -38.0521 2.8029
vertex -25.4456 -37.7544 2.8029
endloop
endfacet
facet normal -0.244017 -0.589109 0.770328
outer loop
vertex -25.3131 -38.4945 2.3837
vertex -24.7382 -38.7326 2.3837
vertex -24.6060 -38.2392 2.8029
endloop
endfacet
facet normal -0.244017 -0.589109 0.770328
outer loop
vertex -25.3131 -38.4945 2.3837
vertex -24.6060 -38.2392 2.8029
vertex -25.0577 -38.0521 2.8029
endloop
endfacet
facet normal -0.083230 -0.632192 0.770328
outer loop
vertex -24.7382 -38.7326 2.3837
vertex -24.1212 -38.8138 2.3837
vertex -24.1212 -38.3030 2.8029
endloop
endfacet
facet normal -0.083230 -0.632192 0.770328
outer loop
vertex -24.7382 -38.7326 2.3837
vertex -24.1212 -38.3030 2.8029
vertex -24.6060 -38.2392 2.8029
endloop
endfacet
facet normal 0.083230 -0.632192 0.770328
outer loop
vertex -24.1212 -38.8138 2.3837
vertex -23.5043 -38.7326 2.3837
vertex -23.6365 -38.2392 2.8029
endloop
endfacet
facet normal 0.083230 -0.632192 0.770328
outer loop
vertex -24.1212 -38.8138 2.3837
vertex -23.6365 -38.2392 2.8029
vertex -24.1212 -38.3030 2.8029
endloop
endfacet
facet normal 0.244017 -0.589109 0.770328
outer loop
vertex -23.5043 -38.7326 2.3837
vertex -22.9294 -38.4945 2.3837
vertex -23.1848 -38.0521 2.8029
endloop
endfacet
facet normal 0.244017 -0.589109 0.770328
outer loop
vertex -23.5043 -38.7326 2.3837
vertex -23.1848 -38.0521 2.8029
vertex -23.6365 -38.2392 2.8029
endloop
endfacet
facet normal 0.388175 -0.505880 0.770328
outer loop
vertex -22.9294 -38.4945 2.3837
vertex -22.4357 -38.1157 2.3837
vertex -22.7969 -37.7544 2.8029
endloop
endfacet
facet normal 0.388175 -0.505880 0.770328
outer loop
vertex -22.9294 -38.4945 2.3837
vertex -22.7969 -37.7544 2.8029
vertex -23.1848 -38.0521 2.8029
endloop
endfacet
facet normal 0.505880 -0.388175 0.770328
outer loop
vertex -22.4357 -38.1157 2.3837
vertex -22.0569 -37.6220 2.3837
vertex -22.4993 -37.3666 2.8029
endloop
endfacet
facet normal 0.505880 -0.388175 0.770328
outer loop
vertex -22.4357 -38.1157 2.3837
vertex -22.4993 -37.3666 2.8029
vertex -22.7969 -37.7544 2.8029
endloop
endfacet
facet normal 0.589109 -0.244017 0.770328
outer loop
vertex -22.0569 -37.6220 2.3837
vertex -21.8188 -37.0471 2.3837
vertex -22.3122 -36.9149 2.8029
endloop
endfacet
facet normal 0.589109 -0.244017 0.770328
outer loop
vertex -22.0569 -37.6220 2.3837
vertex -22.3122 -36.9149 2.8029
vertex -22.4993 -37.3666 2.8029
endloop
endfacet
facet normal 0.632192 -0.083230 0.770328
outer loop
vertex -21.8188 -37.0471 2.3837
vertex -21.7375 -36.4301 2.3837
vertex -22.2484 -36.4301 2.8029
endloop
endfacet
facet normal 0.632192 -0.083230 0.770328
outer loop
vertex -21.8188 -37.0471 2.3837
vertex -22.2484 -36.4301 2.8029
vertex -22.3122 -36.9149 2.8029
endloop
endfacet
facet normal 0.470492 0.061941 0.880228
outer loop
vertex -22.2484 -36.4301 2.8029
vertex -22.3122 -35.9454 2.8029
vertex -22.8752 -36.0963 3.1144
endloop
endfacet
facet normal 0.470492 0.061941 0.880228
outer loop
vertex -22.2484 -36.4301 2.8029
vertex -22.8752 -36.0963 3.1144
vertex -22.8312 -36.4301 3.1144
endloop
endfacet
facet normal 0.438428 0.181603 0.880228
outer loop
vertex -22.3122 -35.9454 2.8029
vertex -22.4993 -35.4937 2.8029
vertex -23.0040 -35.7851 3.1144
endloop
endfacet
facet normal 0.438428 0.181603 0.880228
outer loop
vertex -22.3122 -35.9454 2.8029
vertex -23.0040 -35.7851 3.1144
vertex -22.8752 -36.0963 3.1144
endloop
endfacet
facet normal 0.376487 0.288889 0.880228
outer loop
vertex -22.4993 -35.4937 2.8029
vertex -22.7969 -35.1058 2.8029
vertex -23.2090 -35.5179 3.1144
endloop
endfacet
facet normal 0.376487 0.288889 0.880228
outer loop
vertex -22.4993 -35.4937 2.8029
vertex -23.2090 -35.5179 3.1144
vertex -23.0040 -35.7851 3.1144
endloop
endfacet
facet normal 0.288889 0.376487 0.880228
outer loop
vertex -22.7969 -35.1058 2.8029
vertex -23.1848 -34.8082 2.8029
vertex -23.4762 -35.3129 3.1144
endloop
endfacet
facet normal 0.288889 0.376487 0.880228
outer loop
vertex -22.7969 -35.1058 2.8029
vertex -23.4762 -35.3129 3.1144
vertex -23.2090 -35.5179 3.1144
endloop
endfacet
facet normal 0.181603 0.438428 0.880228
outer loop
vertex -23.1848 -34.8082 2.8029
vertex -23.6365 -34.6211 2.8029
vertex -23.7874 -35.1841 3.1144
endloop
endfacet
facet normal 0.181603 0.438428 0.880228
outer loop
vertex -23.1848 -34.8082 2.8029
vertex -23.7874 -35.1841 3.1144
vertex -23.4762 -35.3129 3.1144
endloop
endfacet
facet normal 0.061941 0.470492 0.880228
outer loop
vertex -23.6365 -34.6211 2.8029
vertex -24.1212 -34.5573 2.8029
vertex -24.1212 -35.1401 3.1144
endloop
endfacet
facet normal 0.061941 0.470492 0.880228
outer loop
vertex -23.6365 -34.6211 2.8029
vertex -24.1212 -35.1401 3.1144
vertex -23.7874 -35.1841 3.1144
endloop
endfacet
facet normal -0.061941 0.470492 0.880228
outer loop
vertex -24.1212 -34.5573 2.8029
vertex -24.6060 -34.6211 2.8029
vertex -24.4551 -35.1841 3.1144
endloop
endfacet
facet normal -0.061941 0.470492 0.880228
outer loop
vertex -24.1212 -34.5573 2.8029
vertex -24.4551 -35.1841 3.1144
vertex -24.1212 -35.1401 3.1144
endloop
endfacet
facet normal -0.181603 0.438428 0.880228
outer loop
vertex -24.6060 -34.6211 2.8029
vertex -25.0577 -34.8082 2.8029
vertex -24.7663 -35.3129 3.1144
endloop
endfacet
facet normal -0.181603 0.438428 0.880228
outer loop
vertex -24.6060 -34.6211 2.8029
vertex -24.7663 -35.3129 3.1144
vertex -24.4551 -35.1841 3.1144
endloop
endfacet
facet normal -0.288889 0.376487 0.880228
outer loop
vertex -25.0577 -34.8082 2.8029
vertex -25.4456 -35.1058 2.8029
vertex -25.0334 -35.5179 3.1144
endloop
endfacet
facet normal -0.288889 0.376487 0.880228
outer loop
vertex -25.0577 -34.8082 2.8029
vertex -25.0334 -35.5179 3.1144
vertex -24.7663 -35.3129 3.1144
endloop
endfacet
facet normal -0.376487 0.288889 0.880228
outer loop
vertex -25.4456 -35.1058 2.8029
vertex -25.7432 -35.4937 2.8029
vertex -25.2385 -35.7851 3.1144
endloop
endfacet
facet normal -0.376487 0.288889 0.880228
outer loop
vertex -25.4456 -35.1058 2.8029
vertex -25.2385 -35.7851 3.1144
vertex -25.0334 -35.5179 3.1144
endloop
endfacet
facet normal -0.438428 0.181603 0.880228
outer loop
vertex -25.7432 -35.4937 2.8029
vertex -25.9303 -35.9454 2.8029
vertex -25.3673 -36.0963 3.1144
endloop
endfacet
facet normal -0.438428 0.181603 0.880228
outer loop
vertex -25.7432 -35.4937 2.8029
vertex -25.3673 -36.0963 3.1144
vertex -25.2385 -35.7851 3.1144
endloop
endfacet
facet normal -0.470492 0.061941 0.880228
outer loop
vertex -25.9303 -35.9454 2.8029
vertex -25.9941 -36.4301 2.8029
vertex -25.4113 -36.4301 3.1144
endloop
endfacet
facet normal -0.470492 0.061941 0.880228
outer loop
vertex -25.9303 -35.9454 2.8029
vertex -25.4113 -36.4301 3.1144
vertex -25.3673 -36.0963 3.1144
endloop
endfacet
facet normal -0.470492 -0.061941 0.880228
outer loop
vertex -25.9941 -36.4301 2.8029
vertex -25.9303 -36.9149 2.8029
vertex -25.3673 -36.7640 3.1144
endloop
endfacet
facet normal -0.470492 -0.061941 0.880228
outer loop
vertex -25.9941 -36.4301 2.8029
vertex -25.3673 -36.7640 3.1144
vertex -25.4113 -36.4301 3.1144
endloop
endfacet
facet normal -0.438428 -0.181603 0.880228
outer loop
vertex -25.9303 -36.9149 2.8029
vertex -25.7432 -37.3666 2.8029
vertex -25.2385 -37.0752 3.1144
endloop
endfacet
facet normal -0.438428 -0.181603 0.880228
outer loop
vertex -25.9303 -36.9149 2.8029
vertex -25.2385 -37.0752 3.1144
vertex -25.3673 -36.7640 3.1144
endloop
endfacet
facet normal -0.376487 -0.288889 0.880228
outer loop
vertex -25.7432 -37.3666 2.8029
vertex -25.4456 -37.7544 2.8029
vertex -25.0334 -37.3423 3.1144
endloop
endfacet
facet normal -0.376487 -0.288889 0.880228
outer loop
vertex -25.7432 -37.3666 2.8029
vertex -25.0334 -37.3423 3.1144
vertex -25.2385 -37.0752 3.1144
endloop
endfacet
facet normal -0.288889 -0.376487 0.880228
outer loop
vertex -25.4456 -37.7544 2.8029
vertex -25.0577 -38.0521 2.8029
vertex -24.7663 -37.5474 3.1144
endloop
endfacet
facet normal -0.288889 -0.376487 0.880228
outer loop
vertex -25.4456 -37.7544 2.8029
vertex -24.7663 -37.5474 3.1144
vertex -25.0334 -37.3423 3.1144
endloop
endfacet
facet normal -0.181603 -0.438428 0.880228
outer loop
vertex -25.0577 -38.0521 2.8029
vertex -24.6060 -38.2392 2.8029
vertex -24.4551 -37.6762 3.1144
endloop
endfacet
facet normal -0.181603 -0.438428 0.880228
outer loop
vertex -25.0577 -38.0521 2.8029
vertex -24.4551 -37.6762 3.1144
vertex -24.7663 -37.5474 3.1144
endloop
endfacet
facet normal -0.061941 -0.470492 0.880228
outer loop
vertex -24.6060 -38.2392 2.8029
vertex -24.1212 -38.3030 2.8029
vertex -24.1212 -37.7202 3.1144
endloop
endfacet
facet normal -0.061941 -0.470492 0.880228
outer loop
vertex -24.6060 -38.2392 2.8029
vertex -24.1212 -37.7202 3.1144
vertex -24.4551 -37.6762 3.1144
endloop
endfacet
facet normal 0.061941 -0.470492 0.880228
outer loop
vertex -24.1212 -38.3030 2.8029
vertex -23.6365 -38.2392 2.8029
vertex -23.7874 -37.6762 3.1144
endloop
endfacet
facet normal 0.061941 -0.470492 0.880228
outer loop
vertex -24.1212 -38.3030 2.8029
vertex -23.7874 -37.6762 3.1144
vertex -24.1212 -37.7202 3.1144
endloop
endfacet
facet normal 0.181603 -0.438428 0.880228
outer loop
vertex -23.6365 -38.2392 2.8029
vertex -23.1848 -38.0521 2.8029
vertex -23.4762 -37.5474 3.1144
endloop
endfacet
facet normal 0.181603 -0.438428 0.880228
outer loop
vertex -23.6365 -38.2392 2.8029
vertex -23.4762 -37.5474 3.1144
vertex -23.7874 -37.6762 3.1144
endloop
endfacet
facet normal 0.288889 -0.376487 0.880228
outer loop
vertex -23.1848 -38.0521 2.8029
vertex -22.7969 -37.7544 2.8029
vertex -23.2090 -37.3423 3.1144
endloop
endfacet
facet normal 0.288889 -0.376487 0.880228
outer loop
vertex -23.1848 -38.0521 2.8029
vertex -23.2090 -37.3423 3.1144
vertex -23.4762 -37.5474 3.1144
endloop
endfacet
facet normal 0.376487 -0.288889 0.880228
outer loop
vertex -22.7969 -37.7544 2.8029
vertex -22.4993 -37.3666 2.8029
vertex -23.0040 -37.0752 3.1144
endloop
endfacet
facet normal 0.376487 -0.288889 0.880228
outer loop
vertex -22.7969 -37.7544 2.8029
vertex -23.0040 -37.0752 3.1144
vertex -23.2090 -37.3423 3.1144
endloop
endfacet
facet normal 0.438428 -0.181603 0.880228
outer loop
vertex -22.4993 -37.3666 2.8029
vertex -22.3122 -36.9149 2.8029
vertex -22.8752 -36.7640 3.1144
endloop
endfacet
facet normal 0.438428 -0.181603 0.880228
outer loop
vertex -22.4993 -37.3666 2.8029
vertex -22.8752 -36.7640 3.1144
vertex -23.0040 -37.0752 3.1144
endloop
endfacet
facet normal 0.470492 -0.061941 0.880228
outer loop
vertex -22.3122 -36.9149 2.8029
vertex -22.2484 -36.4301 2.8029
vertex -22.8312 -36.4301 3.1144
endloop
endfacet
facet normal 0.470492 -0.061941 0.880228
outer loop
vertex -22.3122 -36.9149 2.8029
vertex -22.8312 -36.4301 3.1144
vertex -22.8752 -36.7640 3.1144
endloop
endfacet
facet normal 0.290073 0.038189 0.956242
outer loop
vertex -22.8312 -36.4301 3.1144
vertex -22.8752 -36.0963 3.1144
vertex -23.4860 -36.2599 3.3063
endloop
endfacet
facet normal 0.290073 0.038189 0.956242
outer loop
vertex -22.8312 -36.4301 3.1144
vertex -23.4860 -36.2599 3.3063
vertex -23.4636 -36.4301 3.3063
endloop
endfacet
facet normal 0.270305 0.111964 0.956242
outer loop
vertex -22.8752 -36.0963 3.1144
vertex -23.0040 -35.7851 3.1144
vertex -23.5517 -36.1013 3.3063
endloop
endfacet
facet normal 0.270305 0.111964 0.956242
outer loop
vertex -22.8752 -36.0963 3.1144
vertex -23.5517 -36.1013 3.3063
vertex -23.4860 -36.2599 3.3063
endloop
endfacet
facet normal 0.232116 0.178109 0.956242
outer loop
vertex -23.0040 -35.7851 3.1144
vertex -23.2090 -35.5179 3.1144
vertex -23.6562 -35.9651 3.3063
endloop
endfacet
facet normal 0.232116 0.178109 0.956242
outer loop
vertex -23.0040 -35.7851 3.1144
vertex -23.6562 -35.9651 3.3063
vertex -23.5517 -36.1013 3.3063
endloop
endfacet
facet normal 0.178109 0.232116 0.956242
outer loop
vertex -23.2090 -35.5179 3.1144
vertex -23.4762 -35.3129 3.1144
vertex -23.7924 -35.8606 3.3063
endloop
endfacet
facet normal 0.178109 0.232116 0.956242
outer loop
vertex -23.2090 -35.5179 3.1144
vertex -23.7924 -35.8606 3.3063
vertex -23.6562 -35.9651 3.3063
endloop
endfacet
facet normal 0.111964 0.270305 0.956242
outer loop
vertex -23.4762 -35.3129 3.1144
vertex -23.7874 -35.1841 3.1144
vertex -23.9510 -35.7949 3.3063
endloop
endfacet
facet normal 0.111964 0.270305 0.956242
outer loop
vertex -23.4762 -35.3129 3.1144
vertex -23.9510 -35.7949 3.3063
vertex -23.7924 -35.8606 3.3063
endloop
endfacet
facet normal 0.038189 0.290073 0.956242
outer loop
vertex -23.7874 -35.1841 3.1144
vertex -24.1212 -35.1401 3.1144
vertex -24.1212 -35.7725 3.3063
endloop
endfacet
facet normal 0.038189 0.290073 0.956242
outer loop
vertex -23.7874 -35.1841 3.1144
vertex -24.1212 -35.7725 3.3063
vertex -23.9510 -35.7949 3.3063
endloop
endfacet
facet normal -0.038189 0.290073 0.956242
outer loop
vertex -24.1212 -35.1401 3.1144
vertex -24.4551 -35.1841 3.1144
vertex -24.2915 -35.7949 3.3063
endloop
endfacet
facet normal -0.038189 0.290073 0.956242
outer loop
vertex -24.1212 -35.1401 3.1144
vertex -24.2915 -35.7949 3.3063
vertex -24.1212 -35.7725 3.3063
endloop
endfacet
facet normal -0.111964 0.270305 0.956242
outer loop
vertex -24.4551 -35.1841 3.1144
vertex -24.7663 -35.3129 3.1144
vertex -24.4501 -35.8606 3.3063
endloop
endfacet
facet normal -0.111964 0.270305 0.956242
outer loop
vertex -24.4551 -35.1841 3.1144
vertex -24.4501 -35.8606 3.3063
vertex -24.2915 -35.7949 3.3063
endloop
endfacet
facet normal -0.178109 0.232116 0.956242
outer loop
vertex -24.7663 -35.3129 3.1144
vertex -25.0334 -35.5179 3.1144
vertex -24.5863 -35.9651 3.3063
endloop
endfacet
facet normal -0.178109 0.232116 0.956242
outer loop
vertex -24.7663 -35.3129 3.1144
vertex -24.5863 -35.9651 3.3063
vertex -24.4501 -35.8606 3.3063
endloop
endfacet
facet normal -0.232116 0.178109 0.956242
outer loop
vertex -25.0334 -35.5179 3.1144
vertex -25.2385 -35.7851 3.1144
vertex -24.6908 -36.1013 3.3063
endloop
endfacet
facet normal -0.232116 0.178109 0.956242
outer loop
vertex -25.0334 -35.5179 3.1144
vertex -24.6908 -36.1013 3.3063
vertex -24.5863 -35.9651 3.3063
endloop
endfacet
facet normal -0.270305 0.111964 0.956242
outer loop
vertex -25.2385 -35.7851 3.1144
vertex -25.3673 -36.0963 3.1144
vertex -24.7565 -36.2599 3.3063
endloop
endfacet
facet normal -0.270305 0.111964 0.956242
outer loop
vertex -25.2385 -35.7851 3.1144
vertex -24.7565 -36.2599 3.3063
vertex -24.6908 -36.1013 3.3063
endloop
endfacet
facet normal -0.290073 0.038189 0.956242
outer loop
vertex -25.3673 -36.0963 3.1144
vertex -25.4113 -36.4301 3.1144
vertex -24.7789 -36.4301 3.3063
endloop
endfacet
facet normal -0.290073 0.038189 0.956242
outer loop
vertex -25.3673 -36.0963 3.1144
vertex -24.7789 -36.4301 3.3063
vertex -24.7565 -36.2599 3.3063
endloop
endfacet
facet normal -0.290073 -0.038189 0.956242
outer loop
vertex -25.4113 -36.4301 3.1144
vertex -25.3673 -36.7640 3.1144
vertex -24.7565 -36.6004 3.3063
endloop
endfacet
facet normal -0.290073 -0.038189 0.956242
outer loop
vertex -25.4113 -36.4301 3.1144
vertex -24.7565 -36.6004 3.3063
vertex -24.7789 -36.4301 3.3063
endloop
endfacet
facet normal -0.270305 -0.111964 0.956242
outer loop
vertex -25.3673 -36.7640 3.1144
vertex -25.2385 -37.0752 3.1144
vertex -24.6908 -36.7590 3.3063
endloop
endfacet
facet normal -0.270305 -0.111964 0.956242
outer loop
vertex -25.3673 -36.7640 3.1144
vertex -24.6908 -36.7590 3.3063
vertex -24.7565 -36.6004 3.3063
endloop
endfacet
facet normal -0.232116 -0.178109 0.956242
outer loop
vertex -25.2385 -37.0752 3.1144
vertex -25.0334 -37.3423 3.1144
vertex -24.5863 -36.8952 3.3063
endloop
endfacet
facet normal -0.232116 -0.178109 0.956242
outer loop
vertex -25.2385 -37.0752 3.1144
vertex -24.5863 -36.8952 3.3063
vertex -24.6908 -36.7590 3.3063
endloop
endfacet
facet normal -0.178109 -0.232116 0.956242
outer loop
vertex -25.0334 -37.3423 3.1144
vertex -24.7663 -37.5474 3.1144
vertex -24.4501 -36.9997 3.3063
endloop
endfacet
facet normal -0.178109 -0.232116 0.956242
outer loop
vertex -25.0334 -37.3423 3.1144
vertex -24.4501 -36.9997 3.3063
vertex -24.5863 -36.8952 3.3063
endloop
endfacet
facet normal -0.111964 -0.270305 0.956242
outer loop
vertex -24.7663 -37.5474 3.1144
vertex -24.4551 -37.6762 3.1144
vertex -24.2915 -37.0654 3.3063
endloop
endfacet
facet normal -0.111964 -0.270305 0.956242
outer loop
vertex -24.7663 -37.5474 3.1144
vertex -24.2915 -37.0654 3.3063
vertex -24.4501 -36.9997 3.3063
endloop
endfacet
facet normal -0.038189 -0.290073 0.956242
outer loop
vertex -24.4551 -37.6762 3.1144
vertex -24.1212 -37.7202 3.1144
vertex -24.1212 -37.0878 3.3063
endloop
endfacet
facet normal -0.038189 -0.290073 0.956242
outer loop
vertex -24.4551 -37.6762 3.1144
vertex -24.1212 -37.0878 3.3063
vertex -24.2915 -37.0654 3.3063
endloop
endfacet
facet normal 0.038189 -0.290073 0.956242
outer loop
vertex -24.1212 -37.7202 3.1144
vertex -23.7874 -37.6762 3.1144
vertex -23.9510 -37.0654 3.3063
endloop
endfacet
facet normal 0.038189 -0.290073 0.956242
outer loop
vertex -24.1212 -37.7202 3.1144
vertex -23.9510 -37.0654 3.3063
vertex -24.1212 -37.0878 3.3063
endloop
endfacet
facet normal 0.111964 -0.270305 0.956242
outer loop
vertex -23.7874 -37.6762 3.1144
vertex -23.4762 -37.5474 3.1144
vertex -23.7924 -36.9997 3.3063
endloop
endfacet
facet normal 0.111964 -0.270305 0.956242
outer loop
vertex -23.7874 -37.6762 3.1144
vertex -23.7924 -36.9997 3.3063
vertex -23.9510 -37.0654 3.3063
endloop
endfacet
facet normal 0.178109 -0.232116 0.956242
outer loop
vertex -23.4762 -37.5474 3.1144
vertex -23.2090 -37.3423 3.1144
vertex -23.6562 -36.8952 3.3063
endloop
endfacet
facet normal 0.178109 -0.232116 0.956242
outer loop
vertex -23.4762 -37.5474 3.1144
vertex -23.6562 -36.8952 3.3063
vertex -23.7924 -36.9997 3.3063
endloop
endfacet
facet normal 0.232116 -0.178109 0.956242
outer loop
vertex -23.2090 -37.3423 3.1144
vertex -23.0040 -37.0752 3.1144
vertex -23.5517 -36.7590 3.3063
endloop
endfacet
facet normal 0.232116 -0.178109 0.956242
outer loop
vertex -23.2090 -37.3423 3.1144
vertex -23.5517 -36.7590 3.3063
vertex -23.6562 -36.8952 3.3063
endloop
endfacet
facet normal 0.270305 -0.111964 0.956242
outer loop
vertex -23.0040 -37.0752 3.1144
vertex -22.8752 -36.7640 3.1144
vertex -23.4860 -36.6004 3.3063
endloop
endfacet
facet normal 0.270305 -0.111964 0.956242
outer loop
vertex -23.0040 -37.0752 3.1144
vertex -23.4860 -36.6004 3.3063
vertex -23.5517 -36.7590 3.3063
endloop
endfacet
facet normal 0.290073 -0.038189 0.956242
outer loop
vertex -22.8752 -36.7640 3.1144
vertex -22.8312 -36.4301 3.1144
vertex -23.4636 -36.4301 3.3063
endloop
endfacet
facet normal 0.290073 -0.038189 0.956242
outer loop
vertex -22.8752 -36.7640 3.1144
vertex -23.4636 -36.4301 3.3063
vertex -23.4860 -36.6004 3.3063
endloop
endfacet
facet normal 0.098009 0.012903 0.995102
outer loop
vertex -23.4636 -36.4301 3.3063
vertex -23.4860 -36.2599 3.3063
vertex -24.1212 -36.4301 3.3711
endloop
endfacet
facet normal 0.091330 0.037830 0.995102
outer loop
vertex -23.4860 -36.2599 3.3063
vertex -23.5517 -36.1013 3.3063
vertex -24.1212 -36.4301 3.3711
endloop
endfacet
facet normal 0.078427 0.060179 0.995102
outer loop
vertex -23.5517 -36.1013 3.3063
vertex -23.6562 -35.9651 3.3063
vertex -24.1212 -36.4301 3.3711
endloop
endfacet
facet normal 0.060179 0.078427 0.995102
outer loop
vertex -23.6562 -35.9651 3.3063
vertex -23.7924 -35.8606 3.3063
vertex -24.1212 -36.4301 3.3711
endloop
endfacet
facet normal 0.037830 0.091330 0.995102
outer loop
vertex -23.7924 -35.8606 3.3063
vertex -23.9510 -35.7949 3.3063
vertex -24.1212 -36.4301 3.3711
endloop
endfacet
facet normal 0.012903 0.098009 0.995102
outer loop
vertex -23.9510 -35.7949 3.3063
vertex -24.1212 -35.7725 3.3063
vertex -24.1212 -36.4301 3.3711
endloop
endfacet
facet normal -0.012903 0.098009 0.995102
outer loop
vertex -24.1212 -35.7725 3.3063
vertex -24.2915 -35.7949 3.3063
vertex -24.1212 -36.4301 3.3711
endloop
endfacet
facet normal -0.037830 0.091330 0.995102
outer loop
vertex -24.2915 -35.7949 3.3063
vertex -24.4501 -35.8606 3.3063
vertex -24.1212 -36.4301 3.3711
endloop
endfacet
facet normal -0.060179 0.078427 0.995102
outer loop
vertex -24.4501 -35.8606 3.3063
vertex -24.5863 -35.9651 3.3063
vertex -24.1212 -36.4301 3.3711
endloop
endfacet
facet normal -0.078427 0.060179 0.995102
outer loop
vertex -24.5863 -35.9651 3.3063
vertex -24.6908 -36.1013 3.3063
vertex -24.1212 -36.4301 3.3711
endloop
endfacet
facet normal -0.091330 0.037830 0.995102
outer loop
vertex -24.6908 -36.1013 3.3063
vertex -24.7565 -36.2599 3.3063
vertex -24.1212 -36.4301 3.3711
endloop
endfacet
facet normal -0.098009 0.012903 0.995102
outer loop
vertex -24.7565 -36.2599 3.3063
vertex -24.7789 -36.4301 3.3063
vertex -24.1212 -36.4301 3.3711
endloop
endfacet
facet normal -0.098009 -0.012903 0.995102
outer loop
vertex -24.7789 -36.4301 3.3063
vertex -24.7565 -36.6004 3.3063
vertex -24.1212 -36.4301 3.3711
endloop
endfacet
facet normal -0.091330 -0.037830 0.995102
outer loop
vertex -24.7565 -36.6004 3.3063
vertex -24.6908 -36.7590 3.3063
vertex -24.1212 -36.4301 3.3711
endloop
endfacet
facet normal -0.078427 -0.060179 0.995102
outer loop
vertex -24.6908 -36.7590 3.3063
vertex -24.5863 -36.8952 3.3063
vertex -24.1212 -36.4301 3.3711
endloop
endfacet
facet normal -0.060179 -0.078427 0.995102
outer loop
vertex -24.5863 -36.8952 3.3063
vertex -24.4501 -36.9997 3.3063
vertex -24.1212 -36.4301 3.3711
endloop
endfacet
facet normal -0.037830 -0.091330 0.995102
outer loop
vertex -24.4501 -36.9997 3.3063
vertex -24.2915 -37.0654 3.3063
vertex -24.1212 -36.4301 3.3711
endloop
endfacet
facet normal -0.012903 -0.098009 0.995102
outer loop
vertex -24.2915 -37.0654 3.3063
vertex -24.1212 -37.0878 3.3063
vertex -24.1212 -36.4301 3.3711
endloop
endfacet
facet normal 0.012903 -0.098009 0.995102
outer loop
vertex -24.1212 -37.0878 3.3063
vertex -23.9510 -37.0654 3.3063
vertex -24.1212 -36.4301 3.3711
endloop
endfacet
facet normal 0.037830 -0.091330 0.995102
outer loop
vertex -23.9510 -37.0654 3.3063
vertex -23.7924 -36.9997 3.3063
vertex -24.1212 -36.4301 3.3711
endloop
endfacet
facet normal 0.060179 -0.078427 0.995102
outer loop
vertex -23.7924 -36.9997 3.3063
vertex -23.6562 -36.8952 3.3063
vertex -24.1212 -36.4301 3.3711
endloop
endfacet
facet normal 0.078427 -0.060179 0.995102
outer loop
vertex -23.6562 -36.8952 3.3063
vertex -23.5517 -36.7590 3.3063
vertex -24.1212 -36.4301 3.3711
endloop
endfacet
facet normal 0.091330 -0.037830 0.995102
outer loop
vertex -23.5517 -36.7590 3.3063
vertex -23.4860 -36.6004 3.3063
vertex -24.1212 -36.4301 3.3711
endloop
endfacet
facet normal 0.098009 -0.012903 0.995102
outer loop
vertex -23.4860 -36.6004 3.3063
vertex -23.4636 -36.4301 3.3063
vertex -24.1212 -36.4301 3.3711
endloop
endfacet
facet normal 0.986752 0.129908 0.097187
outer loop
vertex -5.0493 -34.2761 0.0000
vertex -5.2216 -32.9674 0.0000
vertex -5.3155 -32.9925 0.9865
endloop
endfacet
facet normal 0.986752 0.129908 0.097187
outer loop
vertex -5.0493 -34.2761 0.0000
vertex -5.3155 -32.9925 0.9865
vertex -5.1465 -34.2761 0.9865
endloop
endfacet
facet normal 0.919506 0.380872 0.097187
outer loop
vertex -5.2216 -32.9674 0.0000
vertex -5.7268 -31.7478 0.0000
vertex -5.8109 -31.7964 0.9865
endloop
endfacet
facet normal 0.919506 0.380872 0.097187
outer loop
vertex -5.2216 -32.9674 0.0000
vertex -5.8109 -31.7964 0.9865
vertex -5.3155 -32.9925 0.9865
endloop
endfacet
facet normal 0.789598 0.605880 0.097187
outer loop
vertex -5.7268 -31.7478 0.0000
vertex -6.5304 -30.7005 0.0000
vertex -6.5991 -30.7692 0.9865
endloop
endfacet
facet normal 0.789598 0.605880 0.097187
outer loop
vertex -5.7268 -31.7478 0.0000
vertex -6.5991 -30.7692 0.9865
vertex -5.8109 -31.7964 0.9865
endloop
endfacet
facet normal 0.605880 0.789598 0.097187
outer loop
vertex -6.5304 -30.7005 0.0000
vertex -7.5776 -29.8969 0.0000
vertex -7.6262 -29.9811 0.9865
endloop
endfacet
facet normal 0.605880 0.789598 0.097187
outer loop
vertex -6.5304 -30.7005 0.0000
vertex -7.6262 -29.9811 0.9865
vertex -6.5991 -30.7692 0.9865
endloop
endfacet
facet normal 0.380872 0.919506 0.097187
outer loop
vertex -7.5776 -29.8969 0.0000
vertex -8.7972 -29.3918 0.0000
vertex -8.8224 -29.4856 0.9865
endloop
endfacet
facet normal 0.380872 0.919506 0.097187
outer loop
vertex -7.5776 -29.8969 0.0000
vertex -8.8224 -29.4856 0.9865
vertex -7.6262 -29.9811 0.9865
endloop
endfacet
facet normal 0.129908 0.986752 0.097187
outer loop
vertex -8.7972 -29.3918 0.0000
vertex -10.1060 -29.2195 0.0000
vertex -10.1060 -29.3166 0.9865
endloop
endfacet
facet normal 0.129908 0.986752 0.097187
outer loop
vertex -8.7972 -29.3918 0.0000
vertex -10.1060 -29.3166 0.9865
vertex -8.8224 -29.4856 0.9865
endloop
endfacet
facet normal -0.129908 0.986752 0.097187
outer loop
vertex -10.1060 -29.2195 0.0000
vertex -11.4147 -29.3918 0.0000
vertex -11.3896 -29.4856 0.9865
endloop
endfacet
facet normal -0.129908 0.986752 0.097187
outer loop
vertex -10.1060 -29.2195 0.0000
vertex -11.3896 -29.4856 0.9865
vertex -10.1060 -29.3166 0.9865
endloop
endfacet
facet normal -0.380872 0.919506 0.097187
outer loop
vertex -11.4147 -29.3918 0.0000
vertex -12.6343 -29.8969 0.0000
vertex -12.5857 -29.9811 0.9865
endloop
endfacet
facet normal -0.380872 0.919506 0.097187
outer loop
vertex -11.4147 -29.3918 0.0000
vertex -12.5857 -29.9811 0.9865
vertex -11.3896 -29.4856 0.9865
endloop
endfacet
facet normal -0.605880 0.789598 0.097187
outer loop
vertex -12.6343 -29.8969 0.0000
vertex -13.6815 -30.7005 0.0000
vertex -13.6128 -30.7692 0.9865
endloop
endfacet
facet normal -0.605880 0.789598 0.097187
outer loop
vertex -12.6343 -29.8969 0.0000
vertex -13.6128 -30.7692 0.9865
vertex -12.5857 -29.9811 0.9865
endloop
endfacet
facet normal -0.789598 0.605880 0.097187
outer loop
vertex -13.6815 -30.7005 0.0000
vertex -14.4851 -31.7478 0.0000
vertex -14.4010 -31.7964 0.9865
endloop
endfacet
facet normal -0.789598 0.605880 0.097187
outer loop
vertex -13.6815 -30.7005 0.0000
vertex -14.4010 -31.7964 0.9865
vertex -13.6128 -30.7692 0.9865
endloop
endfacet
facet normal -0.919506 0.380872 0.097187
outer loop
vertex -14.4851 -31.7478 0.0000
vertex -14.9903 -32.9674 0.0000
vertex -14.8964 -32.9925 0.9865
endloop
endfacet
facet normal -0.919506 0.380872 0.097187
outer loop
vertex -14.4851 -31.7478 0.0000
vertex -14.8964 -32.9925 0.9865
vertex -14.4010 -31.7964 0.9865
endloop
endfacet
facet normal -0.986752 0.129908 0.097187
outer loop
vertex -14.9903 -32.9674 0.0000
vertex -15.1626 -34.2761 0.0000
vertex -15.0654 -34.2761 0.9865
endloop
endfacet
facet normal -0.986752 0.129908 0.097187
outer loop
vertex -14.9903 -32.9674 0.0000
vertex -15.0654 -34.2761 0.9865
vertex -14.8964 -32.9925 0.9865
endloop
endfacet
facet normal -0.986752 -0.129908 0.097187
outer loop
vertex -15.1626 -34.2761 0.0000
vertex -14.9903 -35.5849 0.0000
vertex -14.8964 -35.5597 0.9865
endloop
endfacet
facet normal -0.986752 -0.129908 0.097187
outer loop
vertex -15.1626 -34.2761 0.0000
vertex -14.8964 -35.5597 0.9865
vertex -15.0654 -34.2761 0.9865
endloop
endfacet
facet normal -0.919506 -0.380872 0.097187
outer loop
vertex -14.9903 -35.5849 0.0000
vertex -14.4851 -36.8044 0.0000
vertex -14.4010 -36.7559 0.9865
endloop
endfacet
facet normal -0.919506 -0.380872 0.097187
outer loop
vertex -14.9903 -35.5849 0.0000
vertex -14.4010 -36.7559 0.9865
vertex -14.8964 -35.5597 0.9865
endloop
endfacet
facet normal -0.789598 -0.605880 0.097187
outer loop
vertex -14.4851 -36.8044 0.0000
vertex -13.6815 -37.8517 0.0000
vertex -13.6128 -37.7830 0.9865
endloop
endfacet
facet normal -0.789598 -0.605880 0.097187
outer loop
vertex -14.4851 -36.8044 0.0000
vertex -13.6128 -37.7830 0.9865
vertex -14.4010 -36.7559 0.9865
endloop
endfacet
facet normal -0.605880 -0.789598 0.097187
outer loop
vertex -13.6815 -37.8517 0.0000
vertex -12.6343 -38.6553 0.0000
vertex -12.5857 -38.5712 0.9865
endloop
endfacet
facet normal -0.605880 -0.789598 0.097187
outer loop
vertex -13.6815 -37.8517 0.0000
vertex -12.5857 -38.5712 0.9865
vertex -13.6128 -37.7830 0.9865
endloop
endfacet
facet normal -0.380872 -0.919506 0.097187
outer loop
vertex -12.6343 -38.6553 0.0000
vertex -11.4147 -39.1605 0.0000
vertex -11.3896 -39.0666 0.9865
endloop
endfacet
facet normal -0.380872 -0.919506 0.097187
outer loop
vertex -12.6343 -38.6553 0.0000
vertex -11.3896 -39.0666 0.9865
vertex -12.5857 -38.5712 0.9865
endloop
endfacet
facet normal -0.129908 -0.986752 0.097187
outer loop
vertex -11.4147 -39.1605 0.0000
vertex -10.1060 -39.3328 0.0000
vertex -10.1060 -39.2356 0.9865
endloop
endfacet
facet normal -0.129908 -0.986752 0.097187
outer loop
vertex -11.4147 -39.1605 0.0000
vertex -10.1060 -39.2356 0.9865
vertex -11.3896 -39.0666 0.9865
endloop
endfacet
facet normal 0.129908 -0.986752 0.097187
outer loop
vertex -10.1060 -39.3328 0.0000
vertex -8.7972 -39.1605 0.0000
vertex -8.8224 -39.0666 0.9865
endloop
endfacet
facet normal 0.129908 -0.986752 0.097187
outer loop
vertex -10.1060 -39.3328 0.0000
vertex -8.8224 -39.0666 0.9865
vertex -10.1060 -39.2356 0.9865
endloop
endfacet
facet normal 0.380872 -0.919506 0.097187
outer loop
vertex -8.7972 -39.1605 0.0000
vertex -7.5776 -38.6553 0.0000
vertex -7.6262 -38.5712 0.9865
endloop
endfacet
facet normal 0.380872 -0.919506 0.097187
outer loop
vertex -8.7972 -39.1605 0.0000
vertex -7.6262 -38.5712 0.9865
vertex -8.8224 -39.0666 0.9865
endloop
endfacet
facet normal 0.605880 -0.789598 0.097187
outer loop
vertex -7.5776 -38.6553 0.0000
vertex -6.5304 -37.8517 0.0000
vertex -6.5991 -37.7830 0.9865
endloop
endfacet
facet normal 0.605880 -0.789598 0.097187
outer loop
vertex -7.5776 -38.6553 0.0000
vertex -6.5991 -37.7830 0.9865
vertex -7.6262 -38.5712 0.9865
endloop
endfacet
facet normal 0.789598 -0.605880 0.097187
outer loop
vertex -6.5304 -37.8517 0.0000
vertex -5.7268 -36.8044 0.0000
vertex -5.8109 -36.7559 0.9865
endloop
endfacet
facet normal 0.789598 -0.605880 0.097187
outer loop
vertex -6.5304 -37.8517 0.0000
vertex -5.8109 -36.7559 0.9865
vertex -6.5991 -37.7830 0.9865
endloop
endfacet
facet normal 0.919506 -0.380872 0.097187
outer loop
vertex -5.7268 -36.8044 0.0000
vertex -5.2216 -35.5849 0.0000
vertex -5.3155 -35.5597 0.9865
endloop
endfacet
facet normal 0.919506 -0.380872 0.097187
outer loop
vertex -5.7268 -36.8044 0.0000
vertex -5.3155 -35.5597 0.9865
vertex -5.8109 -36.7559 0.9865
endloop
endfacet
facet normal 0.986752 -0.129908 0.097187
outer loop
vertex -5.2216 -35.5849 0.0000
vertex -5.0493 -34.2761 0.0000
vertex -5.1465 -34.2761 0.9865
endloop
endfacet
facet normal 0.986752 -0.129908 0.097187
outer loop
vertex -5.2216 -35.5849 0.0000
vertex -5.1465 -34.2761 0.9865
vertex -5.3155 -35.5597 0.9865
endloop
endfacet
facet normal 0.949435 0.124996 0.288008
outer loop
vertex -5.1465 -34.2761 0.9865
vertex -5.3155 -32.9925 0.9865
vertex -5.5934 -33.0670 1.9351
endloop
endfacet
facet normal 0.949435 0.124996 0.288008
outer loop
vertex -5.1465 -34.2761 0.9865
vertex -5.5934 -33.0670 1.9351
vertex -5.4342 -34.2761 1.9351
endloop
endfacet
facet normal 0.884733 0.366468 0.288008
outer loop
vertex -5.3155 -32.9925 0.9865
vertex -5.8109 -31.7964 0.9865
vertex -6.0601 -31.9403 1.9351
endloop
endfacet
facet normal 0.884733 0.366468 0.288008
outer loop
vertex -5.3155 -32.9925 0.9865
vertex -6.0601 -31.9403 1.9351
vertex -5.5934 -33.0670 1.9351
endloop
endfacet
facet normal 0.759737 0.582967 0.288008
outer loop
vertex -5.8109 -31.7964 0.9865
vertex -6.5991 -30.7692 0.9865
vertex -6.8026 -30.9727 1.9351
endloop
endfacet
facet normal 0.759737 0.582967 0.288008
outer loop
vertex -5.8109 -31.7964 0.9865
vertex -6.8026 -30.9727 1.9351
vertex -6.0601 -31.9403 1.9351
endloop
endfacet
facet normal 0.582967 0.759737 0.288008
outer loop
vertex -6.5991 -30.7692 0.9865
vertex -7.6262 -29.9811 0.9865
vertex -7.7701 -30.2303 1.9351
endloop
endfacet
facet normal 0.582967 0.759737 0.288008
outer loop
vertex -6.5991 -30.7692 0.9865
vertex -7.7701 -30.2303 1.9351
vertex -6.8026 -30.9727 1.9351
endloop
endfacet
facet normal 0.366468 0.884733 0.288008
outer loop
vertex -7.6262 -29.9811 0.9865
vertex -8.8224 -29.4856 0.9865
vertex -8.8968 -29.7636 1.9351
endloop
endfacet
facet normal 0.366468 0.884733 0.288008
outer loop
vertex -7.6262 -29.9811 0.9865
vertex -8.8968 -29.7636 1.9351
vertex -7.7701 -30.2303 1.9351
endloop
endfacet
facet normal 0.124996 0.949435 0.288008
outer loop
vertex -8.8224 -29.4856 0.9865
vertex -10.1060 -29.3166 0.9865
vertex -10.1060 -29.6044 1.9351
endloop
endfacet
facet normal 0.124996 0.949435 0.288008
outer loop
vertex -8.8224 -29.4856 0.9865
vertex -10.1060 -29.6044 1.9351
vertex -8.8968 -29.7636 1.9351
endloop
endfacet
facet normal -0.124996 0.949435 0.288008
outer loop
vertex -10.1060 -29.3166 0.9865
vertex -11.3896 -29.4856 0.9865
vertex -11.3151 -29.7636 1.9351
endloop
endfacet
facet normal -0.124996 0.949435 0.288008
outer loop
vertex -10.1060 -29.3166 0.9865
vertex -11.3151 -29.7636 1.9351
vertex -10.1060 -29.6044 1.9351
endloop
endfacet
facet normal -0.366468 0.884733 0.288008
outer loop
vertex -11.3896 -29.4856 0.9865
vertex -12.5857 -29.9811 0.9865
vertex -12.4418 -30.2303 1.9351
endloop
endfacet
facet normal -0.366468 0.884733 0.288008
outer loop
vertex -11.3896 -29.4856 0.9865
vertex -12.4418 -30.2303 1.9351
vertex -11.3151 -29.7636 1.9351
endloop
endfacet
facet normal -0.582967 0.759737 0.288008
outer loop
vertex -12.5857 -29.9811 0.9865
vertex -13.6128 -30.7692 0.9865
vertex -13.4094 -30.9727 1.9351
endloop
endfacet
facet normal -0.582967 0.759737 0.288008
outer loop
vertex -12.5857 -29.9811 0.9865
vertex -13.4094 -30.9727 1.9351
vertex -12.4418 -30.2303 1.9351
endloop
endfacet
facet normal -0.759737 0.582967 0.288008
outer loop
vertex -13.6128 -30.7692 0.9865
vertex -14.4010 -31.7964 0.9865
vertex -14.1518 -31.9403 1.9351
endloop
endfacet
facet normal -0.759737 0.582967 0.288008
outer loop
vertex -13.6128 -30.7692 0.9865
vertex -14.1518 -31.9403 1.9351
vertex -13.4094 -30.9727 1.9351
endloop
endfacet
facet normal -0.884733 0.366468 0.288008
outer loop
vertex -14.4010 -31.7964 0.9865
vertex -14.8964 -32.9925 0.9865
vertex -14.6185 -33.0670 1.9351
endloop
endfacet
facet normal -0.884733 0.366468 0.288008
outer loop
vertex -14.4010 -31.7964 0.9865
vertex -14.6185 -33.0670 1.9351
vertex -14.1518 -31.9403 1.9351
endloop
endfacet
facet normal -0.949435 0.124996 0.288008
outer loop
vertex -14.8964 -32.9925 0.9865
vertex -15.0654 -34.2761 0.9865
vertex -14.7777 -34.2761 1.9351
endloop
endfacet
facet normal -0.949435 0.124996 0.288008
outer loop
vertex -14.8964 -32.9925 0.9865
vertex -14.7777 -34.2761 1.9351
vertex -14.6185 -33.0670 1.9351
endloop
endfacet
facet normal -0.949435 -0.124996 0.288008
outer loop
vertex -15.0654 -34.2761 0.9865
vertex -14.8964 -35.5597 0.9865
vertex -14.6185 -35.4853 1.9351
endloop
endfacet
facet normal -0.949435 -0.124996 0.288008
outer loop
vertex -15.0654 -34.2761 0.9865
vertex -14.6185 -35.4853 1.9351
vertex -14.7777 -34.2761 1.9351
endloop
endfacet
facet normal -0.884733 -0.366468 0.288008
outer loop
vertex -14.8964 -35.5597 0.9865
vertex -14.4010 -36.7559 0.9865
vertex -14.1518 -36.6120 1.9351
endloop
endfacet
facet normal -0.884733 -0.366468 0.288008
outer loop
vertex -14.8964 -35.5597 0.9865
vertex -14.1518 -36.6120 1.9351
vertex -14.6185 -35.4853 1.9351
endloop
endfacet
facet normal -0.759737 -0.582967 0.288008
outer loop
vertex -14.4010 -36.7559 0.9865
vertex -13.6128 -37.7830 0.9865
vertex -13.4094 -37.5795 1.9351
endloop
endfacet
facet normal -0.759737 -0.582967 0.288008
outer loop
vertex -14.4010 -36.7559 0.9865
vertex -13.4094 -37.5795 1.9351
vertex -14.1518 -36.6120 1.9351
endloop
endfacet
facet normal -0.582967 -0.759737 0.288008
outer loop
vertex -13.6128 -37.7830 0.9865
vertex -12.5857 -38.5712 0.9865
vertex -12.4418 -38.3220 1.9351
endloop
endfacet
facet normal -0.582967 -0.759737 0.288008
outer loop
vertex -13.6128 -37.7830 0.9865
vertex -12.4418 -38.3220 1.9351
vertex -13.4094 -37.5795 1.9351
endloop
endfacet
facet normal -0.366468 -0.884733 0.288008
outer loop
vertex -12.5857 -38.5712 0.9865
vertex -11.3896 -39.0666 0.9865
vertex -11.3151 -38.7887 1.9351
endloop
endfacet
facet normal -0.366468 -0.884733 0.288008
outer loop
vertex -12.5857 -38.5712 0.9865
vertex -11.3151 -38.7887 1.9351
vertex -12.4418 -38.3220 1.9351
endloop
endfacet
facet normal -0.124996 -0.949435 0.288008
outer loop
vertex -11.3896 -39.0666 0.9865
vertex -10.1060 -39.2356 0.9865
vertex -10.1060 -38.9478 1.9351
endloop
endfacet
facet normal -0.124996 -0.949435 0.288008
outer loop
vertex -11.3896 -39.0666 0.9865
vertex -10.1060 -38.9478 1.9351
vertex -11.3151 -38.7887 1.9351
endloop
endfacet
facet normal 0.124996 -0.949435 0.288008
outer loop
vertex -10.1060 -39.2356 0.9865
vertex -8.8224 -39.0666 0.9865
vertex -8.8968 -38.7887 1.9351
endloop
endfacet
facet normal 0.124996 -0.949435 0.288008
outer loop
vertex -10.1060 -39.2356 0.9865
vertex -8.8968 -38.7887 1.9351
vertex -10.1060 -38.9478 1.9351
endloop
endfacet
facet normal 0.366468 -0.884733 0.288008
outer loop
vertex -8.8224 -39.0666 0.9865
vertex -7.6262 -38.5712 0.9865
vertex -7.7701 -38.3220 1.9351
endloop
endfacet
facet normal 0.366468 -0.884733 0.288008
outer loop
vertex -8.8224 -39.0666 0.9865
vertex -7.7701 -38.3220 1.9351
vertex -8.8968 -38.7887 1.9351
endloop
endfacet
facet normal 0.582967 -0.759737 0.288008
outer loop
vertex -7.6262 -38.5712 0.9865
vertex -6.5991 -37.7830 0.9865
vertex -6.8026 -37.5795 1.9351
endloop
endfacet
facet normal 0.582967 -0.759737 0.288008
outer loop
vertex -7.6262 -38.5712 0.9865
vertex -6.8026 -37.5795 1.9351
vertex -7.7701 -38.3220 1.9351
endloop
endfacet
facet normal 0.759737 -0.582967 0.288008
outer loop
vertex -6.5991 -37.7830 0.9865
vertex -5.8109 -36.7559 0.9865
vertex -6.0601 -36.6120 1.9351
endloop
endfacet
facet normal 0.759737 -0.582967 0.288008
outer loop
vertex -6.5991 -37.7830 0.9865
vertex -6.0601 -36.6120 1.9351
vertex -6.8026 -37.5795 1.9351
endloop
endfacet
facet normal 0.884733 -0.366468 0.288008
outer loop
vertex -5.8109 -36.7559 0.9865
vertex -5.3155 -35.5597 0.9865
vertex -5.5934 -35.4853 1.9351
endloop
endfacet
facet normal 0.884733 -0.366468 0.288008
outer loop
vertex -5.8109 -36.7559 0.9865
vertex -5.5934 -35.4853 1.9351
vertex -6.0601 -36.6120 1.9351
endloop
endfacet
facet normal 0.949435 -0.124996 0.288008
outer loop
vertex -5.3155 -35.5597 0.9865
vertex -5.1465 -34.2761 0.9865
vertex -5.4342 -34.2761 1.9351
endloop
endfacet
facet normal 0.949435 -0.124996 0.288008
outer loop
vertex -5.3155 -35.5597 0.9865
vertex -5.4342 -34.2761 1.9351
vertex -5.5934 -35.4853 1.9351
endloop
endfacet
facet normal 0.876036 0.115332 0.468251
outer loop
vertex -5.4342 -34.2761 1.9351
vertex -5.5934 -33.0670 1.9351
vertex -6.0448 -33.1879 2.8093
endloop
endfacet
facet normal 0.876036 0.115332 0.468251
outer loop
vertex -5.4342 -34.2761 1.9351
vertex -6.0448 -33.1879 2.8093
vertex -5.9015 -34.2761 2.8093
endloop
endfacet
facet normal 0.816336 0.338137 0.468251
outer loop
vertex -5.5934 -33.0670 1.9351
vertex -6.0601 -31.9403 1.9351
vertex -6.4648 -32.1739 2.8093
endloop
endfacet
facet normal 0.816336 0.338137 0.468251
outer loop
vertex -5.5934 -33.0670 1.9351
vertex -6.4648 -32.1739 2.8093
vertex -6.0448 -33.1879 2.8093
endloop
endfacet
facet normal 0.701003 0.537899 0.468251
outer loop
vertex -6.0601 -31.9403 1.9351
vertex -6.8026 -30.9727 1.9351
vertex -7.1330 -31.3031 2.8093
endloop
endfacet
facet normal 0.701003 0.537899 0.468251
outer loop
vertex -6.0601 -31.9403 1.9351
vertex -7.1330 -31.3031 2.8093
vertex -6.4648 -32.1739 2.8093
endloop
endfacet
facet normal 0.537899 0.701003 0.468251
outer loop
vertex -6.8026 -30.9727 1.9351
vertex -7.7701 -30.2303 1.9351
vertex -8.0037 -30.6350 2.8093
endloop
endfacet
facet normal 0.537899 0.701003 0.468251
outer loop
vertex -6.8026 -30.9727 1.9351
vertex -8.0037 -30.6350 2.8093
vertex -7.1330 -31.3031 2.8093
endloop
endfacet
facet normal 0.338137 0.816336 0.468251
outer loop
vertex -7.7701 -30.2303 1.9351
vertex -8.8968 -29.7636 1.9351
vertex -9.0178 -30.2149 2.8093
endloop
endfacet
facet normal 0.338137 0.816336 0.468251
outer loop
vertex -7.7701 -30.2303 1.9351
vertex -9.0178 -30.2149 2.8093
vertex -8.0037 -30.6350 2.8093
endloop
endfacet
facet normal 0.115332 0.876036 0.468251
outer loop
vertex -8.8968 -29.7636 1.9351
vertex -10.1060 -29.6044 1.9351
vertex -10.1060 -30.0717 2.8093
endloop
endfacet
facet normal 0.115332 0.876036 0.468251
outer loop
vertex -8.8968 -29.7636 1.9351
vertex -10.1060 -30.0717 2.8093
vertex -9.0178 -30.2149 2.8093
endloop
endfacet
facet normal -0.115332 0.876036 0.468251
outer loop
vertex -10.1060 -29.6044 1.9351
vertex -11.3151 -29.7636 1.9351
vertex -11.1942 -30.2149 2.8093
endloop
endfacet
facet normal -0.115332 0.876036 0.468251
outer loop
vertex -10.1060 -29.6044 1.9351
vertex -11.1942 -30.2149 2.8093
vertex -10.1060 -30.0717 2.8093
endloop
endfacet
facet normal -0.338137 0.816336 0.468251
outer loop
vertex -11.3151 -29.7636 1.9351
vertex -12.4418 -30.2303 1.9351
vertex -12.2082 -30.6350 2.8093
endloop
endfacet
facet normal -0.338137 0.816336 0.468251
outer loop
vertex -11.3151 -29.7636 1.9351
vertex -12.2082 -30.6350 2.8093
vertex -11.1942 -30.2149 2.8093
endloop
endfacet
facet normal -0.537899 0.701003 0.468251
outer loop
vertex -12.4418 -30.2303 1.9351
vertex -13.4094 -30.9727 1.9351
vertex -13.0790 -31.3031 2.8093
endloop
endfacet
facet normal -0.537899 0.701003 0.468251
outer loop
vertex -12.4418 -30.2303 1.9351
vertex -13.0790 -31.3031 2.8093
vertex -12.2082 -30.6350 2.8093
endloop
endfacet
facet normal -0.701003 0.537899 0.468251
outer loop
vertex -13.4094 -30.9727 1.9351
vertex -14.1518 -31.9403 1.9351
vertex -13.7471 -32.1739 2.8093
endloop
endfacet
facet normal -0.701003 0.537899 0.468251
outer loop
vertex -13.4094 -30.9727 1.9351
vertex -13.7471 -32.1739 2.8093
vertex -13.0790 -31.3031 2.8093
endloop
endfacet
facet normal -0.816336 0.338137 0.468251
outer loop
vertex -14.1518 -31.9403 1.9351
vertex -14.6185 -33.0670 1.9351
vertex -14.1671 -33.1879 2.8093
endloop
endfacet
facet normal -0.816336 0.338137 0.468251
outer loop
vertex -14.1518 -31.9403 1.9351
vertex -14.1671 -33.1879 2.8093
vertex -13.7471 -32.1739 2.8093
endloop
endfacet
facet normal -0.876036 0.115332 0.468251
outer loop
vertex -14.6185 -33.0670 1.9351
vertex -14.7777 -34.2761 1.9351
vertex -14.3104 -34.2761 2.8093
endloop
endfacet
facet normal -0.876036 0.115332 0.468251
outer loop
vertex -14.6185 -33.0670 1.9351
vertex -14.3104 -34.2761 2.8093
vertex -14.1671 -33.1879 2.8093
endloop
endfacet
facet normal -0.876036 -0.115332 0.468251
outer loop
vertex -14.7777 -34.2761 1.9351
vertex -14.6185 -35.4853 1.9351
vertex -14.1671 -35.3643 2.8093
endloop
endfacet
facet normal -0.876036 -0.115332 0.468251
outer loop
vertex -14.7777 -34.2761 1.9351
vertex -14.1671 -35.3643 2.8093
vertex -14.3104 -34.2761 2.8093
endloop
endfacet
facet normal -0.816336 -0.338137 0.468251
outer loop
vertex -14.6185 -35.4853 1.9351
vertex -14.1518 -36.6120 1.9351
vertex -13.7471 -36.3783 2.8093
endloop
endfacet
facet normal -0.816336 -0.338137 0.468251
outer loop
vertex -14.6185 -35.4853 1.9351
vertex -13.7471 -36.3783 2.8093
vertex -14.1671 -35.3643 2.8093
endloop
endfacet
facet normal -0.701003 -0.537899 0.468251
outer loop
vertex -14.1518 -36.6120 1.9351
vertex -13.4094 -37.5795 1.9351
vertex -13.0790 -37.2491 2.8093
endloop
endfacet
facet normal -0.701003 -0.537899 0.468251
outer loop
vertex -14.1518 -36.6120 1.9351
vertex -13.0790 -37.2491 2.8093
vertex -13.7471 -36.3783 2.8093
endloop
endfacet
facet normal -0.537899 -0.701003 0.468251
outer loop
vertex -13.4094 -37.5795 1.9351
vertex -12.4418 -38.3220 1.9351
vertex -12.2082 -37.9173 2.8093
endloop
endfacet
facet normal -0.537899 -0.701003 0.468251
outer loop
vertex -13.4094 -37.5795 1.9351
vertex -12.2082 -37.9173 2.8093
vertex -13.0790 -37.2491 2.8093
endloop
endfacet
facet normal -0.338137 -0.816336 0.468251
outer loop
vertex -12.4418 -38.3220 1.9351
vertex -11.3151 -38.7887 1.9351
vertex -11.1942 -38.3373 2.8093
endloop
endfacet
facet normal -0.338137 -0.816336 0.468251
outer loop
vertex -12.4418 -38.3220 1.9351
vertex -11.1942 -38.3373 2.8093
vertex -12.2082 -37.9173 2.8093
endloop
endfacet
facet normal -0.115332 -0.876036 0.468251
outer loop
vertex -11.3151 -38.7887 1.9351
vertex -10.1060 -38.9478 1.9351
vertex -10.1060 -38.4806 2.8093
endloop
endfacet
facet normal -0.115332 -0.876036 0.468251
outer loop
vertex -11.3151 -38.7887 1.9351
vertex -10.1060 -38.4806 2.8093
vertex -11.1942 -38.3373 2.8093
endloop
endfacet
facet normal 0.115332 -0.876036 0.468251
outer loop
vertex -10.1060 -38.9478 1.9351
vertex -8.8968 -38.7887 1.9351
vertex -9.0178 -38.3373 2.8093
endloop
endfacet
facet normal 0.115332 -0.876036 0.468251
outer loop
vertex -10.1060 -38.9478 1.9351
vertex -9.0178 -38.3373 2.8093
vertex -10.1060 -38.4806 2.8093
endloop
endfacet
facet normal 0.338137 -0.816336 0.468251
outer loop
vertex -8.8968 -38.7887 1.9351
vertex -7.7701 -38.3220 1.9351
vertex -8.0037 -37.9173 2.8093
endloop
endfacet
facet normal 0.338137 -0.816336 0.468251
outer loop
vertex -8.8968 -38.7887 1.9351
vertex -8.0037 -37.9173 2.8093
vertex -9.0178 -38.3373 2.8093
endloop
endfacet
facet normal 0.537899 -0.701003 0.468251
outer loop
vertex -7.7701 -38.3220 1.9351
vertex -6.8026 -37.5795 1.9351
vertex -7.1330 -37.2491 2.8093
endloop
endfacet
facet normal 0.537899 -0.701003 0.468251
outer loop
vertex -7.7701 -38.3220 1.9351
vertex -7.1330 -37.2491 2.8093
vertex -8.0037 -37.9173 2.8093
endloop
endfacet
facet normal 0.701003 -0.537899 0.468251
outer loop
vertex -6.8026 -37.5795 1.9351
vertex -6.0601 -36.6120 1.9351
vertex -6.4648 -36.3783 2.8093
endloop
endfacet
facet normal 0.701003 -0.537899 0.468251
outer loop
vertex -6.8026 -37.5795 1.9351
vertex -6.4648 -36.3783 2.8093
vertex -7.1330 -37.2491 2.8093
endloop
endfacet
facet normal 0.816336 -0.338137 0.468251
outer loop
vertex -6.0601 -36.6120 1.9351
vertex -5.5934 -35.4853 1.9351
vertex -6.0448 -35.3643 2.8093
endloop
endfacet
facet normal 0.816336 -0.338137 0.468251
outer loop
vertex -6.0601 -36.6120 1.9351
vertex -6.0448 -35.3643 2.8093
vertex -6.4648 -36.3783 2.8093
endloop
endfacet
facet normal 0.876036 -0.115332 0.468251
outer loop
vertex -5.5934 -35.4853 1.9351
vertex -5.4342 -34.2761 1.9351
vertex -5.9015 -34.2761 2.8093
endloop
endfacet
facet normal 0.876036 -0.115332 0.468251
outer loop
vertex -5.5934 -35.4853 1.9351
vertex -5.9015 -34.2761 2.8093
vertex -6.0448 -35.3643 2.8093
endloop
endfacet
facet normal 0.769038 0.101246 0.631133
outer loop
vertex -5.9015 -34.2761 2.8093
vertex -6.0448 -33.1879 2.8093
vertex -6.6522 -33.3507 3.5756
endloop
endfacet
facet normal 0.769038 0.101246 0.631133
outer loop
vertex -5.9015 -34.2761 2.8093
vertex -6.6522 -33.3507 3.5756
vertex -6.5304 -34.2761 3.5756
endloop
endfacet
facet normal 0.716630 0.296838 0.631133
outer loop
vertex -6.0448 -33.1879 2.8093
vertex -6.4648 -32.1739 2.8093
vertex -7.0094 -32.4883 3.5756
endloop
endfacet
facet normal 0.716630 0.296838 0.631133
outer loop
vertex -6.0448 -33.1879 2.8093
vertex -7.0094 -32.4883 3.5756
vertex -6.6522 -33.3507 3.5756
endloop
endfacet
facet normal 0.615384 0.472201 0.631133
outer loop
vertex -6.4648 -32.1739 2.8093
vertex -7.1330 -31.3031 2.8093
vertex -7.5776 -31.7478 3.5756
endloop
endfacet
facet normal 0.615384 0.472201 0.631133
outer loop
vertex -6.4648 -32.1739 2.8093
vertex -7.5776 -31.7478 3.5756
vertex -7.0094 -32.4883 3.5756
endloop
endfacet
facet normal 0.472201 0.615384 0.631133
outer loop
vertex -7.1330 -31.3031 2.8093
vertex -8.0037 -30.6350 2.8093
vertex -8.3182 -31.1796 3.5756
endloop
endfacet
facet normal 0.472201 0.615384 0.631133
outer loop
vertex -7.1330 -31.3031 2.8093
vertex -8.3182 -31.1796 3.5756
vertex -7.5776 -31.7478 3.5756
endloop
endfacet
facet normal 0.296838 0.716630 0.631133
outer loop
vertex -8.0037 -30.6350 2.8093
vertex -9.0178 -30.2149 2.8093
vertex -9.1805 -30.8224 3.5756
endloop
endfacet
facet normal 0.296838 0.716630 0.631133
outer loop
vertex -8.0037 -30.6350 2.8093
vertex -9.1805 -30.8224 3.5756
vertex -8.3182 -31.1796 3.5756
endloop
endfacet
facet normal 0.101246 0.769038 0.631133
outer loop
vertex -9.0178 -30.2149 2.8093
vertex -10.1060 -30.0717 2.8093
vertex -10.1060 -30.7005 3.5756
endloop
endfacet
facet normal 0.101246 0.769038 0.631133
outer loop
vertex -9.0178 -30.2149 2.8093
vertex -10.1060 -30.7005 3.5756
vertex -9.1805 -30.8224 3.5756
endloop
endfacet
facet normal -0.101246 0.769038 0.631133
outer loop
vertex -10.1060 -30.0717 2.8093
vertex -11.1942 -30.2149 2.8093
vertex -11.0314 -30.8224 3.5756
endloop
endfacet
facet normal -0.101246 0.769038 0.631133
outer loop
vertex -10.1060 -30.0717 2.8093
vertex -11.0314 -30.8224 3.5756
vertex -10.1060 -30.7005 3.5756
endloop
endfacet
facet normal -0.296838 0.716630 0.631133
outer loop
vertex -11.1942 -30.2149 2.8093
vertex -12.2082 -30.6350 2.8093
vertex -11.8938 -31.1796 3.5756
endloop
endfacet
facet normal -0.296838 0.716630 0.631133
outer loop
vertex -11.1942 -30.2149 2.8093
vertex -11.8938 -31.1796 3.5756
vertex -11.0314 -30.8224 3.5756
endloop
endfacet
facet normal -0.472201 0.615384 0.631133
outer loop
vertex -12.2082 -30.6350 2.8093
vertex -13.0790 -31.3031 2.8093
vertex -12.6343 -31.7478 3.5756
endloop
endfacet
facet normal -0.472201 0.615384 0.631133
outer loop
vertex -12.2082 -30.6350 2.8093
vertex -12.6343 -31.7478 3.5756
vertex -11.8938 -31.1796 3.5756
endloop
endfacet
facet normal -0.615384 0.472201 0.631133
outer loop
vertex -13.0790 -31.3031 2.8093
vertex -13.7471 -32.1739 2.8093
vertex -13.2025 -32.4883 3.5756
endloop
endfacet
facet normal -0.615384 0.472201 0.631133
outer loop
vertex -13.0790 -31.3031 2.8093
vertex -13.2025 -32.4883 3.5756
vertex -12.6343 -31.7478 3.5756
endloop
endfacet
facet normal -0.716630 0.296838 0.631133
outer loop
vertex -13.7471 -32.1739 2.8093
vertex -14.1671 -33.1879 2.8093
vertex -13.5597 -33.3507 3.5756
endloop
endfacet
facet normal -0.716630 0.296838 0.631133
outer loop
vertex -13.7471 -32.1739 2.8093
vertex -13.5597 -33.3507 3.5756
vertex -13.2025 -32.4883 3.5756
endloop
endfacet
facet normal -0.769038 0.101246 0.631133
outer loop
vertex -14.1671 -33.1879 2.8093
vertex -14.3104 -34.2761 2.8093
vertex -13.6815 -34.2761 3.5756
endloop
endfacet
facet normal -0.769038 0.101246 0.631133
outer loop
vertex -14.1671 -33.1879 2.8093
vertex -13.6815 -34.2761 3.5756
vertex -13.5597 -33.3507 3.5756
endloop
endfacet
facet normal -0.769038 -0.101246 0.631133
outer loop
vertex -14.3104 -34.2761 2.8093
vertex -14.1671 -35.3643 2.8093
vertex -13.5597 -35.2016 3.5756
endloop
endfacet
facet normal -0.769038 -0.101246 0.631133
outer loop
vertex -14.3104 -34.2761 2.8093
vertex -13.5597 -35.2016 3.5756
vertex -13.6815 -34.2761 3.5756
endloop
endfacet
facet normal -0.716630 -0.296838 0.631133
outer loop
vertex -14.1671 -35.3643 2.8093
vertex -13.7471 -36.3783 2.8093
vertex -13.2025 -36.0639 3.5756
endloop
endfacet
facet normal -0.716630 -0.296838 0.631133
outer loop
vertex -14.1671 -35.3643 2.8093
vertex -13.2025 -36.0639 3.5756
vertex -13.5597 -35.2016 3.5756
endloop
endfacet
facet normal -0.615384 -0.472201 0.631133
outer loop
vertex -13.7471 -36.3783 2.8093
vertex -13.0790 -37.2491 2.8093
vertex -12.6343 -36.8044 3.5756
endloop
endfacet
facet normal -0.615384 -0.472201 0.631133
outer loop
vertex -13.7471 -36.3783 2.8093
vertex -12.6343 -36.8044 3.5756
vertex -13.2025 -36.0639 3.5756
endloop
endfacet
facet normal -0.472201 -0.615384 0.631133
outer loop
vertex -13.0790 -37.2491 2.8093
vertex -12.2082 -37.9173 2.8093
vertex -11.8938 -37.3727 3.5756
endloop
endfacet
facet normal -0.472201 -0.615384 0.631133
outer loop
vertex -13.0790 -37.2491 2.8093
vertex -11.8938 -37.3727 3.5756
vertex -12.6343 -36.8044 3.5756
endloop
endfacet
facet normal -0.296838 -0.716630 0.631133
outer loop
vertex -12.2082 -37.9173 2.8093
vertex -11.1942 -38.3373 2.8093
vertex -11.0314 -37.7299 3.5756
endloop
endfacet
facet normal -0.296838 -0.716630 0.631133
outer loop
vertex -12.2082 -37.9173 2.8093
vertex -11.0314 -37.7299 3.5756
vertex -11.8938 -37.3727 3.5756
endloop
endfacet
facet normal -0.101246 -0.769038 0.631133
outer loop
vertex -11.1942 -38.3373 2.8093
vertex -10.1060 -38.4806 2.8093
vertex -10.1060 -37.8517 3.5756
endloop
endfacet
facet normal -0.101246 -0.769038 0.631133
outer loop
vertex -11.1942 -38.3373 2.8093
vertex -10.1060 -37.8517 3.5756
vertex -11.0314 -37.7299 3.5756
endloop
endfacet
facet normal 0.101246 -0.769038 0.631133
outer loop
vertex -10.1060 -38.4806 2.8093
vertex -9.0178 -38.3373 2.8093
vertex -9.1805 -37.7299 3.5756
endloop
endfacet
facet normal 0.101246 -0.769038 0.631133
outer loop
vertex -10.1060 -38.4806 2.8093
vertex -9.1805 -37.7299 3.5756
vertex -10.1060 -37.8517 3.5756
endloop
endfacet
facet normal 0.296838 -0.716630 0.631133
outer loop
vertex -9.0178 -38.3373 2.8093
vertex -8.0037 -37.9173 2.8093
vertex -8.3182 -37.3727 3.5756
endloop
endfacet
facet normal 0.296838 -0.716630 0.631133
outer loop
vertex -9.0178 -38.3373 2.8093
vertex -8.3182 -37.3727 3.5756
vertex -9.1805 -37.7299 3.5756
endloop
endfacet
facet normal 0.472201 -0.615384 0.631133
outer loop
vertex -8.0037 -37.9173 2.8093
vertex -7.1330 -37.2491 2.8093
vertex -7.5776 -36.8044 3.5756
endloop
endfacet
facet normal 0.472201 -0.615384 0.631133
outer loop
vertex -8.0037 -37.9173 2.8093
vertex -7.5776 -36.8044 3.5756
vertex -8.3182 -37.3727 3.5756
endloop
endfacet
facet normal 0.615384 -0.472201 0.631133
outer loop
vertex -7.1330 -37.2491 2.8093
vertex -6.4648 -36.3783 2.8093
vertex -7.0094 -36.0639 3.5756
endloop
endfacet
facet normal 0.615384 -0.472201 0.631133
outer loop
vertex -7.1330 -37.2491 2.8093
vertex -7.0094 -36.0639 3.5756
vertex -7.5776 -36.8044 3.5756
endloop
endfacet
facet normal 0.716630 -0.296838 0.631133
outer loop
vertex -6.4648 -36.3783 2.8093
vertex -6.0448 -35.3643 2.8093
vertex -6.6522 -35.2016 3.5756
endloop
endfacet
facet normal 0.716630 -0.296838 0.631133
outer loop
vertex -6.4648 -36.3783 2.8093
vertex -6.6522 -35.2016 3.5756
vertex -7.0094 -36.0639 3.5756
endloop
endfacet
facet normal 0.769038 -0.101246 0.631133
outer loop
vertex -6.0448 -35.3643 2.8093
vertex -5.9015 -34.2761 2.8093
vertex -6.5304 -34.2761 3.5756
endloop
endfacet
facet normal 0.769038 -0.101246 0.631133
outer loop
vertex -6.0448 -35.3643 2.8093
vertex -6.5304 -34.2761 3.5756
vertex -6.6522 -35.2016 3.5756
endloop
endfacet
facet normal 0.632192 0.083230 0.770328
outer loop
vertex -6.5304 -34.2761 3.5756
vertex -6.6522 -33.3507 3.5756
vertex -7.3924 -33.5490 4.2044
endloop
endfacet
facet normal 0.632192 0.083230 0.770328
outer loop
vertex -6.5304 -34.2761 3.5756
vertex -7.3924 -33.5490 4.2044
vertex -7.2966 -34.2761 4.2044
endloop
endfacet
facet normal 0.589109 0.244017 0.770328
outer loop
vertex -6.6522 -33.3507 3.5756
vertex -7.0094 -32.4883 3.5756
vertex -7.6730 -32.8715 4.2044
endloop
endfacet
facet normal 0.589109 0.244017 0.770328
outer loop
vertex -6.6522 -33.3507 3.5756
vertex -7.6730 -32.8715 4.2044
vertex -7.3924 -33.5490 4.2044
endloop
endfacet
facet normal 0.505880 0.388175 0.770328
outer loop
vertex -7.0094 -32.4883 3.5756
vertex -7.5776 -31.7478 3.5756
vertex -8.1195 -32.2896 4.2044
endloop
endfacet
facet normal 0.505880 0.388175 0.770328
outer loop
vertex -7.0094 -32.4883 3.5756
vertex -8.1195 -32.2896 4.2044
vertex -7.6730 -32.8715 4.2044
endloop
endfacet
facet normal 0.388175 0.505880 0.770328
outer loop
vertex -7.5776 -31.7478 3.5756
vertex -8.3182 -31.1796 3.5756
vertex -8.7013 -31.8432 4.2044
endloop
endfacet
facet normal 0.388175 0.505880 0.770328
outer loop
vertex -7.5776 -31.7478 3.5756
vertex -8.7013 -31.8432 4.2044
vertex -8.1195 -32.2896 4.2044
endloop
endfacet
facet normal 0.244017 0.589109 0.770328
outer loop
vertex -8.3182 -31.1796 3.5756
vertex -9.1805 -30.8224 3.5756
vertex -9.3789 -31.5625 4.2044
endloop
endfacet
facet normal 0.244017 0.589109 0.770328
outer loop
vertex -8.3182 -31.1796 3.5756
vertex -9.3789 -31.5625 4.2044
vertex -8.7013 -31.8432 4.2044
endloop
endfacet
facet normal 0.083230 0.632192 0.770328
outer loop
vertex -9.1805 -30.8224 3.5756
vertex -10.1060 -30.7005 3.5756
vertex -10.1060 -31.4668 4.2044
endloop
endfacet
facet normal 0.083230 0.632192 0.770328
outer loop
vertex -9.1805 -30.8224 3.5756
vertex -10.1060 -31.4668 4.2044
vertex -9.3789 -31.5625 4.2044
endloop
endfacet
facet normal -0.083230 0.632192 0.770328
outer loop
vertex -10.1060 -30.7005 3.5756
vertex -11.0314 -30.8224 3.5756
vertex -10.8331 -31.5625 4.2044
endloop
endfacet
facet normal -0.083230 0.632192 0.770328
outer loop
vertex -10.1060 -30.7005 3.5756
vertex -10.8331 -31.5625 4.2044
vertex -10.1060 -31.4668 4.2044
endloop
endfacet
facet normal -0.244017 0.589109 0.770328
outer loop
vertex -11.0314 -30.8224 3.5756
vertex -11.8938 -31.1796 3.5756
vertex -11.5106 -31.8432 4.2044
endloop
endfacet
facet normal -0.244017 0.589109 0.770328
outer loop
vertex -11.0314 -30.8224 3.5756
vertex -11.5106 -31.8432 4.2044
vertex -10.8331 -31.5625 4.2044
endloop
endfacet
facet normal -0.388175 0.505880 0.770328
outer loop
vertex -11.8938 -31.1796 3.5756
vertex -12.6343 -31.7478 3.5756
vertex -12.0925 -32.2896 4.2044
endloop
endfacet
facet normal -0.388175 0.505880 0.770328
outer loop
vertex -11.8938 -31.1796 3.5756
vertex -12.0925 -32.2896 4.2044
vertex -11.5106 -31.8432 4.2044
endloop
endfacet
facet normal -0.505880 0.388175 0.770328
outer loop
vertex -12.6343 -31.7478 3.5756
vertex -13.2025 -32.4883 3.5756
vertex -12.5389 -32.8715 4.2044
endloop
endfacet
facet normal -0.505880 0.388175 0.770328
outer loop
vertex -12.6343 -31.7478 3.5756
vertex -12.5389 -32.8715 4.2044
vertex -12.0925 -32.2896 4.2044
endloop
endfacet
facet normal -0.589109 0.244017 0.770328
outer loop
vertex -13.2025 -32.4883 3.5756
vertex -13.5597 -33.3507 3.5756
vertex -12.8196 -33.5490 4.2044
endloop
endfacet
facet normal -0.589109 0.244017 0.770328
outer loop
vertex -13.2025 -32.4883 3.5756
vertex -12.8196 -33.5490 4.2044
vertex -12.5389 -32.8715 4.2044
endloop
endfacet
facet normal -0.632192 0.083230 0.770328
outer loop
vertex -13.5597 -33.3507 3.5756
vertex -13.6815 -34.2761 3.5756
vertex -12.9153 -34.2761 4.2044
endloop
endfacet
facet normal -0.632192 0.083230 0.770328
outer loop
vertex -13.5597 -33.3507 3.5756
vertex -12.9153 -34.2761 4.2044
vertex -12.8196 -33.5490 4.2044
endloop
endfacet
facet normal -0.632192 -0.083230 0.770328
outer loop
vertex -13.6815 -34.2761 3.5756
vertex -13.5597 -35.2016 3.5756
vertex -12.8196 -35.0032 4.2044
endloop
endfacet
facet normal -0.632192 -0.083230 0.770328
outer loop
vertex -13.6815 -34.2761 3.5756
vertex -12.8196 -35.0032 4.2044
vertex -12.9153 -34.2761 4.2044
endloop
endfacet
facet normal -0.589109 -0.244017 0.770328
outer loop
vertex -13.5597 -35.2016 3.5756
vertex -13.2025 -36.0639 3.5756
vertex -12.5389 -35.6808 4.2044
endloop
endfacet
facet normal -0.589109 -0.244017 0.770328
outer loop
vertex -13.5597 -35.2016 3.5756
vertex -12.5389 -35.6808 4.2044
vertex -12.8196 -35.0032 4.2044
endloop
endfacet
facet normal -0.505880 -0.388175 0.770328
outer loop
vertex -13.2025 -36.0639 3.5756
vertex -12.6343 -36.8044 3.5756
vertex -12.0925 -36.2626 4.2044
endloop
endfacet
facet normal -0.505880 -0.388175 0.770328
outer loop
vertex -13.2025 -36.0639 3.5756
vertex -12.0925 -36.2626 4.2044
vertex -12.5389 -35.6808 4.2044
endloop
endfacet
facet normal -0.388175 -0.505880 0.770328
outer loop
vertex -12.6343 -36.8044 3.5756
vertex -11.8938 -37.3727 3.5756
vertex -11.5106 -36.7091 4.2044
endloop
endfacet
facet normal -0.388175 -0.505880 0.770328
outer loop
vertex -12.6343 -36.8044 3.5756
vertex -11.5106 -36.7091 4.2044
vertex -12.0925 -36.2626 4.2044
endloop
endfacet
facet normal -0.244017 -0.589109 0.770328
outer loop
vertex -11.8938 -37.3727 3.5756
vertex -11.0314 -37.7299 3.5756
vertex -10.8331 -36.9897 4.2044
endloop
endfacet
facet normal -0.244017 -0.589109 0.770328
outer loop
vertex -11.8938 -37.3727 3.5756
vertex -10.8331 -36.9897 4.2044
vertex -11.5106 -36.7091 4.2044
endloop
endfacet
facet normal -0.083230 -0.632192 0.770328
outer loop
vertex -11.0314 -37.7299 3.5756
vertex -10.1060 -37.8517 3.5756
vertex -10.1060 -37.0854 4.2044
endloop
endfacet
facet normal -0.083230 -0.632192 0.770328
outer loop
vertex -11.0314 -37.7299 3.5756
vertex -10.1060 -37.0854 4.2044
vertex -10.8331 -36.9897 4.2044
endloop
endfacet
facet normal 0.083230 -0.632192 0.770328
outer loop
vertex -10.1060 -37.8517 3.5756
vertex -9.1805 -37.7299 3.5756
vertex -9.3789 -36.9897 4.2044
endloop
endfacet
facet normal 0.083230 -0.632192 0.770328
outer loop
vertex -10.1060 -37.8517 3.5756
vertex -9.3789 -36.9897 4.2044
vertex -10.1060 -37.0854 4.2044
endloop
endfacet
facet normal 0.244017 -0.589109 0.770328
outer loop
vertex -9.1805 -37.7299 3.5756
vertex -8.3182 -37.3727 3.5756
vertex -8.7013 -36.7091 4.2044
endloop
endfacet
facet normal 0.244017 -0.589109 0.770328
outer loop
vertex -9.1805 -37.7299 3.5756
vertex -8.7013 -36.7091 4.2044
vertex -9.3789 -36.9897 4.2044
endloop
endfacet
facet normal 0.388175 -0.505880 0.770328
outer loop
vertex -8.3182 -37.3727 3.5756
vertex -7.5776 -36.8044 3.5756
vertex -8.1195 -36.2626 4.2044
endloop
endfacet
facet normal 0.388175 -0.505880 0.770328
outer loop
vertex -8.3182 -37.3727 3.5756
vertex -8.1195 -36.2626 4.2044
vertex -8.7013 -36.7091 4.2044
endloop
endfacet
facet normal 0.505880 -0.388175 0.770328
outer loop
vertex -7.5776 -36.8044 3.5756
vertex -7.0094 -36.0639 3.5756
vertex -7.6730 -35.6808 4.2044
endloop
endfacet
facet normal 0.505880 -0.388175 0.770328
outer loop
vertex -7.5776 -36.8044 3.5756
vertex -7.6730 -35.6808 4.2044
vertex -8.1195 -36.2626 4.2044
endloop
endfacet
facet normal 0.589109 -0.244017 0.770328
outer loop
vertex -7.0094 -36.0639 3.5756
vertex -6.6522 -35.2016 3.5756
vertex -7.3924 -35.0032 4.2044
endloop
endfacet
facet normal 0.589109 -0.244017 0.770328
outer loop
vertex -7.0094 -36.0639 3.5756
vertex -7.3924 -35.0032 4.2044
vertex -7.6730 -35.6808 4.2044
endloop
endfacet
facet normal 0.632192 -0.083230 0.770328
outer loop
vertex -6.6522 -35.2016 3.5756
vertex -6.5304 -34.2761 3.5756
vertex -7.2966 -34.2761 4.2044
endloop
endfacet
facet normal 0.632192 -0.083230 0.770328
outer loop
vertex -6.6522 -35.2016 3.5756
vertex -7.2966 -34.2761 4.2044
vertex -7.3924 -35.0032 4.2044
endloop
endfacet
facet normal 0.470492 0.061941 0.880228
outer loop
vertex -7.2966 -34.2761 4.2044
vertex -7.3924 -33.5490 4.2044
vertex -8.2368 -33.7753 4.6717
endloop
endfacet
facet normal 0.470492 0.061941 0.880228
outer loop
vertex -7.2966 -34.2761 4.2044
vertex -8.2368 -33.7753 4.6717
vertex -8.1709 -34.2761 4.6717
endloop
endfacet
facet normal 0.438428 0.181603 0.880228
outer loop
vertex -7.3924 -33.5490 4.2044
vertex -7.6730 -32.8715 4.2044
vertex -8.4301 -33.3086 4.6717
endloop
endfacet
facet normal 0.438428 0.181603 0.880228
outer loop
vertex -7.3924 -33.5490 4.2044
vertex -8.4301 -33.3086 4.6717
vertex -8.2368 -33.7753 4.6717
endloop
endfacet
facet normal 0.376487 0.288889 0.880228
outer loop
vertex -7.6730 -32.8715 4.2044
vertex -8.1195 -32.2896 4.2044
vertex -8.7376 -32.9078 4.6717
endloop
endfacet
facet normal 0.376487 0.288889 0.880228
outer loop
vertex -7.6730 -32.8715 4.2044
vertex -8.7376 -32.9078 4.6717
vertex -8.4301 -33.3086 4.6717
endloop
endfacet
facet normal 0.288889 0.376487 0.880228
outer loop
vertex -8.1195 -32.2896 4.2044
vertex -8.7013 -31.8432 4.2044
vertex -9.1384 -32.6003 4.6717
endloop
endfacet
facet normal 0.288889 0.376487 0.880228
outer loop
vertex -8.1195 -32.2896 4.2044
vertex -9.1384 -32.6003 4.6717
vertex -8.7376 -32.9078 4.6717
endloop
endfacet
facet normal 0.181603 0.438428 0.880228
outer loop
vertex -8.7013 -31.8432 4.2044
vertex -9.3789 -31.5625 4.2044
vertex -9.6051 -32.4070 4.6717
endloop
endfacet
facet normal 0.181603 0.438428 0.880228
outer loop
vertex -8.7013 -31.8432 4.2044
vertex -9.6051 -32.4070 4.6717
vertex -9.1384 -32.6003 4.6717
endloop
endfacet
facet normal 0.061941 0.470492 0.880228
outer loop
vertex -9.3789 -31.5625 4.2044
vertex -10.1060 -31.4668 4.2044
vertex -10.1060 -32.3410 4.6717
endloop
endfacet
facet normal 0.061941 0.470492 0.880228
outer loop
vertex -9.3789 -31.5625 4.2044
vertex -10.1060 -32.3410 4.6717
vertex -9.6051 -32.4070 4.6717
endloop
endfacet
facet normal -0.061941 0.470492 0.880228
outer loop
vertex -10.1060 -31.4668 4.2044
vertex -10.8331 -31.5625 4.2044
vertex -10.6068 -32.4070 4.6717
endloop
endfacet
facet normal -0.061941 0.470492 0.880228
outer loop
vertex -10.1060 -31.4668 4.2044
vertex -10.6068 -32.4070 4.6717
vertex -10.1060 -32.3410 4.6717
endloop
endfacet
facet normal -0.181603 0.438428 0.880228
outer loop
vertex -10.8331 -31.5625 4.2044
vertex -11.5106 -31.8432 4.2044
vertex -11.0735 -32.6003 4.6717
endloop
endfacet
facet normal -0.181603 0.438428 0.880228
outer loop
vertex -10.8331 -31.5625 4.2044
vertex -11.0735 -32.6003 4.6717
vertex -10.6068 -32.4070 4.6717
endloop
endfacet
facet normal -0.288889 0.376487 0.880228
outer loop
vertex -11.5106 -31.8432 4.2044
vertex -12.0925 -32.2896 4.2044
vertex -11.4743 -32.9078 4.6717
endloop
endfacet
facet normal -0.288889 0.376487 0.880228
outer loop
vertex -11.5106 -31.8432 4.2044
vertex -11.4743 -32.9078 4.6717
vertex -11.0735 -32.6003 4.6717
endloop
endfacet
facet normal -0.376487 0.288889 0.880228
outer loop
vertex -12.0925 -32.2896 4.2044
vertex -12.5389 -32.8715 4.2044
vertex -11.7818 -33.3086 4.6717
endloop
endfacet
facet normal -0.376487 0.288889 0.880228
outer loop
vertex -12.0925 -32.2896 4.2044
vertex -11.7818 -33.3086 4.6717
vertex -11.4743 -32.9078 4.6717
endloop
endfacet
facet normal -0.438428 0.181603 0.880228
outer loop
vertex -12.5389 -32.8715 4.2044
vertex -12.8196 -33.5490 4.2044
vertex -11.9751 -33.7753 4.6717
endloop
endfacet
facet normal -0.438428 0.181603 0.880228
outer loop
vertex -12.5389 -32.8715 4.2044
vertex -11.9751 -33.7753 4.6717
vertex -11.7818 -33.3086 4.6717
endloop
endfacet
facet normal -0.470492 0.061941 0.880228
outer loop
vertex -12.8196 -33.5490 4.2044
vertex -12.9153 -34.2761 4.2044
vertex -12.0411 -34.2761 4.6717
endloop
endfacet
facet normal -0.470492 0.061941 0.880228
outer loop
vertex -12.8196 -33.5490 4.2044
vertex -12.0411 -34.2761 4.6717
vertex -11.9751 -33.7753 4.6717
endloop
endfacet
facet normal -0.470492 -0.061941 0.880228
outer loop
vertex -12.9153 -34.2761 4.2044
vertex -12.8196 -35.0032 4.2044
vertex -11.9751 -34.7770 4.6717
endloop
endfacet
facet normal -0.470492 -0.061941 0.880228
outer loop
vertex -12.9153 -34.2761 4.2044
vertex -11.9751 -34.7770 4.6717
vertex -12.0411 -34.2761 4.6717
endloop
endfacet
facet normal -0.438428 -0.181603 0.880228
outer loop
vertex -12.8196 -35.0032 4.2044
vertex -12.5389 -35.6808 4.2044
vertex -11.7818 -35.2437 4.6717
endloop
endfacet
facet normal -0.438428 -0.181603 0.880228
outer loop
vertex -12.8196 -35.0032 4.2044
vertex -11.7818 -35.2437 4.6717
vertex -11.9751 -34.7770 4.6717
endloop
endfacet
facet normal -0.376487 -0.288889 0.880228
outer loop
vertex -12.5389 -35.6808 4.2044
vertex -12.0925 -36.2626 4.2044
vertex -11.4743 -35.6444 4.6717
endloop
endfacet
facet normal -0.376487 -0.288889 0.880228
outer loop
vertex -12.5389 -35.6808 4.2044
vertex -11.4743 -35.6444 4.6717
vertex -11.7818 -35.2437 4.6717
endloop
endfacet
facet normal -0.288889 -0.376487 0.880228
outer loop
vertex -12.0925 -36.2626 4.2044
vertex -11.5106 -36.7091 4.2044
vertex -11.0735 -35.9520 4.6717
endloop
endfacet
facet normal -0.288889 -0.376487 0.880228
outer loop
vertex -12.0925 -36.2626 4.2044
vertex -11.0735 -35.9520 4.6717
vertex -11.4743 -35.6444 4.6717
endloop
endfacet
facet normal -0.181603 -0.438428 0.880228
outer loop
vertex -11.5106 -36.7091 4.2044
vertex -10.8331 -36.9897 4.2044
vertex -10.6068 -36.1453 4.6717
endloop
endfacet
facet normal -0.181603 -0.438428 0.880228
outer loop
vertex -11.5106 -36.7091 4.2044
vertex -10.6068 -36.1453 4.6717
vertex -11.0735 -35.9520 4.6717
endloop
endfacet
facet normal -0.061941 -0.470492 0.880228
outer loop
vertex -10.8331 -36.9897 4.2044
vertex -10.1060 -37.0854 4.2044
vertex -10.1060 -36.2112 4.6717
endloop
endfacet
facet normal -0.061941 -0.470492 0.880228
outer loop
vertex -10.8331 -36.9897 4.2044
vertex -10.1060 -36.2112 4.6717
vertex -10.6068 -36.1453 4.6717
endloop
endfacet
facet normal 0.061941 -0.470492 0.880228
outer loop
vertex -10.1060 -37.0854 4.2044
vertex -9.3789 -36.9897 4.2044
vertex -9.6051 -36.1453 4.6717
endloop
endfacet
facet normal 0.061941 -0.470492 0.880228
outer loop
vertex -10.1060 -37.0854 4.2044
vertex -9.6051 -36.1453 4.6717
vertex -10.1060 -36.2112 4.6717
endloop
endfacet
facet normal 0.181603 -0.438428 0.880228
outer loop
vertex -9.3789 -36.9897 4.2044
vertex -8.7013 -36.7091 4.2044
vertex -9.1384 -35.9520 4.6717
endloop
endfacet
facet normal 0.181603 -0.438428 0.880228
outer loop
vertex -9.3789 -36.9897 4.2044
vertex -9.1384 -35.9520 4.6717
vertex -9.6051 -36.1453 4.6717
endloop
endfacet
facet normal 0.288889 -0.376487 0.880228
outer loop
vertex -8.7013 -36.7091 4.2044
vertex -8.1195 -36.2626 4.2044
vertex -8.7376 -35.6444 4.6717
endloop
endfacet
facet normal 0.288889 -0.376487 0.880228
outer loop
vertex -8.7013 -36.7091 4.2044
vertex -8.7376 -35.6444 4.6717
vertex -9.1384 -35.9520 4.6717
endloop
endfacet
facet normal 0.376487 -0.288889 0.880228
outer loop
vertex -8.1195 -36.2626 4.2044
vertex -7.6730 -35.6808 4.2044
vertex -8.4301 -35.2437 4.6717
endloop
endfacet
facet normal 0.376487 -0.288889 0.880228
outer loop
vertex -8.1195 -36.2626 4.2044
vertex -8.4301 -35.2437 4.6717
vertex -8.7376 -35.6444 4.6717
endloop
endfacet
facet normal 0.438428 -0.181603 0.880228
outer loop
vertex -7.6730 -35.6808 4.2044
vertex -7.3924 -35.0032 4.2044
vertex -8.2368 -34.7770 4.6717
endloop
endfacet
facet normal 0.438428 -0.181603 0.880228
outer loop
vertex -7.6730 -35.6808 4.2044
vertex -8.2368 -34.7770 4.6717
vertex -8.4301 -35.2437 4.6717
endloop
endfacet
facet normal 0.470492 -0.061941 0.880228
outer loop
vertex -7.3924 -35.0032 4.2044
vertex -7.2966 -34.2761 4.2044
vertex -8.1709 -34.2761 4.6717
endloop
endfacet
facet normal 0.470492 -0.061941 0.880228
outer loop
vertex -7.3924 -35.0032 4.2044
vertex -8.1709 -34.2761 4.6717
vertex -8.2368 -34.7770 4.6717
endloop
endfacet
facet normal 0.290073 0.038189 0.956242
outer loop
vertex -8.1709 -34.2761 4.6717
vertex -8.2368 -33.7753 4.6717
vertex -9.1531 -34.0208 4.9595
endloop
endfacet
facet normal 0.290073 0.038189 0.956242
outer loop
vertex -8.1709 -34.2761 4.6717
vertex -9.1531 -34.0208 4.9595
vertex -9.1195 -34.2761 4.9595
endloop
endfacet
facet normal 0.270305 0.111964 0.956242
outer loop
vertex -8.2368 -33.7753 4.6717
vertex -8.4301 -33.3086 4.6717
vertex -9.2516 -33.7829 4.9595
endloop
endfacet
facet normal 0.270305 0.111964 0.956242
outer loop
vertex -8.2368 -33.7753 4.6717
vertex -9.2516 -33.7829 4.9595
vertex -9.1531 -34.0208 4.9595
endloop
endfacet
facet normal 0.232116 0.178109 0.956242
outer loop
vertex -8.4301 -33.3086 4.6717
vertex -8.7376 -32.9078 4.6717
vertex -9.4084 -33.5786 4.9595
endloop
endfacet
facet normal 0.232116 0.178109 0.956242
outer loop
vertex -8.4301 -33.3086 4.6717
vertex -9.4084 -33.5786 4.9595
vertex -9.2516 -33.7829 4.9595
endloop
endfacet
facet normal 0.178109 0.232116 0.956242
outer loop
vertex -8.7376 -32.9078 4.6717
vertex -9.1384 -32.6003 4.6717
vertex -9.6127 -33.4218 4.9595
endloop
endfacet
facet normal 0.178109 0.232116 0.956242
outer loop
vertex -8.7376 -32.9078 4.6717
vertex -9.6127 -33.4218 4.9595
vertex -9.4084 -33.5786 4.9595
endloop
endfacet
facet normal 0.111964 0.270305 0.956242
outer loop
vertex -9.1384 -32.6003 4.6717
vertex -9.6051 -32.4070 4.6717
vertex -9.8506 -33.3232 4.9595
endloop
endfacet
facet normal 0.111964 0.270305 0.956242
outer loop
vertex -9.1384 -32.6003 4.6717
vertex -9.8506 -33.3232 4.9595
vertex -9.6127 -33.4218 4.9595
endloop
endfacet
facet normal 0.038189 0.290073 0.956242
outer loop
vertex -9.6051 -32.4070 4.6717
vertex -10.1060 -32.3410 4.6717
vertex -10.1060 -33.2896 4.9595
endloop
endfacet
facet normal 0.038189 0.290073 0.956242
outer loop
vertex -9.6051 -32.4070 4.6717
vertex -10.1060 -33.2896 4.9595
vertex -9.8506 -33.3232 4.9595
endloop
endfacet
facet normal -0.038189 0.290073 0.956242
outer loop
vertex -10.1060 -32.3410 4.6717
vertex -10.6068 -32.4070 4.6717
vertex -10.3613 -33.3232 4.9595
endloop
endfacet
facet normal -0.038189 0.290073 0.956242
outer loop
vertex -10.1060 -32.3410 4.6717
vertex -10.3613 -33.3232 4.9595
vertex -10.1060 -33.2896 4.9595
endloop
endfacet
facet normal -0.111964 0.270305 0.956242
outer loop
vertex -10.6068 -32.4070 4.6717
vertex -11.0735 -32.6003 4.6717
vertex -10.5992 -33.4218 4.9595
endloop
endfacet
facet normal -0.111964 0.270305 0.956242
outer loop
vertex -10.6068 -32.4070 4.6717
vertex -10.5992 -33.4218 4.9595
vertex -10.3613 -33.3232 4.9595
endloop
endfacet
facet normal -0.178109 0.232116 0.956242
outer loop
vertex -11.0735 -32.6003 4.6717
vertex -11.4743 -32.9078 4.6717
vertex -10.8035 -33.5786 4.9595
endloop
endfacet
facet normal -0.178109 0.232116 0.956242
outer loop
vertex -11.0735 -32.6003 4.6717
vertex -10.8035 -33.5786 4.9595
vertex -10.5992 -33.4218 4.9595
endloop
endfacet
facet normal -0.232116 0.178109 0.956242
outer loop
vertex -11.4743 -32.9078 4.6717
vertex -11.7818 -33.3086 4.6717
vertex -10.9603 -33.7829 4.9595
endloop
endfacet
facet normal -0.232116 0.178109 0.956242
outer loop
vertex -11.4743 -32.9078 4.6717
vertex -10.9603 -33.7829 4.9595
vertex -10.8035 -33.5786 4.9595
endloop
endfacet
facet normal -0.270305 0.111964 0.956242
outer loop
vertex -11.7818 -33.3086 4.6717
vertex -11.9751 -33.7753 4.6717
vertex -11.0589 -34.0208 4.9595
endloop
endfacet
facet normal -0.270305 0.111964 0.956242
outer loop
vertex -11.7818 -33.3086 4.6717
vertex -11.0589 -34.0208 4.9595
vertex -10.9603 -33.7829 4.9595
endloop
endfacet
facet normal -0.290073 0.038189 0.956242
outer loop
vertex -11.9751 -33.7753 4.6717
vertex -12.0411 -34.2761 4.6717
vertex -11.0925 -34.2761 4.9595
endloop
endfacet
facet normal -0.290073 0.038189 0.956242
outer loop
vertex -11.9751 -33.7753 4.6717
vertex -11.0925 -34.2761 4.9595
vertex -11.0589 -34.0208 4.9595
endloop
endfacet
facet normal -0.290073 -0.038189 0.956242
outer loop
vertex -12.0411 -34.2761 4.6717
vertex -11.9751 -34.7770 4.6717
vertex -11.0589 -34.5314 4.9595
endloop
endfacet
facet normal -0.290073 -0.038189 0.956242
outer loop
vertex -12.0411 -34.2761 4.6717
vertex -11.0589 -34.5314 4.9595
vertex -11.0925 -34.2761 4.9595
endloop
endfacet
facet normal -0.270305 -0.111964 0.956242
outer loop
vertex -11.9751 -34.7770 4.6717
vertex -11.7818 -35.2437 4.6717
vertex -10.9603 -34.7694 4.9595
endloop
endfacet
facet normal -0.270305 -0.111964 0.956242
outer loop
vertex -11.9751 -34.7770 4.6717
vertex -10.9603 -34.7694 4.9595
vertex -11.0589 -34.5314 4.9595
endloop
endfacet
facet normal -0.232116 -0.178109 0.956242
outer loop
vertex -11.7818 -35.2437 4.6717
vertex -11.4743 -35.6444 4.6717
vertex -10.8035 -34.9737 4.9595
endloop
endfacet
facet normal -0.232116 -0.178109 0.956242
outer loop
vertex -11.7818 -35.2437 4.6717
vertex -10.8035 -34.9737 4.9595
vertex -10.9603 -34.7694 4.9595
endloop
endfacet
facet normal -0.178109 -0.232116 0.956242
outer loop
vertex -11.4743 -35.6444 4.6717
vertex -11.0735 -35.9520 4.6717
vertex -10.5992 -35.1305 4.9595
endloop
endfacet
facet normal -0.178109 -0.232116 0.956242
outer loop
vertex -11.4743 -35.6444 4.6717
vertex -10.5992 -35.1305 4.9595
vertex -10.8035 -34.9737 4.9595
endloop
endfacet
facet normal -0.111964 -0.270305 0.956242
outer loop
vertex -11.0735 -35.9520 4.6717
vertex -10.6068 -36.1453 4.6717
vertex -10.3613 -35.2290 4.9595
endloop
endfacet
facet normal -0.111964 -0.270305 0.956242
outer loop
vertex -11.0735 -35.9520 4.6717
vertex -10.3613 -35.2290 4.9595
vertex -10.5992 -35.1305 4.9595
endloop
endfacet
facet normal -0.038189 -0.290073 0.956242
outer loop
vertex -10.6068 -36.1453 4.6717
vertex -10.1060 -36.2112 4.6717
vertex -10.1060 -35.2626 4.9595
endloop
endfacet
facet normal -0.038189 -0.290073 0.956242
outer loop
vertex -10.6068 -36.1453 4.6717
vertex -10.1060 -35.2626 4.9595
vertex -10.3613 -35.2290 4.9595
endloop
endfacet
facet normal 0.038189 -0.290073 0.956242
outer loop
vertex -10.1060 -36.2112 4.6717
vertex -9.6051 -36.1453 4.6717
vertex -9.8506 -35.2290 4.9595
endloop
endfacet
facet normal 0.038189 -0.290073 0.956242
outer loop
vertex -10.1060 -36.2112 4.6717
vertex -9.8506 -35.2290 4.9595
vertex -10.1060 -35.2626 4.9595
endloop
endfacet
facet normal 0.111964 -0.270305 0.956242
outer loop
vertex -9.6051 -36.1453 4.6717
vertex -9.1384 -35.9520 4.6717
vertex -9.6127 -35.1305 4.9595
endloop
endfacet
facet normal 0.111964 -0.270305 0.956242
outer loop
vertex -9.6051 -36.1453 4.6717
vertex -9.6127 -35.1305 4.9595
vertex -9.8506 -35.2290 4.9595
endloop
endfacet
facet normal 0.178109 -0.232116 0.956242
outer loop
vertex -9.1384 -35.9520 4.6717
vertex -8.7376 -35.6444 4.6717
vertex -9.4084 -34.9737 4.9595
endloop
endfacet
facet normal 0.178109 -0.232116 0.956242
outer loop
vertex -9.1384 -35.9520 4.6717
vertex -9.4084 -34.9737 4.9595
vertex -9.6127 -35.1305 4.9595
endloop
endfacet
facet normal 0.232116 -0.178109 0.956242
outer loop
vertex -8.7376 -35.6444 4.6717
vertex -8.4301 -35.2437 4.6717
vertex -9.2516 -34.7694 4.9595
endloop
endfacet
facet normal 0.232116 -0.178109 0.956242
outer loop
vertex -8.7376 -35.6444 4.6717
vertex -9.2516 -34.7694 4.9595
vertex -9.4084 -34.9737 4.9595
endloop
endfacet
facet normal 0.270305 -0.111964 0.956242
outer loop
vertex -8.4301 -35.2437 4.6717
vertex -8.2368 -34.7770 4.6717
vertex -9.1531 -34.5314 4.9595
endloop
endfacet
facet normal 0.270305 -0.111964 0.956242
outer loop
vertex -8.4301 -35.2437 4.6717
vertex -9.1531 -34.5314 4.9595
vertex -9.2516 -34.7694 4.9595
endloop
endfacet
facet normal 0.290073 -0.038189 0.956242
outer loop
vertex -8.2368 -34.7770 4.6717
vertex -8.1709 -34.2761 4.6717
vertex -9.1195 -34.2761 4.9595
endloop
endfacet
facet normal 0.290073 -0.038189 0.956242
outer loop
vertex -8.2368 -34.7770 4.6717
vertex -9.1195 -34.2761 4.9595
vertex -9.1531 -34.5314 4.9595
endloop
endfacet
facet normal 0.098009 0.012903 0.995102
outer loop
vertex -9.1195 -34.2761 4.9595
vertex -9.1531 -34.0208 4.9595
vertex -10.1060 -34.2761 5.0566
endloop
endfacet
facet normal 0.091330 0.037830 0.995102
outer loop
vertex -9.1531 -34.0208 4.9595
vertex -9.2516 -33.7829 4.9595
vertex -10.1060 -34.2761 5.0566
endloop
endfacet
facet normal 0.078427 0.060179 0.995102
outer loop
vertex -9.2516 -33.7829 4.9595
vertex -9.4084 -33.5786 4.9595
vertex -10.1060 -34.2761 5.0566
endloop
endfacet
facet normal 0.060179 0.078427 0.995102
outer loop
vertex -9.4084 -33.5786 4.9595
vertex -9.6127 -33.4218 4.9595
vertex -10.1060 -34.2761 5.0566
endloop
endfacet
facet normal 0.037830 0.091330 0.995102
outer loop
vertex -9.6127 -33.4218 4.9595
vertex -9.8506 -33.3232 4.9595
vertex -10.1060 -34.2761 5.0566
endloop
endfacet
facet normal 0.012903 0.098009 0.995102
outer loop
vertex -9.8506 -33.3232 4.9595
vertex -10.1060 -33.2896 4.9595
vertex -10.1060 -34.2761 5.0566
endloop
endfacet
facet normal -0.012903 0.098009 0.995102
outer loop
vertex -10.1060 -33.2896 4.9595
vertex -10.3613 -33.3232 4.9595
vertex -10.1060 -34.2761 5.0566
endloop
endfacet
facet normal -0.037830 0.091330 0.995102
outer loop
vertex -10.3613 -33.3232 4.9595
vertex -10.5992 -33.4218 4.9595
vertex -10.1060 -34.2761 5.0566
endloop
endfacet
facet normal -0.060179 0.078427 0.995102
outer loop
vertex -10.5992 -33.4218 4.9595
vertex -10.8035 -33.5786 4.9595
vertex -10.1060 -34.2761 5.0566
endloop
endfacet
facet normal -0.078427 0.060179 0.995102
outer loop
vertex -10.8035 -33.5786 4.9595
vertex -10.9603 -33.7829 4.9595
vertex -10.1060 -34.2761 5.0566
endloop
endfacet
facet normal -0.091330 0.037830 0.995102
outer loop
vertex -10.9603 -33.7829 4.9595
vertex -11.0589 -34.0208 4.9595
vertex -10.1060 -34.2761 5.0566
endloop
endfacet
facet normal -0.098009 0.012903 0.995102
outer loop
vertex -11.0589 -34.0208 4.9595
vertex -11.0925 -34.2761 4.9595
vertex -10.1060 -34.2761 5.0566
endloop
endfacet
facet normal -0.098009 -0.012903 0.995102
outer loop
vertex -11.0925 -34.2761 4.9595
vertex -11.0589 -34.5314 4.9595
vertex -10.1060 -34.2761 5.0566
endloop
endfacet
facet normal -0.091330 -0.037830 0.995102
outer loop
vertex -11.0589 -34.5314 4.9595
vertex -10.9603 -34.7694 4.9595
vertex -10.1060 -34.2761 5.0566
endloop
endfacet
facet normal -0.078427 -0.060179 0.995102
outer loop
vertex -10.9603 -34.7694 4.9595
vertex -10.8035 -34.9737 4.9595
vertex -10.1060 -34.2761 5.0566
endloop
endfacet
facet normal -0.060179 -0.078427 0.995102
outer loop
vertex -10.8035 -34.9737 4.9595
vertex -10.5992 -35.1305 4.9595
vertex -10.1060 -34.2761 5.0566
endloop
endfacet
facet normal -0.037830 -0.091330 0.995102
outer loop
vertex -10.5992 -35.1305 4.9595
vertex -10.3613 -35.2290 4.9595
vertex -10.1060 -34.2761 5.0566
endloop
endfacet
facet normal -0.012903 -0.098009 0.995102
outer loop
vertex -10.3613 -35.2290 4.9595
vertex -10.1060 -35.2626 4.9595
vertex -10.1060 -34.2761 5.0566
endloop
endfacet
facet normal 0.012903 -0.098009 0.995102
outer loop
vertex -10.1060 -35.2626 4.9595
vertex -9.8506 -35.2290 4.9595
vertex -10.1060 -34.2761 5.0566
endloop
endfacet
facet normal 0.037830 -0.091330 0.995102
outer loop
vertex -9.8506 -35.2290 4.9595
vertex -9.6127 -35.1305 4.9595
vertex -10.1060 -34.2761 5.0566
endloop
endfacet
facet normal 0.060179 -0.078427 0.995102
outer loop
vertex -9.6127 -35.1305 4.9595
vertex -9.4084 -34.9737 4.9595
vertex -10.1060 -34.2761 5.0566
endloop
endfacet
facet normal 0.078427 -0.060179 0.995102
outer loop
vertex -9.4084 -34.9737 4.9595
vertex -9.2516 -34.7694 4.9595
vertex -10.1060 -34.2761 5.0566
endloop
endfacet
facet normal 0.091330 -0.037830 0.995102
outer loop
vertex -9.2516 -34.7694 4.9595
vertex -9.1531 -34.5314 4.9595
vertex -10.1060 -34.2761 5.0566
endloop
endfacet
facet normal 0.098009 -0.012903 0.995102
outer loop
vertex -9.1531 -34.5314 4.9595
vertex -9.1195 -34.2761 4.9595
vertex -10.1060 -34.2761 5.0566
endloop
endfacet
facet normal 0.991445 0.130526 0.000000
outer loop
vertex 13.0800 24.3011 0.0000
vertex 12.9853 25.0203 0.0000
vertex 12.9853 25.0203 8.6952
endloop
endfacet
facet normal 0.991445 0.130526 -0.000000
outer loop
vertex 13.0800 24.3011 0.0000
vertex 12.9853 25.0203 8.6952
vertex 13.0800 24.3011 8.6952
endloop
endfacet
facet normal 0.000000 0.000000 1.000000
outer loop
vertex 10.3010 24.3011 8.6952
vertex 13.0800 24.3011 8.6952
vertex 12.9853 25.0203 8.6952
endloop
endfacet
facet normal 0.000000 0.000000 -1.000000
outer loop
vertex 10.3010 24.3011 0.0000
vertex 12.9853 25.0203 0.0000
vertex 13.0800 24.3011 0.0000
endloop
endfacet
facet normal 0.923880 0.382683 0.000000
outer loop
vertex 12.9853 25.0203 0.0000
vertex 12.7077 25.6906 0.0000
vertex 12.7077 25.6906 8.6952
endloop
endfacet
facet normal 0.923880 0.382683 -0.000000
outer loop
vertex 12.9853 25.0203 0.0000
vertex 12.7077 25.6906 8.6952
vertex 12.9853 25.0203 8.6952
endloop
endfacet
facet normal 0.000000 0.000000 1.000000
outer loop
vertex 10.3010 24.3011 8.6952
vertex 12.9853 25.0203 8.6952
vertex 12.7077 25.6906 8.6952
endloop
endfacet
facet normal 0.000000 0.000000 -1.000000
outer loop
vertex 10.3010 24.3011 0.0000
vertex 12.7077 25.6906 0.0000
vertex 12.9853 25.0203 0.0000
endloop
endfacet
facet normal 0.793353 0.608761 0.000000
outer loop
vertex 12.7077 25.6906 0.0000
vertex 12.2660 26.2661 0.0000
vertex 12.2660 26.2661 8.6952
endloop
endfacet
facet normal 0.793353 0.608761 -0.000000
outer loop
vertex 12.7077 25.6906 0.0000
vertex 12.2660 26.2661 8.6952
vertex 12.7077 25.6906 8.6952
endloop
endfacet
facet normal 0.000000 0.000000 1.000000
outer loop
vertex 10.3010 24.3011 8.6952
vertex 12.7077 25.6906 8.6952
vertex 12.2660 26.2661 8.6952
endloop
endfacet
facet normal 0.000000 0.000000 -1.000000
outer loop
vertex 10.3010 24.3011 0.0000
vertex 12.2660 26.2661 0.0000
vertex 12.7077 25.6906 0.0000
endloop
endfacet
facet normal 0.608761 0.793353 0.000000
outer loop
vertex 12.2660 26.2661 0.0000
vertex 11.6905 26.7077 0.0000
vertex 11.6905 26.7077 8.6952
endloop
endfacet
facet normal 0.608761 0.793353 -0.000000
outer loop
vertex 12.2660 26.2661 0.0000
vertex 11.6905 26.7077 8.6952
vertex 12.2660 26.2661 8.6952
endloop
endfacet
facet normal 0.000000 0.000000 1.000000
outer loop
vertex 10.3010 24.3011 8.6952
vertex 12.2660 26.2661 8.6952
vertex 11.6905 26.7077 8.6952
endloop
endfacet
facet normal 0.000000 0.000000 -1.000000
outer loop
vertex 10.3010 24.3011 0.0000
vertex 11.6905 26.7077 0.0000
vertex 12.2660 26.2661 0.0000
endloop
endfacet
facet normal 0.382683 0.923880 0.000000
outer loop
vertex 11.6905 26.7077 0.0000
vertex 11.0203 26.9854 0.0000
vertex 11.0203 26.9854 8.6952
endloop
endfacet
facet normal 0.382683 0.923880 -0.000000
outer loop
vertex 11.6905 26.7077 0.0000
vertex 11.0203 26.9854 8.6952
vertex 11.6905 26.7077 8.6952
endloop
endfacet
facet normal 0.000000 0.000000 1.000000
outer loop
vertex 10.3010 24.3011 8.6952
vertex 11.6905 26.7077 8.6952
vertex 11.0203 26.9854 8.6952
endloop
endfacet
facet normal 0.000000 0.000000 -1.000000
outer loop
vertex 10.3010 24.3011 0.0000
vertex 11.0203 26.9854 0.0000
vertex 11.6905 26.7077 0.0000
endloop
endfacet
facet normal 0.130526 0.991445 0.000000
outer loop
vertex 11.0203 26.9854 0.0000
vertex 10.3010 27.0800 0.0000
vertex 10.3010 27.0800 8.6952
endloop
endfacet
facet normal 0.130526 0.991445 -0.000000
outer loop
vertex 11.0203 26.9854 0.0000
vertex 10.3010 27.0800 8.6952
vertex 11.0203 26.9854 8.6952
endloop
endfacet
facet normal 0.000000 0.000000 1.000000
outer loop
vertex 10.3010 24.3011 8.6952
vertex 11.0203 26.9854 8.6952
vertex 10.3010 27.0800 8.6952
endloop
endfacet
facet normal 0.000000 0.000000 -1.000000
outer loop
vertex 10.3010 24.3011 0.0000
vertex 10.3010 27.0800 0.0000
vertex 11.0203 26.9854 0.0000
endloop
endfacet
facet normal -0.130526 0.991445 0.000000
outer loop
vertex 10.3010 27.0800 0.0000
vertex 9.5818 26.9854 0.0000
vertex 9.5818 26.9854 8.6952
endloop
endfacet
facet normal -0.130526 0.991445 0.000000
outer loop
vertex 10.3010 27.0800 0.0000
vertex 9.5818 26.9854 8.6952
vertex 10.3010 27.0800 8.6952
endloop
endfacet
facet normal 0.000000 -0.000000 1.000000
outer loop
vertex 10.3010 24.3011 8.6952
vertex 10.3010 27.0800 8.6952
vertex 9.5818 26.9854 8.6952
endloop
endfacet
facet normal 0.000000 0.000000 -1.000000
outer loop
vertex 10.3010 24.3011 0.0000
vertex 9.5818 26.9854 0.0000
vertex 10.3010 27.0800 0.0000
endloop
endfacet
facet normal -0.382683 0.923880 0.000000
outer loop
vertex 9.5818 26.9854 0.0000
vertex 8.9115 26.7077 0.0000
vertex 8.9115 26.7077 8.6952
endloop
endfacet
facet normal -0.382683 0.923880 0.000000
outer loop
vertex 9.5818 26.9854 0.0000
vertex 8.9115 26.7077 8.6952
vertex 9.5818 26.9854 8.6952
endloop
endfacet
facet normal 0.000000 0.000000 1.000000
outer loop
vertex 10.3010 24.3011 8.6952
vertex 9.5818 26.9854 8.6952
vertex 8.9115 26.7077 8.6952
endloop
endfacet
facet normal 0.000000 0.000000 -1.000000
outer loop
vertex 10.3010 24.3011 0.0000
vertex 8.9115 26.7077 0.0000
vertex 9.5818 26.9854 0.0000
endloop
endfacet
facet normal -0.608761 0.793353 0.000000
outer loop
vertex 8.9115 26.7077 0.0000
vertex 8.3360 26.2661 0.0000
vertex 8.3360 26.2661 8.6952
endloop
endfacet
facet normal -0.608761 0.793353 0.000000
outer loop
vertex 8.9115 26.7077 0.0000
vertex 8.3360 26.2661 8.6952
vertex 8.9115 26.7077 8.6952
endloop
endfacet
facet normal 0.000000 0.000000 1.000000
outer loop
vertex 10.3010 24.3011 8.6952
vertex 8.9115 26.7077 8.6952
vertex 8.3360 26.2661 8.6952
endloop
endfacet
facet normal 0.000000 0.000000 -1.000000
outer loop
vertex 10.3010 24.3011 0.0000
vertex 8.3360 26.2661 0.0000
vertex 8.9115 26.7077 0.0000
endloop
endfacet
facet normal -0.793353 0.608761 0.000000
outer loop
vertex 8.3360 26.2661 0.0000
vertex 7.8944 25.6906 0.0000
vertex 7.8944 25.6906 8.6952
endloop
endfacet
facet normal -0.793353 0.608761 0.000000
outer loop
vertex 8.3360 26.2661 0.0000
vertex 7.8944 25.6906 8.6952
vertex 8.3360 26.2661 8.6952
endloop
endfacet
facet normal 0.000000 0.000000 1.000000
outer loop
vertex 10.3010 24.3011 8.6952
vertex 8.3360 26.2661 8.6952
vertex 7.8944 25.6906 8.6952
endloop
endfacet
facet normal 0.000000 0.000000 -1.000000
outer loop
vertex 10.3010 24.3011 0.0000
vertex 7.8944 25.6906 0.0000
vertex 8.3360 26.2661 0.0000
endloop
endfacet
facet normal -0.923880 0.382683 0.000000
outer loop
vertex 7.8944 25.6906 0.0000
vertex 7.6168 25.0203 0.0000
vertex 7.6168 25.0203 8.6952
endloop
endfacet
facet normal -0.923880 0.382683 0.000000
outer loop
vertex 7.8944 25.6906 0.0000
vertex 7.6168 25.0203 8.6952
vertex 7.8944 25.6906 8.6952
endloop
endfacet
facet normal 0.000000 0.000000 1.000000
outer loop
vertex 10.3010 24.3011 8.6952
vertex 7.8944 25.6906 8.6952
vertex 7.6168 25.0203 8.6952
endloop
endfacet
facet normal 0.000000 0.000000 -1.000000
outer loop
vertex 10.3010 24.3011 0.0000
vertex 7.6168 25.0203 0.0000
vertex 7.8944 25.6906 0.0000
endloop
endfacet
facet normal -0.991445 0.130526 0.000000
outer loop
vertex 7.6168 25.0203 0.0000
vertex 7.5221 24.3011 0.0000
vertex 7.5221 24.3011 8.6952
endloop
endfacet
facet normal -0.991445 0.130526 0.000000
outer loop
vertex 7.6168 25.0203 0.0000
vertex 7.5221 24.3011 8.6952
vertex 7.6168 25.0203 8.6952
endloop
endfacet
facet normal 0.000000 0.000000 1.000000
outer loop
vertex 10.3010 24.3011 8.6952
vertex 7.6168 25.0203 8.6952
vertex 7.5221 24.3011 8.6952
endloop
endfacet
facet normal 0.000000 0.000000 -1.000000
outer loop
vertex 10.3010 24.3011 0.0000
vertex 7.5221 24.3011 0.0000
vertex 7.6168 25.0203 0.0000
endloop
endfacet
facet normal -0.991445 -0.130526 0.000000
outer loop
vertex 7.5221 24.3011 0.0000
vertex 7.6168 23.5819 0.0000
vertex 7.6168 23.5819 8.6952
endloop
endfacet
facet normal -0.991445 -0.130526 0.000000
outer loop
vertex 7.5221 24.3011 0.0000
vertex 7.6168 23.5819 8.6952
vertex 7.5221 24.3011 8.6952
endloop
endfacet
facet normal 0.000000 0.000000 1.000000
outer loop
vertex 10.3010 24.3011 8.6952
vertex 7.5221 24.3011 8.6952
vertex 7.6168 23.5819 8.6952
endloop
endfacet
facet normal -0.000000 0.000000 -1.000000
outer loop
vertex 10.3010 24.3011 0.0000
vertex 7.6168 23.5819 0.0000
vertex 7.5221 24.3011 0.0000
endloop
endfacet
facet normal -0.923880 -0.382683 0.000000
outer loop
vertex 7.6168 23.5819 0.0000
vertex 7.8944 22.9116 0.0000
vertex 7.8944 22.9116 8.6952
endloop
endfacet
facet normal -0.923880 -0.382683 0.000000
outer loop
vertex 7.6168 23.5819 0.0000
vertex 7.8944 22.9116 8.6952
vertex 7.6168 23.5819 8.6952
endloop
endfacet
facet normal 0.000000 0.000000 1.000000
outer loop
vertex 10.3010 24.3011 8.6952
vertex 7.6168 23.5819 8.6952
vertex 7.8944 22.9116 8.6952
endloop
endfacet
facet normal 0.000000 0.000000 -1.000000
outer loop
vertex 10.3010 24.3011 0.0000
vertex 7.8944 22.9116 0.0000
vertex 7.6168 23.5819 0.0000
endloop
endfacet
facet normal -0.793353 -0.608761 0.000000
outer loop
vertex 7.8944 22.9116 0.0000
vertex 8.3360 22.3361 0.0000
vertex 8.3360 22.3361 8.6952
endloop
endfacet
facet normal -0.793353 -0.608761 0.000000
outer loop
vertex 7.8944 22.9116 0.0000
vertex 8.3360 22.3361 8.6952
vertex 7.8944 22.9116 8.6952
endloop
endfacet
facet normal 0.000000 0.000000 1.000000
outer loop
vertex 10.3010 24.3011 8.6952
vertex 7.8944 22.9116 8.6952
vertex 8.3360 22.3361 8.6952
endloop
endfacet
facet normal 0.000000 0.000000 -1.000000
outer loop
vertex 10.3010 24.3011 0.0000
vertex 8.3360 22.3361 0.0000
vertex 7.8944 22.9116 0.0000
endloop
endfacet
facet normal -0.608761 -0.793353 0.000000
outer loop
vertex 8.3360 22.3361 0.0000
vertex 8.9115 21.8945 0.0000
vertex 8.9115 21.8945 8.6952
endloop
endfacet
facet normal -0.608761 -0.793353 0.000000
outer loop
vertex 8.3360 22.3361 0.0000
vertex 8.9115 21.8945 8.6952
vertex 8.3360 22.3361 8.6952
endloop
endfacet
facet normal 0.000000 0.000000 1.000000
outer loop
vertex 10.3010 24.3011 8.6952
vertex 8.3360 22.3361 8.6952
vertex 8.9115 21.8945 8.6952
endloop
endfacet
facet normal 0.000000 0.000000 -1.000000
outer loop
vertex 10.3010 24.3011 0.0000
vertex 8.9115 21.8945 0.0000
vertex 8.3360 22.3361 0.0000
endloop
endfacet
facet normal -0.382683 -0.923880 0.000000
outer loop
vertex 8.9115 21.8945 0.0000
vertex 9.5818 21.6168 0.0000
vertex 9.5818 21.6168 8.6952
endloop
endfacet
facet normal -0.382683 -0.923880 0.000000
outer loop
vertex 8.9115 21.8945 0.0000
vertex 9.5818 21.6168 8.6952
vertex 8.9115 21.8945 8.6952
endloop
endfacet
facet normal 0.000000 0.000000 1.000000
outer loop
vertex 10.3010 24.3011 8.6952
vertex 8.9115 21.8945 8.6952
vertex 9.5818 21.6168 8.6952
endloop
endfacet
facet normal 0.000000 0.000000 -1.000000
outer loop
vertex 10.3010 24.3011 0.0000
vertex 9.5818 21.6168 0.0000
vertex 8.9115 21.8945 0.0000
endloop
endfacet
facet normal -0.130526 -0.991445 0.000000
outer loop
vertex 9.5818 21.6168 0.0000
vertex 10.3010 21.5221 0.0000
vertex 10.3010 21.5221 8.6952
endloop
endfacet
facet normal -0.130526 -0.991445 0.000000
outer loop
vertex 9.5818 21.6168 0.0000
vertex 10.3010 21.5221 8.6952
vertex 9.5818 21.6168 8.6952
endloop
endfacet
facet normal 0.000000 0.000000 1.000000
outer loop
vertex 10.3010 24.3011 8.6952
vertex 9.5818 21.6168 8.6952
vertex 10.3010 21.5221 8.6952
endloop
endfacet
facet normal 0.000000 -0.000000 -1.000000
outer loop
vertex 10.3010 24.3011 0.0000
vertex 10.3010 21.5221 0.0000
vertex 9.5818 21.6168 0.0000
endloop
endfacet
facet normal 0.130526 -0.991445 0.000000
outer loop
vertex 10.3010 21.5221 0.0000
vertex 11.0203 21.6168 0.0000
vertex 11.0203 21.6168 8.6952
endloop
endfacet
facet normal 0.130526 -0.991445 0.000000
outer loop
vertex 10.3010 21.5221 0.0000
vertex 11.0203 21.6168 8.6952
vertex 10.3010 21.5221 8.6952
endloop
endfacet
facet normal 0.000000 0.000000 1.000000
outer loop
vertex 10.3010 24.3011 8.6952
vertex 10.3010 21.5221 8.6952
vertex 11.0203 21.6168 8.6952
endloop
endfacet
facet normal 0.000000 0.000000 -1.000000
outer loop
vertex 10.3010 24.3011 0.0000
vertex 11.0203 21.6168 0.0000
vertex 10.3010 21.5221 0.0000
endloop
endfacet
facet normal 0.382683 -0.923880 0.000000
outer loop
vertex 11.0203 21.6168 0.0000
vertex 11.6905 21.8945 0.0000
vertex 11.6905 21.8945 8.6952
endloop
endfacet
facet normal 0.382683 -0.923880 0.000000
outer loop
vertex 11.0203 21.6168 0.0000
vertex 11.6905 21.8945 8.6952
vertex 11.0203 21.6168 8.6952
endloop
endfacet
facet normal 0.000000 0.000000 1.000000
outer loop
vertex 10.3010 24.3011 8.6952
vertex 11.0203 21.6168 8.6952
vertex 11.6905 21.8945 8.6952
endloop
endfacet
facet normal 0.000000 0.000000 -1.000000
outer loop
vertex 10.3010 24.3011 0.0000
vertex 11.6905 21.8945 0.0000
vertex 11.0203 21.6168 0.0000
endloop
endfacet
facet normal 0.608761 -0.793353 0.000000
outer loop
vertex 11.6905 21.8945 0.0000
vertex 12.2660 22.3361 0.0000
vertex 12.2660 22.3361 8.6952
endloop
endfacet
facet normal 0.608761 -0.793353 0.000000
outer loop
vertex 11.6905 21.8945 0.0000
vertex 12.2660 22.3361 8.6952
vertex 11.6905 21.8945 8.6952
endloop
endfacet
facet normal 0.000000 0.000000 1.000000
outer loop
vertex 10.3010 24.3011 8.6952
vertex 11.6905 21.8945 8.6952
vertex 12.2660 22.3361 8.6952
endloop
endfacet
facet normal 0.000000 0.000000 -1.000000
outer loop
vertex 10.3010 24.3011 0.0000
vertex 12.2660 22.3361 0.0000
vertex 11.6905 21.8945 0.0000
endloop
endfacet
facet normal 0.793353 -0.608761 0.000000
outer loop
vertex 12.2660 22.3361 0.0000
vertex 12.7077 22.9116 0.0000
vertex 12.7077 22.9116 8.6952
endloop
endfacet
facet normal 0.793353 -0.608761 0.000000
outer loop
vertex 12.2660 22.3361 0.0000
vertex 12.7077 22.9116 8.6952
vertex 12.2660 22.3361 8.6952
endloop
endfacet
facet normal 0.000000 0.000000 1.000000
outer loop
vertex 10.3010 24.3011 8.6952
vertex 12.2660 22.3361 8.6952
vertex 12.7077 22.9116 8.6952
endloop
endfacet
facet normal 0.000000 0.000000 -1.000000
outer loop
vertex 10.3010 24.3011 0.0000
vertex 12.7077 22.9116 0.0000
vertex 12.2660 22.3361 0.0000
endloop
endfacet
facet normal 0.923880 -0.382683 0.000000
outer loop
vertex 12.7077 22.9116 0.0000
vertex 12.9853 23.5819 0.0000
vertex 12.9853 23.5819 8.6952
endloop
endfacet
facet normal 0.923880 -0.382683 0.000000
outer loop
vertex 12.7077 22.9116 0.0000
vertex 12.9853 23.5819 8.6952
vertex 12.7077 22.9116 8.6952
endloop
endfacet
facet normal 0.000000 0.000000 1.000000
outer loop
vertex 10.3010 24.3011 8.6952
vertex 12.7077 22.9116 8.6952
vertex 12.9853 23.5819 8.6952
endloop
endfacet
facet normal 0.000000 0.000000 -1.000000
outer loop
vertex 10.3010 24.3011 0.0000
vertex 12.9853 23.5819 0.0000
vertex 12.7077 22.9116 0.0000
endloop
endfacet
facet normal 0.991445 -0.130526 0.000000
outer loop
vertex 12.9853 23.5819 0.0000
vertex 13.0800 24.3011 0.0000
vertex 13.0800 24.3011 8.6952
endloop
endfacet
facet normal 0.991445 -0.130526 0.000000
outer loop
vertex 12.9853 23.5819 0.0000
vertex 13.0800 24.3011 8.6952
vertex 12.9853 23.5819 8.6952
endloop
endfacet
facet normal -0.000000 0.000000 1.000000
outer loop
vertex 10.3010 24.3011 8.6952
vertex 12.9853 23.5819 8.6952
vertex 13.0800 24.3011 8.6952
endloop
endfacet
facet normal 0.000000 0.000000 -1.000000
outer loop
vertex 10.3010 24.3011 0.0000
vertex 13.0800 24.3011 0.0000
vertex 12.9853 23.5819 0.0000
endloop
endfacet
facet normal 0.986752 0.129908 0.097187
outer loop
vertex -18.7440 -6.3566 0.0000
vertex -18.8583 -5.4884 0.0000
vertex -18.9205 -5.5051 0.6544
endloop
endfacet
facet normal 0.986752 0.129908 0.097187
outer loop
vertex -18.7440 -6.3566 0.0000
vertex -18.9205 -5.5051 0.6544
vertex -18.8084 -6.3566 0.6544
endloop
endfacet
facet normal 0.919506 0.380872 0.097187
outer loop
vertex -18.8583 -5.4884 0.0000
vertex -19.1934 -4.6794 0.0000
vertex -19.2492 -4.7116 0.6544
endloop
endfacet
facet normal 0.919506 0.380872 0.097187
outer loop
vertex -18.8583 -5.4884 0.0000
vertex -19.2492 -4.7116 0.6544
vertex -18.9205 -5.5051 0.6544
endloop
endfacet
facet normal 0.789598 0.605880 0.097187
outer loop
vertex -19.1934 -4.6794 0.0000
vertex -19.7264 -3.9847 0.0000
vertex -19.7720 -4.0303 0.6544
endloop
endfacet
facet normal 0.789598 0.605880 0.097187
outer loop
vertex -19.1934 -4.6794 0.0000
vertex -19.7720 -4.0303 0.6544
vertex -19.2492 -4.7116 0.6544
endloop
endfacet
facet normal 0.605880 0.789598 0.097187
outer loop
vertex -19.7264 -3.9847 0.0000
vertex -20.4211 -3.4517 0.0000
vertex -20.4534 -3.5075 0.6544
endloop
endfacet
facet normal 0.605880 0.789598 0.097187
outer loop
vertex -19.7264 -3.9847 0.0000
vertex -20.4534 -3.5075 0.6544
vertex -19.7720 -4.0303 0.6544
endloop
endfacet
facet normal 0.380872 0.919506 0.097187
outer loop
vertex -20.4211 -3.4517 0.0000
vertex -21.2301 -3.1166 0.0000
vertex -21.2468 -3.1788 0.6544
endloop
endfacet
facet normal 0.380872 0.919506 0.097187
outer loop
vertex -20.4211 -3.4517 0.0000
vertex -21.2468 -3.1788 0.6544
vertex -20.4534 -3.5075 0.6544
endloop
endfacet
facet normal 0.129908 0.986752 0.097187
outer loop
vertex -21.2301 -3.1166 0.0000
vertex -22.0983 -3.0023 0.0000
vertex -22.0983 -3.0667 0.6544
endloop
endfacet
facet normal 0.129908 0.986752 0.097187
outer loop
vertex -21.2301 -3.1166 0.0000
vertex -22.0983 -3.0667 0.6544
vertex -21.2468 -3.1788 0.6544
endloop
endfacet
facet normal -0.129908 0.986752 0.097187
outer loop
vertex -22.0983 -3.0023 0.0000
vertex -22.9664 -3.1166 0.0000
vertex -22.9498 -3.1788 0.6544
endloop
endfacet
facet normal -0.129908 0.986752 0.097187
outer loop
vertex -22.0983 -3.0023 0.0000
vertex -22.9498 -3.1788 0.6544
vertex -22.0983 -3.0667 0.6544
endloop
endfacet
facet normal -0.380872 0.919506 0.097187
outer loop
vertex -22.9664 -3.1166 0.0000
vertex -23.7754 -3.4517 0.0000
vertex -23.7432 -3.5075 0.6544
endloop
endfacet
facet normal -0.380872 0.919506 0.097187
outer loop
vertex -22.9664 -3.1166 0.0000
vertex -23.7432 -3.5075 0.6544
vertex -22.9498 -3.1788 0.6544
endloop
endfacet
facet normal -0.605880 0.789598 0.097187
outer loop
vertex -23.7754 -3.4517 0.0000
vertex -24.4701 -3.9847 0.0000
vertex -24.4246 -4.0303 0.6544
endloop
endfacet
facet normal -0.605880 0.789598 0.097187
outer loop
vertex -23.7754 -3.4517 0.0000
vertex -24.4246 -4.0303 0.6544
vertex -23.7432 -3.5075 0.6544
endloop
endfacet
facet normal -0.789598 0.605880 0.097187
outer loop
vertex -24.4701 -3.9847 0.0000
vertex -25.0032 -4.6794 0.0000
vertex -24.9474 -4.7116 0.6544
endloop
endfacet
facet normal -0.789598 0.605880 0.097187
outer loop
vertex -24.4701 -3.9847 0.0000
vertex -24.9474 -4.7116 0.6544
vertex -24.4246 -4.0303 0.6544
endloop
endfacet
facet normal -0.919506 0.380872 0.097187
outer loop
vertex -25.0032 -4.6794 0.0000
vertex -25.3383 -5.4884 0.0000
vertex -25.2760 -5.5051 0.6544
endloop
endfacet
facet normal -0.919506 0.380872 0.097187
outer loop
vertex -25.0032 -4.6794 0.0000
vertex -25.2760 -5.5051 0.6544
vertex -24.9474 -4.7116 0.6544
endloop
endfacet
facet normal -0.986752 0.129908 0.097187
outer loop
vertex -25.3383 -5.4884 0.0000
vertex -25.4526 -6.3566 0.0000
vertex -25.3881 -6.3566 0.6544
endloop
endfacet
facet normal -0.986752 0.129908 0.097187
outer loop
vertex -25.3383 -5.4884 0.0000
vertex -25.3881 -6.3566 0.6544
vertex -25.2760 -5.5051 0.6544
endloop
endfacet
facet normal -0.986752 -0.129908 0.097187
outer loop
vertex -25.4526 -6.3566 0.0000
vertex -25.3383 -7.2247 0.0000
vertex -25.2760 -7.2081 0.6544
endloop
endfacet
facet normal -0.986752 -0.129908 0.097187
outer loop
vertex -25.4526 -6.3566 0.0000
vertex -25.2760 -7.2081 0.6544
vertex -25.3881 -6.3566 0.6544
endloop
endfacet
facet normal -0.919506 -0.380872 0.097187
outer loop
vertex -25.3383 -7.2247 0.0000
vertex -25.0032 -8.0337 0.0000
vertex -24.9474 -8.0015 0.6544
endloop
endfacet
facet normal -0.919506 -0.380872 0.097187
outer loop
vertex -25.3383 -7.2247 0.0000
vertex -24.9474 -8.0015 0.6544
vertex -25.2760 -7.2081 0.6544
endloop
endfacet
facet normal -0.789598 -0.605880 0.097187
outer loop
vertex -25.0032 -8.0337 0.0000
vertex -24.4701 -8.7284 0.0000
vertex -24.4246 -8.6829 0.6544
endloop
endfacet
facet normal -0.789598 -0.605880 0.097187
outer loop
vertex -25.0032 -8.0337 0.0000
vertex -24.4246 -8.6829 0.6544
vertex -24.9474 -8.0015 0.6544
endloop
endfacet
facet normal -0.605880 -0.789598 0.097187
outer loop
vertex -24.4701 -8.7284 0.0000
vertex -23.7754 -9.2615 0.0000
vertex -23.7432 -9.2057 0.6544
endloop
endfacet
facet normal -0.605880 -0.789598 0.097187
outer loop
vertex -24.4701 -8.7284 0.0000
vertex -23.7432 -9.2057 0.6544
vertex -24.4246 -8.6829 0.6544
endloop
endfacet
facet normal -0.380872 -0.919506 0.097187
outer loop
vertex -23.7754 -9.2615 0.0000
vertex -22.9664 -9.5966 0.0000
vertex -22.9498 -9.5343 0.6544
endloop
endfacet
facet normal -0.380872 -0.919506 0.097187
outer loop
vertex -23.7754 -9.2615 0.0000
vertex -22.9498 -9.5343 0.6544
vertex -23.7432 -9.2057 0.6544
endloop
endfacet
facet normal -0.129908 -0.986752 0.097187
outer loop
vertex -22.9664 -9.5966 0.0000
vertex -22.0983 -9.7109 0.0000
vertex -22.0983 -9.6464 0.6544
endloop
endfacet
facet normal -0.129908 -0.986752 0.097187
outer loop
vertex -22.9664 -9.5966 0.0000
vertex -22.0983 -9.6464 0.6544
vertex -22.9498 -9.5343 0.6544
endloop
endfacet
facet normal 0.129908 -0.986752 0.097187
outer loop
vertex -22.0983 -9.7109 0.0000
vertex -21.2301 -9.5966 0.0000
vertex -21.2468 -9.5343 0.6544
endloop
endfacet
facet normal 0.129908 -0.986752 0.097187
outer loop
vertex -22.0983 -9.7109 0.0000
vertex -21.2468 -9.5343 0.6544
vertex -22.0983 -9.6464 0.6544
endloop
endfacet
facet normal 0.380872 -0.919506 0.097187
outer loop
vertex -21.2301 -9.5966 0.0000
vertex -20.4211 -9.2615 0.0000
vertex -20.4534 -9.2057 0.6544
endloop
endfacet
facet normal 0.380872 -0.919506 0.097187
outer loop
vertex -21.2301 -9.5966 0.0000
vertex -20.4534 -9.2057 0.6544
vertex -21.2468 -9.5343 0.6544
endloop
endfacet
facet normal 0.605880 -0.789598 0.097187
outer loop
vertex -20.4211 -9.2615 0.0000
vertex -19.7264 -8.7284 0.0000
vertex -19.7720 -8.6829 0.6544
endloop
endfacet
facet normal 0.605880 -0.789598 0.097187
outer loop
vertex -20.4211 -9.2615 0.0000
vertex -19.7720 -8.6829 0.6544
vertex -20.4534 -9.2057 0.6544
endloop
endfacet
facet normal 0.789598 -0.605880 0.097187
outer loop
vertex -19.7264 -8.7284 0.0000
vertex -19.1934 -8.0337 0.0000
vertex -19.2492 -8.0015 0.6544
endloop
endfacet
facet normal 0.789598 -0.605880 0.097187
outer loop
vertex -19.7264 -8.7284 0.0000
vertex -19.2492 -8.0015 0.6544
vertex -19.7720 -8.6829 0.6544
endloop
endfacet
facet normal 0.919506 -0.380872 0.097187
outer loop
vertex -19.1934 -8.0337 0.0000
vertex -18.8583 -7.2247 0.0000
vertex -18.9205 -7.2081 0.6544
endloop
endfacet
facet normal 0.919506 -0.380872 0.097187
outer loop
vertex -19.1934 -8.0337 0.0000
vertex -18.9205 -7.2081 0.6544
vertex -19.2492 -8.0015 0.6544
endloop
endfacet
facet normal 0.986752 -0.129908 0.097187
outer loop
vertex -18.8583 -7.2247 0.0000
vertex -18.7440 -6.3566 0.0000
vertex -18.8084 -6.3566 0.6544
endloop
endfacet
facet normal 0.986752 -0.129908 0.097187
outer loop
vertex -18.8583 -7.2247 0.0000
vertex -18.8084 -6.3566 0.6544
vertex -18.9205 -7.2081 0.6544
endloop
endfacet
facet normal 0.949435 0.124996 0.288008
outer loop
vertex -18.8084 -6.3566 0.6544
vertex -18.9205 -5.5051 0.6544
vertex -19.1049 -5.5545 1.2836
endloop
endfacet
facet normal 0.949435 0.124996 0.288008
outer loop
vertex -18.8084 -6.3566 0.6544
vertex -19.1049 -5.5545 1.2836
vertex -18.9993 -6.3566 1.2836
endloop
endfacet
facet normal 0.884733 0.366468 0.288008
outer loop
vertex -18.9205 -5.5051 0.6544
vertex -19.2492 -4.7116 0.6544
vertex -19.4145 -4.8071 1.2836
endloop
endfacet
facet normal 0.884733 0.366468 0.288008
outer loop
vertex -18.9205 -5.5051 0.6544
vertex -19.4145 -4.8071 1.2836
vertex -19.1049 -5.5545 1.2836
endloop
endfacet
facet normal 0.759737 0.582967 0.288008
outer loop
vertex -19.2492 -4.7116 0.6544
vertex -19.7720 -4.0303 0.6544
vertex -19.9070 -4.1653 1.2836
endloop
endfacet
facet normal 0.759737 0.582967 0.288008
outer loop
vertex -19.2492 -4.7116 0.6544
vertex -19.9070 -4.1653 1.2836
vertex -19.4145 -4.8071 1.2836
endloop
endfacet
facet normal 0.582967 0.759737 0.288008
outer loop
vertex -19.7720 -4.0303 0.6544
vertex -20.4534 -3.5075 0.6544
vertex -20.5488 -3.6728 1.2836
endloop
endfacet
facet normal 0.582967 0.759737 0.288008
outer loop
vertex -19.7720 -4.0303 0.6544
vertex -20.5488 -3.6728 1.2836
vertex -19.9070 -4.1653 1.2836
endloop
endfacet
facet normal 0.366468 0.884733 0.288008
outer loop
vertex -20.4534 -3.5075 0.6544
vertex -21.2468 -3.1788 0.6544
vertex -21.2962 -3.3632 1.2836
endloop
endfacet
facet normal 0.366468 0.884733 0.288008
outer loop
vertex -20.4534 -3.5075 0.6544
vertex -21.2962 -3.3632 1.2836
vertex -20.5488 -3.6728 1.2836
endloop
endfacet
facet normal 0.124996 0.949435 0.288008
outer loop
vertex -21.2468 -3.1788 0.6544
vertex -22.0983 -3.0667 0.6544
vertex -22.0983 -3.2576 1.2836
endloop
endfacet
facet normal 0.124996 0.949435 0.288008
outer loop
vertex -21.2468 -3.1788 0.6544
vertex -22.0983 -3.2576 1.2836
vertex -21.2962 -3.3632 1.2836
endloop
endfacet
facet normal -0.124996 0.949435 0.288008
outer loop
vertex -22.0983 -3.0667 0.6544
vertex -22.9498 -3.1788 0.6544
vertex -22.9004 -3.3632 1.2836
endloop
endfacet
facet normal -0.124996 0.949435 0.288008
outer loop
vertex -22.0983 -3.0667 0.6544
vertex -22.9004 -3.3632 1.2836
vertex -22.0983 -3.2576 1.2836
endloop
endfacet
facet normal -0.366468 0.884733 0.288008
outer loop
vertex -22.9498 -3.1788 0.6544
vertex -23.7432 -3.5075 0.6544
vertex -23.6478 -3.6728 1.2836
endloop
endfacet
facet normal -0.366468 0.884733 0.288008
outer loop
vertex -22.9498 -3.1788 0.6544
vertex -23.6478 -3.6728 1.2836
vertex -22.9004 -3.3632 1.2836
endloop
endfacet
facet normal -0.582967 0.759737 0.288008
outer loop
vertex -23.7432 -3.5075 0.6544
vertex -24.4246 -4.0303 0.6544
vertex -24.2896 -4.1653 1.2836
endloop
endfacet
facet normal -0.582967 0.759737 0.288008
outer loop
vertex -23.7432 -3.5075 0.6544
vertex -24.2896 -4.1653 1.2836
vertex -23.6478 -3.6728 1.2836
endloop
endfacet
facet normal -0.759737 0.582967 0.288008
outer loop
vertex -24.4246 -4.0303 0.6544
vertex -24.9474 -4.7116 0.6544
vertex -24.7821 -4.8071 1.2836
endloop
endfacet
facet normal -0.759737 0.582967 0.288008
outer loop
vertex -24.4246 -4.0303 0.6544
vertex -24.7821 -4.8071 1.2836
vertex -24.2896 -4.1653 1.2836
endloop
endfacet
facet normal -0.884733 0.366468 0.288008
outer loop
vertex -24.9474 -4.7116 0.6544
vertex -25.2760 -5.5051 0.6544
vertex -25.0917 -5.5545 1.2836
endloop
endfacet
facet normal -0.884733 0.366468 0.288008
outer loop
vertex -24.9474 -4.7116 0.6544
vertex -25.0917 -5.5545 1.2836
vertex -24.7821 -4.8071 1.2836
endloop
endfacet
facet normal -0.949435 0.124996 0.288008
outer loop
vertex -25.2760 -5.5051 0.6544
vertex -25.3881 -6.3566 0.6544
vertex -25.1973 -6.3566 1.2836
endloop
endfacet
facet normal -0.949435 0.124996 0.288008
outer loop
vertex -25.2760 -5.5051 0.6544
vertex -25.1973 -6.3566 1.2836
vertex -25.0917 -5.5545 1.2836
endloop
endfacet
facet normal -0.949435 -0.124996 0.288008
outer loop
vertex -25.3881 -6.3566 0.6544
vertex -25.2760 -7.2081 0.6544
vertex -25.0917 -7.1587 1.2836
endloop
endfacet
facet normal -0.949435 -0.124996 0.288008
outer loop
vertex -25.3881 -6.3566 0.6544
vertex -25.0917 -7.1587 1.2836
vertex -25.1973 -6.3566 1.2836
endloop
endfacet
facet normal -0.884733 -0.366468 0.288008
outer loop
vertex -25.2760 -7.2081 0.6544
vertex -24.9474 -8.0015 0.6544
vertex -24.7821 -7.9061 1.2836
endloop
endfacet
facet normal -0.884733 -0.366468 0.288008
outer loop
vertex -25.2760 -7.2081 0.6544
vertex -24.7821 -7.9061 1.2836
vertex -25.0917 -7.1587 1.2836
endloop
endfacet
facet normal -0.759737 -0.582967 0.288008
outer loop
vertex -24.9474 -8.0015 0.6544
vertex -24.4246 -8.6829 0.6544
vertex -24.2896 -8.5479 1.2836
endloop
endfacet
facet normal -0.759737 -0.582967 0.288008
outer loop
vertex -24.9474 -8.0015 0.6544
vertex -24.2896 -8.5479 1.2836
vertex -24.7821 -7.9061 1.2836
endloop
endfacet
facet normal -0.582967 -0.759737 0.288008
outer loop
vertex -24.4246 -8.6829 0.6544
vertex -23.7432 -9.2057 0.6544
vertex -23.6478 -9.0404 1.2836
endloop
endfacet
facet normal -0.582967 -0.759737 0.288008
outer loop
vertex -24.4246 -8.6829 0.6544
vertex -23.6478 -9.0404 1.2836
vertex -24.2896 -8.5479 1.2836
endloop
endfacet
facet normal -0.366468 -0.884733 0.288008
outer loop
vertex -23.7432 -9.2057 0.6544
vertex -22.9498 -9.5343 0.6544
vertex -22.9004 -9.3500 1.2836
endloop
endfacet
facet normal -0.366468 -0.884733 0.288008
outer loop
vertex -23.7432 -9.2057 0.6544
vertex -22.9004 -9.3500 1.2836
vertex -23.6478 -9.0404 1.2836
endloop
endfacet
facet normal -0.124996 -0.949435 0.288008
outer loop
vertex -22.9498 -9.5343 0.6544
vertex -22.0983 -9.6464 0.6544
vertex -22.0983 -9.4556 1.2836
endloop
endfacet
facet normal -0.124996 -0.949435 0.288008
outer loop
vertex -22.9498 -9.5343 0.6544
vertex -22.0983 -9.4556 1.2836
vertex -22.9004 -9.3500 1.2836
endloop
endfacet
facet normal 0.124996 -0.949435 0.288008
outer loop
vertex -22.0983 -9.6464 0.6544
vertex -21.2468 -9.5343 0.6544
vertex -21.2962 -9.3500 1.2836
endloop
endfacet
facet normal 0.124996 -0.949435 0.288008
outer loop
vertex -22.0983 -9.6464 0.6544
vertex -21.2962 -9.3500 1.2836
vertex -22.0983 -9.4556 1.2836
endloop
endfacet
facet normal 0.366468 -0.884733 0.288008
outer loop
vertex -21.2468 -9.5343 0.6544
vertex -20.4534 -9.2057 0.6544
vertex -20.5488 -9.0404 1.2836
endloop
endfacet
facet normal 0.366468 -0.884733 0.288008
outer loop
vertex -21.2468 -9.5343 0.6544
vertex -20.5488 -9.0404 1.2836
vertex -21.2962 -9.3500 1.2836
endloop
endfacet
facet normal 0.582967 -0.759737 0.288008
outer loop
vertex -20.4534 -9.2057 0.6544
vertex -19.7720 -8.6829 0.6544
vertex -19.9070 -8.5479 1.2836
endloop
endfacet
facet normal 0.582967 -0.759737 0.288008
outer loop
vertex -20.4534 -9.2057 0.6544
vertex -19.9070 -8.5479 1.2836
vertex -20.5488 -9.0404 1.2836
endloop
endfacet
facet normal 0.759737 -0.582967 0.288008
outer loop
vertex -19.7720 -8.6829 0.6544
vertex -19.2492 -8.0015 0.6544
vertex -19.4145 -7.9061 1.2836
endloop
endfacet
facet normal 0.759737 -0.582967 0.288008
outer loop
vertex -19.7720 -8.6829 0.6544
vertex -19.4145 -7.9061 1.2836
vertex -19.9070 -8.5479 1.2836
endloop
endfacet
facet normal 0.884733 -0.366468 0.288008
outer loop
vertex -19.2492 -8.0015 0.6544
vertex -18.9205 -7.2081 0.6544
vertex -19.1049 -7.1587 1.2836
endloop
endfacet
facet normal 0.884733 -0.366468 0.288008
outer loop
vertex -19.2492 -8.0015 0.6544
vertex -19.1049 -7.1587 1.2836
vertex -19.4145 -7.9061 1.2836
endloop
endfacet
facet normal 0.949435 -0.124996 0.288008
outer loop
vertex -18.9205 -7.2081 0.6544
vertex -18.8084 -6.3566 0.6544
vertex -18.9993 -6.3566 1.2836
endloop
endfacet
facet normal 0.949435 -0.124996 0.288008
outer loop
vertex -18.9205 -7.2081 0.6544
vertex -18.9993 -6.3566 1.2836
vertex -19.1049 -7.1587 1.2836
endloop
endfacet
facet normal 0.876036 0.115332 0.468251
outer loop
vertex -18.9993 -6.3566 1.2836
vertex -19.1049 -5.5545 1.2836
vertex -19.4043 -5.6347 1.8636
endloop
endfacet
facet normal 0.876036 0.115332 0.468251
outer loop
vertex -18.9993 -6.3566 1.2836
vertex -19.4043 -5.6347 1.8636
vertex -19.3093 -6.3566 1.8636
endloop
endfacet
facet normal 0.816336 0.338137 0.468251
outer loop
vertex -19.1049 -5.5545 1.2836
vertex -19.4145 -4.8071 1.2836
vertex -19.6829 -4.9621 1.8636
endloop
endfacet
facet normal 0.816336 0.338137 0.468251
outer loop
vertex -19.1049 -5.5545 1.2836
vertex -19.6829 -4.9621 1.8636
vertex -19.4043 -5.6347 1.8636
endloop
endfacet
facet normal 0.701003 0.537899 0.468251
outer loop
vertex -19.4145 -4.8071 1.2836
vertex -19.9070 -4.1653 1.2836
vertex -20.1262 -4.3845 1.8636
endloop
endfacet
facet normal 0.701003 0.537899 0.468251
outer loop
vertex -19.4145 -4.8071 1.2836
vertex -20.1262 -4.3845 1.8636
vertex -19.6829 -4.9621 1.8636
endloop
endfacet
facet normal 0.537899 0.701003 0.468251
outer loop
vertex -19.9070 -4.1653 1.2836
vertex -20.5488 -3.6728 1.2836
vertex -20.7038 -3.9412 1.8636
endloop
endfacet
facet normal 0.537899 0.701003 0.468251
outer loop
vertex -19.9070 -4.1653 1.2836
vertex -20.7038 -3.9412 1.8636
vertex -20.1262 -4.3845 1.8636
endloop
endfacet
facet normal 0.338137 0.816336 0.468251
outer loop
vertex -20.5488 -3.6728 1.2836
vertex -21.2962 -3.3632 1.2836
vertex -21.3764 -3.6626 1.8636
endloop
endfacet
facet normal 0.338137 0.816336 0.468251
outer loop
vertex -20.5488 -3.6728 1.2836
vertex -21.3764 -3.6626 1.8636
vertex -20.7038 -3.9412 1.8636
endloop
endfacet
facet normal 0.115332 0.876036 0.468251
outer loop
vertex -21.2962 -3.3632 1.2836
vertex -22.0983 -3.2576 1.2836
vertex -22.0983 -3.5676 1.8636
endloop
endfacet
facet normal 0.115332 0.876036 0.468251
outer loop
vertex -21.2962 -3.3632 1.2836
vertex -22.0983 -3.5676 1.8636
vertex -21.3764 -3.6626 1.8636
endloop
endfacet
facet normal -0.115332 0.876036 0.468251
outer loop
vertex -22.0983 -3.2576 1.2836
vertex -22.9004 -3.3632 1.2836
vertex -22.8201 -3.6626 1.8636
endloop
endfacet
facet normal -0.115332 0.876036 0.468251
outer loop
vertex -22.0983 -3.2576 1.2836
vertex -22.8201 -3.6626 1.8636
vertex -22.0983 -3.5676 1.8636
endloop
endfacet
facet normal -0.338137 0.816336 0.468251
outer loop
vertex -22.9004 -3.3632 1.2836
vertex -23.6478 -3.6728 1.2836
vertex -23.4928 -3.9412 1.8636
endloop
endfacet
facet normal -0.338137 0.816336 0.468251
outer loop
vertex -22.9004 -3.3632 1.2836
vertex -23.4928 -3.9412 1.8636
vertex -22.8201 -3.6626 1.8636
endloop
endfacet
facet normal -0.537899 0.701003 0.468251
outer loop
vertex -23.6478 -3.6728 1.2836
vertex -24.2896 -4.1653 1.2836
vertex -24.0704 -4.3845 1.8636
endloop
endfacet
facet normal -0.537899 0.701003 0.468251
outer loop
vertex -23.6478 -3.6728 1.2836
vertex -24.0704 -4.3845 1.8636
vertex -23.4928 -3.9412 1.8636
endloop
endfacet
facet normal -0.701003 0.537899 0.468251
outer loop
vertex -24.2896 -4.1653 1.2836
vertex -24.7821 -4.8071 1.2836
vertex -24.5136 -4.9621 1.8636
endloop
endfacet
facet normal -0.701003 0.537899 0.468251
outer loop
vertex -24.2896 -4.1653 1.2836
vertex -24.5136 -4.9621 1.8636
vertex -24.0704 -4.3845 1.8636
endloop
endfacet
facet normal -0.816336 0.338137 0.468251
outer loop
vertex -24.7821 -4.8071 1.2836
vertex -25.0917 -5.5545 1.2836
vertex -24.7923 -5.6347 1.8636
endloop
endfacet
facet normal -0.816336 0.338137 0.468251
outer loop
vertex -24.7821 -4.8071 1.2836
vertex -24.7923 -5.6347 1.8636
vertex -24.5136 -4.9621 1.8636
endloop
endfacet
facet normal -0.876036 0.115332 0.468251
outer loop
vertex -25.0917 -5.5545 1.2836
vertex -25.1973 -6.3566 1.2836
vertex -24.8873 -6.3566 1.8636
endloop
endfacet
facet normal -0.876036 0.115332 0.468251
outer loop
vertex -25.0917 -5.5545 1.2836
vertex -24.8873 -6.3566 1.8636
vertex -24.7923 -5.6347 1.8636
endloop
endfacet
facet normal -0.876036 -0.115332 0.468251
outer loop
vertex -25.1973 -6.3566 1.2836
vertex -25.0917 -7.1587 1.2836
vertex -24.7923 -7.0784 1.8636
endloop
endfacet
facet normal -0.876036 -0.115332 0.468251
outer loop
vertex -25.1973 -6.3566 1.2836
vertex -24.7923 -7.0784 1.8636
vertex -24.8873 -6.3566 1.8636
endloop
endfacet
facet normal -0.816336 -0.338137 0.468251
outer loop
vertex -25.0917 -7.1587 1.2836
vertex -24.7821 -7.9061 1.2836
vertex -24.5136 -7.7511 1.8636
endloop
endfacet
facet normal -0.816336 -0.338137 0.468251
outer loop
vertex -25.0917 -7.1587 1.2836
vertex -24.5136 -7.7511 1.8636
vertex -24.7923 -7.0784 1.8636
endloop
endfacet
facet normal -0.701003 -0.537899 0.468251
outer loop
vertex -24.7821 -7.9061 1.2836
vertex -24.2896 -8.5479 1.2836
vertex -24.0704 -8.3287 1.8636
endloop
endfacet
facet normal -0.701003 -0.537899 0.468251
outer loop
vertex -24.7821 -7.9061 1.2836
vertex -24.0704 -8.3287 1.8636
vertex -24.5136 -7.7511 1.8636
endloop
endfacet
facet normal -0.537899 -0.701003 0.468251
outer loop
vertex -24.2896 -8.5479 1.2836
vertex -23.6478 -9.0404 1.2836
vertex -23.4928 -8.7719 1.8636
endloop
endfacet
facet normal -0.537899 -0.701003 0.468251
outer loop
vertex -24.2896 -8.5479 1.2836
vertex -23.4928 -8.7719 1.8636
vertex -24.0704 -8.3287 1.8636
endloop
endfacet
facet normal -0.338137 -0.816336 0.468251
outer loop
vertex -23.6478 -9.0404 1.2836
vertex -22.9004 -9.3500 1.2836
vertex -22.8201 -9.0506 1.8636
endloop
endfacet
facet normal -0.338137 -0.816336 0.468251
outer loop
vertex -23.6478 -9.0404 1.2836
vertex -22.8201 -9.0506 1.8636
vertex -23.4928 -8.7719 1.8636
endloop
endfacet
facet normal -0.115332 -0.876036 0.468251
outer loop
vertex -22.9004 -9.3500 1.2836
vertex -22.0983 -9.4556 1.2836
vertex -22.0983 -9.1456 1.8636
endloop
endfacet
facet normal -0.115332 -0.876036 0.468251
outer loop
vertex -22.9004 -9.3500 1.2836
vertex -22.0983 -9.1456 1.8636
vertex -22.8201 -9.0506 1.8636
endloop
endfacet
facet normal 0.115332 -0.876036 0.468251
outer loop
vertex -22.0983 -9.4556 1.2836
vertex -21.2962 -9.3500 1.2836
vertex -21.3764 -9.0506 1.8636
endloop
endfacet
facet normal 0.115332 -0.876036 0.468251
outer loop
vertex -22.0983 -9.4556 1.2836
vertex -21.3764 -9.0506 1.8636
vertex -22.0983 -9.1456 1.8636
endloop
endfacet
facet normal 0.338137 -0.816336 0.468251
outer loop
vertex -21.2962 -9.3500 1.2836
vertex -20.5488 -9.0404 1.2836
vertex -20.7038 -8.7719 1.8636
endloop
endfacet
facet normal 0.338137 -0.816336 0.468251
outer loop
vertex -21.2962 -9.3500 1.2836
vertex -20.7038 -8.7719 1.8636
vertex -21.3764 -9.0506 1.8636
endloop
endfacet
facet normal 0.537899 -0.701003 0.468251
outer loop
vertex -20.5488 -9.0404 1.2836
vertex -19.9070 -8.5479 1.2836
vertex -20.1262 -8.3287 1.8636
endloop
endfacet
facet normal 0.537899 -0.701003 0.468251
outer loop
vertex -20.5488 -9.0404 1.2836
vertex -20.1262 -8.3287 1.8636
vertex -20.7038 -8.7719 1.8636
endloop
endfacet
facet normal 0.701003 -0.537899 0.468251
outer loop
vertex -19.9070 -8.5479 1.2836
vertex -19.4145 -7.9061 1.2836
vertex -19.6829 -7.7511 1.8636
endloop
endfacet
facet normal 0.701003 -0.537899 0.468251
outer loop
vertex -19.9070 -8.5479 1.2836
vertex -19.6829 -7.7511 1.8636
vertex -20.1262 -8.3287 1.8636
endloop
endfacet
facet normal 0.816336 -0.338137 0.468251
outer loop
vertex -19.4145 -7.9061 1.2836
vertex -19.1049 -7.1587 1.2836
vertex -19.4043 -7.0784 1.8636
endloop
endfacet
facet normal 0.816336 -0.338137 0.468251
outer loop
vertex -19.4145 -7.9061 1.2836
vertex -19.4043 -7.0784 1.8636
vertex -19.6829 -7.7511 1.8636
endloop
endfacet
facet normal 0.876036 -0.115332 0.468251
outer loop
vertex -19.1049 -7.1587 1.2836
vertex -18.9993 -6.3566 1.2836
vertex -19.3093 -6.3566 1.8636
endloop
endfacet
facet normal 0.876036 -0.115332 0.468251
outer loop
vertex -19.1049 -7.1587 1.2836
vertex -19.3093 -6.3566 1.8636
vertex -19.4043 -7.0784 1.8636
endloop
endfacet
facet normal 0.769038 0.101246 0.631133
outer loop
vertex -19.3093 -6.3566 1.8636
vertex -19.4043 -5.6347 1.8636
vertex -19.8073 -5.7427 2.3719
endloop
endfacet
facet normal 0.769038 0.101246 0.631133
outer loop
vertex -19.3093 -6.3566 1.8636
vertex -19.8073 -5.7427 2.3719
vertex -19.7264 -6.3566 2.3719
endloop
endfacet
facet normal 0.716630 0.296838 0.631133
outer loop
vertex -19.4043 -5.6347 1.8636
vertex -19.6829 -4.9621 1.8636
vertex -20.0442 -5.1707 2.3719
endloop
endfacet
facet normal 0.716630 0.296838 0.631133
outer loop
vertex -19.4043 -5.6347 1.8636
vertex -20.0442 -5.1707 2.3719
vertex -19.8073 -5.7427 2.3719
endloop
endfacet
facet normal 0.615384 0.472201 0.631133
outer loop
vertex -19.6829 -4.9621 1.8636
vertex -20.1262 -4.3845 1.8636
vertex -20.4211 -4.6794 2.3719
endloop
endfacet
facet normal 0.615384 0.472201 0.631133
outer loop
vertex -19.6829 -4.9621 1.8636
vertex -20.4211 -4.6794 2.3719
vertex -20.0442 -5.1707 2.3719
endloop
endfacet
facet normal 0.472201 0.615384 0.631133
outer loop
vertex -20.1262 -4.3845 1.8636
vertex -20.7038 -3.9412 1.8636
vertex -20.9124 -4.3025 2.3719
endloop
endfacet
facet normal 0.472201 0.615384 0.631133
outer loop
vertex -20.1262 -4.3845 1.8636
vertex -20.9124 -4.3025 2.3719
vertex -20.4211 -4.6794 2.3719
endloop
endfacet
facet normal 0.296838 0.716630 0.631133
outer loop
vertex -20.7038 -3.9412 1.8636
vertex -21.3764 -3.6626 1.8636
vertex -21.4844 -4.0655 2.3719
endloop
endfacet
facet normal 0.296838 0.716630 0.631133
outer loop
vertex -20.7038 -3.9412 1.8636
vertex -21.4844 -4.0655 2.3719
vertex -20.9124 -4.3025 2.3719
endloop
endfacet
facet normal 0.101246 0.769038 0.631133
outer loop
vertex -21.3764 -3.6626 1.8636
vertex -22.0983 -3.5676 1.8636
vertex -22.0983 -3.9847 2.3719
endloop
endfacet
facet normal 0.101246 0.769038 0.631133
outer loop
vertex -21.3764 -3.6626 1.8636
vertex -22.0983 -3.9847 2.3719
vertex -21.4844 -4.0655 2.3719
endloop
endfacet
facet normal -0.101246 0.769038 0.631133
outer loop
vertex -22.0983 -3.5676 1.8636
vertex -22.8201 -3.6626 1.8636
vertex -22.7122 -4.0655 2.3719
endloop
endfacet
facet normal -0.101246 0.769038 0.631133
outer loop
vertex -22.0983 -3.5676 1.8636
vertex -22.7122 -4.0655 2.3719
vertex -22.0983 -3.9847 2.3719
endloop
endfacet
facet normal -0.296838 0.716630 0.631133
outer loop
vertex -22.8201 -3.6626 1.8636
vertex -23.4928 -3.9412 1.8636
vertex -23.2842 -4.3025 2.3719
endloop
endfacet
facet normal -0.296838 0.716630 0.631133
outer loop
vertex -22.8201 -3.6626 1.8636
vertex -23.2842 -4.3025 2.3719
vertex -22.7122 -4.0655 2.3719
endloop
endfacet
facet normal -0.472201 0.615384 0.631133
outer loop
vertex -23.4928 -3.9412 1.8636
vertex -24.0704 -4.3845 1.8636
vertex -23.7754 -4.6794 2.3719
endloop
endfacet
facet normal -0.472201 0.615384 0.631133
outer loop
vertex -23.4928 -3.9412 1.8636
vertex -23.7754 -4.6794 2.3719
vertex -23.2842 -4.3025 2.3719
endloop
endfacet
facet normal -0.615384 0.472201 0.631133
outer loop
vertex -24.0704 -4.3845 1.8636
vertex -24.5136 -4.9621 1.8636
vertex -24.1524 -5.1707 2.3719
endloop
endfacet
facet normal -0.615384 0.472201 0.631133
outer loop
vertex -24.0704 -4.3845 1.8636
vertex -24.1524 -5.1707 2.3719
vertex -23.7754 -4.6794 2.3719
endloop
endfacet
facet normal -0.716630 0.296838 0.631133
outer loop
vertex -24.5136 -4.9621 1.8636
vertex -24.7923 -5.6347 1.8636
vertex -24.3893 -5.7427 2.3719
endloop
endfacet
facet normal -0.716630 0.296838 0.631133
outer loop
vertex -24.5136 -4.9621 1.8636
vertex -24.3893 -5.7427 2.3719
vertex -24.1524 -5.1707 2.3719
endloop
endfacet
facet normal -0.769038 0.101246 0.631133
outer loop
vertex -24.7923 -5.6347 1.8636
vertex -24.8873 -6.3566 1.8636
vertex -24.4701 -6.3566 2.3719
endloop
endfacet
facet normal -0.769038 0.101246 0.631133
outer loop
vertex -24.7923 -5.6347 1.8636
vertex -24.4701 -6.3566 2.3719
vertex -24.3893 -5.7427 2.3719
endloop
endfacet
facet normal -0.769038 -0.101246 0.631133
outer loop
vertex -24.8873 -6.3566 1.8636
vertex -24.7923 -7.0784 1.8636
vertex -24.3893 -6.9705 2.3719
endloop
endfacet
facet normal -0.769038 -0.101246 0.631133
outer loop
vertex -24.8873 -6.3566 1.8636
vertex -24.3893 -6.9705 2.3719
vertex -24.4701 -6.3566 2.3719
endloop
endfacet
facet normal -0.716630 -0.296838 0.631133
outer loop
vertex -24.7923 -7.0784 1.8636
vertex -24.5136 -7.7511 1.8636
vertex -24.1524 -7.5425 2.3719
endloop
endfacet
facet normal -0.716630 -0.296838 0.631133
outer loop
vertex -24.7923 -7.0784 1.8636
vertex -24.1524 -7.5425 2.3719
vertex -24.3893 -6.9705 2.3719
endloop
endfacet
facet normal -0.615384 -0.472201 0.631133
outer loop
vertex -24.5136 -7.7511 1.8636
vertex -24.0704 -8.3287 1.8636
vertex -23.7754 -8.0337 2.3719
endloop
endfacet
facet normal -0.615384 -0.472201 0.631133
outer loop
vertex -24.5136 -7.7511 1.8636
vertex -23.7754 -8.0337 2.3719
vertex -24.1524 -7.5425 2.3719
endloop
endfacet
facet normal -0.472201 -0.615384 0.631133
outer loop
vertex -24.0704 -8.3287 1.8636
vertex -23.4928 -8.7719 1.8636
vertex -23.2842 -8.4107 2.3719
endloop
endfacet
facet normal -0.472201 -0.615384 0.631133
outer loop
vertex -24.0704 -8.3287 1.8636
vertex -23.2842 -8.4107 2.3719
vertex -23.7754 -8.0337 2.3719
endloop
endfacet
facet normal -0.296838 -0.716630 0.631133
outer loop
vertex -23.4928 -8.7719 1.8636
vertex -22.8201 -9.0506 1.8636
vertex -22.7122 -8.6476 2.3719
endloop
endfacet
facet normal -0.296838 -0.716630 0.631133
outer loop
vertex -23.4928 -8.7719 1.8636
vertex -22.7122 -8.6476 2.3719
vertex -23.2842 -8.4107 2.3719
endloop
endfacet
facet normal -0.101246 -0.769038 0.631133
outer loop
vertex -22.8201 -9.0506 1.8636
vertex -22.0983 -9.1456 1.8636
vertex -22.0983 -8.7284 2.3719
endloop
endfacet
facet normal -0.101246 -0.769038 0.631133
outer loop
vertex -22.8201 -9.0506 1.8636
vertex -22.0983 -8.7284 2.3719
vertex -22.7122 -8.6476 2.3719
endloop
endfacet
facet normal 0.101246 -0.769038 0.631133
outer loop
vertex -22.0983 -9.1456 1.8636
vertex -21.3764 -9.0506 1.8636
vertex -21.4844 -8.6476 2.3719
endloop
endfacet
facet normal 0.101246 -0.769038 0.631133
outer loop
vertex -22.0983 -9.1456 1.8636
vertex -21.4844 -8.6476 2.3719
vertex -22.0983 -8.7284 2.3719
endloop
endfacet
facet normal 0.296838 -0.716630 0.631133
outer loop
vertex -21.3764 -9.0506 1.8636
vertex -20.7038 -8.7719 1.8636
vertex -20.9124 -8.4107 2.3719
endloop
endfacet
facet normal 0.296838 -0.716630 0.631133
outer loop
vertex -21.3764 -9.0506 1.8636
vertex -20.9124 -8.4107 2.3719
vertex -21.4844 -8.6476 2.3719
endloop
endfacet
facet normal 0.472201 -0.615384 0.631133
outer loop
vertex -20.7038 -8.7719 1.8636
vertex -20.1262 -8.3287 1.8636
vertex -20.4211 -8.0337 2.3719
endloop
endfacet
facet normal 0.472201 -0.615384 0.631133
outer loop
vertex -20.7038 -8.7719 1.8636
vertex -20.4211 -8.0337 2.3719
vertex -20.9124 -8.4107 2.3719
endloop
endfacet
facet normal 0.615384 -0.472201 0.631133
outer loop
vertex -20.1262 -8.3287 1.8636
vertex -19.6829 -7.7511 1.8636
vertex -20.0442 -7.5425 2.3719
endloop
endfacet
facet normal 0.615384 -0.472201 0.631133
outer loop
vertex -20.1262 -8.3287 1.8636
vertex -20.0442 -7.5425 2.3719
vertex -20.4211 -8.0337 2.3719
endloop
endfacet
facet normal 0.716630 -0.296838 0.631133
outer loop
vertex -19.6829 -7.7511 1.8636
vertex -19.4043 -7.0784 1.8636
vertex -19.8073 -6.9705 2.3719
endloop
endfacet
facet normal 0.716630 -0.296838 0.631133
outer loop
vertex -19.6829 -7.7511 1.8636
vertex -19.8073 -6.9705 2.3719
vertex -20.0442 -7.5425 2.3719
endloop
endfacet
facet normal 0.769038 -0.101246 0.631133
outer loop
vertex -19.4043 -7.0784 1.8636
vertex -19.3093 -6.3566 1.8636
vertex -19.7264 -6.3566 2.3719
endloop
endfacet
facet normal 0.769038 -0.101246 0.631133
outer loop
vertex -19.4043 -7.0784 1.8636
vertex -19.7264 -6.3566 2.3719
vertex -19.8073 -6.9705 2.3719
endloop
endfacet
facet normal 0.632192 0.083230 0.770328
outer loop
vertex -19.7264 -6.3566 2.3719
vertex -19.8073 -5.7427 2.3719
vertex -20.2982 -5.8743 2.7890
endloop
endfacet
facet normal 0.632192 0.083230 0.770328
outer loop
vertex -19.7264 -6.3566 2.3719
vertex -20.2982 -5.8743 2.7890
vertex -20.2347 -6.3566 2.7890
endloop
endfacet
facet normal 0.589109 0.244017 0.770328
outer loop
vertex -19.8073 -5.7427 2.3719
vertex -20.0442 -5.1707 2.3719
vertex -20.4844 -5.4248 2.7890
endloop
endfacet
facet normal 0.589109 0.244017 0.770328
outer loop
vertex -19.8073 -5.7427 2.3719
vertex -20.4844 -5.4248 2.7890
vertex -20.2982 -5.8743 2.7890
endloop
endfacet
facet normal 0.505880 0.388175 0.770328
outer loop
vertex -20.0442 -5.1707 2.3719
vertex -20.4211 -4.6794 2.3719
vertex -20.7806 -5.0388 2.7890
endloop
endfacet
facet normal 0.505880 0.388175 0.770328
outer loop
vertex -20.0442 -5.1707 2.3719
vertex -20.7806 -5.0388 2.7890
vertex -20.4844 -5.4248 2.7890
endloop
endfacet
facet normal 0.388175 0.505880 0.770328
outer loop
vertex -20.4211 -4.6794 2.3719
vertex -20.9124 -4.3025 2.3719
vertex -21.1665 -4.7427 2.7890
endloop
endfacet
facet normal 0.388175 0.505880 0.770328
outer loop
vertex -20.4211 -4.6794 2.3719
vertex -21.1665 -4.7427 2.7890
vertex -20.7806 -5.0388 2.7890
endloop
endfacet
facet normal 0.244017 0.589109 0.770328
outer loop
vertex -20.9124 -4.3025 2.3719
vertex -21.4844 -4.0655 2.3719
vertex -21.6160 -4.5565 2.7890
endloop
endfacet
facet normal 0.244017 0.589109 0.770328
outer loop
vertex -20.9124 -4.3025 2.3719
vertex -21.6160 -4.5565 2.7890
vertex -21.1665 -4.7427 2.7890
endloop
endfacet
facet normal 0.083230 0.632192 0.770328
outer loop
vertex -21.4844 -4.0655 2.3719
vertex -22.0983 -3.9847 2.3719
vertex -22.0983 -4.4930 2.7890
endloop
endfacet
facet normal 0.083230 0.632192 0.770328
outer loop
vertex -21.4844 -4.0655 2.3719
vertex -22.0983 -4.4930 2.7890
vertex -21.6160 -4.5565 2.7890
endloop
endfacet
facet normal -0.083230 0.632192 0.770328
outer loop
vertex -22.0983 -3.9847 2.3719
vertex -22.7122 -4.0655 2.3719
vertex -22.5806 -4.5565 2.7890
endloop
endfacet
facet normal -0.083230 0.632192 0.770328
outer loop
vertex -22.0983 -3.9847 2.3719
vertex -22.5806 -4.5565 2.7890
vertex -22.0983 -4.4930 2.7890
endloop
endfacet
facet normal -0.244017 0.589109 0.770328
outer loop
vertex -22.7122 -4.0655 2.3719
vertex -23.2842 -4.3025 2.3719
vertex -23.0301 -4.7427 2.7890
endloop
endfacet
facet normal -0.244017 0.589109 0.770328
outer loop
vertex -22.7122 -4.0655 2.3719
vertex -23.0301 -4.7427 2.7890
vertex -22.5806 -4.5565 2.7890
endloop
endfacet
facet normal -0.388175 0.505880 0.770328
outer loop
vertex -23.2842 -4.3025 2.3719
vertex -23.7754 -4.6794 2.3719
vertex -23.4160 -5.0388 2.7890
endloop
endfacet
facet normal -0.388175 0.505880 0.770328
outer loop
vertex -23.2842 -4.3025 2.3719
vertex -23.4160 -5.0388 2.7890
vertex -23.0301 -4.7427 2.7890
endloop
endfacet
facet normal -0.505880 0.388175 0.770328
outer loop
vertex -23.7754 -4.6794 2.3719
vertex -24.1524 -5.1707 2.3719
vertex -23.7122 -5.4248 2.7890
endloop
endfacet
facet normal -0.505880 0.388175 0.770328
outer loop
vertex -23.7754 -4.6794 2.3719
vertex -23.7122 -5.4248 2.7890
vertex -23.4160 -5.0388 2.7890
endloop
endfacet
facet normal -0.589109 0.244017 0.770328
outer loop
vertex -24.1524 -5.1707 2.3719
vertex -24.3893 -5.7427 2.3719
vertex -23.8983 -5.8743 2.7890
endloop
endfacet
facet normal -0.589109 0.244017 0.770328
outer loop
vertex -24.1524 -5.1707 2.3719
vertex -23.8983 -5.8743 2.7890
vertex -23.7122 -5.4248 2.7890
endloop
endfacet
facet normal -0.632192 0.083230 0.770328
outer loop
vertex -24.3893 -5.7427 2.3719
vertex -24.4701 -6.3566 2.3719
vertex -23.9618 -6.3566 2.7890
endloop
endfacet
facet normal -0.632192 0.083230 0.770328
outer loop
vertex -24.3893 -5.7427 2.3719
vertex -23.9618 -6.3566 2.7890
vertex -23.8983 -5.8743 2.7890
endloop
endfacet
facet normal -0.632192 -0.083230 0.770328
outer loop
vertex -24.4701 -6.3566 2.3719
vertex -24.3893 -6.9705 2.3719
vertex -23.8983 -6.8389 2.7890
endloop
endfacet
facet normal -0.632192 -0.083230 0.770328
outer loop
vertex -24.4701 -6.3566 2.3719
vertex -23.8983 -6.8389 2.7890
vertex -23.9618 -6.3566 2.7890
endloop
endfacet
facet normal -0.589109 -0.244017 0.770328
outer loop
vertex -24.3893 -6.9705 2.3719
vertex -24.1524 -7.5425 2.3719
vertex -23.7122 -7.2884 2.7890
endloop
endfacet
facet normal -0.589109 -0.244017 0.770328
outer loop
vertex -24.3893 -6.9705 2.3719
vertex -23.7122 -7.2884 2.7890
vertex -23.8983 -6.8389 2.7890
endloop
endfacet
facet normal -0.505880 -0.388175 0.770328
outer loop
vertex -24.1524 -7.5425 2.3719
vertex -23.7754 -8.0337 2.3719
vertex -23.4160 -7.6743 2.7890
endloop
endfacet
facet normal -0.505880 -0.388175 0.770328
outer loop
vertex -24.1524 -7.5425 2.3719
vertex -23.4160 -7.6743 2.7890
vertex -23.7122 -7.2884 2.7890
endloop
endfacet
facet normal -0.388175 -0.505880 0.770328
outer loop
vertex -23.7754 -8.0337 2.3719
vertex -23.2842 -8.4107 2.3719
vertex -23.0301 -7.9705 2.7890
endloop
endfacet
facet normal -0.388175 -0.505880 0.770328
outer loop
vertex -23.7754 -8.0337 2.3719
vertex -23.0301 -7.9705 2.7890
vertex -23.4160 -7.6743 2.7890
endloop
endfacet
facet normal -0.244017 -0.589109 0.770328
outer loop
vertex -23.2842 -8.4107 2.3719
vertex -22.7122 -8.6476 2.3719
vertex -22.5806 -8.1566 2.7890
endloop
endfacet
facet normal -0.244017 -0.589109 0.770328
outer loop
vertex -23.2842 -8.4107 2.3719
vertex -22.5806 -8.1566 2.7890
vertex -23.0301 -7.9705 2.7890
endloop
endfacet
facet normal -0.083230 -0.632192 0.770328
outer loop
vertex -22.7122 -8.6476 2.3719
vertex -22.0983 -8.7284 2.3719
vertex -22.0983 -8.2201 2.7890
endloop
endfacet
facet normal -0.083230 -0.632192 0.770328
outer loop
vertex -22.7122 -8.6476 2.3719
vertex -22.0983 -8.2201 2.7890
vertex -22.5806 -8.1566 2.7890
endloop
endfacet
facet normal 0.083230 -0.632192 0.770328
outer loop
vertex -22.0983 -8.7284 2.3719
vertex -21.4844 -8.6476 2.3719
vertex -21.6160 -8.1566 2.7890
endloop
endfacet
facet normal 0.083230 -0.632192 0.770328
outer loop
vertex -22.0983 -8.7284 2.3719
vertex -21.6160 -8.1566 2.7890
vertex -22.0983 -8.2201 2.7890
endloop
endfacet
facet normal 0.244017 -0.589109 0.770328
outer loop
vertex -21.4844 -8.6476 2.3719
vertex -20.9124 -8.4107 2.3719
vertex -21.1665 -7.9705 2.7890
endloop
endfacet
facet normal 0.244017 -0.589109 0.770328
outer loop
vertex -21.4844 -8.6476 2.3719
vertex -21.1665 -7.9705 2.7890
vertex -21.6160 -8.1566 2.7890
endloop
endfacet
facet normal 0.388175 -0.505880 0.770328
outer loop
vertex -20.9124 -8.4107 2.3719
vertex -20.4211 -8.0337 2.3719
vertex -20.7806 -7.6743 2.7890
endloop
endfacet
facet normal 0.388175 -0.505880 0.770328
outer loop
vertex -20.9124 -8.4107 2.3719
vertex -20.7806 -7.6743 2.7890
vertex -21.1665 -7.9705 2.7890
endloop
endfacet
facet normal 0.505880 -0.388175 0.770328
outer loop
vertex -20.4211 -8.0337 2.3719
vertex -20.0442 -7.5425 2.3719
vertex -20.4844 -7.2884 2.7890
endloop
endfacet
facet normal 0.505880 -0.388175 0.770328
outer loop
vertex -20.4211 -8.0337 2.3719
vertex -20.4844 -7.2884 2.7890
vertex -20.7806 -7.6743 2.7890
endloop
endfacet
facet normal 0.589109 -0.244017 0.770328
outer loop
vertex -20.0442 -7.5425 2.3719
vertex -19.8073 -6.9705 2.3719
vertex -20.2982 -6.8389 2.7890
endloop
endfacet
facet normal 0.589109 -0.244017 0.770328
outer loop
vertex -20.0442 -7.5425 2.3719
vertex -20.2982 -6.8389 2.7890
vertex -20.4844 -7.2884 2.7890
endloop
endfacet
facet normal 0.632192 -0.083230 0.770328
outer loop
vertex -19.8073 -6.9705 2.3719
vertex -19.7264 -6.3566 2.3719
vertex -20.2347 -6.3566 2.7890
endloop
endfacet
facet normal 0.632192 -0.083230 0.770328
outer loop
vertex -19.8073 -6.9705 2.3719
vertex -20.2347 -6.3566 2.7890
vertex -20.2982 -6.8389 2.7890
endloop
endfacet
facet normal 0.470492 0.061941 0.880228
outer loop
vertex -20.2347 -6.3566 2.7890
vertex -20.2982 -5.8743 2.7890
vertex -20.8584 -6.0243 3.0990
endloop
endfacet
facet normal 0.470492 0.061941 0.880228
outer loop
vertex -20.2347 -6.3566 2.7890
vertex -20.8584 -6.0243 3.0990
vertex -20.8146 -6.3566 3.0990
endloop
endfacet
facet normal 0.438428 0.181603 0.880228
outer loop
vertex -20.2982 -5.8743 2.7890
vertex -20.4844 -5.4248 2.7890
vertex -20.9866 -5.7148 3.0990
endloop
endfacet
facet normal 0.438428 0.181603 0.880228
outer loop
vertex -20.2982 -5.8743 2.7890
vertex -20.9866 -5.7148 3.0990
vertex -20.8584 -6.0243 3.0990
endloop
endfacet
facet normal 0.376487 0.288889 0.880228
outer loop
vertex -20.4844 -5.4248 2.7890
vertex -20.7806 -5.0388 2.7890
vertex -21.1906 -5.4489 3.0990
endloop
endfacet
facet normal 0.376487 0.288889 0.880228
outer loop
vertex -20.4844 -5.4248 2.7890
vertex -21.1906 -5.4489 3.0990
vertex -20.9866 -5.7148 3.0990
endloop
endfacet
facet normal 0.288889 0.376487 0.880228
outer loop
vertex -20.7806 -5.0388 2.7890
vertex -21.1665 -4.7427 2.7890
vertex -21.4565 -5.2449 3.0990
endloop
endfacet
facet normal 0.288889 0.376487 0.880228
outer loop
vertex -20.7806 -5.0388 2.7890
vertex -21.4565 -5.2449 3.0990
vertex -21.1906 -5.4489 3.0990
endloop
endfacet
facet normal 0.181603 0.438428 0.880228
outer loop
vertex -21.1665 -4.7427 2.7890
vertex -21.6160 -4.5565 2.7890
vertex -21.7661 -5.1167 3.0990
endloop
endfacet
facet normal 0.181603 0.438428 0.880228
outer loop
vertex -21.1665 -4.7427 2.7890
vertex -21.7661 -5.1167 3.0990
vertex -21.4565 -5.2449 3.0990
endloop
endfacet
facet normal 0.061941 0.470492 0.880228
outer loop
vertex -21.6160 -4.5565 2.7890
vertex -22.0983 -4.4930 2.7890
vertex -22.0983 -5.0729 3.0990
endloop
endfacet
facet normal 0.061941 0.470492 0.880228
outer loop
vertex -21.6160 -4.5565 2.7890
vertex -22.0983 -5.0729 3.0990
vertex -21.7661 -5.1167 3.0990
endloop
endfacet
facet normal -0.061941 0.470492 0.880228
outer loop
vertex -22.0983 -4.4930 2.7890
vertex -22.5806 -4.5565 2.7890
vertex -22.4305 -5.1167 3.0990
endloop
endfacet
facet normal -0.061941 0.470492 0.880228
outer loop
vertex -22.0983 -4.4930 2.7890
vertex -22.4305 -5.1167 3.0990
vertex -22.0983 -5.0729 3.0990
endloop
endfacet
facet normal -0.181603 0.438428 0.880228
outer loop
vertex -22.5806 -4.5565 2.7890
vertex -23.0301 -4.7427 2.7890
vertex -22.7401 -5.2449 3.0990
endloop
endfacet
facet normal -0.181603 0.438428 0.880228
outer loop
vertex -22.5806 -4.5565 2.7890
vertex -22.7401 -5.2449 3.0990
vertex -22.4305 -5.1167 3.0990
endloop
endfacet
facet normal -0.288889 0.376487 0.880228
outer loop
vertex -23.0301 -4.7427 2.7890
vertex -23.4160 -5.0388 2.7890
vertex -23.0060 -5.4489 3.0990
endloop
endfacet
facet normal -0.288889 0.376487 0.880228
outer loop
vertex -23.0301 -4.7427 2.7890
vertex -23.0060 -5.4489 3.0990
vertex -22.7401 -5.2449 3.0990
endloop
endfacet
facet normal -0.376487 0.288889 0.880228
outer loop
vertex -23.4160 -5.0388 2.7890
vertex -23.7122 -5.4248 2.7890
vertex -23.2100 -5.7148 3.0990
endloop
endfacet
facet normal -0.376487 0.288889 0.880228
outer loop
vertex -23.4160 -5.0388 2.7890
vertex -23.2100 -5.7148 3.0990
vertex -23.0060 -5.4489 3.0990
endloop
endfacet
facet normal -0.438428 0.181603 0.880228
outer loop
vertex -23.7122 -5.4248 2.7890
vertex -23.8983 -5.8743 2.7890
vertex -23.3382 -6.0243 3.0990
endloop
endfacet
facet normal -0.438428 0.181603 0.880228
outer loop
vertex -23.7122 -5.4248 2.7890
vertex -23.3382 -6.0243 3.0990
vertex -23.2100 -5.7148 3.0990
endloop
endfacet
facet normal -0.470492 0.061941 0.880228
outer loop
vertex -23.8983 -5.8743 2.7890
vertex -23.9618 -6.3566 2.7890
vertex -23.3819 -6.3566 3.0990
endloop
endfacet
facet normal -0.470492 0.061941 0.880228
outer loop
vertex -23.8983 -5.8743 2.7890
vertex -23.3819 -6.3566 3.0990
vertex -23.3382 -6.0243 3.0990
endloop
endfacet
facet normal -0.470492 -0.061941 0.880228
outer loop
vertex -23.9618 -6.3566 2.7890
vertex -23.8983 -6.8389 2.7890
vertex -23.3382 -6.6888 3.0990
endloop
endfacet
facet normal -0.470492 -0.061941 0.880228
outer loop
vertex -23.9618 -6.3566 2.7890
vertex -23.3382 -6.6888 3.0990
vertex -23.3819 -6.3566 3.0990
endloop
endfacet
facet normal -0.438428 -0.181603 0.880228
outer loop
vertex -23.8983 -6.8389 2.7890
vertex -23.7122 -7.2884 2.7890
vertex -23.2100 -6.9984 3.0990
endloop
endfacet
facet normal -0.438428 -0.181603 0.880228
outer loop
vertex -23.8983 -6.8389 2.7890
vertex -23.2100 -6.9984 3.0990
vertex -23.3382 -6.6888 3.0990
endloop
endfacet
facet normal -0.376487 -0.288889 0.880228
outer loop
vertex -23.7122 -7.2884 2.7890
vertex -23.4160 -7.6743 2.7890
vertex -23.0060 -7.2642 3.0990
endloop
endfacet
facet normal -0.376487 -0.288889 0.880228
outer loop
vertex -23.7122 -7.2884 2.7890
vertex -23.0060 -7.2642 3.0990
vertex -23.2100 -6.9984 3.0990
endloop
endfacet
facet normal -0.288889 -0.376487 0.880228
outer loop
vertex -23.4160 -7.6743 2.7890
vertex -23.0301 -7.9705 2.7890
vertex -22.7401 -7.4682 3.0990
endloop
endfacet
facet normal -0.288889 -0.376487 0.880228
outer loop
vertex -23.4160 -7.6743 2.7890
vertex -22.7401 -7.4682 3.0990
vertex -23.0060 -7.2642 3.0990
endloop
endfacet
facet normal -0.181603 -0.438428 0.880228
outer loop
vertex -23.0301 -7.9705 2.7890
vertex -22.5806 -8.1566 2.7890
vertex -22.4305 -7.5965 3.0990
endloop
endfacet
facet normal -0.181603 -0.438428 0.880228
outer loop
vertex -23.0301 -7.9705 2.7890
vertex -22.4305 -7.5965 3.0990
vertex -22.7401 -7.4682 3.0990
endloop
endfacet
facet normal -0.061941 -0.470492 0.880228
outer loop
vertex -22.5806 -8.1566 2.7890
vertex -22.0983 -8.2201 2.7890
vertex -22.0983 -7.6402 3.0990
endloop
endfacet
facet normal -0.061941 -0.470492 0.880228
outer loop
vertex -22.5806 -8.1566 2.7890
vertex -22.0983 -7.6402 3.0990
vertex -22.4305 -7.5965 3.0990
endloop
endfacet
facet normal 0.061941 -0.470492 0.880228
outer loop
vertex -22.0983 -8.2201 2.7890
vertex -21.6160 -8.1566 2.7890
vertex -21.7661 -7.5965 3.0990
endloop
endfacet
facet normal 0.061941 -0.470492 0.880228
outer loop
vertex -22.0983 -8.2201 2.7890
vertex -21.7661 -7.5965 3.0990
vertex -22.0983 -7.6402 3.0990
endloop
endfacet
facet normal 0.181603 -0.438428 0.880228
outer loop
vertex -21.6160 -8.1566 2.7890
vertex -21.1665 -7.9705 2.7890
vertex -21.4565 -7.4682 3.0990
endloop
endfacet
facet normal 0.181603 -0.438428 0.880228
outer loop
vertex -21.6160 -8.1566 2.7890
vertex -21.4565 -7.4682 3.0990
vertex -21.7661 -7.5965 3.0990
endloop
endfacet
facet normal 0.288889 -0.376487 0.880228
outer loop
vertex -21.1665 -7.9705 2.7890
vertex -20.7806 -7.6743 2.7890
vertex -21.1906 -7.2642 3.0990
endloop
endfacet
facet normal 0.288889 -0.376487 0.880228
outer loop
vertex -21.1665 -7.9705 2.7890
vertex -21.1906 -7.2642 3.0990
vertex -21.4565 -7.4682 3.0990
endloop
endfacet
facet normal 0.376487 -0.288889 0.880228
outer loop
vertex -20.7806 -7.6743 2.7890
vertex -20.4844 -7.2884 2.7890
vertex -20.9866 -6.9984 3.0990
endloop
endfacet
facet normal 0.376487 -0.288889 0.880228
outer loop
vertex -20.7806 -7.6743 2.7890
vertex -20.9866 -6.9984 3.0990
vertex -21.1906 -7.2642 3.0990
endloop
endfacet
facet normal 0.438428 -0.181603 0.880228
outer loop
vertex -20.4844 -7.2884 2.7890
vertex -20.2982 -6.8389 2.7890
vertex -20.8584 -6.6888 3.0990
endloop
endfacet
facet normal 0.438428 -0.181603 0.880228
outer loop
vertex -20.4844 -7.2884 2.7890
vertex -20.8584 -6.6888 3.0990
vertex -20.9866 -6.9984 3.0990
endloop
endfacet
facet normal 0.470492 -0.061941 0.880228
outer loop
vertex -20.2982 -6.8389 2.7890
vertex -20.2347 -6.3566 2.7890
vertex -20.8146 -6.3566 3.0990
endloop
endfacet
facet normal 0.470492 -0.061941 0.880228
outer loop
vertex -20.2982 -6.8389 2.7890
vertex -20.8146 -6.3566 3.0990
vertex -20.8584 -6.6888 3.0990
endloop
endfacet
facet normal 0.290073 0.038189 0.956242
outer loop
vertex -20.8146 -6.3566 3.0990
vertex -20.8584 -6.0243 3.0990
vertex -21.4662 -6.1872 3.2899
endloop
endfacet
facet normal 0.290073 0.038189 0.956242
outer loop
vertex -20.8146 -6.3566 3.0990
vertex -21.4662 -6.1872 3.2899
vertex -21.4439 -6.3566 3.2899
endloop
endfacet
facet normal 0.270305 0.111964 0.956242
outer loop
vertex -20.8584 -6.0243 3.0990
vertex -20.9866 -5.7148 3.0990
vertex -21.5316 -6.0294 3.2899
endloop
endfacet
facet normal 0.270305 0.111964 0.956242
outer loop
vertex -20.8584 -6.0243 3.0990
vertex -21.5316 -6.0294 3.2899
vertex -21.4662 -6.1872 3.2899
endloop
endfacet
facet normal 0.232116 0.178109 0.956242
outer loop
vertex -20.9866 -5.7148 3.0990
vertex -21.1906 -5.4489 3.0990
vertex -21.6356 -5.8939 3.2899
endloop
endfacet
facet normal 0.232116 0.178109 0.956242
outer loop
vertex -20.9866 -5.7148 3.0990
vertex -21.6356 -5.8939 3.2899
vertex -21.5316 -6.0294 3.2899
endloop
endfacet
facet normal 0.178109 0.232116 0.956242
outer loop
vertex -21.1906 -5.4489 3.0990
vertex -21.4565 -5.2449 3.0990
vertex -21.7711 -5.7899 3.2899
endloop
endfacet
facet normal 0.178109 0.232116 0.956242
outer loop
vertex -21.1906 -5.4489 3.0990
vertex -21.7711 -5.7899 3.2899
vertex -21.6356 -5.8939 3.2899
endloop
endfacet
facet normal 0.111964 0.270305 0.956242
outer loop
vertex -21.4565 -5.2449 3.0990
vertex -21.7661 -5.1167 3.0990
vertex -21.9289 -5.7245 3.2899
endloop
endfacet
facet normal 0.111964 0.270305 0.956242
outer loop
vertex -21.4565 -5.2449 3.0990
vertex -21.9289 -5.7245 3.2899
vertex -21.7711 -5.7899 3.2899
endloop
endfacet
facet normal 0.038189 0.290073 0.956242
outer loop
vertex -21.7661 -5.1167 3.0990
vertex -22.0983 -5.0729 3.0990
vertex -22.0983 -5.7022 3.2899
endloop
endfacet
facet normal 0.038189 0.290073 0.956242
outer loop
vertex -21.7661 -5.1167 3.0990
vertex -22.0983 -5.7022 3.2899
vertex -21.9289 -5.7245 3.2899
endloop
endfacet
facet normal -0.038189 0.290073 0.956242
outer loop
vertex -22.0983 -5.0729 3.0990
vertex -22.4305 -5.1167 3.0990
vertex -22.2677 -5.7245 3.2899
endloop
endfacet
facet normal -0.038189 0.290073 0.956242
outer loop
vertex -22.0983 -5.0729 3.0990
vertex -22.2677 -5.7245 3.2899
vertex -22.0983 -5.7022 3.2899
endloop
endfacet
facet normal -0.111964 0.270305 0.956242
outer loop
vertex -22.4305 -5.1167 3.0990
vertex -22.7401 -5.2449 3.0990
vertex -22.4255 -5.7899 3.2899
endloop
endfacet
facet normal -0.111964 0.270305 0.956242
outer loop
vertex -22.4305 -5.1167 3.0990
vertex -22.4255 -5.7899 3.2899
vertex -22.2677 -5.7245 3.2899
endloop
endfacet
facet normal -0.178109 0.232116 0.956242
outer loop
vertex -22.7401 -5.2449 3.0990
vertex -23.0060 -5.4489 3.0990
vertex -22.5610 -5.8939 3.2899
endloop
endfacet
facet normal -0.178109 0.232116 0.956242
outer loop
vertex -22.7401 -5.2449 3.0990
vertex -22.5610 -5.8939 3.2899
vertex -22.4255 -5.7899 3.2899
endloop
endfacet
facet normal -0.232116 0.178109 0.956242
outer loop
vertex -23.0060 -5.4489 3.0990
vertex -23.2100 -5.7148 3.0990
vertex -22.6650 -6.0294 3.2899
endloop
endfacet
facet normal -0.232116 0.178109 0.956242
outer loop
vertex -23.0060 -5.4489 3.0990
vertex -22.6650 -6.0294 3.2899
vertex -22.5610 -5.8939 3.2899
endloop
endfacet
facet normal -0.270305 0.111964 0.956242
outer loop
vertex -23.2100 -5.7148 3.0990
vertex -23.3382 -6.0243 3.0990
vertex -22.7304 -6.1872 3.2899
endloop
endfacet
facet normal -0.270305 0.111964 0.956242
outer loop
vertex -23.2100 -5.7148 3.0990
vertex -22.7304 -6.1872 3.2899
vertex -22.6650 -6.0294 3.2899
endloop
endfacet
facet normal -0.290073 0.038189 0.956242
outer loop
vertex -23.3382 -6.0243 3.0990
vertex -23.3819 -6.3566 3.0990
vertex -22.7527 -6.3566 3.2899
endloop
endfacet
facet normal -0.290073 0.038189 0.956242
outer loop
vertex -23.3382 -6.0243 3.0990
vertex -22.7527 -6.3566 3.2899
vertex -22.7304 -6.1872 3.2899
endloop
endfacet
facet normal -0.290073 -0.038189 0.956242
outer loop
vertex -23.3819 -6.3566 3.0990
vertex -23.3382 -6.6888 3.0990
vertex -22.7304 -6.5259 3.2899
endloop
endfacet
facet normal -0.290073 -0.038189 0.956242
outer loop
vertex -23.3819 -6.3566 3.0990
vertex -22.7304 -6.5259 3.2899
vertex -22.7527 -6.3566 3.2899
endloop
endfacet
facet normal -0.270305 -0.111964 0.956242
outer loop
vertex -23.3382 -6.6888 3.0990
vertex -23.2100 -6.9984 3.0990
vertex -22.6650 -6.6838 3.2899
endloop
endfacet
facet normal -0.270305 -0.111964 0.956242
outer loop
vertex -23.3382 -6.6888 3.0990
vertex -22.6650 -6.6838 3.2899
vertex -22.7304 -6.5259 3.2899
endloop
endfacet
facet normal -0.232116 -0.178109 0.956242
outer loop
vertex -23.2100 -6.9984 3.0990
vertex -23.0060 -7.2642 3.0990
vertex -22.5610 -6.8193 3.2899
endloop
endfacet
facet normal -0.232116 -0.178109 0.956242
outer loop
vertex -23.2100 -6.9984 3.0990
vertex -22.5610 -6.8193 3.2899
vertex -22.6650 -6.6838 3.2899
endloop
endfacet
facet normal -0.178109 -0.232116 0.956242
outer loop
vertex -23.0060 -7.2642 3.0990
vertex -22.7401 -7.4682 3.0990
vertex -22.4255 -6.9233 3.2899
endloop
endfacet
facet normal -0.178109 -0.232116 0.956242
outer loop
vertex -23.0060 -7.2642 3.0990
vertex -22.4255 -6.9233 3.2899
vertex -22.5610 -6.8193 3.2899
endloop
endfacet
facet normal -0.111964 -0.270305 0.956242
outer loop
vertex -22.7401 -7.4682 3.0990
vertex -22.4305 -7.5965 3.0990
vertex -22.2677 -6.9887 3.2899
endloop
endfacet
facet normal -0.111964 -0.270305 0.956242
outer loop
vertex -22.7401 -7.4682 3.0990
vertex -22.2677 -6.9887 3.2899
vertex -22.4255 -6.9233 3.2899
endloop
endfacet
facet normal -0.038189 -0.290073 0.956242
outer loop
vertex -22.4305 -7.5965 3.0990
vertex -22.0983 -7.6402 3.0990
vertex -22.0983 -7.0110 3.2899
endloop
endfacet
facet normal -0.038189 -0.290073 0.956242
outer loop
vertex -22.4305 -7.5965 3.0990
vertex -22.0983 -7.0110 3.2899
vertex -22.2677 -6.9887 3.2899
endloop
endfacet
facet normal 0.038189 -0.290073 0.956242
outer loop
vertex -22.0983 -7.6402 3.0990
vertex -21.7661 -7.5965 3.0990
vertex -21.9289 -6.9887 3.2899
endloop
endfacet
facet normal 0.038189 -0.290073 0.956242
outer loop
vertex -22.0983 -7.6402 3.0990
vertex -21.9289 -6.9887 3.2899
vertex -22.0983 -7.0110 3.2899
endloop
endfacet
facet normal 0.111964 -0.270305 0.956242
outer loop
vertex -21.7661 -7.5965 3.0990
vertex -21.4565 -7.4682 3.0990
vertex -21.7711 -6.9233 3.2899
endloop
endfacet
facet normal 0.111964 -0.270305 0.956242
outer loop
vertex -21.7661 -7.5965 3.0990
vertex -21.7711 -6.9233 3.2899
vertex -21.9289 -6.9887 3.2899
endloop
endfacet
facet normal 0.178109 -0.232116 0.956242
outer loop
vertex -21.4565 -7.4682 3.0990
vertex -21.1906 -7.2642 3.0990
vertex -21.6356 -6.8193 3.2899
endloop
endfacet
facet normal 0.178109 -0.232116 0.956242
outer loop
vertex -21.4565 -7.4682 3.0990
vertex -21.6356 -6.8193 3.2899
vertex -21.7711 -6.9233 3.2899
endloop
endfacet
facet normal 0.232116 -0.178109 0.956242
outer loop
vertex -21.1906 -7.2642 3.0990
vertex -20.9866 -6.9984 3.0990
vertex -21.5316 -6.6838 3.2899
endloop
endfacet
facet normal 0.232116 -0.178109 0.956242
outer loop
vertex -21.1906 -7.2642 3.0990
vertex -21.5316 -6.6838 3.2899
vertex -21.6356 -6.8193 3.2899
endloop
endfacet
facet normal 0.270305 -0.111964 0.956242
outer loop
vertex -20.9866 -6.9984 3.0990
vertex -20.8584 -6.6888 3.0990
vertex -21.4662 -6.5259 3.2899
endloop
endfacet
facet normal 0.270305 -0.111964 0.956242
outer loop
vertex -20.9866 -6.9984 3.0990
vertex -21.4662 -6.5259 3.2899
vertex -21.5316 -6.6838 3.2899
endloop
endfacet
facet normal 0.290073 -0.038189 0.956242
outer loop
vertex -20.8584 -6.6888 3.0990
vertex -20.8146 -6.3566 3.0990
vertex -21.4439 -6.3566 3.2899
endloop
endfacet
facet normal 0.290073 -0.038189 0.956242
outer loop
vertex -20.8584 -6.6888 3.0990
vertex -21.4439 -6.3566 3.2899
vertex -21.4662 -6.5259 3.2899
endloop
endfacet
facet normal 0.098009 0.012903 0.995102
outer loop
vertex -21.4439 -6.3566 3.2899
vertex -21.4662 -6.1872 3.2899
vertex -22.0983 -6.3566 3.3543
endloop
endfacet
facet normal 0.091330 0.037830 0.995102
outer loop
vertex -21.4662 -6.1872 3.2899
vertex -21.5316 -6.0294 3.2899
vertex -22.0983 -6.3566 3.3543
endloop
endfacet
facet normal 0.078427 0.060179 0.995102
outer loop
vertex -21.5316 -6.0294 3.2899
vertex -21.6356 -5.8939 3.2899
vertex -22.0983 -6.3566 3.3543
endloop
endfacet
facet normal 0.060179 0.078427 0.995102
outer loop
vertex -21.6356 -5.8939 3.2899
vertex -21.7711 -5.7899 3.2899
vertex -22.0983 -6.3566 3.3543
endloop
endfacet
facet normal 0.037830 0.091330 0.995102
outer loop
vertex -21.7711 -5.7899 3.2899
vertex -21.9289 -5.7245 3.2899
vertex -22.0983 -6.3566 3.3543
endloop
endfacet
facet normal 0.012903 0.098009 0.995102
outer loop
vertex -21.9289 -5.7245 3.2899
vertex -22.0983 -5.7022 3.2899
vertex -22.0983 -6.3566 3.3543
endloop
endfacet
facet normal -0.012903 0.098009 0.995102
outer loop
vertex -22.0983 -5.7022 3.2899
vertex -22.2677 -5.7245 3.2899
vertex -22.0983 -6.3566 3.3543
endloop
endfacet
facet normal -0.037830 0.091330 0.995102
outer loop
vertex -22.2677 -5.7245 3.2899
vertex -22.4255 -5.7899 3.2899
vertex -22.0983 -6.3566 3.3543
endloop
endfacet
facet normal -0.060179 0.078427 0.995102
outer loop
vertex -22.4255 -5.7899 3.2899
vertex -22.5610 -5.8939 3.2899
vertex -22.0983 -6.3566 3.3543
endloop
endfacet
facet normal -0.078427 0.060179 0.995102
outer loop
vertex -22.5610 -5.8939 3.2899
vertex -22.6650 -6.0294 3.2899
vertex -22.0983 -6.3566 3.3543
endloop
endfacet
facet normal -0.091330 0.037830 0.995102
outer loop
vertex -22.6650 -6.0294 3.2899
vertex -22.7304 -6.1872 3.2899
vertex -22.0983 -6.3566 3.3543
endloop
endfacet
facet normal -0.098009 0.012903 0.995102
outer loop
vertex -22.7304 -6.1872 3.2899
vertex -22.7527 -6.3566 3.2899
vertex -22.0983 -6.3566 3.3543
endloop
endfacet
facet normal -0.098009 -0.012903 0.995102
outer loop
vertex -22.7527 -6.3566 3.2899
vertex -22.7304 -6.5259 3.2899
vertex -22.0983 -6.3566 3.3543
endloop
endfacet
facet normal -0.091330 -0.037830 0.995102
outer loop
vertex -22.7304 -6.5259 3.2899
vertex -22.6650 -6.6838 3.2899
vertex -22.0983 -6.3566 3.3543
endloop
endfacet
facet normal -0.078427 -0.060179 0.995102
outer loop
vertex -22.6650 -6.6838 3.2899
vertex -22.5610 -6.8193 3.2899
vertex -22.0983 -6.3566 3.3543
endloop
endfacet
facet normal -0.060179 -0.078427 0.995102
outer loop
vertex -22.5610 -6.8193 3.2899
vertex -22.4255 -6.9233 3.2899
vertex -22.0983 -6.3566 3.3543
endloop
endfacet
facet normal -0.037830 -0.091330 0.995102
outer loop
vertex -22.4255 -6.9233 3.2899
vertex -22.2677 -6.9887 3.2899
vertex -22.0983 -6.3566 3.3543
endloop
endfacet
facet normal -0.012903 -0.098009 0.995102
outer loop
vertex -22.2677 -6.9887 3.2899
vertex -22.0983 -7.0110 3.2899
vertex -22.0983 -6.3566 3.3543
endloop
endfacet
facet normal 0.012903 -0.098009 0.995102
outer loop
vertex -22.0983 -7.0110 3.2899
vertex -21.9289 -6.9887 3.2899
vertex -22.0983 -6.3566 3.3543
endloop
endfacet
facet normal 0.037830 -0.091330 0.995102
outer loop
vertex -21.9289 -6.9887 3.2899
vertex -21.7711 -6.9233 3.2899
vertex -22.0983 -6.3566 3.3543
endloop
endfacet
facet normal 0.060179 -0.078427 0.995102
outer loop
vertex -21.7711 -6.9233 3.2899
vertex -21.6356 -6.8193 3.2899
vertex -22.0983 -6.3566 3.3543
endloop
endfacet
facet normal 0.078427 -0.060179 0.995102
outer loop
vertex -21.6356 -6.8193 3.2899
vertex -21.5316 -6.6838 3.2899
vertex -22.0983 -6.3566 3.3543
endloop
endfacet
facet normal 0.091330 -0.037830 0.995102
outer loop
vertex -21.5316 -6.6838 3.2899
vertex -21.4662 -6.5259 3.2899
vertex -22.0983 -6.3566 3.3543
endloop
endfacet
facet normal 0.098009 -0.012903 0.995102
outer loop
vertex -21.4662 -6.5259 3.2899
vertex -21.4439 -6.3566 3.2899
vertex -22.0983 -6.3566 3.3543
endloop
endfacet
facet normal 0.991445 0.130526 0.000000
outer loop
vertex 12.3077 -8.8914 0.0000
vertex 12.2017 -8.0868 0.0000
vertex 12.2017 -8.0868 10.3532
endloop
endfacet
facet normal 0.991445 0.130526 -0.000000
outer loop
vertex 12.3077 -8.8914 0.0000
vertex 12.2017 -8.0868 10.3532
vertex 12.3077 -8.8914 10.3532
endloop
endfacet
facet normal 0.000000 0.000000 1.000000
outer loop
vertex 9.1988 -8.8914 10.3532
vertex 12.3077 -8.8914 10.3532
vertex 12.2017 -8.0868 10.3532
endloop
endfacet
facet normal 0.000000 0.000000 -1.000000
outer loop
vertex 9.1988 -8.8914 0.0000
vertex 12.2017 -8.0868 0.0000
vertex 12.3077 -8.8914 0.0000
endloop
endfacet
facet normal 0.923880 0.382683 0.000000
outer loop
vertex 12.2017 -8.0868 0.0000
vertex 11.8911 -7.3370 0.0000
vertex 11.8911 -7.3370 10.3532
endloop
endfacet
facet normal 0.923880 0.382683 -0.000000
outer loop
vertex 12.2017 -8.0868 0.0000
vertex 11.8911 -7.3370 10.3532
vertex 12.2017 -8.0868 10.3532
endloop
endfacet
facet normal 0.000000 0.000000 1.000000
outer loop
vertex 9.1988 -8.8914 10.3532
vertex 12.2017 -8.0868 10.3532
vertex 11.8911 -7.3370 10.3532
endloop
endfacet
facet normal 0.000000 0.000000 -1.000000
outer loop
vertex 9.1988 -8.8914 0.0000
vertex 11.8911 -7.3370 0.0000
vertex 12.2017 -8.0868 0.0000
endloop
endfacet
facet normal 0.793353 0.608761 0.000000
outer loop
vertex 11.8911 -7.3370 0.0000
vertex 11.3971 -6.6931 0.0000
vertex 11.3971 -6.6931 10.3532
endloop
endfacet
facet normal 0.793353 0.608761 -0.000000
outer loop
vertex 11.8911 -7.3370 0.0000
vertex 11.3971 -6.6931 10.3532
vertex 11.8911 -7.3370 10.3532
endloop
endfacet
facet normal 0.000000 0.000000 1.000000
outer loop
vertex 9.1988 -8.8914 10.3532
vertex 11.8911 -7.3370 10.3532
vertex 11.3971 -6.6931 10.3532
endloop
endfacet
facet normal 0.000000 0.000000 -1.000000
outer loop
vertex 9.1988 -8.8914 0.0000
vertex 11.3971 -6.6931 0.0000
vertex 11.8911 -7.3370 0.0000
endloop
endfacet
facet normal 0.608761 0.793353 0.000000
outer loop
vertex 11.3971 -6.6931 0.0000
vertex 10.7532 -6.1991 0.0000
vertex 10.7532 -6.1991 10.3532
endloop
endfacet
facet normal 0.608761 0.793353 -0.000000
outer loop
vertex 11.3971 -6.6931 0.0000
vertex 10.7532 -6.1991 10.3532
vertex 11.3971 -6.6931 10.3532
endloop
endfacet
facet normal 0.000000 0.000000 1.000000
outer loop
vertex 9.1988 -8.8914 10.3532
vertex 11.3971 -6.6931 10.3532
vertex 10.7532 -6.1991 10.3532
endloop
endfacet
facet normal 0.000000 0.000000 -1.000000
outer loop
vertex 9.1988 -8.8914 0.0000
vertex 10.7532 -6.1991 0.0000
vertex 11.3971 -6.6931 0.0000
endloop
endfacet
facet normal 0.382683 0.923880 0.000000
outer loop
vertex 10.7532 -6.1991 0.0000
vertex 10.0034 -5.8885 0.0000
vertex 10.0034 -5.8885 10.3532
endloop
endfacet
facet normal 0.382683 0.923880 -0.000000
outer loop
vertex 10.7532 -6.1991 0.0000
vertex 10.0034 -5.8885 10.3532
vertex 10.7532 -6.1991 10.3532
endloop
endfacet
facet normal 0.000000 0.000000 1.000000
outer loop
vertex 9.1988 -8.8914 10.3532
vertex 10.7532 -6.1991 10.3532
vertex 10.0034 -5.8885 10.3532
endloop
endfacet
facet normal 0.000000 0.000000 -1.000000
outer loop
vertex 9.1988 -8.8914 0.0000
vertex 10.0034 -5.8885 0.0000
vertex 10.7532 -6.1991 0.0000
endloop
endfacet
facet normal 0.130526 0.991445 0.000000
outer loop
vertex 10.0034 -5.8885 0.0000
vertex 9.1988 -5.7825 0.0000
vertex 9.1988 -5.7825 10.3532
endloop
endfacet
facet normal 0.130526 0.991445 -0.000000
outer loop
vertex 10.0034 -5.8885 0.0000
vertex 9.1988 -5.7825 10.3532
vertex 10.0034 -5.8885 10.3532
endloop
endfacet
facet normal 0.000000 0.000000 1.000000
outer loop
vertex 9.1988 -8.8914 10.3532
vertex 10.0034 -5.8885 10.3532
vertex 9.1988 -5.7825 10.3532
endloop
endfacet
facet normal 0.000000 0.000000 -1.000000
outer loop
vertex 9.1988 -8.8914 0.0000
vertex 9.1988 -5.7825 0.0000
vertex 10.0034 -5.8885 0.0000
endloop
endfacet
facet normal -0.130526 0.991445 0.000000
outer loop
vertex 9.1988 -5.7825 0.0000
vertex 8.3941 -5.8885 0.0000
vertex 8.3941 -5.8885 10.3532
endloop
endfacet
facet normal -0.130526 0.991445 0.000000
outer loop
vertex 9.1988 -5.7825 0.0000
vertex 8.3941 -5.8885 10.3532
vertex 9.1988 -5.7825 10.3532
endloop
endfacet
facet normal 0.000000 -0.000000 1.000000
outer loop
vertex 9.1988 -8.8914 10.3532
vertex 9.1988 -5.7825 10.3532
vertex 8.3941 -5.8885 10.3532
endloop
endfacet
facet normal 0.000000 0.000000 -1.000000
outer loop
vertex 9.1988 -8.8914 0.0000
vertex 8.3941 -5.8885 0.0000
vertex 9.1988 -5.7825 0.0000
endloop
endfacet
facet normal -0.382683 0.923880 0.000000
outer loop
vertex 8.3941 -5.8885 0.0000
vertex 7.6443 -6.1991 0.0000
vertex 7.6443 -6.1991 10.3532
endloop
endfacet
facet normal -0.382683 0.923880 0.000000
outer loop
vertex 8.3941 -5.8885 0.0000
vertex 7.6443 -6.1991 10.3532
vertex 8.3941 -5.8885 10.3532
endloop
endfacet
facet normal 0.000000 0.000000 1.000000
outer loop
vertex 9.1988 -8.8914 10.3532
vertex 8.3941 -5.8885 10.3532
vertex 7.6443 -6.1991 10.3532
endloop
endfacet
facet normal 0.000000 0.000000 -1.000000
outer loop
vertex 9.1988 -8.8914 0.0000
vertex 7.6443 -6.1991 0.0000
vertex 8.3941 -5.8885 0.0000
endloop
endfacet
facet normal -0.608761 0.793353 0.000000
outer loop
vertex 7.6443 -6.1991 0.0000
vertex 7.0005 -6.6931 0.0000
vertex 7.0005 -6.6931 10.3532
endloop
endfacet
facet normal -0.608761 0.793353 0.000000
outer loop
vertex 7.6443 -6.1991 0.0000
vertex 7.0005 -6.6931 10.3532
vertex 7.6443 -6.1991 10.3532
endloop
endfacet
facet normal 0.000000 0.000000 1.000000
outer loop
vertex 9.1988 -8.8914 10.3532
vertex 7.6443 -6.1991 10.3532
vertex 7.0005 -6.6931 10.3532
endloop
endfacet
facet normal 0.000000 0.000000 -1.000000
outer loop
vertex 9.1988 -8.8914 0.0000
vertex 7.0005 -6.6931 0.0000
vertex 7.6443 -6.1991 0.0000
endloop
endfacet
facet normal -0.793353 0.608761 0.000000
outer loop
vertex 7.0005 -6.6931 0.0000
vertex 6.5064 -7.3370 0.0000
vertex 6.5064 -7.3370 10.3532
endloop
endfacet
facet normal -0.793353 0.608761 0.000000
outer loop
vertex 7.0005 -6.6931 0.0000
vertex 6.5064 -7.3370 10.3532
vertex 7.0005 -6.6931 10.3532
endloop
endfacet
facet normal 0.000000 0.000000 1.000000
outer loop
vertex 9.1988 -8.8914 10.3532
vertex 7.0005 -6.6931 10.3532
vertex 6.5064 -7.3370 10.3532
endloop
endfacet
facet normal 0.000000 0.000000 -1.000000
outer loop
vertex 9.1988 -8.8914 0.0000
vertex 6.5064 -7.3370 0.0000
vertex 7.0005 -6.6931 0.0000
endloop
endfacet
facet normal -0.923880 0.382683 0.000000
outer loop
vertex 6.5064 -7.3370 0.0000
vertex 6.1958 -8.0868 0.0000
vertex 6.1958 -8.0868 10.3532
endloop
endfacet
facet normal -0.923880 0.382683 0.000000
outer loop
vertex 6.5064 -7.3370 0.0000
vertex 6.1958 -8.0868 10.3532
vertex 6.5064 -7.3370 10.3532
endloop
endfacet
facet normal 0.000000 0.000000 1.000000
outer loop
vertex 9.1988 -8.8914 10.3532
vertex 6.5064 -7.3370 10.3532
vertex 6.1958 -8.0868 10.3532
endloop
endfacet
facet normal 0.000000 0.000000 -1.000000
outer loop
vertex 9.1988 -8.8914 0.0000
vertex 6.1958 -8.0868 0.0000
vertex 6.5064 -7.3370 0.0000
endloop
endfacet
facet normal -0.991445 0.130526 0.000000
outer loop
vertex 6.1958 -8.0868 0.0000
vertex 6.0899 -8.8914 0.0000
vertex 6.0899 -8.8914 10.3532
endloop
endfacet
facet normal -0.991445 0.130526 0.000000
outer loop
vertex 6.1958 -8.0868 0.0000
vertex 6.0899 -8.8914 10.3532
vertex 6.1958 -8.0868 10.3532
endloop
endfacet
facet normal 0.000000 0.000000 1.000000
outer loop
vertex 9.1988 -8.8914 10.3532
vertex 6.1958 -8.0868 10.3532
vertex 6.0899 -8.8914 10.3532
endloop
endfacet
facet normal 0.000000 0.000000 -1.000000
outer loop
vertex 9.1988 -8.8914 0.0000
vertex 6.0899 -8.8914 0.0000
vertex 6.1958 -8.0868 0.0000
endloop
endfacet
facet normal -0.991445 -0.130526 0.000000
outer loop
vertex 6.0899 -8.8914 0.0000
vertex 6.1958 -9.6961 0.0000
vertex 6.1958 -9.6961 10.3532
endloop
endfacet
facet normal -0.991445 -0.130526 0.000000
outer loop
vertex 6.0899 -8.8914 0.0000
vertex 6.1958 -9.6961 10.3532
vertex 6.0899 -8.8914 10.3532
endloop
endfacet
facet normal 0.000000 0.000000 1.000000
outer loop
vertex 9.1988 -8.8914 10.3532
vertex 6.0899 -8.8914 10.3532
vertex 6.1958 -9.6961 10.3532
endloop
endfacet
facet normal -0.000000 0.000000 -1.000000
outer loop
vertex 9.1988 -8.8914 0.0000
vertex 6.1958 -9.6961 0.0000
vertex 6.0899 -8.8914 0.0000
endloop
endfacet
facet normal -0.923880 -0.382683 0.000000
outer loop
vertex 6.1958 -9.6961 0.0000
vertex 6.5064 -10.4459 0.0000
vertex 6.5064 -10.4459 10.3532
endloop
endfacet
facet normal -0.923880 -0.382683 0.000000
outer loop
vertex 6.1958 -9.6961 0.0000
vertex 6.5064 -10.4459 10.3532
vertex 6.1958 -9.6961 10.3532
endloop
endfacet
facet normal 0.000000 0.000000 1.000000
outer loop
vertex 9.1988 -8.8914 10.3532
vertex 6.1958 -9.6961 10.3532
vertex 6.5064 -10.4459 10.3532
endloop
endfacet
facet normal 0.000000 0.000000 -1.000000
outer loop
vertex 9.1988 -8.8914 0.0000
vertex 6.5064 -10.4459 0.0000
vertex 6.1958 -9.6961 0.0000
endloop
endfacet
facet normal -0.793353 -0.608761 0.000000
outer loop
vertex 6.5064 -10.4459 0.0000
vertex 7.0005 -11.0897 0.0000
vertex 7.0005 -11.0897 10.3532
endloop
endfacet
facet normal -0.793353 -0.608761 0.000000
outer loop
vertex 6.5064 -10.4459 0.0000
vertex 7.0005 -11.0897 10.3532
vertex 6.5064 -10.4459 10.3532
endloop
endfacet
facet normal 0.000000 0.000000 1.000000
outer loop
vertex 9.1988 -8.8914 10.3532
vertex 6.5064 -10.4459 10.3532
vertex 7.0005 -11.0897 10.3532
endloop
endfacet
facet normal 0.000000 0.000000 -1.000000
outer loop
vertex 9.1988 -8.8914 0.0000
vertex 7.0005 -11.0897 0.0000
vertex 6.5064 -10.4459 0.0000
endloop
endfacet
facet normal -0.608761 -0.793353 0.000000
outer loop
vertex 7.0005 -11.0897 0.0000
vertex 7.6443 -11.5838 0.0000
vertex 7.6443 -11.5838 10.3532
endloop
endfacet
facet normal -0.608761 -0.793353 0.000000
outer loop
vertex 7.0005 -11.0897 0.0000
vertex 7.6443 -11.5838 10.3532
vertex 7.0005 -11.0897 10.3532
endloop
endfacet
facet normal 0.000000 0.000000 1.000000
outer loop
vertex 9.1988 -8.8914 10.3532
vertex 7.0005 -11.0897 10.3532
vertex 7.6443 -11.5838 10.3532
endloop
endfacet
facet normal 0.000000 0.000000 -1.000000
outer loop
vertex 9.1988 -8.8914 0.0000
vertex 7.6443 -11.5838 0.0000
vertex 7.0005 -11.0897 0.0000
endloop
endfacet
facet normal -0.382683 -0.923880 0.000000
outer loop
vertex 7.6443 -11.5838 0.0000
vertex 8.3941 -11.8944 0.0000
vertex 8.3941 -11.8944 10.3532
endloop
endfacet
facet normal -0.382683 -0.923880 0.000000
outer loop
vertex 7.6443 -11.5838 0.0000
vertex 8.3941 -11.8944 10.3532
vertex 7.6443 -11.5838 10.3532
endloop
endfacet
facet normal 0.000000 0.000000 1.000000
outer loop
vertex 9.1988 -8.8914 10.3532
vertex 7.6443 -11.5838 10.3532
vertex 8.3941 -11.8944 10.3532
endloop
endfacet
facet normal 0.000000 0.000000 -1.000000
outer loop
vertex 9.1988 -8.8914 0.0000
vertex 8.3941 -11.8944 0.0000
vertex 7.6443 -11.5838 0.0000
endloop
endfacet
facet normal -0.130526 -0.991445 0.000000
outer loop
vertex 8.3941 -11.8944 0.0000
vertex 9.1988 -12.0003 0.0000
vertex 9.1988 -12.0003 10.3532
endloop
endfacet
facet normal -0.130526 -0.991445 0.000000
outer loop
vertex 8.3941 -11.8944 0.0000
vertex 9.1988 -12.0003 10.3532
vertex 8.3941 -11.8944 10.3532
endloop
endfacet
facet normal 0.000000 0.000000 1.000000
outer loop
vertex 9.1988 -8.8914 10.3532
vertex 8.3941 -11.8944 10.3532
vertex 9.1988 -12.0003 10.3532
endloop
endfacet
facet normal 0.000000 -0.000000 -1.000000
outer loop
vertex 9.1988 -8.8914 0.0000
vertex 9.1988 -12.0003 0.0000
vertex 8.3941 -11.8944 0.0000
endloop
endfacet
facet normal 0.130526 -0.991445 0.000000
outer loop
vertex 9.1988 -12.0003 0.0000
vertex 10.0034 -11.8944 0.0000
vertex 10.0034 -11.8944 10.3532
endloop
endfacet
facet normal 0.130526 -0.991445 0.000000
outer loop
vertex 9.1988 -12.0003 0.0000
vertex 10.0034 -11.8944 10.3532
vertex 9.1988 -12.0003 10.3532
endloop
endfacet
facet normal 0.000000 0.000000 1.000000
outer loop
vertex 9.1988 -8.8914 10.3532
vertex 9.1988 -12.0003 10.3532
vertex 10.0034 -11.8944 10.3532
endloop
endfacet
facet normal 0.000000 0.000000 -1.000000
outer loop
vertex 9.1988 -8.8914 0.0000
vertex 10.0034 -11.8944 0.0000
vertex 9.1988 -12.0003 0.0000
endloop
endfacet
facet normal 0.382683 -0.923880 0.000000
outer loop
vertex 10.0034 -11.8944 0.0000
vertex 10.7532 -11.5838 0.0000
vertex 10.7532 -11.5838 10.3532
endloop
endfacet
facet normal 0.382683 -0.923880 0.000000
outer loop
vertex 10.0034 -11.8944 0.0000
vertex 10.7532 -11.5838 10.3532
vertex 10.0034 -11.8944 10.3532
endloop
endfacet
facet normal 0.000000 0.000000 1.000000
outer loop
vertex 9.1988 -8.8914 10.3532
vertex 10.0034 -11.8944 10.3532
vertex 10.7532 -11.5838 10.3532
endloop
endfacet
facet normal 0.000000 0.000000 -1.000000
outer loop
vertex 9.1988 -8.8914 0.0000
vertex 10.7532 -11.5838 0.0000
vertex 10.0034 -11.8944 0.0000
endloop
endfacet
facet normal 0.608761 -0.793353 0.000000
outer loop
vertex 10.7532 -11.5838 0.0000
vertex 11.3971 -11.0897 0.0000
vertex 11.3971 -11.0897 10.3532
endloop
endfacet
facet normal 0.608761 -0.793353 0.000000
outer loop
vertex 10.7532 -11.5838 0.0000
vertex 11.3971 -11.0897 10.3532
vertex 10.7532 -11.5838 10.3532
endloop
endfacet
facet normal 0.000000 0.000000 1.000000
outer loop
vertex 9.1988 -8.8914 10.3532
vertex 10.7532 -11.5838 10.3532
vertex 11.3971 -11.0897 10.3532
endloop
endfacet
facet normal 0.000000 0.000000 -1.000000
outer loop
vertex 9.1988 -8.8914 0.0000
vertex 11.3971 -11.0897 0.0000
vertex 10.7532 -11.5838 0.0000
endloop
endfacet
facet normal 0.793353 -0.608761 0.000000
outer loop
vertex 11.3971 -11.0897 0.0000
vertex 11.8911 -10.4459 0.0000
vertex 11.8911 -10.4459 10.3532
endloop
endfacet
facet normal 0.793353 -0.608761 0.000000
outer loop
vertex 11.3971 -11.0897 0.0000
vertex 11.8911 -10.4459 10.3532
vertex 11.3971 -11.0897 10.3532
endloop
endfacet
facet normal 0.000000 0.000000 1.000000
outer loop
vertex 9.1988 -8.8914 10.3532
vertex 11.3971 -11.0897 10.3532
vertex 11.8911 -10.4459 10.3532
endloop
endfacet
facet normal 0.000000 0.000000 -1.000000
outer loop
vertex 9.1988 -8.8914 0.0000
vertex 11.8911 -10.4459 0.0000
vertex 11.3971 -11.0897 0.0000
endloop
endfacet
facet normal 0.923880 -0.382683 0.000000
outer loop
vertex 11.8911 -10.4459 0.0000
vertex 12.2017 -9.6961 0.0000
vertex 12.2017 -9.6961 10.3532
endloop
endfacet
facet normal 0.923880 -0.382683 0.000000
outer loop
vertex 11.8911 -10.4459 0.0000
vertex 12.2017 -9.6961 10.3532
vertex 11.8911 -10.4459 10.3532
endloop
endfacet
facet normal 0.000000 0.000000 1.000000
outer loop
vertex 9.1988 -8.8914 10.3532
vertex 11.8911 -10.4459 10.3532
vertex 12.2017 -9.6961 10.3532
endloop
endfacet
facet normal 0.000000 0.000000 -1.000000
outer loop
vertex 9.1988 -8.8914 0.0000
vertex 12.2017 -9.6961 0.0000
vertex 11.8911 -10.4459 0.0000
endloop
endfacet
facet normal 0.991445 -0.130526 0.000000
outer loop
vertex 12.2017 -9.6961 0.0000
vertex 12.3077 -8.8914 0.0000
vertex 12.3077 -8.8914 10.3532
endloop
endfacet
facet normal 0.991445 -0.130526 0.000000
outer loop
vertex 12.2017 -9.6961 0.0000
vertex 12.3077 -8.8914 10.3532
vertex 12.2017 -9.6961 10.3532
endloop
endfacet
facet normal -0.000000 0.000000 1.000000
outer loop
vertex 9.1988 -8.8914 10.3532
vertex 12.2017 -9.6961 10.3532
vertex 12.3077 -8.8914 10.3532
endloop
endfacet
facet normal 0.000000 0.000000 -1.000000
outer loop
vertex 9.1988 -8.8914 0.0000
vertex 12.3077 -8.8914 0.0000
vertex 12.2017 -9.6961 0.0000
endloop
endfacet
facet normal 0.991445 0.130526 0.000000
outer loop
vertex 28.4585 9.2541 0.0000
vertex 28.4066 9.6483 0.0000
vertex 28.4066 9.6483 9.5060
endloop
endfacet
facet normal 0.991445 0.130526 -0.000000
outer loop
vertex 28.4585 9.2541 0.0000
vertex 28.4066 9.6483 9.5060
vertex 28.4585 9.2541 9.5060
endloop
endfacet
facet normal 0.000000 0.000000 1.000000
outer loop
vertex 26.9354 9.2541 9.5060
vertex 28.4585 9.2541 9.5060
vertex 28.4066 9.6483 9.5060
endloop
endfacet
facet normal 0.000000 0.000000 -1.000000
outer loop
vertex 26.9354 9.2541 0.0000
vertex 28.4066 9.6483 0.0000
vertex 28.4585 9.2541 0.0000
endloop
endfacet
facet normal 0.923880 0.382683 0.000000
outer loop
vertex 28.4066 9.6483 0.0000
vertex 28.2545 10.0156 0.0000
vertex 28.2545 10.0156 9.5060
endloop
endfacet
facet normal 0.923880 0.382683 -0.000000
outer loop
vertex 28.4066 9.6483 0.0000
vertex 28.2545 10.0156 9.5060
vertex 28.4066 9.6483 9.5060
endloop
endfacet
facet normal 0.000000 0.000000 1.000000
outer loop
vertex 26.9354 9.2541 9.5060
vertex 28.4066 9.6483 9.5060
vertex 28.2545 10.0156 9.5060
endloop
endfacet
facet normal 0.000000 0.000000 -1.000000
outer loop
vertex 26.9354 9.2541 0.0000
vertex 28.2545 10.0156 0.0000
vertex 28.4066 9.6483 0.0000
endloop
endfacet
facet normal 0.793353 0.608761 0.000000
outer loop
vertex 28.2545 10.0156 0.0000
vertex 28.0124 10.3311 0.0000
vertex 28.0124 10.3311 9.5060
endloop
endfacet
facet normal 0.793353 0.608761 -0.000000
outer loop
vertex 28.2545 10.0156 0.0000
vertex 28.0124 10.3311 9.5060
vertex 28.2545 10.0156 9.5060
endloop
endfacet
facet normal 0.000000 0.000000 1.000000
outer loop
vertex 26.9354 9.2541 9.5060
vertex 28.2545 10.0156 9.5060
vertex 28.0124 10.3311 9.5060
endloop
endfacet
facet normal 0.000000 0.000000 -1.000000
outer loop
vertex 26.9354 9.2541 0.0000
vertex 28.0124 10.3311 0.0000
vertex 28.2545 10.0156 0.0000
endloop
endfacet
facet normal 0.608761 0.793353 0.000000
outer loop
vertex 28.0124 10.3311 0.0000
vertex 27.6970 10.5731 0.0000
vertex 27.6970 10.5731 9.5060
endloop
endfacet
facet normal 0.608761 0.793353 -0.000000
outer loop
vertex 28.0124 10.3311 0.0000
vertex 27.6970 10.5731 9.5060
vertex 28.0124 10.3311 9.5060
endloop
endfacet
facet normal 0.000000 0.000000 1.000000
outer loop
vertex 26.9354 9.2541 9.5060
vertex 28.0124 10.3311 9.5060
vertex 27.6970 10.5731 9.5060
endloop
endfacet
facet normal 0.000000 0.000000 -1.000000
outer loop
vertex 26.9354 9.2541 0.0000
vertex 27.6970 10.5731 0.0000
vertex 28.0124 10.3311 0.0000
endloop
endfacet
facet normal 0.382683 0.923880 0.000000
outer loop
vertex 27.6970 10.5731 0.0000
vertex 27.3296 10.7253 0.0000
vertex 27.3296 10.7253 9.5060
endloop
endfacet
facet normal 0.382683 0.923880 -0.000000
outer loop
vertex 27.6970 10.5731 0.0000
vertex 27.3296 10.7253 9.5060
vertex 27.6970 10.5731 9.5060
endloop
endfacet
facet normal 0.000000 0.000000 1.000000
outer loop
vertex 26.9354 9.2541 9.5060
vertex 27.6970 10.5731 9.5060
vertex 27.3296 10.7253 9.5060
endloop
endfacet
facet normal 0.000000 0.000000 -1.000000
outer loop
vertex 26.9354 9.2541 0.0000
vertex 27.3296 10.7253 0.0000
vertex 27.6970 10.5731 0.0000
endloop
endfacet
facet normal 0.130526 0.991445 0.000000
outer loop
vertex 27.3296 10.7253 0.0000
vertex 26.9354 10.7771 0.0000
vertex 26.9354 10.7771 9.5060
endloop
endfacet
facet normal 0.130526 0.991445 -0.000000
outer loop
vertex 27.3296 10.7253 0.0000
vertex 26.9354 10.7771 9.5060
vertex 27.3296 10.7253 9.5060
endloop
endfacet
facet normal 0.000000 0.000000 1.000000
outer loop
vertex 26.9354 9.2541 9.5060
vertex 27.3296 10.7253 9.5060
vertex 26.9354 10.7771 9.5060
endloop
endfacet
facet normal 0.000000 0.000000 -1.000000
outer loop
vertex 26.9354 9.2541 0.0000
vertex 26.9354 10.7771 0.0000
vertex 27.3296 10.7253 0.0000
endloop
endfacet
facet normal -0.130526 0.991445 0.000000
outer loop
vertex 26.9354 10.7771 0.0000
vertex 26.5412 10.7253 0.0000
vertex 26.5412 10.7253 9.5060
endloop
endfacet
facet normal -0.130526 0.991445 0.000000
outer loop
vertex 26.9354 10.7771 0.0000
vertex 26.5412 10.7253 9.5060
vertex 26.9354 10.7771 9.5060
endloop
endfacet
facet normal 0.000000 -0.000000 1.000000
outer loop
vertex 26.9354 9.2541 9.5060
vertex 26.9354 10.7771 9.5060
vertex 26.5412 10.7253 9.5060
endloop
endfacet
facet normal 0.000000 0.000000 -1.000000
outer loop
vertex 26.9354 9.2541 0.0000
vertex 26.5412 10.7253 0.0000
vertex 26.9354 10.7771 0.0000
endloop
endfacet
facet normal -0.382683 0.923880 0.000000
outer loop
vertex 26.5412 10.7253 0.0000
vertex 26.1739 10.5731 0.0000
vertex 26.1739 10.5731 9.5060
endloop
endfacet
facet normal -0.382683 0.923880 0.000000
outer loop
vertex 26.5412 10.7253 0.0000
vertex 26.1739 10.5731 9.5060
vertex 26.5412 10.7253 9.5060
endloop
endfacet
facet normal 0.000000 0.000000 1.000000
outer loop
vertex 26.9354 9.2541 9.5060
vertex 26.5412 10.7253 9.5060
vertex 26.1739 10.5731 9.5060
endloop
endfacet
facet normal 0.000000 0.000000 -1.000000
outer loop
vertex 26.9354 9.2541 0.0000
vertex 26.1739 10.5731 0.0000
vertex 26.5412 10.7253 0.0000
endloop
endfacet
facet normal -0.608761 0.793353 0.000000
outer loop
vertex 26.1739 10.5731 0.0000
vertex 25.8585 10.3311 0.0000
vertex 25.8585 10.3311 9.5060
endloop
endfacet
facet normal -0.608761 0.793353 0.000000
outer loop
vertex 26.1739 10.5731 0.0000
vertex 25.8585 10.3311 9.5060
vertex 26.1739 10.5731 9.5060
endloop
endfacet
facet normal 0.000000 0.000000 1.000000
outer loop
vertex 26.9354 9.2541 9.5060
vertex 26.1739 10.5731 9.5060
vertex 25.8585 10.3311 9.5060
endloop
endfacet
facet normal 0.000000 0.000000 -1.000000
outer loop
vertex 26.9354 9.2541 0.0000
vertex 25.8585 10.3311 0.0000
vertex 26.1739 10.5731 0.0000
endloop
endfacet
facet normal -0.793353 0.608761 0.000000
outer loop
vertex 25.8585 10.3311 0.0000
vertex 25.6164 10.0156 0.0000
vertex 25.6164 10.0156 9.5060
endloop
endfacet
facet normal -0.793353 0.608761 0.000000
outer loop
vertex 25.8585 10.3311 0.0000
vertex 25.6164 10.0156 9.5060
vertex 25.8585 10.3311 9.5060
endloop
endfacet
facet normal 0.000000 0.000000 1.000000
outer loop
vertex 26.9354 9.2541 9.5060
vertex 25.8585 10.3311 9.5060
vertex 25.6164 10.0156 9.5060
endloop
endfacet
facet normal 0.000000 0.000000 -1.000000
outer loop
vertex 26.9354 9.2541 0.0000
vertex 25.6164 10.0156 0.0000
vertex 25.8585 10.3311 0.0000
endloop
endfacet
facet normal -0.923880 0.382683 0.000000
outer loop
vertex 25.6164 10.0156 0.0000
vertex 25.4643 9.6483 0.0000
vertex 25.4643 9.6483 9.5060
endloop
endfacet
facet normal -0.923880 0.382683 0.000000
outer loop
vertex 25.6164 10.0156 0.0000
vertex 25.4643 9.6483 9.5060
vertex 25.6164 10.0156 9.5060
endloop
endfacet
facet normal 0.000000 0.000000 1.000000
outer loop
vertex 26.9354 9.2541 9.5060
vertex 25.6164 10.0156 9.5060
vertex 25.4643 9.6483 9.5060
endloop
endfacet
facet normal 0.000000 0.000000 -1.000000
outer loop
vertex 26.9354 9.2541 0.0000
vertex 25.4643 9.6483 0.0000
vertex 25.6164 10.0156 0.0000
endloop
endfacet
facet normal -0.991445 0.130526 0.000000
outer loop
vertex 25.4643 9.6483 0.0000
vertex 25.4124 9.2541 0.0000
vertex 25.4124 9.2541 9.5060
endloop
endfacet
facet normal -0.991445 0.130526 0.000000
outer loop
vertex 25.4643 9.6483 0.0000
vertex 25.4124 9.2541 9.5060
vertex 25.4643 9.6483 9.5060
endloop
endfacet
facet normal 0.000000 0.000000 1.000000
outer loop
vertex 26.9354 9.2541 9.5060
vertex 25.4643 9.6483 9.5060
vertex 25.4124 9.2541 9.5060
endloop
endfacet
facet normal 0.000000 0.000000 -1.000000
outer loop
vertex 26.9354 9.2541 0.0000
vertex 25.4124 9.2541 0.0000
vertex 25.4643 9.6483 0.0000
endloop
endfacet
facet normal -0.991445 -0.130526 0.000000
outer loop
vertex 25.4124 9.2541 0.0000
vertex 25.4643 8.8599 0.0000
vertex 25.4643 8.8599 9.5060
endloop
endfacet
facet normal -0.991445 -0.130526 0.000000
outer loop
vertex 25.4124 9.2541 0.0000
vertex 25.4643 8.8599 9.5060
vertex 25.4124 9.2541 9.5060
endloop
endfacet
facet normal 0.000000 0.000000 1.000000
outer loop
vertex 26.9354 9.2541 9.5060
vertex 25.4124 9.2541 9.5060
vertex 25.4643 8.8599 9.5060
endloop
endfacet
facet normal -0.000000 0.000000 -1.000000
outer loop
vertex 26.9354 9.2541 0.0000
vertex 25.4643 8.8599 0.0000
vertex 25.4124 9.2541 0.0000
endloop
endfacet
facet normal -0.923880 -0.382683 0.000000
outer loop
vertex 25.4643 8.8599 0.0000
vertex 25.6164 8.4925 0.0000
vertex 25.6164 8.4925 9.5060
endloop
endfacet
facet normal -0.923880 -0.382683 0.000000
outer loop
vertex 25.4643 8.8599 0.0000
vertex 25.6164 8.4925 9.5060
vertex 25.4643 8.8599 9.5060
endloop
endfacet
facet normal 0.000000 0.000000 1.000000
outer loop
vertex 26.9354 9.2541 9.5060
vertex 25.4643 8.8599 9.5060
vertex 25.6164 8.4925 9.5060
endloop
endfacet
facet normal 0.000000 0.000000 -1.000000
outer loop
vertex 26.9354 9.2541 0.0000
vertex 25.6164 8.4925 0.0000
vertex 25.4643 8.8599 0.0000
endloop
endfacet
facet normal -0.793353 -0.608761 0.000000
outer loop
vertex 25.6164 8.4925 0.0000
vertex 25.8585 8.1771 0.0000
vertex 25.8585 8.1771 9.5060
endloop
endfacet
facet normal -0.793353 -0.608761 0.000000
outer loop
vertex 25.6164 8.4925 0.0000
vertex 25.8585 8.1771 9.5060
vertex 25.6164 8.4925 9.5060
endloop
endfacet
facet normal 0.000000 0.000000 1.000000
outer loop
vertex 26.9354 9.2541 9.5060
vertex 25.6164 8.4925 9.5060
vertex 25.8585 8.1771 9.5060
endloop
endfacet
facet normal 0.000000 0.000000 -1.000000
outer loop
vertex 26.9354 9.2541 0.0000
vertex 25.8585 8.1771 0.0000
vertex 25.6164 8.4925 0.0000
endloop
endfacet
facet normal -0.608761 -0.793353 0.000000
outer loop
vertex 25.8585 8.1771 0.0000
vertex 26.1739 7.9351 0.0000
vertex 26.1739 7.9351 9.5060
endloop
endfacet
facet normal -0.608761 -0.793353 0.000000
outer loop
vertex 25.8585 8.1771 0.0000
vertex 26.1739 7.9351 9.5060
vertex 25.8585 8.1771 9.5060
endloop
endfacet
facet normal 0.000000 0.000000 1.000000
outer loop
vertex 26.9354 9.2541 9.5060
vertex 25.8585 8.1771 9.5060
vertex 26.1739 7.9351 9.5060
endloop
endfacet
facet normal 0.000000 0.000000 -1.000000
outer loop
vertex 26.9354 9.2541 0.0000
vertex 26.1739 7.9351 0.0000
vertex 25.8585 8.1771 0.0000
endloop
endfacet
facet normal -0.382683 -0.923880 0.000000
outer loop
vertex 26.1739 7.9351 0.0000
vertex 26.5412 7.7829 0.0000
vertex 26.5412 7.7829 9.5060
endloop
endfacet
facet normal -0.382683 -0.923880 0.000000
outer loop
vertex 26.1739 7.9351 0.0000
vertex 26.5412 7.7829 9.5060
vertex 26.1739 7.9351 9.5060
endloop
endfacet
facet normal 0.000000 0.000000 1.000000
outer loop
vertex 26.9354 9.2541 9.5060
vertex 26.1739 7.9351 9.5060
vertex 26.5412 7.7829 9.5060
endloop
endfacet
facet normal 0.000000 0.000000 -1.000000
outer loop
vertex 26.9354 9.2541 0.0000
vertex 26.5412 7.7829 0.0000
vertex 26.1739 7.9351 0.0000
endloop
endfacet
facet normal -0.130526 -0.991445 0.000000
outer loop
vertex 26.5412 7.7829 0.0000
vertex 26.9354 7.7310 0.0000
vertex 26.9354 7.7310 9.5060
endloop
endfacet
facet normal -0.130526 -0.991445 0.000000
outer loop
vertex 26.5412 7.7829 0.0000
vertex 26.9354 7.7310 9.5060
vertex 26.5412 7.7829 9.5060
endloop
endfacet
facet normal 0.000000 0.000000 1.000000
outer loop
vertex 26.9354 9.2541 9.5060
vertex 26.5412 7.7829 9.5060
vertex 26.9354 7.7310 9.5060
endloop
endfacet
facet normal 0.000000 -0.000000 -1.000000
outer loop
vertex 26.9354 9.2541 0.0000
vertex 26.9354 7.7310 0.0000
vertex 26.5412 7.7829 0.0000
endloop
endfacet
facet normal 0.130526 -0.991445 0.000000
outer loop
vertex 26.9354 7.7310 0.0000
vertex 27.3296 7.7829 0.0000
vertex 27.3296 7.7829 9.5060
endloop
endfacet
facet normal 0.130526 -0.991445 0.000000
outer loop
vertex 26.9354 7.7310 0.0000
vertex 27.3296 7.7829 9.5060
vertex 26.9354 7.7310 9.5060
endloop
endfacet
facet normal 0.000000 0.000000 1.000000
outer loop
vertex 26.9354 9.2541 9.5060
vertex 26.9354 7.7310 9.5060
vertex 27.3296 7.7829 9.5060
endloop
endfacet
facet normal 0.000000 0.000000 -1.000000
outer loop
vertex 26.9354 9.2541 0.0000
vertex 27.3296 7.7829 0.0000
vertex 26.9354 7.7310 0.0000
endloop
endfacet
facet normal 0.382683 -0.923880 0.000000
outer loop
vertex 27.3296 7.7829 0.0000
vertex 27.6970 7.9351 0.0000
vertex 27.6970 7.9351 9.5060
endloop
endfacet
facet normal 0.382683 -0.923880 0.000000
outer loop
vertex 27.3296 7.7829 0.0000
vertex 27.6970 7.9351 9.5060
vertex 27.3296 7.7829 9.5060
endloop
endfacet
facet normal 0.000000 0.000000 1.000000
outer loop
vertex 26.9354 9.2541 9.5060
vertex 27.3296 7.7829 9.5060
vertex 27.6970 7.9351 9.5060
endloop
endfacet
facet normal 0.000000 0.000000 -1.000000
outer loop
vertex 26.9354 9.2541 0.0000
vertex 27.6970 7.9351 0.0000
vertex 27.3296 7.7829 0.0000
endloop
endfacet
facet normal 0.608761 -0.793353 0.000000
outer loop
vertex 27.6970 7.9351 0.0000
vertex 28.0124 8.1771 0.0000
vertex 28.0124 8.1771 9.5060
endloop
endfacet
facet normal 0.608761 -0.793353 0.000000
outer loop
vertex 27.6970 7.9351 0.0000
vertex 28.0124 8.1771 9.5060
vertex 27.6970 7.9351 9.5060
endloop
endfacet
facet normal 0.000000 0.000000 1.000000
outer loop
vertex 26.9354 9.2541 9.5060
vertex 27.6970 7.9351 9.5060
vertex 28.0124 8.1771 9.5060
endloop
endfacet
facet normal 0.000000 0.000000 -1.000000
outer loop
vertex 26.9354 9.2541 0.0000
vertex 28.0124 8.1771 0.0000
vertex 27.6970 7.9351 0.0000
endloop
endfacet
facet normal 0.793353 -0.608761 0.000000
outer loop
vertex 28.0124 8.1771 0.0000
vertex 28.2545 8.4925 0.0000
vertex 28.2545 8.4925 9.5060
endloop
endfacet
facet normal 0.793353 -0.608761 0.000000
outer loop
vertex 28.0124 8.1771 0.0000
vertex 28.2545 8.4925 9.5060
vertex 28.0124 8.1771 9.5060
endloop
endfacet
facet normal 0.000000 0.000000 1.000000
outer loop
vertex 26.9354 9.2541 9.5060
vertex 28.0124 8.1771 9.5060
vertex 28.2545 8.4925 9.5060
endloop
endfacet
facet normal 0.000000 0.000000 -1.000000
outer loop
vertex 26.9354 9.2541 0.0000
vertex 28.2545 8.4925 0.0000
vertex 28.0124 8.1771 0.0000
endloop
endfacet
facet normal 0.923880 -0.382683 0.000000
outer loop
vertex 28.2545 8.4925 0.0000
vertex 28.4066 8.8599 0.0000
vertex 28.4066 8.8599 9.5060
endloop
endfacet
facet normal 0.923880 -0.382683 0.000000
outer loop
vertex 28.2545 8.4925 0.0000
vertex 28.4066 8.8599 9.5060
vertex 28.2545 8.4925 9.5060
endloop
endfacet
facet normal 0.000000 0.000000 1.000000
outer loop
vertex 26.9354 9.2541 9.5060
vertex 28.2545 8.4925 9.5060
vertex 28.4066 8.8599 9.5060
endloop
endfacet
facet normal 0.000000 0.000000 -1.000000
outer loop
vertex 26.9354 9.2541 0.0000
vertex 28.4066 8.8599 0.0000
vertex 28.2545 8.4925 0.0000
endloop
endfacet
facet normal 0.991445 -0.130526 0.000000
outer loop
vertex 28.4066 8.8599 0.0000
vertex 28.4585 9.2541 0.0000
vertex 28.4585 9.2541 9.5060
endloop
endfacet
facet normal 0.991445 -0.130526 0.000000
outer loop
vertex 28.4066 8.8599 0.0000
vertex 28.4585 9.2541 9.5060
vertex 28.4066 8.8599 9.5060
endloop
endfacet
facet normal -0.000000 0.000000 1.000000
outer loop
vertex 26.9354 9.2541 9.5060
vertex 28.4066 8.8599 9.5060
vertex 28.4585 9.2541 9.5060
endloop
endfacet
facet normal 0.000000 0.000000 -1.000000
outer loop
vertex 26.9354 9.2541 0.0000
vertex 28.4585 9.2541 0.0000
vertex 28.4066 8.8599 0.0000
endloop
endfacet
facet normal 0.000000 0.000000 -1.000000
outer loop
vertex 3.0016 33.7968 0.0000
vertex 3.0016 39.0611 0.0000
vertex 9.3467 39.0611 0.0000
endloop
endfacet
facet normal 0.000000 0.000000 -1.000000
outer loop
vertex 3.0016 33.7968 0.0000
vertex 9.3467 39.0611 0.0000
vertex 9.3467 33.7968 0.0000
endloop
endfacet
facet normal 0.000000 0.000000 1.000000
outer loop
vertex 3.0016 33.7968 7.3179
vertex 9.3467 33.7968 7.3179
vertex 9.3467 39.0611 7.3179
endloop
endfacet
facet normal 0.000000 0.000000 1.000000
outer loop
vertex 3.0016 33.7968 7.3179
vertex 9.3467 39.0611 7.3179
vertex 3.0016 39.0611 7.3179
endloop
endfacet
facet normal 0.000000 -1.000000 0.000000
outer loop
vertex 3.0016 33.7968 0.0000
vertex 9.3467 33.7968 0.0000
vertex 9.3467 33.7968 7.3179
endloop
endfacet
facet normal 0.000000 -1.000000 0.000000
outer loop
vertex 3.0016 33.7968 0.0000
vertex 9.3467 33.7968 7.3179
vertex 3.0016 33.7968 7.3179
endloop
endfacet
facet normal 1.000000 0.000000 0.000000
outer loop
vertex 9.3467 33.7968 0.0000
vertex 9.3467 39.0611 0.0000
vertex 9.3467 39.0611 7.3179
endloop
endfacet
facet normal 1.000000 0.000000 0.000000
outer loop
vertex 9.3467 33.7968 0.0000
vertex 9.3467 39.0611 7.3179
vertex 9.3467 33.7968 7.3179
endloop
endfacet
facet normal 0.000000 1.000000 0.000000
outer loop
vertex 9.3467 39.0611 0.0000
vertex 3.0016 39.0611 0.0000
vertex 3.0016 39.0611 7.3179
endloop
endfacet
facet normal 0.000000 1.000000 -0.000000
outer loop
vertex 9.3467 39.0611 0.0000
vertex 3.0016 39.0611 7.3179
vertex 9.3467 39.0611 7.3179
endloop
endfacet
facet normal -1.000000 0.000000 0.000000
outer loop
vertex 3.0016 39.0611 0.0000
vertex 3.0016 33.7968 0.0000
vertex 3.0016 33.7968 7.3179
endloop
endfacet
facet normal -1.000000 0.000000 0.000000
outer loop
vertex 3.0016 39.0611 0.0000
vertex 3.0016 33.7968 7.3179
vertex 3.0016 39.0611 7.3179
endloop
endfacet
facet normal 0.991445 0.130526 0.000000
outer loop
vertex -7.8114 -6.2161 0.0000
vertex -7.8692 -5.7770 0.0000
vertex -7.8692 -5.7770 20.8361
endloop
endfacet
facet normal 0.991445 0.130526 -0.000000
outer loop
vertex -7.8114 -6.2161 0.0000
vertex -7.8692 -5.7770 20.8361
vertex -7.8114 -6.2161 20.8361
endloop
endfacet
facet normal 0.000000 0.000000 1.000000
outer loop
vertex -9.5081 -6.2161 20.8361
vertex -7.8114 -6.2161 20.8361
vertex -7.8692 -5.7770 20.8361
endloop
endfacet
facet normal 0.000000 0.000000 -1.000000
outer loop
vertex -9.5081 -6.2161 0.0000
vertex -7.8692 -5.7770 0.0000
vertex -7.8114 -6.2161 0.0000
endloop
endfacet
facet normal 0.923880 0.382683 0.000000
outer loop
vertex -7.8692 -5.7770 0.0000
vertex -8.0387 -5.3678 0.0000
vertex -8.0387 -5.3678 20.8361
endloop
endfacet
facet normal 0.923880 0.382683 -0.000000
outer loop
vertex -7.8692 -5.7770 0.0000
vertex -8.0387 -5.3678 20.8361
vertex -7.8692 -5.7770 20.8361
endloop
endfacet
facet normal 0.000000 0.000000 1.000000
outer loop
vertex -9.5081 -6.2161 20.8361
vertex -7.8692 -5.7770 20.8361
vertex -8.0387 -5.3678 20.8361
endloop
endfacet
facet normal 0.000000 0.000000 -1.000000
outer loop
vertex -9.5081 -6.2161 0.0000
vertex -8.0387 -5.3678 0.0000
vertex -7.8692 -5.7770 0.0000
endloop
endfacet
facet normal 0.793353 0.608761 0.000000
outer loop
vertex -8.0387 -5.3678 0.0000
vertex -8.3083 -5.0164 0.0000
vertex -8.3083 -5.0164 20.8361
endloop
endfacet
facet normal 0.793353 0.608761 -0.000000
outer loop
vertex -8.0387 -5.3678 0.0000
vertex -8.3083 -5.0164 20.8361
vertex -8.0387 -5.3678 20.8361
endloop
endfacet
facet normal 0.000000 0.000000 1.000000
outer loop
vertex -9.5081 -6.2161 20.8361
vertex -8.0387 -5.3678 20.8361
vertex -8.3083 -5.0164 20.8361
endloop
endfacet
facet normal 0.000000 0.000000 -1.000000
outer loop
vertex -9.5081 -6.2161 0.0000
vertex -8.3083 -5.0164 0.0000
vertex -8.0387 -5.3678 0.0000
endloop
endfacet
facet normal 0.608761 0.793353 0.000000
outer loop
vertex -8.3083 -5.0164 0.0000
vertex -8.6597 -4.7468 0.0000
vertex -8.6597 -4.7468 20.8361
endloop
endfacet
facet normal 0.608761 0.793353 -0.000000
outer loop
vertex -8.3083 -5.0164 0.0000
vertex -8.6597 -4.7468 20.8361
vertex -8.3083 -5.0164 20.8361
endloop
endfacet
facet normal 0.000000 0.000000 1.000000
outer loop
vertex -9.5081 -6.2161 20.8361
vertex -8.3083 -5.0164 20.8361
vertex -8.6597 -4.7468 20.8361
endloop
endfacet
facet normal 0.000000 0.000000 -1.000000
outer loop
vertex -9.5081 -6.2161 0.0000
vertex -8.6597 -4.7468 0.0000
vertex -8.3083 -5.0164 0.0000
endloop
endfacet
facet normal 0.382683 0.923880 0.000000
outer loop
vertex -8.6597 -4.7468 0.0000
vertex -9.0689 -4.5773 0.0000
vertex -9.0689 -4.5773 20.8361
endloop
endfacet
facet normal 0.382683 0.923880 -0.000000
outer loop
vertex -8.6597 -4.7468 0.0000
vertex -9.0689 -4.5773 20.8361
vertex -8.6597 -4.7468 20.8361
endloop
endfacet
facet normal 0.000000 0.000000 1.000000
outer loop
vertex -9.5081 -6.2161 20.8361
vertex -8.6597 -4.7468 20.8361
vertex -9.0689 -4.5773 20.8361
endloop
endfacet
facet normal 0.000000 0.000000 -1.000000
outer loop
vertex -9.5081 -6.2161 0.0000
vertex -9.0689 -4.5773 0.0000
vertex -8.6597 -4.7468 0.0000
endloop
endfacet
facet normal 0.130526 0.991445 0.000000
outer loop
vertex -9.0689 -4.5773 0.0000
vertex -9.5081 -4.5195 0.0000
vertex -9.5081 -4.5195 20.8361
endloop
endfacet
facet normal 0.130526 0.991445 -0.000000
outer loop
vertex -9.0689 -4.5773 0.0000
vertex -9.5081 -4.5195 20.8361
vertex -9.0689 -4.5773 20.8361
endloop
endfacet
facet normal 0.000000 0.000000 1.000000
outer loop
vertex -9.5081 -6.2161 20.8361
vertex -9.0689 -4.5773 20.8361
vertex -9.5081 -4.5195 20.8361
endloop
endfacet
facet normal 0.000000 0.000000 -1.000000
outer loop
vertex -9.5081 -6.2161 0.0000
vertex -9.5081 -4.5195 0.0000
vertex -9.0689 -4.5773 0.0000
endloop
endfacet
facet normal -0.130526 0.991445 0.000000
outer loop
vertex -9.5081 -4.5195 0.0000
vertex -9.9472 -4.5773 0.0000
vertex -9.9472 -4.5773 20.8361
endloop
endfacet
facet normal -0.130526 0.991445 0.000000
outer loop
vertex -9.5081 -4.5195 0.0000
vertex -9.9472 -4.5773 20.8361
vertex -9.5081 -4.5195 20.8361
endloop
endfacet
facet normal 0.000000 -0.000000 1.000000
outer loop
vertex -9.5081 -6.2161 20.8361
vertex -9.5081 -4.5195 20.8361
vertex -9.9472 -4.5773 20.8361
endloop
endfacet
facet normal 0.000000 0.000000 -1.000000
outer loop
vertex -9.5081 -6.2161 0.0000
vertex -9.9472 -4.5773 0.0000
vertex -9.5081 -4.5195 0.0000
endloop
endfacet
facet normal -0.382683 0.923880 0.000000
outer loop
vertex -9.9472 -4.5773 0.0000
vertex -10.3564 -4.7468 0.0000
vertex -10.3564 -4.7468 20.8361
endloop
endfacet
facet normal -0.382683 0.923880 0.000000
outer loop
vertex -9.9472 -4.5773 0.0000
vertex -10.3564 -4.7468 20.8361
vertex -9.9472 -4.5773 20.8361
endloop
endfacet
facet normal 0.000000 0.000000 1.000000
outer loop
vertex -9.5081 -6.2161 20.8361
vertex -9.9472 -4.5773 20.8361
vertex -10.3564 -4.7468 20.8361
endloop
endfacet
facet normal 0.000000 0.000000 -1.000000
outer loop
vertex -9.5081 -6.2161 0.0000
vertex -10.3564 -4.7468 0.0000
vertex -9.9472 -4.5773 0.0000
endloop
endfacet
facet normal -0.608761 0.793353 0.000000
outer loop
vertex -10.3564 -4.7468 0.0000
vertex -10.7078 -5.0164 0.0000
vertex -10.7078 -5.0164 20.8361
endloop
endfacet
facet normal -0.608761 0.793353 0.000000
outer loop
vertex -10.3564 -4.7468 0.0000
vertex -10.7078 -5.0164 20.8361
vertex -10.3564 -4.7468 20.8361
endloop
endfacet
facet normal 0.000000 0.000000 1.000000
outer loop
vertex -9.5081 -6.2161 20.8361
vertex -10.3564 -4.7468 20.8361
vertex -10.7078 -5.0164 20.8361
endloop
endfacet
facet normal 0.000000 0.000000 -1.000000
outer loop
vertex -9.5081 -6.2161 0.0000
vertex -10.7078 -5.0164 0.0000
vertex -10.3564 -4.7468 0.0000
endloop
endfacet
facet normal -0.793353 0.608761 0.000000
outer loop
vertex -10.7078 -5.0164 0.0000
vertex -10.9774 -5.3678 0.0000
vertex -10.9774 -5.3678 20.8361
endloop
endfacet
facet normal -0.793353 0.608761 0.000000
outer loop
vertex -10.7078 -5.0164 0.0000
vertex -10.9774 -5.3678 20.8361
vertex -10.7078 -5.0164 20.8361
endloop
endfacet
facet normal 0.000000 0.000000 1.000000
outer loop
vertex -9.5081 -6.2161 20.8361
vertex -10.7078 -5.0164 20.8361
vertex -10.9774 -5.3678 20.8361
endloop
endfacet
facet normal 0.000000 0.000000 -1.000000
outer loop
vertex -9.5081 -6.2161 0.0000
vertex -10.9774 -5.3678 0.0000
vertex -10.7078 -5.0164 0.0000
endloop
endfacet
facet normal -0.923880 0.382683 0.000000
outer loop
vertex -10.9774 -5.3678 0.0000
vertex -11.1469 -5.7770 0.0000
vertex -11.1469 -5.7770 20.8361
endloop
endfacet
facet normal -0.923880 0.382683 0.000000
outer loop
vertex -10.9774 -5.3678 0.0000
vertex -11.1469 -5.7770 20.8361
vertex -10.9774 -5.3678 20.8361
endloop
endfacet
facet normal 0.000000 0.000000 1.000000
outer loop
vertex -9.5081 -6.2161 20.8361
vertex -10.9774 -5.3678 20.8361
vertex -11.1469 -5.7770 20.8361
endloop
endfacet
facet normal 0.000000 0.000000 -1.000000
outer loop
vertex -9.5081 -6.2161 0.0000
vertex -11.1469 -5.7770 0.0000
vertex -10.9774 -5.3678 0.0000
endloop
endfacet
facet normal -0.991445 0.130526 0.000000
outer loop
vertex -11.1469 -5.7770 0.0000
vertex -11.2047 -6.2161 0.0000
vertex -11.2047 -6.2161 20.8361
endloop
endfacet
facet normal -0.991445 0.130526 0.000000
outer loop
vertex -11.1469 -5.7770 0.0000
vertex -11.2047 -6.2161 20.8361
vertex -11.1469 -5.7770 20.8361
endloop
endfacet
facet normal 0.000000 0.000000 1.000000
outer loop
vertex -9.5081 -6.2161 20.8361
vertex -11.1469 -5.7770 20.8361
vertex -11.2047 -6.2161 20.8361
endloop
endfacet
facet normal 0.000000 0.000000 -1.000000
outer loop
vertex -9.5081 -6.2161 0.0000
vertex -11.2047 -6.2161 0.0000
vertex -11.1469 -5.7770 0.0000
endloop
endfacet
facet normal -0.991445 -0.130526 0.000000
outer loop
vertex -11.2047 -6.2161 0.0000
vertex -11.1469 -6.6552 0.0000
vertex -11.1469 -6.6552 20.8361
endloop
endfacet
facet normal -0.991445 -0.130526 0.000000
outer loop
vertex -11.2047 -6.2161 0.0000
vertex -11.1469 -6.6552 20.8361
vertex -11.2047 -6.2161 20.8361
endloop
endfacet
facet normal 0.000000 0.000000 1.000000
outer loop
vertex -9.5081 -6.2161 20.8361
vertex -11.2047 -6.2161 20.8361
vertex -11.1469 -6.6552 20.8361
endloop
endfacet
facet normal -0.000000 0.000000 -1.000000
outer loop
vertex -9.5081 -6.2161 0.0000
vertex -11.1469 -6.6552 0.0000
vertex -11.2047 -6.2161 0.0000
endloop
endfacet
facet normal -0.923880 -0.382683 0.000000
outer loop
vertex -11.1469 -6.6552 0.0000
vertex -10.9774 -7.0644 0.0000
vertex -10.9774 -7.0644 20.8361
endloop
endfacet
facet normal -0.923880 -0.382683 0.000000
outer loop
vertex -11.1469 -6.6552 0.0000
vertex -10.9774 -7.0644 20.8361
vertex -11.1469 -6.6552 20.8361
endloop
endfacet
facet normal 0.000000 0.000000 1.000000
outer loop
vertex -9.5081 -6.2161 20.8361
vertex -11.1469 -6.6552 20.8361
vertex -10.9774 -7.0644 20.8361
endloop
endfacet
facet normal 0.000000 0.000000 -1.000000
outer loop
vertex -9.5081 -6.2161 0.0000
vertex -10.9774 -7.0644 0.0000
vertex -11.1469 -6.6552 0.0000
endloop
endfacet
facet normal -0.793353 -0.608761 0.000000
outer loop
vertex -10.9774 -7.0644 0.0000
vertex -10.7078 -7.4158 0.0000
vertex -10.7078 -7.4158 20.8361
endloop
endfacet
facet normal -0.793353 -0.608761 0.000000
outer loop
vertex -10.9774 -7.0644 0.0000
vertex -10.7078 -7.4158 20.8361
vertex -10.9774 -7.0644 20.8361
endloop
endfacet
facet normal 0.000000 0.000000 1.000000
outer loop
vertex -9.5081 -6.2161 20.8361
vertex -10.9774 -7.0644 20.8361
vertex -10.7078 -7.4158 20.8361
endloop
endfacet
facet normal 0.000000 0.000000 -1.000000
outer loop
vertex -9.5081 -6.2161 0.0000
vertex -10.7078 -7.4158 0.0000
vertex -10.9774 -7.0644 0.0000
endloop
endfacet
facet normal -0.608761 -0.793353 0.000000
outer loop
vertex -10.7078 -7.4158 0.0000
vertex -10.3564 -7.6855 0.0000
vertex -10.3564 -7.6855 20.8361
endloop
endfacet
facet normal -0.608761 -0.793353 0.000000
outer loop
vertex -10.7078 -7.4158 0.0000
vertex -10.3564 -7.6855 20.8361
vertex -10.7078 -7.4158 20.8361
endloop
endfacet
facet normal 0.000000 0.000000 1.000000
outer loop
vertex -9.5081 -6.2161 20.8361
vertex -10.7078 -7.4158 20.8361
vertex -10.3564 -7.6855 20.8361
endloop
endfacet
facet normal 0.000000 0.000000 -1.000000
outer loop
vertex -9.5081 -6.2161 0.0000
vertex -10.3564 -7.6855 0.0000
vertex -10.7078 -7.4158 0.0000
endloop
endfacet
facet normal -0.382683 -0.923880 0.000000
outer loop
vertex -10.3564 -7.6855 0.0000
vertex -9.9472 -7.8550 0.0000
vertex -9.9472 -7.8550 20.8361
endloop
endfacet
facet normal -0.382683 -0.923880 0.000000
outer loop
vertex -10.3564 -7.6855 0.0000
vertex -9.9472 -7.8550 20.8361
vertex -10.3564 -7.6855 20.8361
endloop
endfacet
facet normal 0.000000 0.000000 1.000000
outer loop
vertex -9.5081 -6.2161 20.8361
vertex -10.3564 -7.6855 20.8361
vertex -9.9472 -7.8550 20.8361
endloop
endfacet
facet normal 0.000000 0.000000 -1.000000
outer loop
vertex -9.5081 -6.2161 0.0000
vertex -9.9472 -7.8550 0.0000
vertex -10.3564 -7.6855 0.0000
endloop
endfacet
facet normal -0.130526 -0.991445 0.000000
outer loop
vertex -9.9472 -7.8550 0.0000
vertex -9.5081 -7.9128 0.0000
vertex -9.5081 -7.9128 20.8361
endloop
endfacet
facet normal -0.130526 -0.991445 0.000000
outer loop
vertex -9.9472 -7.8550 0.0000
vertex -9.5081 -7.9128 20.8361
vertex -9.9472 -7.8550 20.8361
endloop
endfacet
facet normal 0.000000 0.000000 1.000000
outer loop
vertex -9.5081 -6.2161 20.8361
vertex -9.9472 -7.8550 20.8361
vertex -9.5081 -7.9128 20.8361
endloop
endfacet
facet normal 0.000000 -0.000000 -1.000000
outer loop
vertex -9.5081 -6.2161 0.0000
vertex -9.5081 -7.9128 0.0000
vertex -9.9472 -7.8550 0.0000
endloop
endfacet
facet normal 0.130526 -0.991445 0.000000
outer loop
vertex -9.5081 -7.9128 0.0000
vertex -9.0689 -7.8550 0.0000
vertex -9.0689 -7.8550 20.8361
endloop
endfacet
facet normal 0.130526 -0.991445 0.000000
outer loop
vertex -9.5081 -7.9128 0.0000
vertex -9.0689 -7.8550 20.8361
vertex -9.5081 -7.9128 20.8361
endloop
endfacet
facet normal 0.000000 0.000000 1.000000
outer loop
vertex -9.5081 -6.2161 20.8361
vertex -9.5081 -7.9128 20.8361
vertex -9.0689 -7.8550 20.8361
endloop
endfacet
facet normal 0.000000 0.000000 -1.000000
outer loop
vertex -9.5081 -6.2161 0.0000
vertex -9.0689 -7.8550 0.0000
vertex -9.5081 -7.9128 0.0000
endloop
endfacet
facet normal 0.382683 -0.923880 0.000000
outer loop
vertex -9.0689 -7.8550 0.0000
vertex -8.6597 -7.6855 0.0000
vertex -8.6597 -7.6855 20.8361
endloop
endfacet
facet normal 0.382683 -0.923880 0.000000
outer loop
vertex -9.0689 -7.8550 0.0000
vertex -8.6597 -7.6855 20.8361
vertex -9.0689 -7.8550 20.8361
endloop
endfacet
facet normal 0.000000 0.000000 1.000000
outer loop
vertex -9.5081 -6.2161 20.8361
vertex -9.0689 -7.8550 20.8361
vertex -8.6597 -7.6855 20.8361
endloop
endfacet
facet normal 0.000000 0.000000 -1.000000
outer loop
vertex -9.5081 -6.2161 0.0000
vertex -8.6597 -7.6855 0.0000
vertex -9.0689 -7.8550 0.0000
endloop
endfacet
facet normal 0.608761 -0.793353 0.000000
outer loop
vertex -8.6597 -7.6855 0.0000
vertex -8.3083 -7.4158 0.0000
vertex -8.3083 -7.4158 20.8361
endloop
endfacet
facet normal 0.608761 -0.793353 0.000000
outer loop
vertex -8.6597 -7.6855 0.0000
vertex -8.3083 -7.4158 20.8361
vertex -8.6597 -7.6855 20.8361
endloop
endfacet
facet normal 0.000000 0.000000 1.000000
outer loop
vertex -9.5081 -6.2161 20.8361
vertex -8.6597 -7.6855 20.8361
vertex -8.3083 -7.4158 20.8361
endloop
endfacet
facet normal 0.000000 0.000000 -1.000000
outer loop
vertex -9.5081 -6.2161 0.0000
vertex -8.3083 -7.4158 0.0000
vertex -8.6597 -7.6855 0.0000
endloop
endfacet
facet normal 0.793353 -0.608761 0.000000
outer loop
vertex -8.3083 -7.4158 0.0000
vertex -8.0387 -7.0644 0.0000
vertex -8.0387 -7.0644 20.8361
endloop
endfacet
facet normal 0.793353 -0.608761 0.000000
outer loop
vertex -8.3083 -7.4158 0.0000
vertex -8.0387 -7.0644 20.8361
vertex -8.3083 -7.4158 20.8361
endloop
endfacet
facet normal 0.000000 0.000000 1.000000
outer loop
vertex -9.5081 -6.2161 20.8361
vertex -8.3083 -7.4158 20.8361
vertex -8.0387 -7.0644 20.8361
endloop
endfacet
facet normal 0.000000 0.000000 -1.000000
outer loop
vertex -9.5081 -6.2161 0.0000
vertex -8.0387 -7.0644 0.0000
vertex -8.3083 -7.4158 0.0000
endloop
endfacet
facet normal 0.923880 -0.382683 0.000000
outer loop
vertex -8.0387 -7.0644 0.0000
vertex -7.8692 -6.6552 0.0000
vertex -7.8692 -6.6552 20.8361
endloop
endfacet
facet normal 0.923880 -0.382683 0.000000
outer loop
vertex -8.0387 -7.0644 0.0000
vertex -7.8692 -6.6552 20.8361
vertex -8.0387 -7.0644 20.8361
endloop
endfacet
facet normal 0.000000 0.000000 1.000000
outer loop
vertex -9.5081 -6.2161 20.8361
vertex -8.0387 -7.0644 20.8361
vertex -7.8692 -6.6552 20.8361
endloop
endfacet
facet normal 0.000000 0.000000 -1.000000
outer loop
vertex -9.5081 -6.2161 0.0000
vertex -7.8692 -6.6552 0.0000
vertex -8.0387 -7.0644 0.0000
endloop
endfacet
facet normal 0.991445 -0.130526 0.000000
outer loop
vertex -7.8692 -6.6552 0.0000
vertex -7.8114 -6.2161 0.0000
vertex -7.8114 -6.2161 20.8361
endloop
endfacet
facet normal 0.991445 -0.130526 0.000000
outer loop
vertex -7.8692 -6.6552 0.0000
vertex -7.8114 -6.2161 20.8361
vertex -7.8692 -6.6552 20.8361
endloop
endfacet
facet normal -0.000000 0.000000 1.000000
outer loop
vertex -9.5081 -6.2161 20.8361
vertex -7.8692 -6.6552 20.8361
vertex -7.8114 -6.2161 20.8361
endloop
endfacet
facet normal 0.000000 0.000000 -1.000000
outer loop
vertex -9.5081 -6.2161 0.0000
vertex -7.8114 -6.2161 0.0000
vertex -7.8692 -6.6552 0.0000
endloop
endfacet
facet normal 0.991445 0.130526 0.000000
outer loop
vertex -12.6445 -14.1508 0.0000
vertex -12.7073 -13.6736 0.0000
vertex -12.7073 -13.6736 21.1907
endloop
endfacet
facet normal 0.991445 0.130526 -0.000000
outer loop
vertex -12.6445 -14.1508 0.0000
vertex -12.7073 -13.6736 21.1907
vertex -12.6445 -14.1508 21.1907
endloop
endfacet
facet normal 0.000000 0.000000 1.000000
outer loop
vertex -14.4881 -14.1508 21.1907
vertex -12.6445 -14.1508 21.1907
vertex -12.7073 -13.6736 21.1907
endloop
endfacet
facet normal 0.000000 0.000000 -1.000000
outer loop
vertex -14.4881 -14.1508 0.0000
vertex -12.7073 -13.6736 0.0000
vertex -12.6445 -14.1508 0.0000
endloop
endfacet
facet normal 0.923880 0.382683 0.000000
outer loop
vertex -12.7073 -13.6736 0.0000
vertex -12.8915 -13.2290 0.0000
vertex -12.8915 -13.2290 21.1907
endloop
endfacet
facet normal 0.923880 0.382683 -0.000000
outer loop
vertex -12.7073 -13.6736 0.0000
vertex -12.8915 -13.2290 21.1907
vertex -12.7073 -13.6736 21.1907
endloop
endfacet
facet normal 0.000000 0.000000 1.000000
outer loop
vertex -14.4881 -14.1508 21.1907
vertex -12.7073 -13.6736 21.1907
vertex -12.8915 -13.2290 21.1907
endloop
endfacet
facet normal 0.000000 0.000000 -1.000000
outer loop
vertex -14.4881 -14.1508 0.0000
vertex -12.8915 -13.2290 0.0000
vertex -12.7073 -13.6736 0.0000
endloop
endfacet
facet normal 0.793353 0.608761 0.000000
outer loop
vertex -12.8915 -13.2290 0.0000
vertex -13.1844 -12.8471 0.0000
vertex -13.1844 -12.8471 21.1907
endloop
endfacet
facet normal 0.793353 0.608761 -0.000000
outer loop
vertex -12.8915 -13.2290 0.0000
vertex -13.1844 -12.8471 21.1907
vertex -12.8915 -13.2290 21.1907
endloop
endfacet
facet normal 0.000000 0.000000 1.000000
outer loop
vertex -14.4881 -14.1508 21.1907
vertex -12.8915 -13.2290 21.1907
vertex -13.1844 -12.8471 21.1907
endloop
endfacet
facet normal 0.000000 0.000000 -1.000000
outer loop
vertex -14.4881 -14.1508 0.0000
vertex -13.1844 -12.8471 0.0000
vertex -12.8915 -13.2290 0.0000
endloop
endfacet
facet normal 0.608761 0.793353 0.000000
outer loop
vertex -13.1844 -12.8471 0.0000
vertex -13.5663 -12.5542 0.0000
vertex -13.5663 -12.5542 21.1907
endloop
endfacet
facet normal 0.608761 0.793353 -0.000000
outer loop
vertex -13.1844 -12.8471 0.0000
vertex -13.5663 -12.5542 21.1907
vertex -13.1844 -12.8471 21.1907
endloop
endfacet
facet normal 0.000000 0.000000 1.000000
outer loop
vertex -14.4881 -14.1508 21.1907
vertex -13.1844 -12.8471 21.1907
vertex -13.5663 -12.5542 21.1907
endloop
endfacet
facet normal 0.000000 0.000000 -1.000000
outer loop
vertex -14.4881 -14.1508 0.0000
vertex -13.5663 -12.5542 0.0000
vertex -13.1844 -12.8471 0.0000
endloop
endfacet
facet normal 0.382683 0.923880 0.000000
outer loop
vertex -13.5663 -12.5542 0.0000
vertex -14.0109 -12.3700 0.0000
vertex -14.0109 -12.3700 21.1907
endloop
endfacet
facet normal 0.382683 0.923880 -0.000000
outer loop
vertex -13.5663 -12.5542 0.0000
vertex -14.0109 -12.3700 21.1907
vertex -13.5663 -12.5542 21.1907
endloop
endfacet
facet normal 0.000000 0.000000 1.000000
outer loop
vertex -14.4881 -14.1508 21.1907
vertex -13.5663 -12.5542 21.1907
vertex -14.0109 -12.3700 21.1907
endloop
endfacet
facet normal 0.000000 0.000000 -1.000000
outer loop
vertex -14.4881 -14.1508 0.0000
vertex -14.0109 -12.3700 0.0000
vertex -13.5663 -12.5542 0.0000
endloop
endfacet
facet normal 0.130526 0.991445 0.000000
outer loop
vertex -14.0109 -12.3700 0.0000
vertex -14.4881 -12.3072 0.0000
vertex -14.4881 -12.3072 21.1907
endloop
endfacet
facet normal 0.130526 0.991445 -0.000000
outer loop
vertex -14.0109 -12.3700 0.0000
vertex -14.4881 -12.3072 21.1907
vertex -14.0109 -12.3700 21.1907
endloop
endfacet
facet normal 0.000000 0.000000 1.000000
outer loop
vertex -14.4881 -14.1508 21.1907
vertex -14.0109 -12.3700 21.1907
vertex -14.4881 -12.3072 21.1907
endloop
endfacet
facet normal 0.000000 0.000000 -1.000000
outer loop
vertex -14.4881 -14.1508 0.0000
vertex -14.4881 -12.3072 0.0000
vertex -14.0109 -12.3700 0.0000
endloop
endfacet
facet normal -0.130526 0.991445 0.000000
outer loop
vertex -14.4881 -12.3072 0.0000
vertex -14.9652 -12.3700 0.0000
vertex -14.9652 -12.3700 21.1907
endloop
endfacet
facet normal -0.130526 0.991445 0.000000
outer loop
vertex -14.4881 -12.3072 0.0000
vertex -14.9652 -12.3700 21.1907
vertex -14.4881 -12.3072 21.1907
endloop
endfacet
facet normal 0.000000 -0.000000 1.000000
outer loop
vertex -14.4881 -14.1508 21.1907
vertex -14.4881 -12.3072 21.1907
vertex -14.9652 -12.3700 21.1907
endloop
endfacet
facet normal 0.000000 0.000000 -1.000000
outer loop
vertex -14.4881 -14.1508 0.0000
vertex -14.9652 -12.3700 0.0000
vertex -14.4881 -12.3072 0.0000
endloop
endfacet
facet normal -0.382683 0.923880 0.000000
outer loop
vertex -14.9652 -12.3700 0.0000
vertex -15.4099 -12.5542 0.0000
vertex -15.4099 -12.5542 21.1907
endloop
endfacet
facet normal -0.382683 0.923880 0.000000
outer loop
vertex -14.9652 -12.3700 0.0000
vertex -15.4099 -12.5542 21.1907
vertex -14.9652 -12.3700 21.1907
endloop
endfacet
facet normal 0.000000 0.000000 1.000000
outer loop
vertex -14.4881 -14.1508 21.1907
vertex -14.9652 -12.3700 21.1907
vertex -15.4099 -12.5542 21.1907
endloop
endfacet
facet normal 0.000000 0.000000 -1.000000
outer loop
vertex -14.4881 -14.1508 0.0000
vertex -15.4099 -12.5542 0.0000
vertex -14.9652 -12.3700 0.0000
endloop
endfacet
facet normal -0.608761 0.793353 0.000000
outer loop
vertex -15.4099 -12.5542 0.0000
vertex -15.7917 -12.8471 0.0000
vertex -15.7917 -12.8471 21.1907
endloop
endfacet
facet normal -0.608761 0.793353 0.000000
outer loop
vertex -15.4099 -12.5542 0.0000
vertex -15.7917 -12.8471 21.1907
vertex -15.4099 -12.5542 21.1907
endloop
endfacet
facet normal 0.000000 0.000000 1.000000
outer loop
vertex -14.4881 -14.1508 21.1907
vertex -15.4099 -12.5542 21.1907
vertex -15.7917 -12.8471 21.1907
endloop
endfacet
facet normal 0.000000 0.000000 -1.000000
outer loop
vertex -14.4881 -14.1508 0.0000
vertex -15.7917 -12.8471 0.0000
vertex -15.4099 -12.5542 0.0000
endloop
endfacet
facet normal -0.793353 0.608761 0.000000
outer loop
vertex -15.7917 -12.8471 0.0000
vertex -16.0847 -13.2290 0.0000
vertex -16.0847 -13.2290 21.1907
endloop
endfacet
facet normal -0.793353 0.608761 0.000000
outer loop
vertex -15.7917 -12.8471 0.0000
vertex -16.0847 -13.2290 21.1907
vertex -15.7917 -12.8471 21.1907
endloop
endfacet
facet normal 0.000000 0.000000 1.000000
outer loop
vertex -14.4881 -14.1508 21.1907
vertex -15.7917 -12.8471 21.1907
vertex -16.0847 -13.2290 21.1907
endloop
endfacet
facet normal 0.000000 0.000000 -1.000000
outer loop
vertex -14.4881 -14.1508 0.0000
vertex -16.0847 -13.2290 0.0000
vertex -15.7917 -12.8471 0.0000
endloop
endfacet
facet normal -0.923880 0.382683 0.000000
outer loop
vertex -16.0847 -13.2290 0.0000
vertex -16.2689 -13.6736 0.0000
vertex -16.2689 -13.6736 21.1907
endloop
endfacet
facet normal -0.923880 0.382683 0.000000
outer loop
vertex -16.0847 -13.2290 0.0000
vertex -16.2689 -13.6736 21.1907
vertex -16.0847 -13.2290 21.1907
endloop
endfacet
facet normal 0.000000 0.000000 1.000000
outer loop
vertex -14.4881 -14.1508 21.1907
vertex -16.0847 -13.2290 21.1907
vertex -16.2689 -13.6736 21.1907
endloop
endfacet
facet normal 0.000000 0.000000 -1.000000
outer loop
vertex -14.4881 -14.1508 0.0000
vertex -16.2689 -13.6736 0.0000
vertex -16.0847 -13.2290 0.0000
endloop
endfacet
facet normal -0.991445 0.130526 0.000000
outer loop
vertex -16.2689 -13.6736 0.0000
vertex -16.3317 -14.1508 0.0000
vertex -16.3317 -14.1508 21.1907
endloop
endfacet
facet normal -0.991445 0.130526 0.000000
outer loop
vertex -16.2689 -13.6736 0.0000
vertex -16.3317 -14.1508 21.1907
vertex -16.2689 -13.6736 21.1907
endloop
endfacet
facet normal 0.000000 0.000000 1.000000
outer loop
vertex -14.4881 -14.1508 21.1907
vertex -16.2689 -13.6736 21.1907
vertex -16.3317 -14.1508 21.1907
endloop
endfacet
facet normal 0.000000 0.000000 -1.000000
outer loop
vertex -14.4881 -14.1508 0.0000
vertex -16.3317 -14.1508 0.0000
vertex -16.2689 -13.6736 0.0000
endloop
endfacet
facet normal -0.991445 -0.130526 0.000000
outer loop
vertex -16.3317 -14.1508 0.0000
vertex -16.2689 -14.6279 0.0000
vertex -16.2689 -14.6279 21.1907
endloop
endfacet
facet normal -0.991445 -0.130526 0.000000
outer loop
vertex -16.3317 -14.1508 0.0000
vertex -16.2689 -14.6279 21.1907
vertex -16.3317 -14.1508 21.1907
endloop
endfacet
facet normal 0.000000 0.000000 1.000000
outer loop
vertex -14.4881 -14.1508 21.1907
vertex -16.3317 -14.1508 21.1907
vertex -16.2689 -14.6279 21.1907
endloop
endfacet
facet normal -0.000000 0.000000 -1.000000
outer loop
vertex -14.4881 -14.1508 0.0000
vertex -16.2689 -14.6279 0.0000
vertex -16.3317 -14.1508 0.0000
endloop
endfacet
facet normal -0.923880 -0.382683 0.000000
outer loop
vertex -16.2689 -14.6279 0.0000
vertex -16.0847 -15.0726 0.0000
vertex -16.0847 -15.0726 21.1907
endloop
endfacet
facet normal -0.923880 -0.382683 0.000000
outer loop
vertex -16.2689 -14.6279 0.0000
vertex -16.0847 -15.0726 21.1907
vertex -16.2689 -14.6279 21.1907
endloop
endfacet
facet normal 0.000000 0.000000 1.000000
outer loop
vertex -14.4881 -14.1508 21.1907
vertex -16.2689 -14.6279 21.1907
vertex -16.0847 -15.0726 21.1907
endloop
endfacet
facet normal 0.000000 0.000000 -1.000000
outer loop
vertex -14.4881 -14.1508 0.0000
vertex -16.0847 -15.0726 0.0000
vertex -16.2689 -14.6279 0.0000
endloop
endfacet
facet normal -0.793353 -0.608761 0.000000
outer loop
vertex -16.0847 -15.0726 0.0000
vertex -15.7917 -15.4544 0.0000
vertex -15.7917 -15.4544 21.1907
endloop
endfacet
facet normal -0.793353 -0.608761 0.000000
outer loop
vertex -16.0847 -15.0726 0.0000
vertex -15.7917 -15.4544 21.1907
vertex -16.0847 -15.0726 21.1907
endloop
endfacet
facet normal 0.000000 0.000000 1.000000
outer loop
vertex -14.4881 -14.1508 21.1907
vertex -16.0847 -15.0726 21.1907
vertex -15.7917 -15.4544 21.1907
endloop
endfacet
facet normal 0.000000 0.000000 -1.000000
outer loop
vertex -14.4881 -14.1508 0.0000
vertex -15.7917 -15.4544 0.0000
vertex -16.0847 -15.0726 0.0000
endloop
endfacet
facet normal -0.608761 -0.793353 0.000000
outer loop
vertex -15.7917 -15.4544 0.0000
vertex -15.4099 -15.7474 0.0000
vertex -15.4099 -15.7474 21.1907
endloop
endfacet
facet normal -0.608761 -0.793353 0.000000
outer loop
vertex -15.7917 -15.4544 0.0000
vertex -15.4099 -15.7474 21.1907
vertex -15.7917 -15.4544 21.1907
endloop
endfacet
facet normal 0.000000 0.000000 1.000000
outer loop
vertex -14.4881 -14.1508 21.1907
vertex -15.7917 -15.4544 21.1907
vertex -15.4099 -15.7474 21.1907
endloop
endfacet
facet normal 0.000000 0.000000 -1.000000
outer loop
vertex -14.4881 -14.1508 0.0000
vertex -15.4099 -15.7474 0.0000
vertex -15.7917 -15.4544 0.0000
endloop
endfacet
facet normal -0.382683 -0.923880 0.000000
outer loop
vertex -15.4099 -15.7474 0.0000
vertex -14.9652 -15.9316 0.0000
vertex -14.9652 -15.9316 21.1907
endloop
endfacet
facet normal -0.382683 -0.923880 0.000000
outer loop
vertex -15.4099 -15.7474 0.0000
vertex -14.9652 -15.9316 21.1907
vertex -15.4099 -15.7474 21.1907
endloop
endfacet
facet normal 0.000000 0.000000 1.000000
outer loop
vertex -14.4881 -14.1508 21.1907
vertex -15.4099 -15.7474 21.1907
vertex -14.9652 -15.9316 21.1907
endloop
endfacet
facet normal 0.000000 0.000000 -1.000000
outer loop
vertex -14.4881 -14.1508 0.0000
vertex -14.9652 -15.9316 0.0000
vertex -15.4099 -15.7474 0.0000
endloop
endfacet
facet normal -0.130526 -0.991445 0.000000
outer loop
vertex -14.9652 -15.9316 0.0000
vertex -14.4881 -15.9944 0.0000
vertex -14.4881 -15.9944 21.1907
endloop
endfacet
facet normal -0.130526 -0.991445 0.000000
outer loop
vertex -14.9652 -15.9316 0.0000
vertex -14.4881 -15.9944 21.1907
vertex -14.9652 -15.9316 21.1907
endloop
endfacet
facet normal 0.000000 0.000000 1.000000
outer loop
vertex -14.4881 -14.1508 21.1907
vertex -14.9652 -15.9316 21.1907
vertex -14.4881 -15.9944 21.1907
endloop
endfacet
facet normal 0.000000 -0.000000 -1.000000
outer loop
vertex -14.4881 -14.1508 0.0000
vertex -14.4881 -15.9944 0.0000
vertex -14.9652 -15.9316 0.0000
endloop
endfacet
facet normal 0.130526 -0.991445 0.000000
outer loop
vertex -14.4881 -15.9944 0.0000
vertex -14.0109 -15.9316 0.0000
vertex -14.0109 -15.9316 21.1907
endloop
endfacet
facet normal 0.130526 -0.991445 0.000000
outer loop
vertex -14.4881 -15.9944 0.0000
vertex -14.0109 -15.9316 21.1907
vertex -14.4881 -15.9944 21.1907
endloop
endfacet
facet normal 0.000000 0.000000 1.000000
outer loop
vertex -14.4881 -14.1508 21.1907
vertex -14.4881 -15.9944 21.1907
vertex -14.0109 -15.9316 21.1907
endloop
endfacet
facet normal 0.000000 0.000000 -1.000000
outer loop
vertex -14.4881 -14.1508 0.0000
vertex -14.0109 -15.9316 0.0000
vertex -14.4881 -15.9944 0.0000
endloop
endfacet
facet normal 0.382683 -0.923880 0.000000
outer loop
vertex -14.0109 -15.9316 0.0000
vertex -13.5663 -15.7474 0.0000
vertex -13.5663 -15.7474 21.1907
endloop
endfacet
facet normal 0.382683 -0.923880 0.000000
outer loop
vertex -14.0109 -15.9316 0.0000
vertex -13.5663 -15.7474 21.1907
vertex -14.0109 -15.9316 21.1907
endloop
endfacet
facet normal 0.000000 0.000000 1.000000
outer loop
vertex -14.4881 -14.1508 21.1907
vertex -14.0109 -15.9316 21.1907
vertex -13.5663 -15.7474 21.1907
endloop
endfacet
facet normal 0.000000 0.000000 -1.000000
outer loop
vertex -14.4881 -14.1508 0.0000
vertex -13.5663 -15.7474 0.0000
vertex -14.0109 -15.9316 0.0000
endloop
endfacet
facet normal 0.608761 -0.793353 0.000000
outer loop
vertex -13.5663 -15.7474 0.0000
vertex -13.1844 -15.4544 0.0000
vertex -13.1844 -15.4544 21.1907
endloop
endfacet
facet normal 0.608761 -0.793353 0.000000
outer loop
vertex -13.5663 -15.7474 0.0000
vertex -13.1844 -15.4544 21.1907
vertex -13.5663 -15.7474 21.1907
endloop
endfacet
facet normal 0.000000 0.000000 1.000000
outer loop
vertex -14.4881 -14.1508 21.1907
vertex -13.5663 -15.7474 21.1907
vertex -13.1844 -15.4544 21.1907
endloop
endfacet
facet normal 0.000000 0.000000 -1.000000
outer loop
vertex -14.4881 -14.1508 0.0000
vertex -13.1844 -15.4544 0.0000
vertex -13.5663 -15.7474 0.0000
endloop
endfacet
facet normal 0.793353 -0.608761 0.000000
outer loop
vertex -13.1844 -15.4544 0.0000
vertex -12.8915 -15.0726 0.0000
vertex -12.8915 -15.0726 21.1907
endloop
endfacet
facet normal 0.793353 -0.608761 0.000000
outer loop
vertex -13.1844 -15.4544 0.0000
vertex -12.8915 -15.0726 21.1907
vertex -13.1844 -15.4544 21.1907
endloop
endfacet
facet normal 0.000000 0.000000 1.000000
outer loop
vertex -14.4881 -14.1508 21.1907
vertex -13.1844 -15.4544 21.1907
vertex -12.8915 -15.0726 21.1907
endloop
endfacet
facet normal 0.000000 0.000000 -1.000000
outer loop
vertex -14.4881 -14.1508 0.0000
vertex -12.8915 -15.0726 0.0000
vertex -13.1844 -15.4544 0.0000
endloop
endfacet
facet normal 0.923880 -0.382683 0.000000
outer loop
vertex -12.8915 -15.0726 0.0000
vertex -12.7073 -14.6279 0.0000
vertex -12.7073 -14.6279 21.1907
endloop
endfacet
facet normal 0.923880 -0.382683 0.000000
outer loop
vertex -12.8915 -15.0726 0.0000
vertex -12.7073 -14.6279 21.1907
vertex -12.8915 -15.0726 21.1907
endloop
endfacet
facet normal 0.000000 0.000000 1.000000
outer loop
vertex -14.4881 -14.1508 21.1907
vertex -12.8915 -15.0726 21.1907
vertex -12.7073 -14.6279 21.1907
endloop
endfacet
facet normal 0.000000 0.000000 -1.000000
outer loop
vertex -14.4881 -14.1508 0.0000
vertex -12.7073 -14.6279 0.0000
vertex -12.8915 -15.0726 0.0000
endloop
endfacet
facet normal 0.991445 -0.130526 0.000000
outer loop
vertex -12.7073 -14.6279 0.0000
vertex -12.6445 -14.1508 0.0000
vertex -12.6445 -14.1508 21.1907
endloop
endfacet
facet normal 0.991445 -0.130526 0.000000
outer loop
vertex -12.7073 -14.6279 0.0000
vertex -12.6445 -14.1508 21.1907
vertex -12.7073 -14.6279 21.1907
endloop
endfacet
facet normal -0.000000 0.000000 1.000000
outer loop
vertex -14.4881 -14.1508 21.1907
vertex -12.7073 -14.6279 21.1907
vertex -12.6445 -14.1508 21.1907
endloop
endfacet
facet normal 0.000000 0.000000 -1.000000
outer loop
vertex -14.4881 -14.1508 0.0000
vertex -12.6445 -14.1508 0.0000
vertex -12.7073 -14.6279 0.0000
endloop
endfacet
facet normal 0.991445 0.130526 0.000000
outer loop
vertex -15.4723 19.7459 0.0000
vertex -15.5611 20.4200 0.0000
vertex -15.5611 20.4200 12.9814
endloop
endfacet
facet normal 0.991445 0.130526 -0.000000
outer loop
vertex -15.4723 19.7459 0.0000
vertex -15.5611 20.4200 12.9814
vertex -15.4723 19.7459 12.9814
endloop
endfacet
facet normal 0.000000 0.000000 1.000000
outer loop
vertex -18.0771 19.7459 12.9814
vertex -15.4723 19.7459 12.9814
vertex -15.5611 20.4200 12.9814
endloop
endfacet
facet normal 0.000000 0.000000 -1.000000
outer loop
vertex -18.0771 19.7459 0.0000
vertex -15.5611 20.4200 0.0000
vertex -15.4723 19.7459 0.0000
endloop
endfacet
facet normal 0.923880 0.382683 0.000000
outer loop
vertex -15.5611 20.4200 0.0000
vertex -15.8213 21.0482 0.0000
vertex -15.8213 21.0482 12.9814
endloop
endfacet
facet normal 0.923880 0.382683 -0.000000
outer loop
vertex -15.5611 20.4200 0.0000
vertex -15.8213 21.0482 12.9814
vertex -15.5611 20.4200 12.9814
endloop
endfacet
facet normal 0.000000 0.000000 1.000000
outer loop
vertex -18.0771 19.7459 12.9814
vertex -15.5611 20.4200 12.9814
vertex -15.8213 21.0482 12.9814
endloop
endfacet
facet normal 0.000000 0.000000 -1.000000
outer loop
vertex -18.0771 19.7459 0.0000
vertex -15.8213 21.0482 0.0000
vertex -15.5611 20.4200 0.0000
endloop
endfacet
facet normal 0.793353 0.608761 0.000000
outer loop
vertex -15.8213 21.0482 0.0000
vertex -16.2352 21.5877 0.0000
vertex -16.2352 21.5877 12.9814
endloop
endfacet
facet normal 0.793353 0.608761 -0.000000
outer loop
vertex -15.8213 21.0482 0.0000
vertex -16.2352 21.5877 12.9814
vertex -15.8213 21.0482 12.9814
endloop
endfacet
facet normal 0.000000 0.000000 1.000000
outer loop
vertex -18.0771 19.7459 12.9814
vertex -15.8213 21.0482 12.9814
vertex -16.2352 21.5877 12.9814
endloop
endfacet
facet normal 0.000000 0.000000 -1.000000
outer loop
vertex -18.0771 19.7459 0.0000
vertex -16.2352 21.5877 0.0000
vertex -15.8213 21.0482 0.0000
endloop
endfacet
facet normal 0.608761 0.793353 0.000000
outer loop
vertex -16.2352 21.5877 0.0000
vertex -16.7747 22.0017 0.0000
vertex -16.7747 22.0017 12.9814
endloop
endfacet
facet normal 0.608761 0.793353 -0.000000
outer loop
vertex -16.2352 21.5877 0.0000
vertex -16.7747 22.0017 12.9814
vertex -16.2352 21.5877 12.9814
endloop
endfacet
facet normal 0.000000 0.000000 1.000000
outer loop
vertex -18.0771 19.7459 12.9814
vertex -16.2352 21.5877 12.9814
vertex -16.7747 22.0017 12.9814
endloop
endfacet
facet normal 0.000000 0.000000 -1.000000
outer loop
vertex -18.0771 19.7459 0.0000
vertex -16.7747 22.0017 0.0000
vertex -16.2352 21.5877 0.0000
endloop
endfacet
facet normal 0.382683 0.923880 0.000000
outer loop
vertex -16.7747 22.0017 0.0000
vertex -17.4029 22.2619 0.0000
vertex -17.4029 22.2619 12.9814
endloop
endfacet
facet normal 0.382683 0.923880 -0.000000
outer loop
vertex -16.7747 22.0017 0.0000
vertex -17.4029 22.2619 12.9814
vertex -16.7747 22.0017 12.9814
endloop
endfacet
facet normal 0.000000 0.000000 1.000000
outer loop
vertex -18.0771 19.7459 12.9814
vertex -16.7747 22.0017 12.9814
vertex -17.4029 22.2619 12.9814
endloop
endfacet
facet normal 0.000000 0.000000 -1.000000
outer loop
vertex -18.0771 19.7459 0.0000
vertex -17.4029 22.2619 0.0000
vertex -16.7747 22.0017 0.0000
endloop
endfacet
facet normal 0.130526 0.991445 0.000000
outer loop
vertex -17.4029 22.2619 0.0000
vertex -18.0771 22.3506 0.0000
vertex -18.0771 22.3506 12.9814
endloop
endfacet
facet normal 0.130526 0.991445 -0.000000
outer loop
vertex -17.4029 22.2619 0.0000
vertex -18.0771 22.3506 12.9814
vertex -17.4029 22.2619 12.9814
endloop
endfacet
facet normal 0.000000 0.000000 1.000000
outer loop
vertex -18.0771 19.7459 12.9814
vertex -17.4029 22.2619 12.9814
vertex -18.0771 22.3506 12.9814
endloop
endfacet
facet normal 0.000000 0.000000 -1.000000
outer loop
vertex -18.0771 19.7459 0.0000
vertex -18.0771 22.3506 0.0000
vertex -17.4029 22.2619 0.0000
endloop
endfacet
facet normal -0.130526 0.991445 0.000000
outer loop
vertex -18.0771 22.3506 0.0000
vertex -18.7513 22.2619 0.0000
vertex -18.7513 22.2619 12.9814
endloop
endfacet
facet normal -0.130526 0.991445 0.000000
outer loop
vertex -18.0771 22.3506 0.0000
vertex -18.7513 22.2619 12.9814
vertex -18.0771 22.3506 12.9814
endloop
endfacet
facet normal 0.000000 -0.000000 1.000000
outer loop
vertex -18.0771 19.7459 12.9814
vertex -18.0771 22.3506 12.9814
vertex -18.7513 22.2619 12.9814
endloop
endfacet
facet normal 0.000000 0.000000 -1.000000
outer loop
vertex -18.0771 19.7459 0.0000
vertex -18.7513 22.2619 0.0000
vertex -18.0771 22.3506 0.0000
endloop
endfacet
facet normal -0.382683 0.923880 0.000000
outer loop
vertex -18.7513 22.2619 0.0000
vertex -19.3795 22.0017 0.0000
vertex -19.3795 22.0017 12.9814
endloop
endfacet
facet normal -0.382683 0.923880 0.000000
outer loop
vertex -18.7513 22.2619 0.0000
vertex -19.3795 22.0017 12.9814
vertex -18.7513 22.2619 12.9814
endloop
endfacet
facet normal 0.000000 0.000000 1.000000
outer loop
vertex -18.0771 19.7459 12.9814
vertex -18.7513 22.2619 12.9814
vertex -19.3795 22.0017 12.9814
endloop
endfacet
facet normal 0.000000 0.000000 -1.000000
outer loop
vertex -18.0771 19.7459 0.0000
vertex -19.3795 22.0017 0.0000
vertex -18.7513 22.2619 0.0000
endloop
endfacet
facet normal -0.608761 0.793353 0.000000
outer loop
vertex -19.3795 22.0017 0.0000
vertex -19.9189 21.5877 0.0000
vertex -19.9189 21.5877 12.9814
endloop
endfacet
facet normal -0.608761 0.793353 0.000000
outer loop
vertex -19.3795 22.0017 0.0000
vertex -19.9189 21.5877 12.9814
vertex -19.3795 22.0017 12.9814
endloop
endfacet
facet normal 0.000000 0.000000 1.000000
outer loop
vertex -18.0771 19.7459 12.9814
vertex -19.3795 22.0017 12.9814
vertex -19.9189 21.5877 12.9814
endloop
endfacet
facet normal 0.000000 0.000000 -1.000000
outer loop
vertex -18.0771 19.7459 0.0000
vertex -19.9189 21.5877 0.0000
vertex -19.3795 22.0017 0.0000
endloop
endfacet
facet normal -0.793353 0.608761 0.000000
outer loop
vertex -19.9189 21.5877 0.0000
vertex -20.3329 21.0482 0.0000
vertex -20.3329 21.0482 12.9814
endloop
endfacet
facet normal -0.793353 0.608761 0.000000
outer loop
vertex -19.9189 21.5877 0.0000
vertex -20.3329 21.0482 12.9814
vertex -19.9189 21.5877 12.9814
endloop
endfacet
facet normal 0.000000 0.000000 1.000000
outer loop
vertex -18.0771 19.7459 12.9814
vertex -19.9189 21.5877 12.9814
vertex -20.3329 21.0482 12.9814
endloop
endfacet
facet normal 0.000000 0.000000 -1.000000
outer loop
vertex -18.0771 19.7459 0.0000
vertex -20.3329 21.0482 0.0000
vertex -19.9189 21.5877 0.0000
endloop
endfacet
facet normal -0.923880 0.382683 0.000000
outer loop
vertex -20.3329 21.0482 0.0000
vertex -20.5931 20.4200 0.0000
vertex -20.5931 20.4200 12.9814
endloop
endfacet
facet normal -0.923880 0.382683 0.000000
outer loop
vertex -20.3329 21.0482 0.0000
vertex -20.5931 20.4200 12.9814
vertex -20.3329 21.0482 12.9814
endloop
endfacet
facet normal 0.000000 0.000000 1.000000
outer loop
vertex -18.0771 19.7459 12.9814
vertex -20.3329 21.0482 12.9814
vertex -20.5931 20.4200 12.9814
endloop
endfacet
facet normal 0.000000 0.000000 -1.000000
outer loop
vertex -18.0771 19.7459 0.0000
vertex -20.5931 20.4200 0.0000
vertex -20.3329 21.0482 0.0000
endloop
endfacet
facet normal -0.991445 0.130526 0.000000
outer loop
vertex -20.5931 20.4200 0.0000
vertex -20.6819 19.7459 0.0000
vertex -20.6819 19.7459 12.9814
endloop
endfacet
facet normal -0.991445 0.130526 0.000000
outer loop
vertex -20.5931 20.4200 0.0000
vertex -20.6819 19.7459 12.9814
vertex -20.5931 20.4200 12.9814
endloop
endfacet
facet normal 0.000000 0.000000 1.000000
outer loop
vertex -18.0771 19.7459 12.9814
vertex -20.5931 20.4200 12.9814
vertex -20.6819 19.7459 12.9814
endloop
endfacet
facet normal 0.000000 0.000000 -1.000000
outer loop
vertex -18.0771 19.7459 0.0000
vertex -20.6819 19.7459 0.0000
vertex -20.5931 20.4200 0.0000
endloop
endfacet
facet normal -0.991445 -0.130526 0.000000
outer loop
vertex -20.6819 19.7459 0.0000
vertex -20.5931 19.0717 0.0000
vertex -20.5931 19.0717 12.9814
endloop
endfacet
facet normal -0.991445 -0.130526 0.000000
outer loop
vertex -20.6819 19.7459 0.0000
vertex -20.5931 19.0717 12.9814
vertex -20.6819 19.7459 12.9814
endloop
endfacet
facet normal 0.000000 0.000000 1.000000
outer loop
vertex -18.0771 19.7459 12.9814
vertex -20.6819 19.7459 12.9814
vertex -20.5931 19.0717 12.9814
endloop
endfacet
facet normal -0.000000 0.000000 -1.000000
outer loop
vertex -18.0771 19.7459 0.0000
vertex -20.5931 19.0717 0.0000
vertex -20.6819 19.7459 0.0000
endloop
endfacet
facet normal -0.923880 -0.382683 0.000000
outer loop
vertex -20.5931 19.0717 0.0000
vertex -20.3329 18.4435 0.0000
vertex -20.3329 18.4435 12.9814
endloop
endfacet
facet normal -0.923880 -0.382683 0.000000
outer loop
vertex -20.5931 19.0717 0.0000
vertex -20.3329 18.4435 12.9814
vertex -20.5931 19.0717 12.9814
endloop
endfacet
facet normal 0.000000 0.000000 1.000000
outer loop
vertex -18.0771 19.7459 12.9814
vertex -20.5931 19.0717 12.9814
vertex -20.3329 18.4435 12.9814
endloop
endfacet
facet normal 0.000000 0.000000 -1.000000
outer loop
vertex -18.0771 19.7459 0.0000
vertex -20.3329 18.4435 0.0000
vertex -20.5931 19.0717 0.0000
endloop
endfacet
facet normal -0.793353 -0.608761 0.000000
outer loop
vertex -20.3329 18.4435 0.0000
vertex -19.9189 17.9040 0.0000
vertex -19.9189 17.9040 12.9814
endloop
endfacet
facet normal -0.793353 -0.608761 0.000000
outer loop
vertex -20.3329 18.4435 0.0000
vertex -19.9189 17.9040 12.9814
vertex -20.3329 18.4435 12.9814
endloop
endfacet
facet normal 0.000000 0.000000 1.000000
outer loop
vertex -18.0771 19.7459 12.9814
vertex -20.3329 18.4435 12.9814
vertex -19.9189 17.9040 12.9814
endloop
endfacet
facet normal 0.000000 0.000000 -1.000000
outer loop
vertex -18.0771 19.7459 0.0000
vertex -19.9189 17.9040 0.0000
vertex -20.3329 18.4435 0.0000
endloop
endfacet
facet normal -0.608761 -0.793353 0.000000
outer loop
vertex -19.9189 17.9040 0.0000
vertex -19.3795 17.4901 0.0000
vertex -19.3795 17.4901 12.9814
endloop
endfacet
facet normal -0.608761 -0.793353 0.000000
outer loop
vertex -19.9189 17.9040 0.0000
vertex -19.3795 17.4901 12.9814
vertex -19.9189 17.9040 12.9814
endloop
endfacet
facet normal 0.000000 0.000000 1.000000
outer loop
vertex -18.0771 19.7459 12.9814
vertex -19.9189 17.9040 12.9814
vertex -19.3795 17.4901 12.9814
endloop
endfacet
facet normal 0.000000 0.000000 -1.000000
outer loop
vertex -18.0771 19.7459 0.0000
vertex -19.3795 17.4901 0.0000
vertex -19.9189 17.9040 0.0000
endloop
endfacet
facet normal -0.382683 -0.923880 0.000000
outer loop
vertex -19.3795 17.4901 0.0000
vertex -18.7513 17.2299 0.0000
vertex -18.7513 17.2299 12.9814
endloop
endfacet
facet normal -0.382683 -0.923880 0.000000
outer loop
vertex -19.3795 17.4901 0.0000
vertex -18.7513 17.2299 12.9814
vertex -19.3795 17.4901 12.9814
endloop
endfacet
facet normal 0.000000 0.000000 1.000000
outer loop
vertex -18.0771 19.7459 12.9814
vertex -19.3795 17.4901 12.9814
vertex -18.7513 17.2299 12.9814
endloop
endfacet
facet normal 0.000000 0.000000 -1.000000
outer loop
vertex -18.0771 19.7459 0.0000
vertex -18.7513 17.2299 0.0000
vertex -19.3795 17.4901 0.0000
endloop
endfacet
facet normal -0.130526 -0.991445 0.000000
outer loop
vertex -18.7513 17.2299 0.0000
vertex -18.0771 17.1411 0.0000
vertex -18.0771 17.1411 12.9814
endloop
endfacet
facet normal -0.130526 -0.991445 0.000000
outer loop
vertex -18.7513 17.2299 0.0000
vertex -18.0771 17.1411 12.9814
vertex -18.7513 17.2299 12.9814
endloop
endfacet
facet normal 0.000000 0.000000 1.000000
outer loop
vertex -18.0771 19.7459 12.9814
vertex -18.7513 17.2299 12.9814
vertex -18.0771 17.1411 12.9814
endloop
endfacet
facet normal 0.000000 -0.000000 -1.000000
outer loop
vertex -18.0771 19.7459 0.0000
vertex -18.0771 17.1411 0.0000
vertex -18.7513 17.2299 0.0000
endloop
endfacet
facet normal 0.130526 -0.991445 0.000000
outer loop
vertex -18.0771 17.1411 0.0000
vertex -17.4029 17.2299 0.0000
vertex -17.4029 17.2299 12.9814
endloop
endfacet
facet normal 0.130526 -0.991445 0.000000
outer loop
vertex -18.0771 17.1411 0.0000
vertex -17.4029 17.2299 12.9814
vertex -18.0771 17.1411 12.9814
endloop
endfacet
facet normal 0.000000 0.000000 1.000000
outer loop
vertex -18.0771 19.7459 12.9814
vertex -18.0771 17.1411 12.9814
vertex -17.4029 17.2299 12.9814
endloop
endfacet
facet normal 0.000000 0.000000 -1.000000
outer loop
vertex -18.0771 19.7459 0.0000
vertex -17.4029 17.2299 0.0000
vertex -18.0771 17.1411 0.0000
endloop
endfacet
facet normal 0.382683 -0.923880 0.000000
outer loop
vertex -17.4029 17.2299 0.0000
vertex -16.7747 17.4901 0.0000
vertex -16.7747 17.4901 12.9814
endloop
endfacet
facet normal 0.382683 -0.923880 0.000000
outer loop
vertex -17.4029 17.2299 0.0000
vertex -16.7747 17.4901 12.9814
vertex -17.4029 17.2299 12.9814
endloop
endfacet
facet normal 0.000000 0.000000 1.000000
outer loop
vertex -18.0771 19.7459 12.9814
vertex -17.4029 17.2299 12.9814
vertex -16.7747 17.4901 12.9814
endloop
endfacet
facet normal 0.000000 0.000000 -1.000000
outer loop
vertex -18.0771 19.7459 0.0000
vertex -16.7747 17.4901 0.0000
vertex -17.4029 17.2299 0.0000
endloop
endfacet
facet normal 0.608761 -0.793353 0.000000
outer loop
vertex -16.7747 17.4901 0.0000
vertex -16.2352 17.9040 0.0000
vertex -16.2352 17.9040 12.9814
endloop
endfacet
facet normal 0.608761 -0.793353 0.000000
outer loop
vertex -16.7747 17.4901 0.0000
vertex -16.2352 17.9040 12.9814
vertex -16.7747 17.4901 12.9814
endloop
endfacet
facet normal 0.000000 0.000000 1.000000
outer loop
vertex -18.0771 19.7459 12.9814
vertex -16.7747 17.4901 12.9814
vertex -16.2352 17.9040 12.9814
endloop
endfacet
facet normal 0.000000 0.000000 -1.000000
outer loop
vertex -18.0771 19.7459 0.0000
vertex -16.2352 17.9040 0.0000
vertex -16.7747 17.4901 0.0000
endloop
endfacet
facet normal 0.793353 -0.608761 0.000000
outer loop
vertex -16.2352 17.9040 0.0000
vertex -15.8213 18.4435 0.0000
vertex -15.8213 18.4435 12.9814
endloop
endfacet
facet normal 0.793353 -0.608761 0.000000
outer loop
vertex -16.2352 17.9040 0.0000
vertex -15.8213 18.4435 12.9814
vertex -16.2352 17.9040 12.9814
endloop
endfacet
facet normal 0.000000 0.000000 1.000000
outer loop
vertex -18.0771 19.7459 12.9814
vertex -16.2352 17.9040 12.9814
vertex -15.8213 18.4435 12.9814
endloop
endfacet
facet normal 0.000000 0.000000 -1.000000
outer loop
vertex -18.0771 19.7459 0.0000
vertex -15.8213 18.4435 0.0000
vertex -16.2352 17.9040 0.0000
endloop
endfacet
facet normal 0.923880 -0.382683 0.000000
outer loop
vertex -15.8213 18.4435 0.0000
vertex -15.5611 19.0717 0.0000
vertex -15.5611 19.0717 12.9814
endloop
endfacet
facet normal 0.923880 -0.382683 0.000000
outer loop
vertex -15.8213 18.4435 0.0000
vertex -15.5611 19.0717 12.9814
vertex -15.8213 18.4435 12.9814
endloop
endfacet
facet normal 0.000000 0.000000 1.000000
outer loop
vertex -18.0771 19.7459 12.9814
vertex -15.8213 18.4435 12.9814
vertex -15.5611 19.0717 12.9814
endloop
endfacet
facet normal 0.000000 0.000000 -1.000000
outer loop
vertex -18.0771 19.7459 0.0000
vertex -15.5611 19.0717 0.0000
vertex -15.8213 18.4435 0.0000
endloop
endfacet
facet normal 0.991445 -0.130526 0.000000
outer loop
vertex -15.5611 19.0717 0.0000
vertex -15.4723 19.7459 0.0000
vertex -15.4723 19.7459 12.9814
endloop
endfacet
facet normal 0.991445 -0.130526 0.000000
outer loop
vertex -15.5611 19.0717 0.0000
vertex -15.4723 19.7459 12.9814
vertex -15.5611 19.0717 12.9814
endloop
endfacet
facet normal -0.000000 0.000000 1.000000
outer loop
vertex -18.0771 19.7459 12.9814
vertex -15.5611 19.0717 12.9814
vertex -15.4723 19.7459 12.9814
endloop
endfacet
facet normal 0.000000 0.000000 -1.000000
outer loop
vertex -18.0771 19.7459 0.0000
vertex -15.4723 19.7459 0.0000
vertex -15.5611 19.0717 0.0000
endloop
endfacet
endsolid terrain
