solid terrain
facet normal 0.000000 0.000000 -1.000000
outer loop
vertex -33.0000 -43.0000 0.0000
vertex -33.0000 43.0000 0.0000
vertex 33.0000 43.0000 0.0000
endloop
endfacet
facet normal 0.000000 0.000000 -1.000000
outer loop
vertex -33.0000 -43.0000 0.0000
vertex 33.0000 43.0000 0.0000
vertex 33.0000 -43.0000 0.0000
endloop
endfacet
facet normal 0.000000 0.000000 1.000000
outer loop
vertex -33.0000 -43.0000 0.0500
vertex 33.0000 -43.0000 0.0500
vertex 33.0000 43.0000 0.0500
endloop
endfacet
facet normal 0.000000 0.000000 1.000000
outer loop
vertex -33.0000 -43.0000 0.0500
vertex 33.0000 43.0000 0.0500
vertex -33.0000 43.0000 0.0500
endloop
endfacet
facet normal 0.000000 -1.000000 0.000000
outer loop
vertex -33.0000 -43.0000 0.0000
vertex 33.0000 -43.0000 0.0000
vertex 33.0000 -43.0000 0.0500
endloop
endfacet
facet normal 0.000000 -1.000000 0.000000
outer loop
vertex -33.0000 -43.0000 0.0000
vertex 33.0000 -43.0000 0.0500
vertex -33.0000 -43.0000 0.0500
endloop
endfacet
facet normal 1.000000 0.000000 0.000000
outer loop
vertex 33.0000 -43.0000 0.0000
vertex 33.0000 43.0000 0.0000
vertex 33.0000 43.0000 0.0500
endloop
endfacet
facet normal 1.000000 0.000000 0.000000
outer loop
vertex 33.0000 -43.0000 0.0000
vertex 33.0000 43.0000 0.0500
vertex 33.0000 -43.0000 0.0500
endloop
endfacet
facet normal 0.000000 1.000000 0.000000
outer loop
vertex 33.0000 43.0000 0.0000
vertex -33.0000 43.0000 0.0000
vertex -33.0000 43.0000 0.0500
endloop
endfacet
facet normal 0.000000 1.000000 -0.000000
outer loop
vertex 33.0000 43.0000 0.0000
vertex -33.0000 43.0000 0.0500
vertex 33.0000 43.0000 0.0500
endloop
endfacet
facet normal -1.000000 0.000000 0.000000
outer loop
vertex -33.0000 43.0000 0.0000
vertex -33.0000 -43.0000 0.0000
vertex -33.0000 -43.0000 0.0500
endloop
endfacet
facet normal -1.000000 0.000000 0.000000
outer loop
vertex -33.0000 43.0000 0.0000
vertex -33.0000 -43.0000 0.0500
vertex -33.0000 43.0000 0.0500
endloop
endfacet
facet normal 0.991445 0.130526 0.000000
outer loop
vertex -19.9970 32.7954 0.0000
vertex -20.0623 33.2915 0.0000
vertex -20.0623 33.2915 17.8404
endloop
endfacet
facet normal 0.991445 0.130526 -0.000000
outer loop
vertex -19.9970 32.7954 0.0000
vertex -20.0623 33.2915 17.8404
vertex -19.9970 32.7954 17.8404
endloop
endfacet
facet normal 0.000000 0.000000 1.000000
outer loop
vertex -21.9137 32.7954 17.8404
vertex -19.9970 32.7954 17.8404
vertex -20.0623 33.2915 17.8404
endloop
endfacet
facet normal 0.000000 0.000000 -1.000000
outer loop
vertex -21.9137 32.7954 0.0000
vertex -20.0623 33.2915 0.0000
vertex -19.9970 32.7954 0.0000
endloop
endfacet
facet normal 0.923880 0.382683 0.000000
outer loop
vertex -20.0623 33.2915 0.0000
vertex -20.2538 33.7538 0.0000
vertex -20.2538 33.7538 17.8404
endloop
endfacet
facet normal 0.923880 0.382683 -0.000000
outer loop
vertex -20.0623 33.2915 0.0000
vertex -20.2538 33.7538 17.8404
vertex -20.0623 33.2915 17.8404
endloop
endfacet
facet normal 0.000000 0.000000 1.000000
outer loop
vertex -21.9137 32.7954 17.8404
vertex -20.0623 33.2915 17.8404
vertex -20.2538 33.7538 17.8404
endloop
endfacet
facet normal 0.000000 0.000000 -1.000000
outer loop
vertex -21.9137 32.7954 0.0000
vertex -20.2538 33.7538 0.0000
vertex -20.0623 33.2915 0.0000
endloop
endfacet
facet normal 0.793353 0.608761 0.000000
outer loop
vertex -20.2538 33.7538 0.0000
vertex -20.5584 34.1507 0.0000
vertex -20.5584 34.1507 17.8404
endloop
endfacet
facet normal 0.793353 0.608761 -0.000000
outer loop
vertex -20.2538 33.7538 0.0000
vertex -20.5584 34.1507 17.8404
vertex -20.2538 33.7538 17.8404
endloop
endfacet
facet normal 0.000000 0.000000 1.000000
outer loop
vertex -21.9137 32.7954 17.8404
vertex -20.2538 33.7538 17.8404
vertex -20.5584 34.1507 17.8404
endloop
endfacet
facet normal 0.000000 0.000000 -1.000000
outer loop
vertex -21.9137 32.7954 0.0000
vertex -20.5584 34.1507 0.0000
vertex -20.2538 33.7538 0.0000
endloop
endfacet
facet normal 0.608761 0.793353 0.000000
outer loop
vertex -20.5584 34.1507 0.0000
vertex -20.9554 34.4553 0.0000
vertex -20.9554 34.4553 17.8404
endloop
endfacet
facet normal 0.608761 0.793353 -0.000000
outer loop
vertex -20.5584 34.1507 0.0000
vertex -20.9554 34.4553 17.8404
vertex -20.5584 34.1507 17.8404
endloop
endfacet
facet normal 0.000000 0.000000 1.000000
outer loop
vertex -21.9137 32.7954 17.8404
vertex -20.5584 34.1507 17.8404
vertex -20.9554 34.4553 17.8404
endloop
endfacet
facet normal 0.000000 0.000000 -1.000000
outer loop
vertex -21.9137 32.7954 0.0000
vertex -20.9554 34.4553 0.0000
vertex -20.5584 34.1507 0.0000
endloop
endfacet
facet normal 0.382683 0.923880 0.000000
outer loop
vertex -20.9554 34.4553 0.0000
vertex -21.4176 34.6468 0.0000
vertex -21.4176 34.6468 17.8404
endloop
endfacet
facet normal 0.382683 0.923880 -0.000000
outer loop
vertex -20.9554 34.4553 0.0000
vertex -21.4176 34.6468 17.8404
vertex -20.9554 34.4553 17.8404
endloop
endfacet
facet normal 0.000000 0.000000 1.000000
outer loop
vertex -21.9137 32.7954 17.8404
vertex -20.9554 34.4553 17.8404
vertex -21.4176 34.6468 17.8404
endloop
endfacet
facet normal 0.000000 0.000000 -1.000000
outer loop
vertex -21.9137 32.7954 0.0000
vertex -21.4176 34.6468 0.0000
vertex -20.9554 34.4553 0.0000
endloop
endfacet
facet normal 0.130526 0.991445 0.000000
outer loop
vertex -21.4176 34.6468 0.0000
vertex -21.9137 34.7121 0.0000
vertex -21.9137 34.7121 17.8404
endloop
endfacet
facet normal 0.130526 0.991445 -0.000000
outer loop
vertex -21.4176 34.6468 0.0000
vertex -21.9137 34.7121 17.8404
vertex -21.4176 34.6468 17.8404
endloop
endfacet
facet normal 0.000000 0.000000 1.000000
outer loop
vertex -21.9137 32.7954 17.8404
vertex -21.4176 34.6468 17.8404
vertex -21.9137 34.7121 17.8404
endloop
endfacet
facet normal 0.000000 0.000000 -1.000000
outer loop
vertex -21.9137 32.7954 0.0000
vertex -21.9137 34.7121 0.0000
vertex -21.4176 34.6468 0.0000
endloop
endfacet
facet normal -0.130526 0.991445 0.000000
outer loop
vertex -21.9137 34.7121 0.0000
vertex -22.4098 34.6468 0.0000
vertex -22.4098 34.6468 17.8404
endloop
endfacet
facet normal -0.130526 0.991445 0.000000
outer loop
vertex -21.9137 34.7121 0.0000
vertex -22.4098 34.6468 17.8404
vertex -21.9137 34.7121 17.8404
endloop
endfacet
facet normal 0.000000 -0.000000 1.000000
outer loop
vertex -21.9137 32.7954 17.8404
vertex -21.9137 34.7121 17.8404
vertex -22.4098 34.6468 17.8404
endloop
endfacet
facet normal 0.000000 0.000000 -1.000000
outer loop
vertex -21.9137 32.7954 0.0000
vertex -22.4098 34.6468 0.0000
vertex -21.9137 34.7121 0.0000
endloop
endfacet
facet normal -0.382683 0.923880 0.000000
outer loop
vertex -22.4098 34.6468 0.0000
vertex -22.8721 34.4553 0.0000
vertex -22.8721 34.4553 17.8404
endloop
endfacet
facet normal -0.382683 0.923880 0.000000
outer loop
vertex -22.4098 34.6468 0.0000
vertex -22.8721 34.4553 17.8404
vertex -22.4098 34.6468 17.8404
endloop
endfacet
facet normal 0.000000 0.000000 1.000000
outer loop
vertex -21.9137 32.7954 17.8404
vertex -22.4098 34.6468 17.8404
vertex -22.8721 34.4553 17.8404
endloop
endfacet
facet normal 0.000000 0.000000 -1.000000
outer loop
vertex -21.9137 32.7954 0.0000
vertex -22.8721 34.4553 0.0000
vertex -22.4098 34.6468 0.0000
endloop
endfacet
facet normal -0.608761 0.793353 0.000000
outer loop
vertex -22.8721 34.4553 0.0000
vertex -23.2690 34.1507 0.0000
vertex -23.2690 34.1507 17.8404
endloop
endfacet
facet normal -0.608761 0.793353 0.000000
outer loop
vertex -22.8721 34.4553 0.0000
vertex -23.2690 34.1507 17.8404
vertex -22.8721 34.4553 17.8404
endloop
endfacet
facet normal 0.000000 0.000000 1.000000
outer loop
vertex -21.9137 32.7954 17.8404
vertex -22.8721 34.4553 17.8404
vertex -23.2690 34.1507 17.8404
endloop
endfacet
facet normal 0.000000 0.000000 -1.000000
outer loop
vertex -21.9137 32.7954 0.0000
vertex -23.2690 34.1507 0.0000
vertex -22.8721 34.4553 0.0000
endloop
endfacet
facet normal -0.793353 0.608761 0.000000
outer loop
vertex -23.2690 34.1507 0.0000
vertex -23.5736 33.7538 0.0000
vertex -23.5736 33.7538 17.8404
endloop
endfacet
facet normal -0.793353 0.608761 0.000000
outer loop
vertex -23.2690 34.1507 0.0000
vertex -23.5736 33.7538 17.8404
vertex -23.2690 34.1507 17.8404
endloop
endfacet
facet normal 0.000000 0.000000 1.000000
outer loop
vertex -21.9137 32.7954 17.8404
vertex -23.2690 34.1507 17.8404
vertex -23.5736 33.7538 17.8404
endloop
endfacet
facet normal 0.000000 0.000000 -1.000000
outer loop
vertex -21.9137 32.7954 0.0000
vertex -23.5736 33.7538 0.0000
vertex -23.2690 34.1507 0.0000
endloop
endfacet
facet normal -0.923880 0.382683 0.000000
outer loop
vertex -23.5736 33.7538 0.0000
vertex -23.7651 33.2915 0.0000
vertex -23.7651 33.2915 17.8404
endloop
endfacet
facet normal -0.923880 0.382683 0.000000
outer loop
vertex -23.5736 33.7538 0.0000
vertex -23.7651 33.2915 17.8404
vertex -23.5736 33.7538 17.8404
endloop
endfacet
facet normal 0.000000 0.000000 1.000000
outer loop
vertex -21.9137 32.7954 17.8404
vertex -23.5736 33.7538 17.8404
vertex -23.7651 33.2915 17.8404
endloop
endfacet
facet normal 0.000000 0.000000 -1.000000
outer loop
vertex -21.9137 32.7954 0.0000
vertex -23.7651 33.2915 0.0000
vertex -23.5736 33.7538 0.0000
endloop
endfacet
facet normal -0.991445 0.130526 0.000000
outer loop
vertex -23.7651 33.2915 0.0000
vertex -23.8304 32.7954 0.0000
vertex -23.8304 32.7954 17.8404
endloop
endfacet
facet normal -0.991445 0.130526 0.000000
outer loop
vertex -23.7651 33.2915 0.0000
vertex -23.8304 32.7954 17.8404
vertex -23.7651 33.2915 17.8404
endloop
endfacet
facet normal 0.000000 0.000000 1.000000
outer loop
vertex -21.9137 32.7954 17.8404
vertex -23.7651 33.2915 17.8404
vertex -23.8304 32.7954 17.8404
endloop
endfacet
facet normal 0.000000 0.000000 -1.000000
outer loop
vertex -21.9137 32.7954 0.0000
vertex -23.8304 32.7954 0.0000
vertex -23.7651 33.2915 0.0000
endloop
endfacet
facet normal -0.991445 -0.130526 0.000000
outer loop
vertex -23.8304 32.7954 0.0000
vertex -23.7651 32.2993 0.0000
vertex -23.7651 32.2993 17.8404
endloop
endfacet
facet normal -0.991445 -0.130526 0.000000
outer loop
vertex -23.8304 32.7954 0.0000
vertex -23.7651 32.2993 17.8404
vertex -23.8304 32.7954 17.8404
endloop
endfacet
facet normal 0.000000 0.000000 1.000000
outer loop
vertex -21.9137 32.7954 17.8404
vertex -23.8304 32.7954 17.8404
vertex -23.7651 32.2993 17.8404
endloop
endfacet
facet normal -0.000000 0.000000 -1.000000
outer loop
vertex -21.9137 32.7954 0.0000
vertex -23.7651 32.2993 0.0000
vertex -23.8304 32.7954 0.0000
endloop
endfacet
facet normal -0.923880 -0.382683 0.000000
outer loop
vertex -23.7651 32.2993 0.0000
vertex -23.5736 31.8371 0.0000
vertex -23.5736 31.8371 17.8404
endloop
endfacet
facet normal -0.923880 -0.382683 0.000000
outer loop
vertex -23.7651 32.2993 0.0000
vertex -23.5736 31.8371 17.8404
vertex -23.7651 32.2993 17.8404
endloop
endfacet
facet normal 0.000000 0.000000 1.000000
outer loop
vertex -21.9137 32.7954 17.8404
vertex -23.7651 32.2993 17.8404
vertex -23.5736 31.8371 17.8404
endloop
endfacet
facet normal 0.000000 0.000000 -1.000000
outer loop
vertex -21.9137 32.7954 0.0000
vertex -23.5736 31.8371 0.0000
vertex -23.7651 32.2993 0.0000
endloop
endfacet
facet normal -0.793353 -0.608761 0.000000
outer loop
vertex -23.5736 31.8371 0.0000
vertex -23.2690 31.4401 0.0000
vertex -23.2690 31.4401 17.8404
endloop
endfacet
facet normal -0.793353 -0.608761 0.000000
outer loop
vertex -23.5736 31.8371 0.0000
vertex -23.2690 31.4401 17.8404
vertex -23.5736 31.8371 17.8404
endloop
endfacet
facet normal 0.000000 0.000000 1.000000
outer loop
vertex -21.9137 32.7954 17.8404
vertex -23.5736 31.8371 17.8404
vertex -23.2690 31.4401 17.8404
endloop
endfacet
facet normal 0.000000 0.000000 -1.000000
outer loop
vertex -21.9137 32.7954 0.0000
vertex -23.2690 31.4401 0.0000
vertex -23.5736 31.8371 0.0000
endloop
endfacet
facet normal -0.608761 -0.793353 0.000000
outer loop
vertex -23.2690 31.4401 0.0000
vertex -22.8721 31.1355 0.0000
vertex -22.8721 31.1355 17.8404
endloop
endfacet
facet normal -0.608761 -0.793353 0.000000
outer loop
vertex -23.2690 31.4401 0.0000
vertex -22.8721 31.1355 17.8404
vertex -23.2690 31.4401 17.8404
endloop
endfacet
facet normal 0.000000 0.000000 1.000000
outer loop
vertex -21.9137 32.7954 17.8404
vertex -23.2690 31.4401 17.8404
vertex -22.8721 31.1355 17.8404
endloop
endfacet
facet normal 0.000000 0.000000 -1.000000
outer loop
vertex -21.9137 32.7954 0.0000
vertex -22.8721 31.1355 0.0000
vertex -23.2690 31.4401 0.0000
endloop
endfacet
facet normal -0.382683 -0.923880 0.000000
outer loop
vertex -22.8721 31.1355 0.0000
vertex -22.4098 30.9440 0.0000
vertex -22.4098 30.9440 17.8404
endloop
endfacet
facet normal -0.382683 -0.923880 0.000000
outer loop
vertex -22.8721 31.1355 0.0000
vertex -22.4098 30.9440 17.8404
vertex -22.8721 31.1355 17.8404
endloop
endfacet
facet normal 0.000000 0.000000 1.000000
outer loop
vertex -21.9137 32.7954 17.8404
vertex -22.8721 31.1355 17.8404
vertex -22.4098 30.9440 17.8404
endloop
endfacet
facet normal 0.000000 0.000000 -1.000000
outer loop
vertex -21.9137 32.7954 0.0000
vertex -22.4098 30.9440 0.0000
vertex -22.8721 31.1355 0.0000
endloop
endfacet
facet normal -0.130526 -0.991445 0.000000
outer loop
vertex -22.4098 30.9440 0.0000
vertex -21.9137 30.8787 0.0000
vertex -21.9137 30.8787 17.8404
endloop
endfacet
facet normal -0.130526 -0.991445 0.000000
outer loop
vertex -22.4098 30.9440 0.0000
vertex -21.9137 30.8787 17.8404
vertex -22.4098 30.9440 17.8404
endloop
endfacet
facet normal 0.000000 0.000000 1.000000
outer loop
vertex -21.9137 32.7954 17.8404
vertex -22.4098 30.9440 17.8404
vertex -21.9137 30.8787 17.8404
endloop
endfacet
facet normal 0.000000 -0.000000 -1.000000
outer loop
vertex -21.9137 32.7954 0.0000
vertex -21.9137 30.8787 0.0000
vertex -22.4098 30.9440 0.0000
endloop
endfacet
facet normal 0.130526 -0.991445 0.000000
outer loop
vertex -21.9137 30.8787 0.0000
vertex -21.4176 30.9440 0.0000
vertex -21.4176 30.9440 17.8404
endloop
endfacet
facet normal 0.130526 -0.991445 0.000000
outer loop
vertex -21.9137 30.8787 0.0000
vertex -21.4176 30.9440 17.8404
vertex -21.9137 30.8787 17.8404
endloop
endfacet
facet normal 0.000000 0.000000 1.000000
outer loop
vertex -21.9137 32.7954 17.8404
vertex -21.9137 30.8787 17.8404
vertex -21.4176 30.9440 17.8404
endloop
endfacet
facet normal 0.000000 0.000000 -1.000000
outer loop
vertex -21.9137 32.7954 0.0000
vertex -21.4176 30.9440 0.0000
vertex -21.9137 30.8787 0.0000
endloop
endfacet
facet normal 0.382683 -0.923880 0.000000
outer loop
vertex -21.4176 30.9440 0.0000
vertex -20.9554 31.1355 0.0000
vertex -20.9554 31.1355 17.8404
endloop
endfacet
facet normal 0.382683 -0.923880 0.000000
outer loop
vertex -21.4176 30.9440 0.0000
vertex -20.9554 31.1355 17.8404
vertex -21.4176 30.9440 17.8404
endloop
endfacet
facet normal 0.000000 0.000000 1.000000
outer loop
vertex -21.9137 32.7954 17.8404
vertex -21.4176 30.9440 17.8404
vertex -20.9554 31.1355 17.8404
endloop
endfacet
facet normal 0.000000 0.000000 -1.000000
outer loop
vertex -21.9137 32.7954 0.0000
vertex -20.9554 31.1355 0.0000
vertex -21.4176 30.9440 0.0000
endloop
endfacet
facet normal 0.608761 -0.793353 0.000000
outer loop
vertex -20.9554 31.1355 0.0000
vertex -20.5584 31.4401 0.0000
vertex -20.5584 31.4401 17.8404
endloop
endfacet
facet normal 0.608761 -0.793353 0.000000
outer loop
vertex -20.9554 31.1355 0.0000
vertex -20.5584 31.4401 17.8404
vertex -20.9554 31.1355 17.8404
endloop
endfacet
facet normal 0.000000 0.000000 1.000000
outer loop
vertex -21.9137 32.7954 17.8404
vertex -20.9554 31.1355 17.8404
vertex -20.5584 31.4401 17.8404
endloop
endfacet
facet normal 0.000000 0.000000 -1.000000
outer loop
vertex -21.9137 32.7954 0.0000
vertex -20.5584 31.4401 0.0000
vertex -20.9554 31.1355 0.0000
endloop
endfacet
facet normal 0.793353 -0.608761 0.000000
outer loop
vertex -20.5584 31.4401 0.0000
vertex -20.2538 31.8371 0.0000
vertex -20.2538 31.8371 17.8404
endloop
endfacet
facet normal 0.793353 -0.608761 0.000000
outer loop
vertex -20.5584 31.4401 0.0000
vertex -20.2538 31.8371 17.8404
vertex -20.5584 31.4401 17.8404
endloop
endfacet
facet normal 0.000000 0.000000 1.000000
outer loop
vertex -21.9137 32.7954 17.8404
vertex -20.5584 31.4401 17.8404
vertex -20.2538 31.8371 17.8404
endloop
endfacet
facet normal 0.000000 0.000000 -1.000000
outer loop
vertex -21.9137 32.7954 0.0000
vertex -20.2538 31.8371 0.0000
vertex -20.5584 31.4401 0.0000
endloop
endfacet
facet normal 0.923880 -0.382683 0.000000
outer loop
vertex -20.2538 31.8371 0.0000
vertex -20.0623 32.2993 0.0000
vertex -20.0623 32.2993 17.8404
endloop
endfacet
facet normal 0.923880 -0.382683 0.000000
outer loop
vertex -20.2538 31.8371 0.0000
vertex -20.0623 32.2993 17.8404
vertex -20.2538 31.8371 17.8404
endloop
endfacet
facet normal 0.000000 0.000000 1.000000
outer loop
vertex -21.9137 32.7954 17.8404
vertex -20.2538 31.8371 17.8404
vertex -20.0623 32.2993 17.8404
endloop
endfacet
facet normal 0.000000 0.000000 -1.000000
outer loop
vertex -21.9137 32.7954 0.0000
vertex -20.0623 32.2993 0.0000
vertex -20.2538 31.8371 0.0000
endloop
endfacet
facet normal 0.991445 -0.130526 0.000000
outer loop
vertex -20.0623 32.2993 0.0000
vertex -19.9970 32.7954 0.0000
vertex -19.9970 32.7954 17.8404
endloop
endfacet
facet normal 0.991445 -0.130526 0.000000
outer loop
vertex -20.0623 32.2993 0.0000
vertex -19.9970 32.7954 17.8404
vertex -20.0623 32.2993 17.8404
endloop
endfacet
facet normal -0.000000 0.000000 1.000000
outer loop
vertex -21.9137 32.7954 17.8404
vertex -20.0623 32.2993 17.8404
vertex -19.9970 32.7954 17.8404
endloop
endfacet
facet normal 0.000000 0.000000 -1.000000
outer loop
vertex -21.9137 32.7954 0.0000
vertex -19.9970 32.7954 0.0000
vertex -20.0623 32.2993 0.0000
endloop
endfacet
facet normal 0.000000 0.000000 -1.000000
outer loop
vertex -4.6339 -23.2949 0.0000
vertex -4.6339 -15.1782 0.0000
vertex 0.8114 -15.1782 0.0000
endloop
endfacet
facet normal 0.000000 0.000000 -1.000000
outer loop
vertex -4.6339 -23.2949 0.0000
vertex 0.8114 -15.1782 0.0000
vertex 0.8114 -23.2949 0.0000
endloop
endfacet
facet normal 0.000000 0.000000 1.000000
outer loop
vertex -4.6339 -23.2949 12.6428
vertex 0.8114 -23.2949 12.6428
vertex 0.8114 -15.1782 12.6428
endloop
endfacet
facet normal 0.000000 0.000000 1.000000
outer loop
vertex -4.6339 -23.2949 12.6428
vertex 0.8114 -15.1782 12.6428
vertex -4.6339 -15.1782 12.6428
endloop
endfacet
facet normal 0.000000 -1.000000 0.000000
outer loop
vertex -4.6339 -23.2949 0.0000
vertex 0.8114 -23.2949 0.0000
vertex 0.8114 -23.2949 12.6428
endloop
endfacet
facet normal 0.000000 -1.000000 0.000000
outer loop
vertex -4.6339 -23.2949 0.0000
vertex 0.8114 -23.2949 12.6428
vertex -4.6339 -23.2949 12.6428
endloop
endfacet
facet normal 1.000000 0.000000 0.000000
outer loop
vertex 0.8114 -23.2949 0.0000
vertex 0.8114 -15.1782 0.0000
vertex 0.8114 -15.1782 12.6428
endloop
endfacet
facet normal 1.000000 0.000000 0.000000
outer loop
vertex 0.8114 -23.2949 0.0000
vertex 0.8114 -15.1782 12.6428
vertex 0.8114 -23.2949 12.6428
endloop
endfacet
facet normal 0.000000 1.000000 0.000000
outer loop
vertex 0.8114 -15.1782 0.0000
vertex -4.6339 -15.1782 0.0000
vertex -4.6339 -15.1782 12.6428
endloop
endfacet
facet normal 0.000000 1.000000 -0.000000
outer loop
vertex 0.8114 -15.1782 0.0000
vertex -4.6339 -15.1782 12.6428
vertex 0.8114 -15.1782 12.6428
endloop
endfacet
facet normal -1.000000 0.000000 0.000000
outer loop
vertex -4.6339 -15.1782 0.0000
vertex -4.6339 -23.2949 0.0000
vertex -4.6339 -23.2949 12.6428
endloop
endfacet
facet normal -1.000000 0.000000 0.000000
outer loop
vertex -4.6339 -15.1782 0.0000
vertex -4.6339 -23.2949 12.6428
vertex -4.6339 -15.1782 12.6428
endloop
endfacet
facet normal 0.000000 0.000000 -1.000000
outer loop
vertex -6.2113 27.7019 0.0000
vertex -6.2113 38.1979 0.0000
vertex -1.6167 38.1979 0.0000
endloop
endfacet
facet normal 0.000000 0.000000 -1.000000
outer loop
vertex -6.2113 27.7019 0.0000
vertex -1.6167 38.1979 0.0000
vertex -1.6167 27.7019 0.0000
endloop
endfacet
facet normal 0.000000 0.000000 1.000000
outer loop
vertex -6.2113 27.7019 17.9501
vertex -1.6167 27.7019 17.9501
vertex -1.6167 38.1979 17.9501
endloop
endfacet
facet normal 0.000000 0.000000 1.000000
outer loop
vertex -6.2113 27.7019 17.9501
vertex -1.6167 38.1979 17.9501
vertex -6.2113 38.1979 17.9501
endloop
endfacet
facet normal 0.000000 -1.000000 0.000000
outer loop
vertex -6.2113 27.7019 0.0000
vertex -1.6167 27.7019 0.0000
vertex -1.6167 27.7019 17.9501
endloop
endfacet
facet normal 0.000000 -1.000000 0.000000
outer loop
vertex -6.2113 27.7019 0.0000
vertex -1.6167 27.7019 17.9501
vertex -6.2113 27.7019 17.9501
endloop
endfacet
facet normal 1.000000 0.000000 0.000000
outer loop
vertex -1.6167 27.7019 0.0000
vertex -1.6167 38.1979 0.0000
vertex -1.6167 38.1979 17.9501
endloop
endfacet
facet normal 1.000000 0.000000 0.000000
outer loop
vertex -1.6167 27.7019 0.0000
vertex -1.6167 38.1979 17.9501
vertex -1.6167 27.7019 17.9501
endloop
endfacet
facet normal 0.000000 1.000000 0.000000
outer loop
vertex -1.6167 38.1979 0.0000
vertex -6.2113 38.1979 0.0000
vertex -6.2113 38.1979 17.9501
endloop
endfacet
facet normal 0.000000 1.000000 -0.000000
outer loop
vertex -1.6167 38.1979 0.0000
vertex -6.2113 38.1979 17.9501
vertex -1.6167 38.1979 17.9501
endloop
endfacet
facet normal -1.000000 0.000000 0.000000
outer loop
vertex -6.2113 38.1979 0.0000
vertex -6.2113 27.7019 0.0000
vertex -6.2113 27.7019 17.9501
endloop
endfacet
facet normal -1.000000 0.000000 0.000000
outer loop
vertex -6.2113 38.1979 0.0000
vertex -6.2113 27.7019 17.9501
vertex -6.2113 38.1979 17.9501
endloop
endfacet
facet normal 0.991445 0.130526 0.000000
outer loop
vertex 17.3731 -23.2307 0.0000
vertex 17.2977 -22.6578 0.0000
vertex 17.2977 -22.6578 14.9519
endloop
endfacet
facet normal 0.991445 0.130526 -0.000000
outer loop
vertex 17.3731 -23.2307 0.0000
vertex 17.2977 -22.6578 14.9519
vertex 17.3731 -23.2307 14.9519
endloop
endfacet
facet normal 0.000000 0.000000 1.000000
outer loop
vertex 15.1597 -23.2307 14.9519
vertex 17.3731 -23.2307 14.9519
vertex 17.2977 -22.6578 14.9519
endloop
endfacet
facet normal 0.000000 0.000000 -1.000000
outer loop
vertex 15.1597 -23.2307 0.0000
vertex 17.2977 -22.6578 0.0000
vertex 17.3731 -23.2307 0.0000
endloop
endfacet
facet normal 0.923880 0.382683 0.000000
outer loop
vertex 17.2977 -22.6578 0.0000
vertex 17.0766 -22.1239 0.0000
vertex 17.0766 -22.1239 14.9519
endloop
endfacet
facet normal 0.923880 0.382683 -0.000000
outer loop
vertex 17.2977 -22.6578 0.0000
vertex 17.0766 -22.1239 14.9519
vertex 17.2977 -22.6578 14.9519
endloop
endfacet
facet normal 0.000000 0.000000 1.000000
outer loop
vertex 15.1597 -23.2307 14.9519
vertex 17.2977 -22.6578 14.9519
vertex 17.0766 -22.1239 14.9519
endloop
endfacet
facet normal 0.000000 0.000000 -1.000000
outer loop
vertex 15.1597 -23.2307 0.0000
vertex 17.0766 -22.1239 0.0000
vertex 17.2977 -22.6578 0.0000
endloop
endfacet
facet normal 0.793353 0.608761 0.000000
outer loop
vertex 17.0766 -22.1239 0.0000
vertex 16.7248 -21.6655 0.0000
vertex 16.7248 -21.6655 14.9519
endloop
endfacet
facet normal 0.793353 0.608761 -0.000000
outer loop
vertex 17.0766 -22.1239 0.0000
vertex 16.7248 -21.6655 14.9519
vertex 17.0766 -22.1239 14.9519
endloop
endfacet
facet normal 0.000000 0.000000 1.000000
outer loop
vertex 15.1597 -23.2307 14.9519
vertex 17.0766 -22.1239 14.9519
vertex 16.7248 -21.6655 14.9519
endloop
endfacet
facet normal 0.000000 0.000000 -1.000000
outer loop
vertex 15.1597 -23.2307 0.0000
vertex 16.7248 -21.6655 0.0000
vertex 17.0766 -22.1239 0.0000
endloop
endfacet
facet normal 0.608761 0.793353 0.000000
outer loop
vertex 16.7248 -21.6655 0.0000
vertex 16.2664 -21.3138 0.0000
vertex 16.2664 -21.3138 14.9519
endloop
endfacet
facet normal 0.608761 0.793353 -0.000000
outer loop
vertex 16.7248 -21.6655 0.0000
vertex 16.2664 -21.3138 14.9519
vertex 16.7248 -21.6655 14.9519
endloop
endfacet
facet normal 0.000000 0.000000 1.000000
outer loop
vertex 15.1597 -23.2307 14.9519
vertex 16.7248 -21.6655 14.9519
vertex 16.2664 -21.3138 14.9519
endloop
endfacet
facet normal 0.000000 0.000000 -1.000000
outer loop
vertex 15.1597 -23.2307 0.0000
vertex 16.2664 -21.3138 0.0000
vertex 16.7248 -21.6655 0.0000
endloop
endfacet
facet normal 0.382683 0.923880 0.000000
outer loop
vertex 16.2664 -21.3138 0.0000
vertex 15.7326 -21.0927 0.0000
vertex 15.7326 -21.0927 14.9519
endloop
endfacet
facet normal 0.382683 0.923880 -0.000000
outer loop
vertex 16.2664 -21.3138 0.0000
vertex 15.7326 -21.0927 14.9519
vertex 16.2664 -21.3138 14.9519
endloop
endfacet
facet normal 0.000000 0.000000 1.000000
outer loop
vertex 15.1597 -23.2307 14.9519
vertex 16.2664 -21.3138 14.9519
vertex 15.7326 -21.0927 14.9519
endloop
endfacet
facet normal 0.000000 0.000000 -1.000000
outer loop
vertex 15.1597 -23.2307 0.0000
vertex 15.7326 -21.0927 0.0000
vertex 16.2664 -21.3138 0.0000
endloop
endfacet
facet normal 0.130526 0.991445 0.000000
outer loop
vertex 15.7326 -21.0927 0.0000
vertex 15.1597 -21.0172 0.0000
vertex 15.1597 -21.0172 14.9519
endloop
endfacet
facet normal 0.130526 0.991445 -0.000000
outer loop
vertex 15.7326 -21.0927 0.0000
vertex 15.1597 -21.0172 14.9519
vertex 15.7326 -21.0927 14.9519
endloop
endfacet
facet normal 0.000000 0.000000 1.000000
outer loop
vertex 15.1597 -23.2307 14.9519
vertex 15.7326 -21.0927 14.9519
vertex 15.1597 -21.0172 14.9519
endloop
endfacet
facet normal 0.000000 0.000000 -1.000000
outer loop
vertex 15.1597 -23.2307 0.0000
vertex 15.1597 -21.0172 0.0000
vertex 15.7326 -21.0927 0.0000
endloop
endfacet
facet normal -0.130526 0.991445 0.000000
outer loop
vertex 15.1597 -21.0172 0.0000
vertex 14.5868 -21.0927 0.0000
vertex 14.5868 -21.0927 14.9519
endloop
endfacet
facet normal -0.130526 0.991445 0.000000
outer loop
vertex 15.1597 -21.0172 0.0000
vertex 14.5868 -21.0927 14.9519
vertex 15.1597 -21.0172 14.9519
endloop
endfacet
facet normal 0.000000 -0.000000 1.000000
outer loop
vertex 15.1597 -23.2307 14.9519
vertex 15.1597 -21.0172 14.9519
vertex 14.5868 -21.0927 14.9519
endloop
endfacet
facet normal 0.000000 0.000000 -1.000000
outer loop
vertex 15.1597 -23.2307 0.0000
vertex 14.5868 -21.0927 0.0000
vertex 15.1597 -21.0172 0.0000
endloop
endfacet
facet normal -0.382683 0.923880 0.000000
outer loop
vertex 14.5868 -21.0927 0.0000
vertex 14.0530 -21.3138 0.0000
vertex 14.0530 -21.3138 14.9519
endloop
endfacet
facet normal -0.382683 0.923880 0.000000
outer loop
vertex 14.5868 -21.0927 0.0000
vertex 14.0530 -21.3138 14.9519
vertex 14.5868 -21.0927 14.9519
endloop
endfacet
facet normal 0.000000 0.000000 1.000000
outer loop
vertex 15.1597 -23.2307 14.9519
vertex 14.5868 -21.0927 14.9519
vertex 14.0530 -21.3138 14.9519
endloop
endfacet
facet normal 0.000000 0.000000 -1.000000
outer loop
vertex 15.1597 -23.2307 0.0000
vertex 14.0530 -21.3138 0.0000
vertex 14.5868 -21.0927 0.0000
endloop
endfacet
facet normal -0.608761 0.793353 0.000000
outer loop
vertex 14.0530 -21.3138 0.0000
vertex 13.5946 -21.6655 0.0000
vertex 13.5946 -21.6655 14.9519
endloop
endfacet
facet normal -0.608761 0.793353 0.000000
outer loop
vertex 14.0530 -21.3138 0.0000
vertex 13.5946 -21.6655 14.9519
vertex 14.0530 -21.3138 14.9519
endloop
endfacet
facet normal 0.000000 0.000000 1.000000
outer loop
vertex 15.1597 -23.2307 14.9519
vertex 14.0530 -21.3138 14.9519
vertex 13.5946 -21.6655 14.9519
endloop
endfacet
facet normal 0.000000 0.000000 -1.000000
outer loop
vertex 15.1597 -23.2307 0.0000
vertex 13.5946 -21.6655 0.0000
vertex 14.0530 -21.3138 0.0000
endloop
endfacet
facet normal -0.793353 0.608761 0.000000
outer loop
vertex 13.5946 -21.6655 0.0000
vertex 13.2428 -22.1239 0.0000
vertex 13.2428 -22.1239 14.9519
endloop
endfacet
facet normal -0.793353 0.608761 0.000000
outer loop
vertex 13.5946 -21.6655 0.0000
vertex 13.2428 -22.1239 14.9519
vertex 13.5946 -21.6655 14.9519
endloop
endfacet
facet normal 0.000000 0.000000 1.000000
outer loop
vertex 15.1597 -23.2307 14.9519
vertex 13.5946 -21.6655 14.9519
vertex 13.2428 -22.1239 14.9519
endloop
endfacet
facet normal 0.000000 0.000000 -1.000000
outer loop
vertex 15.1597 -23.2307 0.0000
vertex 13.2428 -22.1239 0.0000
vertex 13.5946 -21.6655 0.0000
endloop
endfacet
facet normal -0.923880 0.382683 0.000000
outer loop
vertex 13.2428 -22.1239 0.0000
vertex 13.0217 -22.6578 0.0000
vertex 13.0217 -22.6578 14.9519
endloop
endfacet
facet normal -0.923880 0.382683 0.000000
outer loop
vertex 13.2428 -22.1239 0.0000
vertex 13.0217 -22.6578 14.9519
vertex 13.2428 -22.1239 14.9519
endloop
endfacet
facet normal 0.000000 0.000000 1.000000
outer loop
vertex 15.1597 -23.2307 14.9519
vertex 13.2428 -22.1239 14.9519
vertex 13.0217 -22.6578 14.9519
endloop
endfacet
facet normal 0.000000 0.000000 -1.000000
outer loop
vertex 15.1597 -23.2307 0.0000
vertex 13.0217 -22.6578 0.0000
vertex 13.2428 -22.1239 0.0000
endloop
endfacet
facet normal -0.991445 0.130526 0.000000
outer loop
vertex 13.0217 -22.6578 0.0000
vertex 12.9463 -23.2307 0.0000
vertex 12.9463 -23.2307 14.9519
endloop
endfacet
facet normal -0.991445 0.130526 0.000000
outer loop
vertex 13.0217 -22.6578 0.0000
vertex 12.9463 -23.2307 14.9519
vertex 13.0217 -22.6578 14.9519
endloop
endfacet
facet normal 0.000000 0.000000 1.000000
outer loop
vertex 15.1597 -23.2307 14.9519
vertex 13.0217 -22.6578 14.9519
vertex 12.9463 -23.2307 14.9519
endloop
endfacet
facet normal 0.000000 0.000000 -1.000000
outer loop
vertex 15.1597 -23.2307 0.0000
vertex 12.9463 -23.2307 0.0000
vertex 13.0217 -22.6578 0.0000
endloop
endfacet
facet normal -0.991445 -0.130526 0.000000
outer loop
vertex 12.9463 -23.2307 0.0000
vertex 13.0217 -23.8035 0.0000
vertex 13.0217 -23.8035 14.9519
endloop
endfacet
facet normal -0.991445 -0.130526 0.000000
outer loop
vertex 12.9463 -23.2307 0.0000
vertex 13.0217 -23.8035 14.9519
vertex 12.9463 -23.2307 14.9519
endloop
endfacet
facet normal 0.000000 0.000000 1.000000
outer loop
vertex 15.1597 -23.2307 14.9519
vertex 12.9463 -23.2307 14.9519
vertex 13.0217 -23.8035 14.9519
endloop
endfacet
facet normal -0.000000 0.000000 -1.000000
outer loop
vertex 15.1597 -23.2307 0.0000
vertex 13.0217 -23.8035 0.0000
vertex 12.9463 -23.2307 0.0000
endloop
endfacet
facet normal -0.923880 -0.382683 0.000000
outer loop
vertex 13.0217 -23.8035 0.0000
vertex 13.2428 -24.3374 0.0000
vertex 13.2428 -24.3374 14.9519
endloop
endfacet
facet normal -0.923880 -0.382683 0.000000
outer loop
vertex 13.0217 -23.8035 0.0000
vertex 13.2428 -24.3374 14.9519
vertex 13.0217 -23.8035 14.9519
endloop
endfacet
facet normal 0.000000 0.000000 1.000000
outer loop
vertex 15.1597 -23.2307 14.9519
vertex 13.0217 -23.8035 14.9519
vertex 13.2428 -24.3374 14.9519
endloop
endfacet
facet normal 0.000000 0.000000 -1.000000
outer loop
vertex 15.1597 -23.2307 0.0000
vertex 13.2428 -24.3374 0.0000
vertex 13.0217 -23.8035 0.0000
endloop
endfacet
facet normal -0.793353 -0.608761 0.000000
outer loop
vertex 13.2428 -24.3374 0.0000
vertex 13.5946 -24.7958 0.0000
vertex 13.5946 -24.7958 14.9519
endloop
endfacet
facet normal -0.793353 -0.608761 0.000000
outer loop
vertex 13.2428 -24.3374 0.0000
vertex 13.5946 -24.7958 14.9519
vertex 13.2428 -24.3374 14.9519
endloop
endfacet
facet normal 0.000000 0.000000 1.000000
outer loop
vertex 15.1597 -23.2307 14.9519
vertex 13.2428 -24.3374 14.9519
vertex 13.5946 -24.7958 14.9519
endloop
endfacet
facet normal 0.000000 0.000000 -1.000000
outer loop
vertex 15.1597 -23.2307 0.0000
vertex 13.5946 -24.7958 0.0000
vertex 13.2428 -24.3374 0.0000
endloop
endfacet
facet normal -0.608761 -0.793353 0.000000
outer loop
vertex 13.5946 -24.7958 0.0000
vertex 14.0530 -25.1475 0.0000
vertex 14.0530 -25.1475 14.9519
endloop
endfacet
facet normal -0.608761 -0.793353 0.000000
outer loop
vertex 13.5946 -24.7958 0.0000
vertex 14.0530 -25.1475 14.9519
vertex 13.5946 -24.7958 14.9519
endloop
endfacet
facet normal 0.000000 0.000000 1.000000
outer loop
vertex 15.1597 -23.2307 14.9519
vertex 13.5946 -24.7958 14.9519
vertex 14.0530 -25.1475 14.9519
endloop
endfacet
facet normal 0.000000 0.000000 -1.000000
outer loop
vertex 15.1597 -23.2307 0.0000
vertex 14.0530 -25.1475 0.0000
vertex 13.5946 -24.7958 0.0000
endloop
endfacet
facet normal -0.382683 -0.923880 0.000000
outer loop
vertex 14.0530 -25.1475 0.0000
vertex 14.5868 -25.3686 0.0000
vertex 14.5868 -25.3686 14.9519
endloop
endfacet
facet normal -0.382683 -0.923880 0.000000
outer loop
vertex 14.0530 -25.1475 0.0000
vertex 14.5868 -25.3686 14.9519
vertex 14.0530 -25.1475 14.9519
endloop
endfacet
facet normal 0.000000 0.000000 1.000000
outer loop
vertex 15.1597 -23.2307 14.9519
vertex 14.0530 -25.1475 14.9519
vertex 14.5868 -25.3686 14.9519
endloop
endfacet
facet normal 0.000000 0.000000 -1.000000
outer loop
vertex 15.1597 -23.2307 0.0000
vertex 14.5868 -25.3686 0.0000
vertex 14.0530 -25.1475 0.0000
endloop
endfacet
facet normal -0.130526 -0.991445 0.000000
outer loop
vertex 14.5868 -25.3686 0.0000
vertex 15.1597 -25.4441 0.0000
vertex 15.1597 -25.4441 14.9519
endloop
endfacet
facet normal -0.130526 -0.991445 0.000000
outer loop
vertex 14.5868 -25.3686 0.0000
vertex 15.1597 -25.4441 14.9519
vertex 14.5868 -25.3686 14.9519
endloop
endfacet
facet normal 0.000000 0.000000 1.000000
outer loop
vertex 15.1597 -23.2307 14.9519
vertex 14.5868 -25.3686 14.9519
vertex 15.1597 -25.4441 14.9519
endloop
endfacet
facet normal 0.000000 -0.000000 -1.000000
outer loop
vertex 15.1597 -23.2307 0.0000
vertex 15.1597 -25.4441 0.0000
vertex 14.5868 -25.3686 0.0000
endloop
endfacet
facet normal 0.130526 -0.991445 0.000000
outer loop
vertex 15.1597 -25.4441 0.0000
vertex 15.7326 -25.3686 0.0000
vertex 15.7326 -25.3686 14.9519
endloop
endfacet
facet normal 0.130526 -0.991445 0.000000
outer loop
vertex 15.1597 -25.4441 0.0000
vertex 15.7326 -25.3686 14.9519
vertex 15.1597 -25.4441 14.9519
endloop
endfacet
facet normal 0.000000 0.000000 1.000000
outer loop
vertex 15.1597 -23.2307 14.9519
vertex 15.1597 -25.4441 14.9519
vertex 15.7326 -25.3686 14.9519
endloop
endfacet
facet normal 0.000000 0.000000 -1.000000
outer loop
vertex 15.1597 -23.2307 0.0000
vertex 15.7326 -25.3686 0.0000
vertex 15.1597 -25.4441 0.0000
endloop
endfacet
facet normal 0.382683 -0.923880 0.000000
outer loop
vertex 15.7326 -25.3686 0.0000
vertex 16.2664 -25.1475 0.0000
vertex 16.2664 -25.1475 14.9519
endloop
endfacet
facet normal 0.382683 -0.923880 0.000000
outer loop
vertex 15.7326 -25.3686 0.0000
vertex 16.2664 -25.1475 14.9519
vertex 15.7326 -25.3686 14.9519
endloop
endfacet
facet normal 0.000000 0.000000 1.000000
outer loop
vertex 15.1597 -23.2307 14.9519
vertex 15.7326 -25.3686 14.9519
vertex 16.2664 -25.1475 14.9519
endloop
endfacet
facet normal 0.000000 0.000000 -1.000000
outer loop
vertex 15.1597 -23.2307 0.0000
vertex 16.2664 -25.1475 0.0000
vertex 15.7326 -25.3686 0.0000
endloop
endfacet
facet normal 0.608761 -0.793353 0.000000
outer loop
vertex 16.2664 -25.1475 0.0000
vertex 16.7248 -24.7958 0.0000
vertex 16.7248 -24.7958 14.9519
endloop
endfacet
facet normal 0.608761 -0.793353 0.000000
outer loop
vertex 16.2664 -25.1475 0.0000
vertex 16.7248 -24.7958 14.9519
vertex 16.2664 -25.1475 14.9519
endloop
endfacet
facet normal 0.000000 0.000000 1.000000
outer loop
vertex 15.1597 -23.2307 14.9519
vertex 16.2664 -25.1475 14.9519
vertex 16.7248 -24.7958 14.9519
endloop
endfacet
facet normal 0.000000 0.000000 -1.000000
outer loop
vertex 15.1597 -23.2307 0.0000
vertex 16.7248 -24.7958 0.0000
vertex 16.2664 -25.1475 0.0000
endloop
endfacet
facet normal 0.793353 -0.608761 0.000000
outer loop
vertex 16.7248 -24.7958 0.0000
vertex 17.0766 -24.3374 0.0000
vertex 17.0766 -24.3374 14.9519
endloop
endfacet
facet normal 0.793353 -0.608761 0.000000
outer loop
vertex 16.7248 -24.7958 0.0000
vertex 17.0766 -24.3374 14.9519
vertex 16.7248 -24.7958 14.9519
endloop
endfacet
facet normal 0.000000 0.000000 1.000000
outer loop
vertex 15.1597 -23.2307 14.9519
vertex 16.7248 -24.7958 14.9519
vertex 17.0766 -24.3374 14.9519
endloop
endfacet
facet normal 0.000000 0.000000 -1.000000
outer loop
vertex 15.1597 -23.2307 0.0000
vertex 17.0766 -24.3374 0.0000
vertex 16.7248 -24.7958 0.0000
endloop
endfacet
facet normal 0.923880 -0.382683 0.000000
outer loop
vertex 17.0766 -24.3374 0.0000
vertex 17.2977 -23.8035 0.0000
vertex 17.2977 -23.8035 14.9519
endloop
endfacet
facet normal 0.923880 -0.382683 0.000000
outer loop
vertex 17.0766 -24.3374 0.0000
vertex 17.2977 -23.8035 14.9519
vertex 17.0766 -24.3374 14.9519
endloop
endfacet
facet normal 0.000000 0.000000 1.000000
outer loop
vertex 15.1597 -23.2307 14.9519
vertex 17.0766 -24.3374 14.9519
vertex 17.2977 -23.8035 14.9519
endloop
endfacet
facet normal 0.000000 0.000000 -1.000000
outer loop
vertex 15.1597 -23.2307 0.0000
vertex 17.2977 -23.8035 0.0000
vertex 17.0766 -24.3374 0.0000
endloop
endfacet
facet normal 0.991445 -0.130526 0.000000
outer loop
vertex 17.2977 -23.8035 0.0000
vertex 17.3731 -23.2307 0.0000
vertex 17.3731 -23.2307 14.9519
endloop
endfacet
facet normal 0.991445 -0.130526 0.000000
outer loop
vertex 17.2977 -23.8035 0.0000
vertex 17.3731 -23.2307 14.9519
vertex 17.2977 -23.8035 14.9519
endloop
endfacet
facet normal -0.000000 0.000000 1.000000
outer loop
vertex 15.1597 -23.2307 14.9519
vertex 17.2977 -23.8035 14.9519
vertex 17.3731 -23.2307 14.9519
endloop
endfacet
facet normal 0.000000 0.000000 -1.000000
outer loop
vertex 15.1597 -23.2307 0.0000
vertex 17.3731 -23.2307 0.0000
vertex 17.2977 -23.8035 0.0000
endloop
endfacet
facet normal 0.000000 0.000000 -1.000000
outer loop
vertex -14.0716 -36.6075 0.0000
vertex -14.0716 -31.9706 0.0000
vertex -7.6927 -31.9706 0.0000
endloop
endfacet
facet normal 0.000000 0.000000 -1.000000
outer loop
vertex -14.0716 -36.6075 0.0000
vertex -7.6927 -31.9706 0.0000
vertex -7.6927 -36.6075 0.0000
endloop
endfacet
facet normal 0.000000 0.000000 1.000000
outer loop
vertex -14.0716 -36.6075 7.1624
vertex -7.6927 -36.6075 7.1624
vertex -7.6927 -31.9706 7.1624
endloop
endfacet
facet normal 0.000000 0.000000 1.000000
outer loop
vertex -14.0716 -36.6075 7.1624
vertex -7.6927 -31.9706 7.1624
vertex -14.0716 -31.9706 7.1624
endloop
endfacet
facet normal 0.000000 -1.000000 0.000000
outer loop
vertex -14.0716 -36.6075 0.0000
vertex -7.6927 -36.6075 0.0000
vertex -7.6927 -36.6075 7.1624
endloop
endfacet
facet normal 0.000000 -1.000000 0.000000
outer loop
vertex -14.0716 -36.6075 0.0000
vertex -7.6927 -36.6075 7.1624
vertex -14.0716 -36.6075 7.1624
endloop
endfacet
facet normal 1.000000 0.000000 0.000000
outer loop
vertex -7.6927 -36.6075 0.0000
vertex -7.6927 -31.9706 0.0000
vertex -7.6927 -31.9706 7.1624
endloop
endfacet
facet normal 1.000000 0.000000 0.000000
outer loop
vertex -7.6927 -36.6075 0.0000
vertex -7.6927 -31.9706 7.1624
vertex -7.6927 -36.6075 7.1624
endloop
endfacet
facet normal 0.000000 1.000000 0.000000
outer loop
vertex -7.6927 -31.9706 0.0000
vertex -14.0716 -31.9706 0.0000
vertex -14.0716 -31.9706 7.1624
endloop
endfacet
facet normal 0.000000 1.000000 -0.000000
outer loop
vertex -7.6927 -31.9706 0.0000
vertex -14.0716 -31.9706 7.1624
vertex -7.6927 -31.9706 7.1624
endloop
endfacet
facet normal -1.000000 0.000000 0.000000
outer loop
vertex -14.0716 -31.9706 0.0000
vertex -14.0716 -36.6075 0.0000
vertex -14.0716 -36.6075 7.1624
endloop
endfacet
facet normal -1.000000 0.000000 0.000000
outer loop
vertex -14.0716 -31.9706 0.0000
vertex -14.0716 -36.6075 7.1624
vertex -14.0716 -31.9706 7.1624
endloop
endfacet
facet normal 0.000000 0.000000 -1.000000
outer loop
vertex -29.4501 -24.1219 0.0000
vertex -29.4501 -14.7589 0.0000
vertex -22.8533 -14.7589 0.0000
endloop
endfacet
facet normal 0.000000 0.000000 -1.000000
outer loop
vertex -29.4501 -24.1219 0.0000
vertex -22.8533 -14.7589 0.0000
vertex -22.8533 -24.1219 0.0000
endloop
endfacet
facet normal 0.000000 0.000000 1.000000
outer loop
vertex -29.4501 -24.1219 9.5458
vertex -22.8533 -24.1219 9.5458
vertex -22.8533 -14.7589 9.5458
endloop
endfacet
facet normal 0.000000 0.000000 1.000000
outer loop
vertex -29.4501 -24.1219 9.5458
vertex -22.8533 -14.7589 9.5458
vertex -29.4501 -14.7589 9.5458
endloop
endfacet
facet normal 0.000000 -1.000000 0.000000
outer loop
vertex -29.4501 -24.1219 0.0000
vertex -22.8533 -24.1219 0.0000
vertex -22.8533 -24.1219 9.5458
endloop
endfacet
facet normal 0.000000 -1.000000 0.000000
outer loop
vertex -29.4501 -24.1219 0.0000
vertex -22.8533 -24.1219 9.5458
vertex -29.4501 -24.1219 9.5458
endloop
endfacet
facet normal 1.000000 0.000000 0.000000
outer loop
vertex -22.8533 -24.1219 0.0000
vertex -22.8533 -14.7589 0.0000
vertex -22.8533 -14.7589 9.5458
endloop
endfacet
facet normal 1.000000 0.000000 0.000000
outer loop
vertex -22.8533 -24.1219 0.0000
vertex -22.8533 -14.7589 9.5458
vertex -22.8533 -24.1219 9.5458
endloop
endfacet
facet normal 0.000000 1.000000 0.000000
outer loop
vertex -22.8533 -14.7589 0.0000
vertex -29.4501 -14.7589 0.0000
vertex -29.4501 -14.7589 9.5458
endloop
endfacet
facet normal 0.000000 1.000000 -0.000000
outer loop
vertex -22.8533 -14.7589 0.0000
vertex -29.4501 -14.7589 9.5458
vertex -22.8533 -14.7589 9.5458
endloop
endfacet
facet normal -1.000000 0.000000 0.000000
outer loop
vertex -29.4501 -14.7589 0.0000
vertex -29.4501 -24.1219 0.0000
vertex -29.4501 -24.1219 9.5458
endloop
endfacet
facet normal -1.000000 0.000000 0.000000
outer loop
vertex -29.4501 -14.7589 0.0000
vertex -29.4501 -24.1219 9.5458
vertex -29.4501 -14.7589 9.5458
endloop
endfacet
facet normal 0.991445 0.130526 0.000000
outer loop
vertex -19.8786 1.9002 0.0000
vertex -19.9596 2.5152 0.0000
vertex -19.9596 2.5152 12.8352
endloop
endfacet
facet normal 0.991445 0.130526 -0.000000
outer loop
vertex -19.8786 1.9002 0.0000
vertex -19.9596 2.5152 12.8352
vertex -19.8786 1.9002 12.8352
endloop
endfacet
facet normal 0.000000 0.000000 1.000000
outer loop
vertex -22.2548 1.9002 12.8352
vertex -19.8786 1.9002 12.8352
vertex -19.9596 2.5152 12.8352
endloop
endfacet
facet normal 0.000000 0.000000 -1.000000
outer loop
vertex -22.2548 1.9002 0.0000
vertex -19.9596 2.5152 0.0000
vertex -19.8786 1.9002 0.0000
endloop
endfacet
facet normal 0.923880 0.382683 0.000000
outer loop
vertex -19.9596 2.5152 0.0000
vertex -20.1970 3.0883 0.0000
vertex -20.1970 3.0883 12.8352
endloop
endfacet
facet normal 0.923880 0.382683 -0.000000
outer loop
vertex -19.9596 2.5152 0.0000
vertex -20.1970 3.0883 12.8352
vertex -19.9596 2.5152 12.8352
endloop
endfacet
facet normal 0.000000 0.000000 1.000000
outer loop
vertex -22.2548 1.9002 12.8352
vertex -19.9596 2.5152 12.8352
vertex -20.1970 3.0883 12.8352
endloop
endfacet
facet normal 0.000000 0.000000 -1.000000
outer loop
vertex -22.2548 1.9002 0.0000
vertex -20.1970 3.0883 0.0000
vertex -19.9596 2.5152 0.0000
endloop
endfacet
facet normal 0.793353 0.608761 0.000000
outer loop
vertex -20.1970 3.0883 0.0000
vertex -20.5746 3.5804 0.0000
vertex -20.5746 3.5804 12.8352
endloop
endfacet
facet normal 0.793353 0.608761 -0.000000
outer loop
vertex -20.1970 3.0883 0.0000
vertex -20.5746 3.5804 12.8352
vertex -20.1970 3.0883 12.8352
endloop
endfacet
facet normal 0.000000 0.000000 1.000000
outer loop
vertex -22.2548 1.9002 12.8352
vertex -20.1970 3.0883 12.8352
vertex -20.5746 3.5804 12.8352
endloop
endfacet
facet normal 0.000000 0.000000 -1.000000
outer loop
vertex -22.2548 1.9002 0.0000
vertex -20.5746 3.5804 0.0000
vertex -20.1970 3.0883 0.0000
endloop
endfacet
facet normal 0.608761 0.793353 0.000000
outer loop
vertex -20.5746 3.5804 0.0000
vertex -21.0667 3.9581 0.0000
vertex -21.0667 3.9581 12.8352
endloop
endfacet
facet normal 0.608761 0.793353 -0.000000
outer loop
vertex -20.5746 3.5804 0.0000
vertex -21.0667 3.9581 12.8352
vertex -20.5746 3.5804 12.8352
endloop
endfacet
facet normal 0.000000 0.000000 1.000000
outer loop
vertex -22.2548 1.9002 12.8352
vertex -20.5746 3.5804 12.8352
vertex -21.0667 3.9581 12.8352
endloop
endfacet
facet normal 0.000000 0.000000 -1.000000
outer loop
vertex -22.2548 1.9002 0.0000
vertex -21.0667 3.9581 0.0000
vertex -20.5746 3.5804 0.0000
endloop
endfacet
facet normal 0.382683 0.923880 0.000000
outer loop
vertex -21.0667 3.9581 0.0000
vertex -21.6398 4.1954 0.0000
vertex -21.6398 4.1954 12.8352
endloop
endfacet
facet normal 0.382683 0.923880 -0.000000
outer loop
vertex -21.0667 3.9581 0.0000
vertex -21.6398 4.1954 12.8352
vertex -21.0667 3.9581 12.8352
endloop
endfacet
facet normal 0.000000 0.000000 1.000000
outer loop
vertex -22.2548 1.9002 12.8352
vertex -21.0667 3.9581 12.8352
vertex -21.6398 4.1954 12.8352
endloop
endfacet
facet normal 0.000000 0.000000 -1.000000
outer loop
vertex -22.2548 1.9002 0.0000
vertex -21.6398 4.1954 0.0000
vertex -21.0667 3.9581 0.0000
endloop
endfacet
facet normal 0.130526 0.991445 0.000000
outer loop
vertex -21.6398 4.1954 0.0000
vertex -22.2548 4.2764 0.0000
vertex -22.2548 4.2764 12.8352
endloop
endfacet
facet normal 0.130526 0.991445 -0.000000
outer loop
vertex -21.6398 4.1954 0.0000
vertex -22.2548 4.2764 12.8352
vertex -21.6398 4.1954 12.8352
endloop
endfacet
facet normal 0.000000 0.000000 1.000000
outer loop
vertex -22.2548 1.9002 12.8352
vertex -21.6398 4.1954 12.8352
vertex -22.2548 4.2764 12.8352
endloop
endfacet
facet normal 0.000000 0.000000 -1.000000
outer loop
vertex -22.2548 1.9002 0.0000
vertex -22.2548 4.2764 0.0000
vertex -21.6398 4.1954 0.0000
endloop
endfacet
facet normal -0.130526 0.991445 0.000000
outer loop
vertex -22.2548 4.2764 0.0000
vertex -22.8698 4.1954 0.0000
vertex -22.8698 4.1954 12.8352
endloop
endfacet
facet normal -0.130526 0.991445 0.000000
outer loop
vertex -22.2548 4.2764 0.0000
vertex -22.8698 4.1954 12.8352
vertex -22.2548 4.2764 12.8352
endloop
endfacet
facet normal 0.000000 -0.000000 1.000000
outer loop
vertex -22.2548 1.9002 12.8352
vertex -22.2548 4.2764 12.8352
vertex -22.8698 4.1954 12.8352
endloop
endfacet
facet normal 0.000000 0.000000 -1.000000
outer loop
vertex -22.2548 1.9002 0.0000
vertex -22.8698 4.1954 0.0000
vertex -22.2548 4.2764 0.0000
endloop
endfacet
facet normal -0.382683 0.923880 0.000000
outer loop
vertex -22.8698 4.1954 0.0000
vertex -23.4429 3.9581 0.0000
vertex -23.4429 3.9581 12.8352
endloop
endfacet
facet normal -0.382683 0.923880 0.000000
outer loop
vertex -22.8698 4.1954 0.0000
vertex -23.4429 3.9581 12.8352
vertex -22.8698 4.1954 12.8352
endloop
endfacet
facet normal 0.000000 0.000000 1.000000
outer loop
vertex -22.2548 1.9002 12.8352
vertex -22.8698 4.1954 12.8352
vertex -23.4429 3.9581 12.8352
endloop
endfacet
facet normal 0.000000 0.000000 -1.000000
outer loop
vertex -22.2548 1.9002 0.0000
vertex -23.4429 3.9581 0.0000
vertex -22.8698 4.1954 0.0000
endloop
endfacet
facet normal -0.608761 0.793353 0.000000
outer loop
vertex -23.4429 3.9581 0.0000
vertex -23.9350 3.5804 0.0000
vertex -23.9350 3.5804 12.8352
endloop
endfacet
facet normal -0.608761 0.793353 0.000000
outer loop
vertex -23.4429 3.9581 0.0000
vertex -23.9350 3.5804 12.8352
vertex -23.4429 3.9581 12.8352
endloop
endfacet
facet normal 0.000000 0.000000 1.000000
outer loop
vertex -22.2548 1.9002 12.8352
vertex -23.4429 3.9581 12.8352
vertex -23.9350 3.5804 12.8352
endloop
endfacet
facet normal 0.000000 0.000000 -1.000000
outer loop
vertex -22.2548 1.9002 0.0000
vertex -23.9350 3.5804 0.0000
vertex -23.4429 3.9581 0.0000
endloop
endfacet
facet normal -0.793353 0.608761 0.000000
outer loop
vertex -23.9350 3.5804 0.0000
vertex -24.3126 3.0883 0.0000
vertex -24.3126 3.0883 12.8352
endloop
endfacet
facet normal -0.793353 0.608761 0.000000
outer loop
vertex -23.9350 3.5804 0.0000
vertex -24.3126 3.0883 12.8352
vertex -23.9350 3.5804 12.8352
endloop
endfacet
facet normal 0.000000 0.000000 1.000000
outer loop
vertex -22.2548 1.9002 12.8352
vertex -23.9350 3.5804 12.8352
vertex -24.3126 3.0883 12.8352
endloop
endfacet
facet normal 0.000000 0.000000 -1.000000
outer loop
vertex -22.2548 1.9002 0.0000
vertex -24.3126 3.0883 0.0000
vertex -23.9350 3.5804 0.0000
endloop
endfacet
facet normal -0.923880 0.382683 0.000000
outer loop
vertex -24.3126 3.0883 0.0000
vertex -24.5500 2.5152 0.0000
vertex -24.5500 2.5152 12.8352
endloop
endfacet
facet normal -0.923880 0.382683 0.000000
outer loop
vertex -24.3126 3.0883 0.0000
vertex -24.5500 2.5152 12.8352
vertex -24.3126 3.0883 12.8352
endloop
endfacet
facet normal 0.000000 0.000000 1.000000
outer loop
vertex -22.2548 1.9002 12.8352
vertex -24.3126 3.0883 12.8352
vertex -24.5500 2.5152 12.8352
endloop
endfacet
facet normal 0.000000 0.000000 -1.000000
outer loop
vertex -22.2548 1.9002 0.0000
vertex -24.5500 2.5152 0.0000
vertex -24.3126 3.0883 0.0000
endloop
endfacet
facet normal -0.991445 0.130526 0.000000
outer loop
vertex -24.5500 2.5152 0.0000
vertex -24.6309 1.9002 0.0000
vertex -24.6309 1.9002 12.8352
endloop
endfacet
facet normal -0.991445 0.130526 0.000000
outer loop
vertex -24.5500 2.5152 0.0000
vertex -24.6309 1.9002 12.8352
vertex -24.5500 2.5152 12.8352
endloop
endfacet
facet normal 0.000000 0.000000 1.000000
outer loop
vertex -22.2548 1.9002 12.8352
vertex -24.5500 2.5152 12.8352
vertex -24.6309 1.9002 12.8352
endloop
endfacet
facet normal 0.000000 0.000000 -1.000000
outer loop
vertex -22.2548 1.9002 0.0000
vertex -24.6309 1.9002 0.0000
vertex -24.5500 2.5152 0.0000
endloop
endfacet
facet normal -0.991445 -0.130526 0.000000
outer loop
vertex -24.6309 1.9002 0.0000
vertex -24.5500 1.2852 0.0000
vertex -24.5500 1.2852 12.8352
endloop
endfacet
facet normal -0.991445 -0.130526 0.000000
outer loop
vertex -24.6309 1.9002 0.0000
vertex -24.5500 1.2852 12.8352
vertex -24.6309 1.9002 12.8352
endloop
endfacet
facet normal 0.000000 0.000000 1.000000
outer loop
vertex -22.2548 1.9002 12.8352
vertex -24.6309 1.9002 12.8352
vertex -24.5500 1.2852 12.8352
endloop
endfacet
facet normal -0.000000 0.000000 -1.000000
outer loop
vertex -22.2548 1.9002 0.0000
vertex -24.5500 1.2852 0.0000
vertex -24.6309 1.9002 0.0000
endloop
endfacet
facet normal -0.923880 -0.382683 0.000000
outer loop
vertex -24.5500 1.2852 0.0000
vertex -24.3126 0.7121 0.0000
vertex -24.3126 0.7121 12.8352
endloop
endfacet
facet normal -0.923880 -0.382683 0.000000
outer loop
vertex -24.5500 1.2852 0.0000
vertex -24.3126 0.7121 12.8352
vertex -24.5500 1.2852 12.8352
endloop
endfacet
facet normal 0.000000 0.000000 1.000000
outer loop
vertex -22.2548 1.9002 12.8352
vertex -24.5500 1.2852 12.8352
vertex -24.3126 0.7121 12.8352
endloop
endfacet
facet normal 0.000000 0.000000 -1.000000
outer loop
vertex -22.2548 1.9002 0.0000
vertex -24.3126 0.7121 0.0000
vertex -24.5500 1.2852 0.0000
endloop
endfacet
facet normal -0.793353 -0.608761 0.000000
outer loop
vertex -24.3126 0.7121 0.0000
vertex -23.9350 0.2200 0.0000
vertex -23.9350 0.2200 12.8352
endloop
endfacet
facet normal -0.793353 -0.608761 0.000000
outer loop
vertex -24.3126 0.7121 0.0000
vertex -23.9350 0.2200 12.8352
vertex -24.3126 0.7121 12.8352
endloop
endfacet
facet normal 0.000000 0.000000 1.000000
outer loop
vertex -22.2548 1.9002 12.8352
vertex -24.3126 0.7121 12.8352
vertex -23.9350 0.2200 12.8352
endloop
endfacet
facet normal 0.000000 0.000000 -1.000000
outer loop
vertex -22.2548 1.9002 0.0000
vertex -23.9350 0.2200 0.0000
vertex -24.3126 0.7121 0.0000
endloop
endfacet
facet normal -0.608761 -0.793353 0.000000
outer loop
vertex -23.9350 0.2200 0.0000
vertex -23.4429 -0.1576 0.0000
vertex -23.4429 -0.1576 12.8352
endloop
endfacet
facet normal -0.608761 -0.793353 0.000000
outer loop
vertex -23.9350 0.2200 0.0000
vertex -23.4429 -0.1576 12.8352
vertex -23.9350 0.2200 12.8352
endloop
endfacet
facet normal 0.000000 0.000000 1.000000
outer loop
vertex -22.2548 1.9002 12.8352
vertex -23.9350 0.2200 12.8352
vertex -23.4429 -0.1576 12.8352
endloop
endfacet
facet normal 0.000000 0.000000 -1.000000
outer loop
vertex -22.2548 1.9002 0.0000
vertex -23.4429 -0.1576 0.0000
vertex -23.9350 0.2200 0.0000
endloop
endfacet
facet normal -0.382683 -0.923880 0.000000
outer loop
vertex -23.4429 -0.1576 0.0000
vertex -22.8698 -0.3950 0.0000
vertex -22.8698 -0.3950 12.8352
endloop
endfacet
facet normal -0.382683 -0.923880 0.000000
outer loop
vertex -23.4429 -0.1576 0.0000
vertex -22.8698 -0.3950 12.8352
vertex -23.4429 -0.1576 12.8352
endloop
endfacet
facet normal 0.000000 0.000000 1.000000
outer loop
vertex -22.2548 1.9002 12.8352
vertex -23.4429 -0.1576 12.8352
vertex -22.8698 -0.3950 12.8352
endloop
endfacet
facet normal 0.000000 0.000000 -1.000000
outer loop
vertex -22.2548 1.9002 0.0000
vertex -22.8698 -0.3950 0.0000
vertex -23.4429 -0.1576 0.0000
endloop
endfacet
facet normal -0.130526 -0.991445 0.000000
outer loop
vertex -22.8698 -0.3950 0.0000
vertex -22.2548 -0.4759 0.0000
vertex -22.2548 -0.4759 12.8352
endloop
endfacet
facet normal -0.130526 -0.991445 0.000000
outer loop
vertex -22.8698 -0.3950 0.0000
vertex -22.2548 -0.4759 12.8352
vertex -22.8698 -0.3950 12.8352
endloop
endfacet
facet normal 0.000000 0.000000 1.000000
outer loop
vertex -22.2548 1.9002 12.8352
vertex -22.8698 -0.3950 12.8352
vertex -22.2548 -0.4759 12.8352
endloop
endfacet
facet normal 0.000000 -0.000000 -1.000000
outer loop
vertex -22.2548 1.9002 0.0000
vertex -22.2548 -0.4759 0.0000
vertex -22.8698 -0.3950 0.0000
endloop
endfacet
facet normal 0.130526 -0.991445 0.000000
outer loop
vertex -22.2548 -0.4759 0.0000
vertex -21.6398 -0.3950 0.0000
vertex -21.6398 -0.3950 12.8352
endloop
endfacet
facet normal 0.130526 -0.991445 0.000000
outer loop
vertex -22.2548 -0.4759 0.0000
vertex -21.6398 -0.3950 12.8352
vertex -22.2548 -0.4759 12.8352
endloop
endfacet
facet normal 0.000000 0.000000 1.000000
outer loop
vertex -22.2548 1.9002 12.8352
vertex -22.2548 -0.4759 12.8352
vertex -21.6398 -0.3950 12.8352
endloop
endfacet
facet normal 0.000000 0.000000 -1.000000
outer loop
vertex -22.2548 1.9002 0.0000
vertex -21.6398 -0.3950 0.0000
vertex -22.2548 -0.4759 0.0000
endloop
endfacet
facet normal 0.382683 -0.923880 0.000000
outer loop
vertex -21.6398 -0.3950 0.0000
vertex -21.0667 -0.1576 0.0000
vertex -21.0667 -0.1576 12.8352
endloop
endfacet
facet normal 0.382683 -0.923880 0.000000
outer loop
vertex -21.6398 -0.3950 0.0000
vertex -21.0667 -0.1576 12.8352
vertex -21.6398 -0.3950 12.8352
endloop
endfacet
facet normal 0.000000 0.000000 1.000000
outer loop
vertex -22.2548 1.9002 12.8352
vertex -21.6398 -0.3950 12.8352
vertex -21.0667 -0.1576 12.8352
endloop
endfacet
facet normal 0.000000 0.000000 -1.000000
outer loop
vertex -22.2548 1.9002 0.0000
vertex -21.0667 -0.1576 0.0000
vertex -21.6398 -0.3950 0.0000
endloop
endfacet
facet normal 0.608761 -0.793353 0.000000
outer loop
vertex -21.0667 -0.1576 0.0000
vertex -20.5746 0.2200 0.0000
vertex -20.5746 0.2200 12.8352
endloop
endfacet
facet normal 0.608761 -0.793353 0.000000
outer loop
vertex -21.0667 -0.1576 0.0000
vertex -20.5746 0.2200 12.8352
vertex -21.0667 -0.1576 12.8352
endloop
endfacet
facet normal 0.000000 0.000000 1.000000
outer loop
vertex -22.2548 1.9002 12.8352
vertex -21.0667 -0.1576 12.8352
vertex -20.5746 0.2200 12.8352
endloop
endfacet
facet normal 0.000000 0.000000 -1.000000
outer loop
vertex -22.2548 1.9002 0.0000
vertex -20.5746 0.2200 0.0000
vertex -21.0667 -0.1576 0.0000
endloop
endfacet
facet normal 0.793353 -0.608761 0.000000
outer loop
vertex -20.5746 0.2200 0.0000
vertex -20.1970 0.7121 0.0000
vertex -20.1970 0.7121 12.8352
endloop
endfacet
facet normal 0.793353 -0.608761 0.000000
outer loop
vertex -20.5746 0.2200 0.0000
vertex -20.1970 0.7121 12.8352
vertex -20.5746 0.2200 12.8352
endloop
endfacet
facet normal 0.000000 0.000000 1.000000
outer loop
vertex -22.2548 1.9002 12.8352
vertex -20.5746 0.2200 12.8352
vertex -20.1970 0.7121 12.8352
endloop
endfacet
facet normal 0.000000 0.000000 -1.000000
outer loop
vertex -22.2548 1.9002 0.0000
vertex -20.1970 0.7121 0.0000
vertex -20.5746 0.2200 0.0000
endloop
endfacet
facet normal 0.923880 -0.382683 0.000000
outer loop
vertex -20.1970 0.7121 0.0000
vertex -19.9596 1.2852 0.0000
vertex -19.9596 1.2852 12.8352
endloop
endfacet
facet normal 0.923880 -0.382683 0.000000
outer loop
vertex -20.1970 0.7121 0.0000
vertex -19.9596 1.2852 12.8352
vertex -20.1970 0.7121 12.8352
endloop
endfacet
facet normal 0.000000 0.000000 1.000000
outer loop
vertex -22.2548 1.9002 12.8352
vertex -20.1970 0.7121 12.8352
vertex -19.9596 1.2852 12.8352
endloop
endfacet
facet normal 0.000000 0.000000 -1.000000
outer loop
vertex -22.2548 1.9002 0.0000
vertex -19.9596 1.2852 0.0000
vertex -20.1970 0.7121 0.0000
endloop
endfacet
facet normal 0.991445 -0.130526 0.000000
outer loop
vertex -19.9596 1.2852 0.0000
vertex -19.8786 1.9002 0.0000
vertex -19.8786 1.9002 12.8352
endloop
endfacet
facet normal 0.991445 -0.130526 0.000000
outer loop
vertex -19.9596 1.2852 0.0000
vertex -19.8786 1.9002 12.8352
vertex -19.9596 1.2852 12.8352
endloop
endfacet
facet normal 0.000000 0.000000 1.000000
outer loop
vertex -22.2548 1.9002 12.8352
vertex -19.9596 1.2852 12.8352
vertex -19.8786 1.9002 12.8352
endloop
endfacet
facet normal 0.000000 0.000000 -1.000000
outer loop
vertex -22.2548 1.9002 0.0000
vertex -19.8786 1.9002 0.0000
vertex -19.9596 1.2852 0.0000
endloop
endfacet
facet normal 0.991445 0.130526 0.000000
outer loop
vertex 23.0110 -0.6044 0.0000
vertex 22.9066 0.1886 0.0000
vertex 22.9066 0.1886 22.3637
endloop
endfacet
facet normal 0.991445 0.130526 -0.000000
outer loop
vertex 23.0110 -0.6044 0.0000
vertex 22.9066 0.1886 22.3637
vertex 23.0110 -0.6044 22.3637
endloop
endfacet
facet normal 0.000000 0.000000 1.000000
outer loop
vertex 19.9471 -0.6044 22.3637
vertex 23.0110 -0.6044 22.3637
vertex 22.9066 0.1886 22.3637
endloop
endfacet
facet normal 0.000000 0.000000 -1.000000
outer loop
vertex 19.9471 -0.6044 0.0000
vertex 22.9066 0.1886 0.0000
vertex 23.0110 -0.6044 0.0000
endloop
endfacet
facet normal 0.923880 0.382683 0.000000
outer loop
vertex 22.9066 0.1886 0.0000
vertex 22.6005 0.9275 0.0000
vertex 22.6005 0.9275 22.3637
endloop
endfacet
facet normal 0.923880 0.382683 -0.000000
outer loop
vertex 22.9066 0.1886 0.0000
vertex 22.6005 0.9275 22.3637
vertex 22.9066 0.1886 22.3637
endloop
endfacet
facet normal 0.000000 0.000000 1.000000
outer loop
vertex 19.9471 -0.6044 22.3637
vertex 22.9066 0.1886 22.3637
vertex 22.6005 0.9275 22.3637
endloop
endfacet
facet normal 0.000000 0.000000 -1.000000
outer loop
vertex 19.9471 -0.6044 0.0000
vertex 22.6005 0.9275 0.0000
vertex 22.9066 0.1886 0.0000
endloop
endfacet
facet normal 0.793353 0.608761 0.000000
outer loop
vertex 22.6005 0.9275 0.0000
vertex 22.1136 1.5621 0.0000
vertex 22.1136 1.5621 22.3637
endloop
endfacet
facet normal 0.793353 0.608761 -0.000000
outer loop
vertex 22.6005 0.9275 0.0000
vertex 22.1136 1.5621 22.3637
vertex 22.6005 0.9275 22.3637
endloop
endfacet
facet normal 0.000000 0.000000 1.000000
outer loop
vertex 19.9471 -0.6044 22.3637
vertex 22.6005 0.9275 22.3637
vertex 22.1136 1.5621 22.3637
endloop
endfacet
facet normal 0.000000 0.000000 -1.000000
outer loop
vertex 19.9471 -0.6044 0.0000
vertex 22.1136 1.5621 0.0000
vertex 22.6005 0.9275 0.0000
endloop
endfacet
facet normal 0.608761 0.793353 0.000000
outer loop
vertex 22.1136 1.5621 0.0000
vertex 21.4791 2.0490 0.0000
vertex 21.4791 2.0490 22.3637
endloop
endfacet
facet normal 0.608761 0.793353 -0.000000
outer loop
vertex 22.1136 1.5621 0.0000
vertex 21.4791 2.0490 22.3637
vertex 22.1136 1.5621 22.3637
endloop
endfacet
facet normal 0.000000 0.000000 1.000000
outer loop
vertex 19.9471 -0.6044 22.3637
vertex 22.1136 1.5621 22.3637
vertex 21.4791 2.0490 22.3637
endloop
endfacet
facet normal 0.000000 0.000000 -1.000000
outer loop
vertex 19.9471 -0.6044 0.0000
vertex 21.4791 2.0490 0.0000
vertex 22.1136 1.5621 0.0000
endloop
endfacet
facet normal 0.382683 0.923880 0.000000
outer loop
vertex 21.4791 2.0490 0.0000
vertex 20.7401 2.3551 0.0000
vertex 20.7401 2.3551 22.3637
endloop
endfacet
facet normal 0.382683 0.923880 -0.000000
outer loop
vertex 21.4791 2.0490 0.0000
vertex 20.7401 2.3551 22.3637
vertex 21.4791 2.0490 22.3637
endloop
endfacet
facet normal 0.000000 0.000000 1.000000
outer loop
vertex 19.9471 -0.6044 22.3637
vertex 21.4791 2.0490 22.3637
vertex 20.7401 2.3551 22.3637
endloop
endfacet
facet normal 0.000000 0.000000 -1.000000
outer loop
vertex 19.9471 -0.6044 0.0000
vertex 20.7401 2.3551 0.0000
vertex 21.4791 2.0490 0.0000
endloop
endfacet
facet normal 0.130526 0.991445 0.000000
outer loop
vertex 20.7401 2.3551 0.0000
vertex 19.9471 2.4595 0.0000
vertex 19.9471 2.4595 22.3637
endloop
endfacet
facet normal 0.130526 0.991445 -0.000000
outer loop
vertex 20.7401 2.3551 0.0000
vertex 19.9471 2.4595 22.3637
vertex 20.7401 2.3551 22.3637
endloop
endfacet
facet normal 0.000000 0.000000 1.000000
outer loop
vertex 19.9471 -0.6044 22.3637
vertex 20.7401 2.3551 22.3637
vertex 19.9471 2.4595 22.3637
endloop
endfacet
facet normal 0.000000 0.000000 -1.000000
outer loop
vertex 19.9471 -0.6044 0.0000
vertex 19.9471 2.4595 0.0000
vertex 20.7401 2.3551 0.0000
endloop
endfacet
facet normal -0.130526 0.991445 0.000000
outer loop
vertex 19.9471 2.4595 0.0000
vertex 19.1541 2.3551 0.0000
vertex 19.1541 2.3551 22.3637
endloop
endfacet
facet normal -0.130526 0.991445 0.000000
outer loop
vertex 19.9471 2.4595 0.0000
vertex 19.1541 2.3551 22.3637
vertex 19.9471 2.4595 22.3637
endloop
endfacet
facet normal 0.000000 -0.000000 1.000000
outer loop
vertex 19.9471 -0.6044 22.3637
vertex 19.9471 2.4595 22.3637
vertex 19.1541 2.3551 22.3637
endloop
endfacet
facet normal 0.000000 0.000000 -1.000000
outer loop
vertex 19.9471 -0.6044 0.0000
vertex 19.1541 2.3551 0.0000
vertex 19.9471 2.4595 0.0000
endloop
endfacet
facet normal -0.382683 0.923880 0.000000
outer loop
vertex 19.1541 2.3551 0.0000
vertex 18.4152 2.0490 0.0000
vertex 18.4152 2.0490 22.3637
endloop
endfacet
facet normal -0.382683 0.923880 0.000000
outer loop
vertex 19.1541 2.3551 0.0000
vertex 18.4152 2.0490 22.3637
vertex 19.1541 2.3551 22.3637
endloop
endfacet
facet normal 0.000000 0.000000 1.000000
outer loop
vertex 19.9471 -0.6044 22.3637
vertex 19.1541 2.3551 22.3637
vertex 18.4152 2.0490 22.3637
endloop
endfacet
facet normal 0.000000 0.000000 -1.000000
outer loop
vertex 19.9471 -0.6044 0.0000
vertex 18.4152 2.0490 0.0000
vertex 19.1541 2.3551 0.0000
endloop
endfacet
facet normal -0.608761 0.793353 0.000000
outer loop
vertex 18.4152 2.0490 0.0000
vertex 17.7806 1.5621 0.0000
vertex 17.7806 1.5621 22.3637
endloop
endfacet
facet normal -0.608761 0.793353 0.000000
outer loop
vertex 18.4152 2.0490 0.0000
vertex 17.7806 1.5621 22.3637
vertex 18.4152 2.0490 22.3637
endloop
endfacet
facet normal 0.000000 0.000000 1.000000
outer loop
vertex 19.9471 -0.6044 22.3637
vertex 18.4152 2.0490 22.3637
vertex 17.7806 1.5621 22.3637
endloop
endfacet
facet normal 0.000000 0.000000 -1.000000
outer loop
vertex 19.9471 -0.6044 0.0000
vertex 17.7806 1.5621 0.0000
vertex 18.4152 2.0490 0.0000
endloop
endfacet
facet normal -0.793353 0.608761 0.000000
outer loop
vertex 17.7806 1.5621 0.0000
vertex 17.2937 0.9275 0.0000
vertex 17.2937 0.9275 22.3637
endloop
endfacet
facet normal -0.793353 0.608761 0.000000
outer loop
vertex 17.7806 1.5621 0.0000
vertex 17.2937 0.9275 22.3637
vertex 17.7806 1.5621 22.3637
endloop
endfacet
facet normal 0.000000 0.000000 1.000000
outer loop
vertex 19.9471 -0.6044 22.3637
vertex 17.7806 1.5621 22.3637
vertex 17.2937 0.9275 22.3637
endloop
endfacet
facet normal 0.000000 0.000000 -1.000000
outer loop
vertex 19.9471 -0.6044 0.0000
vertex 17.2937 0.9275 0.0000
vertex 17.7806 1.5621 0.0000
endloop
endfacet
facet normal -0.923880 0.382683 0.000000
outer loop
vertex 17.2937 0.9275 0.0000
vertex 16.9876 0.1886 0.0000
vertex 16.9876 0.1886 22.3637
endloop
endfacet
facet normal -0.923880 0.382683 0.000000
outer loop
vertex 17.2937 0.9275 0.0000
vertex 16.9876 0.1886 22.3637
vertex 17.2937 0.9275 22.3637
endloop
endfacet
facet normal 0.000000 0.000000 1.000000
outer loop
vertex 19.9471 -0.6044 22.3637
vertex 17.2937 0.9275 22.3637
vertex 16.9876 0.1886 22.3637
endloop
endfacet
facet normal 0.000000 0.000000 -1.000000
outer loop
vertex 19.9471 -0.6044 0.0000
vertex 16.9876 0.1886 0.0000
vertex 17.2937 0.9275 0.0000
endloop
endfacet
facet normal -0.991445 0.130526 0.000000
outer loop
vertex 16.9876 0.1886 0.0000
vertex 16.8832 -0.6044 0.0000
vertex 16.8832 -0.6044 22.3637
endloop
endfacet
facet normal -0.991445 0.130526 0.000000
outer loop
vertex 16.9876 0.1886 0.0000
vertex 16.8832 -0.6044 22.3637
vertex 16.9876 0.1886 22.3637
endloop
endfacet
facet normal 0.000000 0.000000 1.000000
outer loop
vertex 19.9471 -0.6044 22.3637
vertex 16.9876 0.1886 22.3637
vertex 16.8832 -0.6044 22.3637
endloop
endfacet
facet normal 0.000000 0.000000 -1.000000
outer loop
vertex 19.9471 -0.6044 0.0000
vertex 16.8832 -0.6044 0.0000
vertex 16.9876 0.1886 0.0000
endloop
endfacet
facet normal -0.991445 -0.130526 0.000000
outer loop
vertex 16.8832 -0.6044 0.0000
vertex 16.9876 -1.3974 0.0000
vertex 16.9876 -1.3974 22.3637
endloop
endfacet
facet normal -0.991445 -0.130526 0.000000
outer loop
vertex 16.8832 -0.6044 0.0000
vertex 16.9876 -1.3974 22.3637
vertex 16.8832 -0.6044 22.3637
endloop
endfacet
facet normal 0.000000 0.000000 1.000000
outer loop
vertex 19.9471 -0.6044 22.3637
vertex 16.8832 -0.6044 22.3637
vertex 16.9876 -1.3974 22.3637
endloop
endfacet
facet normal -0.000000 0.000000 -1.000000
outer loop
vertex 19.9471 -0.6044 0.0000
vertex 16.9876 -1.3974 0.0000
vertex 16.8832 -0.6044 0.0000
endloop
endfacet
facet normal -0.923880 -0.382683 0.000000
outer loop
vertex 16.9876 -1.3974 0.0000
vertex 17.2937 -2.1364 0.0000
vertex 17.2937 -2.1364 22.3637
endloop
endfacet
facet normal -0.923880 -0.382683 0.000000
outer loop
vertex 16.9876 -1.3974 0.0000
vertex 17.2937 -2.1364 22.3637
vertex 16.9876 -1.3974 22.3637
endloop
endfacet
facet normal 0.000000 0.000000 1.000000
outer loop
vertex 19.9471 -0.6044 22.3637
vertex 16.9876 -1.3974 22.3637
vertex 17.2937 -2.1364 22.3637
endloop
endfacet
facet normal 0.000000 0.000000 -1.000000
outer loop
vertex 19.9471 -0.6044 0.0000
vertex 17.2937 -2.1364 0.0000
vertex 16.9876 -1.3974 0.0000
endloop
endfacet
facet normal -0.793353 -0.608761 0.000000
outer loop
vertex 17.2937 -2.1364 0.0000
vertex 17.7806 -2.7709 0.0000
vertex 17.7806 -2.7709 22.3637
endloop
endfacet
facet normal -0.793353 -0.608761 0.000000
outer loop
vertex 17.2937 -2.1364 0.0000
vertex 17.7806 -2.7709 22.3637
vertex 17.2937 -2.1364 22.3637
endloop
endfacet
facet normal 0.000000 0.000000 1.000000
outer loop
vertex 19.9471 -0.6044 22.3637
vertex 17.2937 -2.1364 22.3637
vertex 17.7806 -2.7709 22.3637
endloop
endfacet
facet normal 0.000000 0.000000 -1.000000
outer loop
vertex 19.9471 -0.6044 0.0000
vertex 17.7806 -2.7709 0.0000
vertex 17.2937 -2.1364 0.0000
endloop
endfacet
facet normal -0.608761 -0.793353 0.000000
outer loop
vertex 17.7806 -2.7709 0.0000
vertex 18.4152 -3.2579 0.0000
vertex 18.4152 -3.2579 22.3637
endloop
endfacet
facet normal -0.608761 -0.793353 0.000000
outer loop
vertex 17.7806 -2.7709 0.0000
vertex 18.4152 -3.2579 22.3637
vertex 17.7806 -2.7709 22.3637
endloop
endfacet
facet normal 0.000000 0.000000 1.000000
outer loop
vertex 19.9471 -0.6044 22.3637
vertex 17.7806 -2.7709 22.3637
vertex 18.4152 -3.2579 22.3637
endloop
endfacet
facet normal 0.000000 0.000000 -1.000000
outer loop
vertex 19.9471 -0.6044 0.0000
vertex 18.4152 -3.2579 0.0000
vertex 17.7806 -2.7709 0.0000
endloop
endfacet
facet normal -0.382683 -0.923880 0.000000
outer loop
vertex 18.4152 -3.2579 0.0000
vertex 19.1541 -3.5639 0.0000
vertex 19.1541 -3.5639 22.3637
endloop
endfacet
facet normal -0.382683 -0.923880 0.000000
outer loop
vertex 18.4152 -3.2579 0.0000
vertex 19.1541 -3.5639 22.3637
vertex 18.4152 -3.2579 22.3637
endloop
endfacet
facet normal 0.000000 0.000000 1.000000
outer loop
vertex 19.9471 -0.6044 22.3637
vertex 18.4152 -3.2579 22.3637
vertex 19.1541 -3.5639 22.3637
endloop
endfacet
facet normal 0.000000 0.000000 -1.000000
outer loop
vertex 19.9471 -0.6044 0.0000
vertex 19.1541 -3.5639 0.0000
vertex 18.4152 -3.2579 0.0000
endloop
endfacet
facet normal -0.130526 -0.991445 0.000000
outer loop
vertex 19.1541 -3.5639 0.0000
vertex 19.9471 -3.6683 0.0000
vertex 19.9471 -3.6683 22.3637
endloop
endfacet
facet normal -0.130526 -0.991445 0.000000
outer loop
vertex 19.1541 -3.5639 0.0000
vertex 19.9471 -3.6683 22.3637
vertex 19.1541 -3.5639 22.3637
endloop
endfacet
facet normal 0.000000 0.000000 1.000000
outer loop
vertex 19.9471 -0.6044 22.3637
vertex 19.1541 -3.5639 22.3637
vertex 19.9471 -3.6683 22.3637
endloop
endfacet
facet normal 0.000000 -0.000000 -1.000000
outer loop
vertex 19.9471 -0.6044 0.0000
vertex 19.9471 -3.6683 0.0000
vertex 19.1541 -3.5639 0.0000
endloop
endfacet
facet normal 0.130526 -0.991445 0.000000
outer loop
vertex 19.9471 -3.6683 0.0000
vertex 20.7401 -3.5639 0.0000
vertex 20.7401 -3.5639 22.3637
endloop
endfacet
facet normal 0.130526 -0.991445 0.000000
outer loop
vertex 19.9471 -3.6683 0.0000
vertex 20.7401 -3.5639 22.3637
vertex 19.9471 -3.6683 22.3637
endloop
endfacet
facet normal 0.000000 0.000000 1.000000
outer loop
vertex 19.9471 -0.6044 22.3637
vertex 19.9471 -3.6683 22.3637
vertex 20.7401 -3.5639 22.3637
endloop
endfacet
facet normal 0.000000 0.000000 -1.000000
outer loop
vertex 19.9471 -0.6044 0.0000
vertex 20.7401 -3.5639 0.0000
vertex 19.9471 -3.6683 0.0000
endloop
endfacet
facet normal 0.382683 -0.923880 0.000000
outer loop
vertex 20.7401 -3.5639 0.0000
vertex 21.4791 -3.2579 0.0000
vertex 21.4791 -3.2579 22.3637
endloop
endfacet
facet normal 0.382683 -0.923880 0.000000
outer loop
vertex 20.7401 -3.5639 0.0000
vertex 21.4791 -3.2579 22.3637
vertex 20.7401 -3.5639 22.3637
endloop
endfacet
facet normal 0.000000 0.000000 1.000000
outer loop
vertex 19.9471 -0.6044 22.3637
vertex 20.7401 -3.5639 22.3637
vertex 21.4791 -3.2579 22.3637
endloop
endfacet
facet normal 0.000000 0.000000 -1.000000
outer loop
vertex 19.9471 -0.6044 0.0000
vertex 21.4791 -3.2579 0.0000
vertex 20.7401 -3.5639 0.0000
endloop
endfacet
facet normal 0.608761 -0.793353 0.000000
outer loop
vertex 21.4791 -3.2579 0.0000
vertex 22.1136 -2.7709 0.0000
vertex 22.1136 -2.7709 22.3637
endloop
endfacet
facet normal 0.608761 -0.793353 0.000000
outer loop
vertex 21.4791 -3.2579 0.0000
vertex 22.1136 -2.7709 22.3637
vertex 21.4791 -3.2579 22.3637
endloop
endfacet
facet normal 0.000000 0.000000 1.000000
outer loop
vertex 19.9471 -0.6044 22.3637
vertex 21.4791 -3.2579 22.3637
vertex 22.1136 -2.7709 22.3637
endloop
endfacet
facet normal 0.000000 0.000000 -1.000000
outer loop
vertex 19.9471 -0.6044 0.0000
vertex 22.1136 -2.7709 0.0000
vertex 21.4791 -3.2579 0.0000
endloop
endfacet
facet normal 0.793353 -0.608761 0.000000
outer loop
vertex 22.1136 -2.7709 0.0000
vertex 22.6005 -2.1364 0.0000
vertex 22.6005 -2.1364 22.3637
endloop
endfacet
facet normal 0.793353 -0.608761 0.000000
outer loop
vertex 22.1136 -2.7709 0.0000
vertex 22.6005 -2.1364 22.3637
vertex 22.1136 -2.7709 22.3637
endloop
endfacet
facet normal 0.000000 0.000000 1.000000
outer loop
vertex 19.9471 -0.6044 22.3637
vertex 22.1136 -2.7709 22.3637
vertex 22.6005 -2.1364 22.3637
endloop
endfacet
facet normal 0.000000 0.000000 -1.000000
outer loop
vertex 19.9471 -0.6044 0.0000
vertex 22.6005 -2.1364 0.0000
vertex 22.1136 -2.7709 0.0000
endloop
endfacet
facet normal 0.923880 -0.382683 0.000000
outer loop
vertex 22.6005 -2.1364 0.0000
vertex 22.9066 -1.3974 0.0000
vertex 22.9066 -1.3974 22.3637
endloop
endfacet
facet normal 0.923880 -0.382683 0.000000
outer loop
vertex 22.6005 -2.1364 0.0000
vertex 22.9066 -1.3974 22.3637
vertex 22.6005 -2.1364 22.3637
endloop
endfacet
facet normal 0.000000 0.000000 1.000000
outer loop
vertex 19.9471 -0.6044 22.3637
vertex 22.6005 -2.1364 22.3637
vertex 22.9066 -1.3974 22.3637
endloop
endfacet
facet normal 0.000000 0.000000 -1.000000
outer loop
vertex 19.9471 -0.6044 0.0000
vertex 22.9066 -1.3974 0.0000
vertex 22.6005 -2.1364 0.0000
endloop
endfacet
facet normal 0.991445 -0.130526 0.000000
outer loop
vertex 22.9066 -1.3974 0.0000
vertex 23.0110 -0.6044 0.0000
vertex 23.0110 -0.6044 22.3637
endloop
endfacet
facet normal 0.991445 -0.130526 0.000000
outer loop
vertex 22.9066 -1.3974 0.0000
vertex 23.0110 -0.6044 22.3637
vertex 22.9066 -1.3974 22.3637
endloop
endfacet
facet normal 0.000000 0.000000 1.000000
outer loop
vertex 19.9471 -0.6044 22.3637
vertex 22.9066 -1.3974 22.3637
vertex 23.0110 -0.6044 22.3637
endloop
endfacet
facet normal 0.000000 0.000000 -1.000000
outer loop
vertex 19.9471 -0.6044 0.0000
vertex 23.0110 -0.6044 0.0000
vertex 22.9066 -1.3974 0.0000
endloop
endfacet
facet normal 0.000000 0.000000 -1.000000
outer loop
vertex 11.4968 30.2275 0.0000
vertex 11.4968 36.9787 0.0000
vertex 18.2546 36.9787 0.0000
endloop
endfacet
facet normal 0.000000 0.000000 -1.000000
outer loop
vertex 11.4968 30.2275 0.0000
vertex 18.2546 36.9787 0.0000
vertex 18.2546 30.2275 0.0000
endloop
endfacet
facet normal 0.000000 0.000000 1.000000
outer loop
vertex 11.4968 30.2275 6.3163
vertex 18.2546 30.2275 6.3163
vertex 18.2546 36.9787 6.3163
endloop
endfacet
facet normal 0.000000 0.000000 1.000000
outer loop
vertex 11.4968 30.2275 6.3163
vertex 18.2546 36.9787 6.3163
vertex 11.4968 36.9787 6.3163
endloop
endfacet
facet normal 0.000000 -1.000000 0.000000
outer loop
vertex 11.4968 30.2275 0.0000
vertex 18.2546 30.2275 0.0000
vertex 18.2546 30.2275 6.3163
endloop
endfacet
facet normal 0.000000 -1.000000 0.000000
outer loop
vertex 11.4968 30.2275 0.0000
vertex 18.2546 30.2275 6.3163
vertex 11.4968 30.2275 6.3163
endloop
endfacet
facet normal 1.000000 0.000000 0.000000
outer loop
vertex 18.2546 30.2275 0.0000
vertex 18.2546 36.9787 0.0000
vertex 18.2546 36.9787 6.3163
endloop
endfacet
facet normal 1.000000 0.000000 0.000000
outer loop
vertex 18.2546 30.2275 0.0000
vertex 18.2546 36.9787 6.3163
vertex 18.2546 30.2275 6.3163
endloop
endfacet
facet normal 0.000000 1.000000 0.000000
outer loop
vertex 18.2546 36.9787 0.0000
vertex 11.4968 36.9787 0.0000
vertex 11.4968 36.9787 6.3163
endloop
endfacet
facet normal 0.000000 1.000000 -0.000000
outer loop
vertex 18.2546 36.9787 0.0000
vertex 11.4968 36.9787 6.3163
vertex 18.2546 36.9787 6.3163
endloop
endfacet
facet normal -1.000000 0.000000 0.000000
outer loop
vertex 11.4968 36.9787 0.0000
vertex 11.4968 30.2275 0.0000
vertex 11.4968 30.2275 6.3163
endloop
endfacet
facet normal -1.000000 0.000000 0.000000
outer loop
vertex 11.4968 36.9787 0.0000
vertex 11.4968 30.2275 6.3163
vertex 11.4968 36.9787 6.3163
endloop
endfacet
facet normal 0.991445 0.130526 0.000000
outer loop
vertex 11.2158 10.0126 0.0000
vertex 11.1406 10.5841 0.0000
vertex 11.1406 10.5841 10.7479
endloop
endfacet
facet normal 0.991445 0.130526 -0.000000
outer loop
vertex 11.2158 10.0126 0.0000
vertex 11.1406 10.5841 10.7479
vertex 11.2158 10.0126 10.7479
endloop
endfacet
facet normal 0.000000 0.000000 1.000000
outer loop
vertex 9.0079 10.0126 10.7479
vertex 11.2158 10.0126 10.7479
vertex 11.1406 10.5841 10.7479
endloop
endfacet
facet normal 0.000000 0.000000 -1.000000
outer loop
vertex 9.0079 10.0126 0.0000
vertex 11.1406 10.5841 0.0000
vertex 11.2158 10.0126 0.0000
endloop
endfacet
facet normal 0.923880 0.382683 0.000000
outer loop
vertex 11.1406 10.5841 0.0000
vertex 10.9200 11.1166 0.0000
vertex 10.9200 11.1166 10.7479
endloop
endfacet
facet normal 0.923880 0.382683 -0.000000
outer loop
vertex 11.1406 10.5841 0.0000
vertex 10.9200 11.1166 10.7479
vertex 11.1406 10.5841 10.7479
endloop
endfacet
facet normal 0.000000 0.000000 1.000000
outer loop
vertex 9.0079 10.0126 10.7479
vertex 11.1406 10.5841 10.7479
vertex 10.9200 11.1166 10.7479
endloop
endfacet
facet normal 0.000000 0.000000 -1.000000
outer loop
vertex 9.0079 10.0126 0.0000
vertex 10.9200 11.1166 0.0000
vertex 11.1406 10.5841 0.0000
endloop
endfacet
facet normal 0.793353 0.608761 0.000000
outer loop
vertex 10.9200 11.1166 0.0000
vertex 10.5691 11.5739 0.0000
vertex 10.5691 11.5739 10.7479
endloop
endfacet
facet normal 0.793353 0.608761 -0.000000
outer loop
vertex 10.9200 11.1166 0.0000
vertex 10.5691 11.5739 10.7479
vertex 10.9200 11.1166 10.7479
endloop
endfacet
facet normal 0.000000 0.000000 1.000000
outer loop
vertex 9.0079 10.0126 10.7479
vertex 10.9200 11.1166 10.7479
vertex 10.5691 11.5739 10.7479
endloop
endfacet
facet normal 0.000000 0.000000 -1.000000
outer loop
vertex 9.0079 10.0126 0.0000
vertex 10.5691 11.5739 0.0000
vertex 10.9200 11.1166 0.0000
endloop
endfacet
facet normal 0.608761 0.793353 0.000000
outer loop
vertex 10.5691 11.5739 0.0000
vertex 10.1119 11.9248 0.0000
vertex 10.1119 11.9248 10.7479
endloop
endfacet
facet normal 0.608761 0.793353 -0.000000
outer loop
vertex 10.5691 11.5739 0.0000
vertex 10.1119 11.9248 10.7479
vertex 10.5691 11.5739 10.7479
endloop
endfacet
facet normal 0.000000 0.000000 1.000000
outer loop
vertex 9.0079 10.0126 10.7479
vertex 10.5691 11.5739 10.7479
vertex 10.1119 11.9248 10.7479
endloop
endfacet
facet normal 0.000000 0.000000 -1.000000
outer loop
vertex 9.0079 10.0126 0.0000
vertex 10.1119 11.9248 0.0000
vertex 10.5691 11.5739 0.0000
endloop
endfacet
facet normal 0.382683 0.923880 0.000000
outer loop
vertex 10.1119 11.9248 0.0000
vertex 9.5793 12.1453 0.0000
vertex 9.5793 12.1453 10.7479
endloop
endfacet
facet normal 0.382683 0.923880 -0.000000
outer loop
vertex 10.1119 11.9248 0.0000
vertex 9.5793 12.1453 10.7479
vertex 10.1119 11.9248 10.7479
endloop
endfacet
facet normal 0.000000 0.000000 1.000000
outer loop
vertex 9.0079 10.0126 10.7479
vertex 10.1119 11.9248 10.7479
vertex 9.5793 12.1453 10.7479
endloop
endfacet
facet normal 0.000000 0.000000 -1.000000
outer loop
vertex 9.0079 10.0126 0.0000
vertex 9.5793 12.1453 0.0000
vertex 10.1119 11.9248 0.0000
endloop
endfacet
facet normal 0.130526 0.991445 0.000000
outer loop
vertex 9.5793 12.1453 0.0000
vertex 9.0079 12.2206 0.0000
vertex 9.0079 12.2206 10.7479
endloop
endfacet
facet normal 0.130526 0.991445 -0.000000
outer loop
vertex 9.5793 12.1453 0.0000
vertex 9.0079 12.2206 10.7479
vertex 9.5793 12.1453 10.7479
endloop
endfacet
facet normal 0.000000 0.000000 1.000000
outer loop
vertex 9.0079 10.0126 10.7479
vertex 9.5793 12.1453 10.7479
vertex 9.0079 12.2206 10.7479
endloop
endfacet
facet normal 0.000000 0.000000 -1.000000
outer loop
vertex 9.0079 10.0126 0.0000
vertex 9.0079 12.2206 0.0000
vertex 9.5793 12.1453 0.0000
endloop
endfacet
facet normal -0.130526 0.991445 0.000000
outer loop
vertex 9.0079 12.2206 0.0000
vertex 8.4364 12.1453 0.0000
vertex 8.4364 12.1453 10.7479
endloop
endfacet
facet normal -0.130526 0.991445 0.000000
outer loop
vertex 9.0079 12.2206 0.0000
vertex 8.4364 12.1453 10.7479
vertex 9.0079 12.2206 10.7479
endloop
endfacet
facet normal 0.000000 -0.000000 1.000000
outer loop
vertex 9.0079 10.0126 10.7479
vertex 9.0079 12.2206 10.7479
vertex 8.4364 12.1453 10.7479
endloop
endfacet
facet normal 0.000000 0.000000 -1.000000
outer loop
vertex 9.0079 10.0126 0.0000
vertex 8.4364 12.1453 0.0000
vertex 9.0079 12.2206 0.0000
endloop
endfacet
facet normal -0.382683 0.923880 0.000000
outer loop
vertex 8.4364 12.1453 0.0000
vertex 7.9039 11.9248 0.0000
vertex 7.9039 11.9248 10.7479
endloop
endfacet
facet normal -0.382683 0.923880 0.000000
outer loop
vertex 8.4364 12.1453 0.0000
vertex 7.9039 11.9248 10.7479
vertex 8.4364 12.1453 10.7479
endloop
endfacet
facet normal 0.000000 0.000000 1.000000
outer loop
vertex 9.0079 10.0126 10.7479
vertex 8.4364 12.1453 10.7479
vertex 7.9039 11.9248 10.7479
endloop
endfacet
facet normal 0.000000 0.000000 -1.000000
outer loop
vertex 9.0079 10.0126 0.0000
vertex 7.9039 11.9248 0.0000
vertex 8.4364 12.1453 0.0000
endloop
endfacet
facet normal -0.608761 0.793353 0.000000
outer loop
vertex 7.9039 11.9248 0.0000
vertex 7.4466 11.5739 0.0000
vertex 7.4466 11.5739 10.7479
endloop
endfacet
facet normal -0.608761 0.793353 0.000000
outer loop
vertex 7.9039 11.9248 0.0000
vertex 7.4466 11.5739 10.7479
vertex 7.9039 11.9248 10.7479
endloop
endfacet
facet normal 0.000000 0.000000 1.000000
outer loop
vertex 9.0079 10.0126 10.7479
vertex 7.9039 11.9248 10.7479
vertex 7.4466 11.5739 10.7479
endloop
endfacet
facet normal 0.000000 0.000000 -1.000000
outer loop
vertex 9.0079 10.0126 0.0000
vertex 7.4466 11.5739 0.0000
vertex 7.9039 11.9248 0.0000
endloop
endfacet
facet normal -0.793353 0.608761 0.000000
outer loop
vertex 7.4466 11.5739 0.0000
vertex 7.0958 11.1166 0.0000
vertex 7.0958 11.1166 10.7479
endloop
endfacet
facet normal -0.793353 0.608761 0.000000
outer loop
vertex 7.4466 11.5739 0.0000
vertex 7.0958 11.1166 10.7479
vertex 7.4466 11.5739 10.7479
endloop
endfacet
facet normal 0.000000 0.000000 1.000000
outer loop
vertex 9.0079 10.0126 10.7479
vertex 7.4466 11.5739 10.7479
vertex 7.0958 11.1166 10.7479
endloop
endfacet
facet normal 0.000000 0.000000 -1.000000
outer loop
vertex 9.0079 10.0126 0.0000
vertex 7.0958 11.1166 0.0000
vertex 7.4466 11.5739 0.0000
endloop
endfacet
facet normal -0.923880 0.382683 0.000000
outer loop
vertex 7.0958 11.1166 0.0000
vertex 6.8752 10.5841 0.0000
vertex 6.8752 10.5841 10.7479
endloop
endfacet
facet normal -0.923880 0.382683 0.000000
outer loop
vertex 7.0958 11.1166 0.0000
vertex 6.8752 10.5841 10.7479
vertex 7.0958 11.1166 10.7479
endloop
endfacet
facet normal 0.000000 0.000000 1.000000
outer loop
vertex 9.0079 10.0126 10.7479
vertex 7.0958 11.1166 10.7479
vertex 6.8752 10.5841 10.7479
endloop
endfacet
facet normal 0.000000 0.000000 -1.000000
outer loop
vertex 9.0079 10.0126 0.0000
vertex 6.8752 10.5841 0.0000
vertex 7.0958 11.1166 0.0000
endloop
endfacet
facet normal -0.991445 0.130526 0.000000
outer loop
vertex 6.8752 10.5841 0.0000
vertex 6.8000 10.0126 0.0000
vertex 6.8000 10.0126 10.7479
endloop
endfacet
facet normal -0.991445 0.130526 0.000000
outer loop
vertex 6.8752 10.5841 0.0000
vertex 6.8000 10.0126 10.7479
vertex 6.8752 10.5841 10.7479
endloop
endfacet
facet normal 0.000000 0.000000 1.000000
outer loop
vertex 9.0079 10.0126 10.7479
vertex 6.8752 10.5841 10.7479
vertex 6.8000 10.0126 10.7479
endloop
endfacet
facet normal 0.000000 0.000000 -1.000000
outer loop
vertex 9.0079 10.0126 0.0000
vertex 6.8000 10.0126 0.0000
vertex 6.8752 10.5841 0.0000
endloop
endfacet
facet normal -0.991445 -0.130526 0.000000
outer loop
vertex 6.8000 10.0126 0.0000
vertex 6.8752 9.4412 0.0000
vertex 6.8752 9.4412 10.7479
endloop
endfacet
facet normal -0.991445 -0.130526 0.000000
outer loop
vertex 6.8000 10.0126 0.0000
vertex 6.8752 9.4412 10.7479
vertex 6.8000 10.0126 10.7479
endloop
endfacet
facet normal 0.000000 0.000000 1.000000
outer loop
vertex 9.0079 10.0126 10.7479
vertex 6.8000 10.0126 10.7479
vertex 6.8752 9.4412 10.7479
endloop
endfacet
facet normal -0.000000 0.000000 -1.000000
outer loop
vertex 9.0079 10.0126 0.0000
vertex 6.8752 9.4412 0.0000
vertex 6.8000 10.0126 0.0000
endloop
endfacet
facet normal -0.923880 -0.382683 0.000000
outer loop
vertex 6.8752 9.4412 0.0000
vertex 7.0958 8.9087 0.0000
vertex 7.0958 8.9087 10.7479
endloop
endfacet
facet normal -0.923880 -0.382683 0.000000
outer loop
vertex 6.8752 9.4412 0.0000
vertex 7.0958 8.9087 10.7479
vertex 6.8752 9.4412 10.7479
endloop
endfacet
facet normal 0.000000 0.000000 1.000000
outer loop
vertex 9.0079 10.0126 10.7479
vertex 6.8752 9.4412 10.7479
vertex 7.0958 8.9087 10.7479
endloop
endfacet
facet normal 0.000000 0.000000 -1.000000
outer loop
vertex 9.0079 10.0126 0.0000
vertex 7.0958 8.9087 0.0000
vertex 6.8752 9.4412 0.0000
endloop
endfacet
facet normal -0.793353 -0.608761 0.000000
outer loop
vertex 7.0958 8.9087 0.0000
vertex 7.4466 8.4514 0.0000
vertex 7.4466 8.4514 10.7479
endloop
endfacet
facet normal -0.793353 -0.608761 0.000000
outer loop
vertex 7.0958 8.9087 0.0000
vertex 7.4466 8.4514 10.7479
vertex 7.0958 8.9087 10.7479
endloop
endfacet
facet normal 0.000000 0.000000 1.000000
outer loop
vertex 9.0079 10.0126 10.7479
vertex 7.0958 8.9087 10.7479
vertex 7.4466 8.4514 10.7479
endloop
endfacet
facet normal 0.000000 0.000000 -1.000000
outer loop
vertex 9.0079 10.0126 0.0000
vertex 7.4466 8.4514 0.0000
vertex 7.0958 8.9087 0.0000
endloop
endfacet
facet normal -0.608761 -0.793353 0.000000
outer loop
vertex 7.4466 8.4514 0.0000
vertex 7.9039 8.1005 0.0000
vertex 7.9039 8.1005 10.7479
endloop
endfacet
facet normal -0.608761 -0.793353 0.000000
outer loop
vertex 7.4466 8.4514 0.0000
vertex 7.9039 8.1005 10.7479
vertex 7.4466 8.4514 10.7479
endloop
endfacet
facet normal 0.000000 0.000000 1.000000
outer loop
vertex 9.0079 10.0126 10.7479
vertex 7.4466 8.4514 10.7479
vertex 7.9039 8.1005 10.7479
endloop
endfacet
facet normal 0.000000 0.000000 -1.000000
outer loop
vertex 9.0079 10.0126 0.0000
vertex 7.9039 8.1005 0.0000
vertex 7.4466 8.4514 0.0000
endloop
endfacet
facet normal -0.382683 -0.923880 0.000000
outer loop
vertex 7.9039 8.1005 0.0000
vertex 8.4364 7.8800 0.0000
vertex 8.4364 7.8800 10.7479
endloop
endfacet
facet normal -0.382683 -0.923880 0.000000
outer loop
vertex 7.9039 8.1005 0.0000
vertex 8.4364 7.8800 10.7479
vertex 7.9039 8.1005 10.7479
endloop
endfacet
facet normal 0.000000 0.000000 1.000000
outer loop
vertex 9.0079 10.0126 10.7479
vertex 7.9039 8.1005 10.7479
vertex 8.4364 7.8800 10.7479
endloop
endfacet
facet normal 0.000000 0.000000 -1.000000
outer loop
vertex 9.0079 10.0126 0.0000
vertex 8.4364 7.8800 0.0000
vertex 7.9039 8.1005 0.0000
endloop
endfacet
facet normal -0.130526 -0.991445 0.000000
outer loop
vertex 8.4364 7.8800 0.0000
vertex 9.0079 7.8047 0.0000
vertex 9.0079 7.8047 10.7479
endloop
endfacet
facet normal -0.130526 -0.991445 0.000000
outer loop
vertex 8.4364 7.8800 0.0000
vertex 9.0079 7.8047 10.7479
vertex 8.4364 7.8800 10.7479
endloop
endfacet
facet normal 0.000000 0.000000 1.000000
outer loop
vertex 9.0079 10.0126 10.7479
vertex 8.4364 7.8800 10.7479
vertex 9.0079 7.8047 10.7479
endloop
endfacet
facet normal 0.000000 -0.000000 -1.000000
outer loop
vertex 9.0079 10.0126 0.0000
vertex 9.0079 7.8047 0.0000
vertex 8.4364 7.8800 0.0000
endloop
endfacet
facet normal 0.130526 -0.991445 0.000000
outer loop
vertex 9.0079 7.8047 0.0000
vertex 9.5793 7.8800 0.0000
vertex 9.5793 7.8800 10.7479
endloop
endfacet
facet normal 0.130526 -0.991445 0.000000
outer loop
vertex 9.0079 7.8047 0.0000
vertex 9.5793 7.8800 10.7479
vertex 9.0079 7.8047 10.7479
endloop
endfacet
facet normal 0.000000 0.000000 1.000000
outer loop
vertex 9.0079 10.0126 10.7479
vertex 9.0079 7.8047 10.7479
vertex 9.5793 7.8800 10.7479
endloop
endfacet
facet normal 0.000000 0.000000 -1.000000
outer loop
vertex 9.0079 10.0126 0.0000
vertex 9.5793 7.8800 0.0000
vertex 9.0079 7.8047 0.0000
endloop
endfacet
facet normal 0.382683 -0.923880 0.000000
outer loop
vertex 9.5793 7.8800 0.0000
vertex 10.1119 8.1005 0.0000
vertex 10.1119 8.1005 10.7479
endloop
endfacet
facet normal 0.382683 -0.923880 0.000000
outer loop
vertex 9.5793 7.8800 0.0000
vertex 10.1119 8.1005 10.7479
vertex 9.5793 7.8800 10.7479
endloop
endfacet
facet normal 0.000000 0.000000 1.000000
outer loop
vertex 9.0079 10.0126 10.7479
vertex 9.5793 7.8800 10.7479
vertex 10.1119 8.1005 10.7479
endloop
endfacet
facet normal 0.000000 0.000000 -1.000000
outer loop
vertex 9.0079 10.0126 0.0000
vertex 10.1119 8.1005 0.0000
vertex 9.5793 7.8800 0.0000
endloop
endfacet
facet normal 0.608761 -0.793353 0.000000
outer loop
vertex 10.1119 8.1005 0.0000
vertex 10.5691 8.4514 0.0000
vertex 10.5691 8.4514 10.7479
endloop
endfacet
facet normal 0.608761 -0.793353 0.000000
outer loop
vertex 10.1119 8.1005 0.0000
vertex 10.5691 8.4514 10.7479
vertex 10.1119 8.1005 10.7479
endloop
endfacet
facet normal 0.000000 0.000000 1.000000
outer loop
vertex 9.0079 10.0126 10.7479
vertex 10.1119 8.1005 10.7479
vertex 10.5691 8.4514 10.7479
endloop
endfacet
facet normal 0.000000 0.000000 -1.000000
outer loop
vertex 9.0079 10.0126 0.0000
vertex 10.5691 8.4514 0.0000
vertex 10.1119 8.1005 0.0000
endloop
endfacet
facet normal 0.793353 -0.608761 0.000000
outer loop
vertex 10.5691 8.4514 0.0000
vertex 10.9200 8.9087 0.0000
vertex 10.9200 8.9087 10.7479
endloop
endfacet
facet normal 0.793353 -0.608761 0.000000
outer loop
vertex 10.5691 8.4514 0.0000
vertex 10.9200 8.9087 10.7479
vertex 10.5691 8.4514 10.7479
endloop
endfacet
facet normal 0.000000 0.000000 1.000000
outer loop
vertex 9.0079 10.0126 10.7479
vertex 10.5691 8.4514 10.7479
vertex 10.9200 8.9087 10.7479
endloop
endfacet
facet normal 0.000000 0.000000 -1.000000
outer loop
vertex 9.0079 10.0126 0.0000
vertex 10.9200 8.9087 0.0000
vertex 10.5691 8.4514 0.0000
endloop
endfacet
facet normal 0.923880 -0.382683 0.000000
outer loop
vertex 10.9200 8.9087 0.0000
vertex 11.1406 9.4412 0.0000
vertex 11.1406 9.4412 10.7479
endloop
endfacet
facet normal 0.923880 -0.382683 0.000000
outer loop
vertex 10.9200 8.9087 0.0000
vertex 11.1406 9.4412 10.7479
vertex 10.9200 8.9087 10.7479
endloop
endfacet
facet normal 0.000000 0.000000 1.000000
outer loop
vertex 9.0079 10.0126 10.7479
vertex 10.9200 8.9087 10.7479
vertex 11.1406 9.4412 10.7479
endloop
endfacet
facet normal 0.000000 0.000000 -1.000000
outer loop
vertex 9.0079 10.0126 0.0000
vertex 11.1406 9.4412 0.0000
vertex 10.9200 8.9087 0.0000
endloop
endfacet
facet normal 0.991445 -0.130526 0.000000
outer loop
vertex 11.1406 9.4412 0.0000
vertex 11.2158 10.0126 0.0000
vertex 11.2158 10.0126 10.7479
endloop
endfacet
facet normal 0.991445 -0.130526 0.000000
outer loop
vertex 11.1406 9.4412 0.0000
vertex 11.2158 10.0126 10.7479
vertex 11.1406 9.4412 10.7479
endloop
endfacet
facet normal -0.000000 0.000000 1.000000
outer loop
vertex 9.0079 10.0126 10.7479
vertex 11.1406 9.4412 10.7479
vertex 11.2158 10.0126 10.7479
endloop
endfacet
facet normal 0.000000 0.000000 -1.000000
outer loop
vertex 9.0079 10.0126 0.0000
vertex 11.2158 10.0126 0.0000
vertex 11.1406 9.4412 0.0000
endloop
endfacet
facet normal 0.000000 0.000000 -1.000000
outer loop
vertex -19.6195 10.5054 0.0000
vertex -19.6195 20.5725 0.0000
vertex -9.8868 20.5725 0.0000
endloop
endfacet
facet normal 0.000000 0.000000 -1.000000
outer loop
vertex -19.6195 10.5054 0.0000
vertex -9.8868 20.5725 0.0000
vertex -9.8868 10.5054 0.0000
endloop
endfacet
facet normal 0.000000 0.000000 1.000000
outer loop
vertex -19.6195 10.5054 20.1072
vertex -9.8868 10.5054 20.1072
vertex -9.8868 20.5725 20.1072
endloop
endfacet
facet normal 0.000000 0.000000 1.000000
outer loop
vertex -19.6195 10.5054 20.1072
vertex -9.8868 20.5725 20.1072
vertex -19.6195 20.5725 20.1072
endloop
endfacet
facet normal 0.000000 -1.000000 0.000000
outer loop
vertex -19.6195 10.5054 0.0000
vertex -9.8868 10.5054 0.0000
vertex -9.8868 10.5054 20.1072
endloop
endfacet
facet normal 0.000000 -1.000000 0.000000
outer loop
vertex -19.6195 10.5054 0.0000
vertex -9.8868 10.5054 20.1072
vertex -19.6195 10.5054 20.1072
endloop
endfacet
facet normal 1.000000 0.000000 0.000000
outer loop
vertex -9.8868 10.5054 0.0000
vertex -9.8868 20.5725 0.0000
vertex -9.8868 20.5725 20.1072
endloop
endfacet
facet normal 1.000000 0.000000 0.000000
outer loop
vertex -9.8868 10.5054 0.0000
vertex -9.8868 20.5725 20.1072
vertex -9.8868 10.5054 20.1072
endloop
endfacet
facet normal 0.000000 1.000000 0.000000
outer loop
vertex -9.8868 20.5725 0.0000
vertex -19.6195 20.5725 0.0000
vertex -19.6195 20.5725 20.1072
endloop
endfacet
facet normal 0.000000 1.000000 -0.000000
outer loop
vertex -9.8868 20.5725 0.0000
vertex -19.6195 20.5725 20.1072
vertex -9.8868 20.5725 20.1072
endloop
endfacet
facet normal -1.000000 0.000000 0.000000
outer loop
vertex -19.6195 20.5725 0.0000
vertex -19.6195 10.5054 0.0000
vertex -19.6195 10.5054 20.1072
endloop
endfacet
facet normal -1.000000 0.000000 0.000000
outer loop
vertex -19.6195 20.5725 0.0000
vertex -19.6195 10.5054 20.1072
vertex -19.6195 20.5725 20.1072
endloop
endfacet
facet normal 0.991445 0.130526 0.000000
outer loop
vertex 24.1870 10.9101 0.0000
vertex 24.0855 11.6810 0.0000
vertex 24.0855 11.6810 11.0169
endloop
endfacet
facet normal 0.991445 0.130526 -0.000000
outer loop
vertex 24.1870 10.9101 0.0000
vertex 24.0855 11.6810 11.0169
vertex 24.1870 10.9101 11.0169
endloop
endfacet
facet normal 0.000000 0.000000 1.000000
outer loop
vertex 21.2084 10.9101 11.0169
vertex 24.1870 10.9101 11.0169
vertex 24.0855 11.6810 11.0169
endloop
endfacet
facet normal 0.000000 0.000000 -1.000000
outer loop
vertex 21.2084 10.9101 0.0000
vertex 24.0855 11.6810 0.0000
vertex 24.1870 10.9101 0.0000
endloop
endfacet
facet normal 0.923880 0.382683 0.000000
outer loop
vertex 24.0855 11.6810 0.0000
vertex 23.7879 12.3994 0.0000
vertex 23.7879 12.3994 11.0169
endloop
endfacet
facet normal 0.923880 0.382683 -0.000000
outer loop
vertex 24.0855 11.6810 0.0000
vertex 23.7879 12.3994 11.0169
vertex 24.0855 11.6810 11.0169
endloop
endfacet
facet normal 0.000000 0.000000 1.000000
outer loop
vertex 21.2084 10.9101 11.0169
vertex 24.0855 11.6810 11.0169
vertex 23.7879 12.3994 11.0169
endloop
endfacet
facet normal 0.000000 0.000000 -1.000000
outer loop
vertex 21.2084 10.9101 0.0000
vertex 23.7879 12.3994 0.0000
vertex 24.0855 11.6810 0.0000
endloop
endfacet
facet normal 0.793353 0.608761 0.000000
outer loop
vertex 23.7879 12.3994 0.0000
vertex 23.3146 13.0163 0.0000
vertex 23.3146 13.0163 11.0169
endloop
endfacet
facet normal 0.793353 0.608761 -0.000000
outer loop
vertex 23.7879 12.3994 0.0000
vertex 23.3146 13.0163 11.0169
vertex 23.7879 12.3994 11.0169
endloop
endfacet
facet normal 0.000000 0.000000 1.000000
outer loop
vertex 21.2084 10.9101 11.0169
vertex 23.7879 12.3994 11.0169
vertex 23.3146 13.0163 11.0169
endloop
endfacet
facet normal 0.000000 0.000000 -1.000000
outer loop
vertex 21.2084 10.9101 0.0000
vertex 23.3146 13.0163 0.0000
vertex 23.7879 12.3994 0.0000
endloop
endfacet
facet normal 0.608761 0.793353 0.000000
outer loop
vertex 23.3146 13.0163 0.0000
vertex 22.6977 13.4896 0.0000
vertex 22.6977 13.4896 11.0169
endloop
endfacet
facet normal 0.608761 0.793353 -0.000000
outer loop
vertex 23.3146 13.0163 0.0000
vertex 22.6977 13.4896 11.0169
vertex 23.3146 13.0163 11.0169
endloop
endfacet
facet normal 0.000000 0.000000 1.000000
outer loop
vertex 21.2084 10.9101 11.0169
vertex 23.3146 13.0163 11.0169
vertex 22.6977 13.4896 11.0169
endloop
endfacet
facet normal 0.000000 0.000000 -1.000000
outer loop
vertex 21.2084 10.9101 0.0000
vertex 22.6977 13.4896 0.0000
vertex 23.3146 13.0163 0.0000
endloop
endfacet
facet normal 0.382683 0.923880 0.000000
outer loop
vertex 22.6977 13.4896 0.0000
vertex 21.9793 13.7872 0.0000
vertex 21.9793 13.7872 11.0169
endloop
endfacet
facet normal 0.382683 0.923880 -0.000000
outer loop
vertex 22.6977 13.4896 0.0000
vertex 21.9793 13.7872 11.0169
vertex 22.6977 13.4896 11.0169
endloop
endfacet
facet normal 0.000000 0.000000 1.000000
outer loop
vertex 21.2084 10.9101 11.0169
vertex 22.6977 13.4896 11.0169
vertex 21.9793 13.7872 11.0169
endloop
endfacet
facet normal 0.000000 0.000000 -1.000000
outer loop
vertex 21.2084 10.9101 0.0000
vertex 21.9793 13.7872 0.0000
vertex 22.6977 13.4896 0.0000
endloop
endfacet
facet normal 0.130526 0.991445 0.000000
outer loop
vertex 21.9793 13.7872 0.0000
vertex 21.2084 13.8887 0.0000
vertex 21.2084 13.8887 11.0169
endloop
endfacet
facet normal 0.130526 0.991445 -0.000000
outer loop
vertex 21.9793 13.7872 0.0000
vertex 21.2084 13.8887 11.0169
vertex 21.9793 13.7872 11.0169
endloop
endfacet
facet normal 0.000000 0.000000 1.000000
outer loop
vertex 21.2084 10.9101 11.0169
vertex 21.9793 13.7872 11.0169
vertex 21.2084 13.8887 11.0169
endloop
endfacet
facet normal 0.000000 0.000000 -1.000000
outer loop
vertex 21.2084 10.9101 0.0000
vertex 21.2084 13.8887 0.0000
vertex 21.9793 13.7872 0.0000
endloop
endfacet
facet normal -0.130526 0.991445 0.000000
outer loop
vertex 21.2084 13.8887 0.0000
vertex 20.4374 13.7872 0.0000
vertex 20.4374 13.7872 11.0169
endloop
endfacet
facet normal -0.130526 0.991445 0.000000
outer loop
vertex 21.2084 13.8887 0.0000
vertex 20.4374 13.7872 11.0169
vertex 21.2084 13.8887 11.0169
endloop
endfacet
facet normal 0.000000 -0.000000 1.000000
outer loop
vertex 21.2084 10.9101 11.0169
vertex 21.2084 13.8887 11.0169
vertex 20.4374 13.7872 11.0169
endloop
endfacet
facet normal 0.000000 0.000000 -1.000000
outer loop
vertex 21.2084 10.9101 0.0000
vertex 20.4374 13.7872 0.0000
vertex 21.2084 13.8887 0.0000
endloop
endfacet
facet normal -0.382683 0.923880 0.000000
outer loop
vertex 20.4374 13.7872 0.0000
vertex 19.7190 13.4896 0.0000
vertex 19.7190 13.4896 11.0169
endloop
endfacet
facet normal -0.382683 0.923880 0.000000
outer loop
vertex 20.4374 13.7872 0.0000
vertex 19.7190 13.4896 11.0169
vertex 20.4374 13.7872 11.0169
endloop
endfacet
facet normal 0.000000 0.000000 1.000000
outer loop
vertex 21.2084 10.9101 11.0169
vertex 20.4374 13.7872 11.0169
vertex 19.7190 13.4896 11.0169
endloop
endfacet
facet normal 0.000000 0.000000 -1.000000
outer loop
vertex 21.2084 10.9101 0.0000
vertex 19.7190 13.4896 0.0000
vertex 20.4374 13.7872 0.0000
endloop
endfacet
facet normal -0.608761 0.793353 0.000000
outer loop
vertex 19.7190 13.4896 0.0000
vertex 19.1022 13.0163 0.0000
vertex 19.1022 13.0163 11.0169
endloop
endfacet
facet normal -0.608761 0.793353 0.000000
outer loop
vertex 19.7190 13.4896 0.0000
vertex 19.1022 13.0163 11.0169
vertex 19.7190 13.4896 11.0169
endloop
endfacet
facet normal 0.000000 0.000000 1.000000
outer loop
vertex 21.2084 10.9101 11.0169
vertex 19.7190 13.4896 11.0169
vertex 19.1022 13.0163 11.0169
endloop
endfacet
facet normal 0.000000 0.000000 -1.000000
outer loop
vertex 21.2084 10.9101 0.0000
vertex 19.1022 13.0163 0.0000
vertex 19.7190 13.4896 0.0000
endloop
endfacet
facet normal -0.793353 0.608761 0.000000
outer loop
vertex 19.1022 13.0163 0.0000
vertex 18.6288 12.3994 0.0000
vertex 18.6288 12.3994 11.0169
endloop
endfacet
facet normal -0.793353 0.608761 0.000000
outer loop
vertex 19.1022 13.0163 0.0000
vertex 18.6288 12.3994 11.0169
vertex 19.1022 13.0163 11.0169
endloop
endfacet
facet normal 0.000000 0.000000 1.000000
outer loop
vertex 21.2084 10.9101 11.0169
vertex 19.1022 13.0163 11.0169
vertex 18.6288 12.3994 11.0169
endloop
endfacet
facet normal 0.000000 0.000000 -1.000000
outer loop
vertex 21.2084 10.9101 0.0000
vertex 18.6288 12.3994 0.0000
vertex 19.1022 13.0163 0.0000
endloop
endfacet
facet normal -0.923880 0.382683 0.000000
outer loop
vertex 18.6288 12.3994 0.0000
vertex 18.3312 11.6810 0.0000
vertex 18.3312 11.6810 11.0169
endloop
endfacet
facet normal -0.923880 0.382683 0.000000
outer loop
vertex 18.6288 12.3994 0.0000
vertex 18.3312 11.6810 11.0169
vertex 18.6288 12.3994 11.0169
endloop
endfacet
facet normal 0.000000 0.000000 1.000000
outer loop
vertex 21.2084 10.9101 11.0169
vertex 18.6288 12.3994 11.0169
vertex 18.3312 11.6810 11.0169
endloop
endfacet
facet normal 0.000000 0.000000 -1.000000
outer loop
vertex 21.2084 10.9101 0.0000
vertex 18.3312 11.6810 0.0000
vertex 18.6288 12.3994 0.0000
endloop
endfacet
facet normal -0.991445 0.130526 0.000000
outer loop
vertex 18.3312 11.6810 0.0000
vertex 18.2297 10.9101 0.0000
vertex 18.2297 10.9101 11.0169
endloop
endfacet
facet normal -0.991445 0.130526 0.000000
outer loop
vertex 18.3312 11.6810 0.0000
vertex 18.2297 10.9101 11.0169
vertex 18.3312 11.6810 11.0169
endloop
endfacet
facet normal 0.000000 0.000000 1.000000
outer loop
vertex 21.2084 10.9101 11.0169
vertex 18.3312 11.6810 11.0169
vertex 18.2297 10.9101 11.0169
endloop
endfacet
facet normal 0.000000 0.000000 -1.000000
outer loop
vertex 21.2084 10.9101 0.0000
vertex 18.2297 10.9101 0.0000
vertex 18.3312 11.6810 0.0000
endloop
endfacet
facet normal -0.991445 -0.130526 0.000000
outer loop
vertex 18.2297 10.9101 0.0000
vertex 18.3312 10.1392 0.0000
vertex 18.3312 10.1392 11.0169
endloop
endfacet
facet normal -0.991445 -0.130526 0.000000
outer loop
vertex 18.2297 10.9101 0.0000
vertex 18.3312 10.1392 11.0169
vertex 18.2297 10.9101 11.0169
endloop
endfacet
facet normal 0.000000 0.000000 1.000000
outer loop
vertex 21.2084 10.9101 11.0169
vertex 18.2297 10.9101 11.0169
vertex 18.3312 10.1392 11.0169
endloop
endfacet
facet normal -0.000000 0.000000 -1.000000
outer loop
vertex 21.2084 10.9101 0.0000
vertex 18.3312 10.1392 0.0000
vertex 18.2297 10.9101 0.0000
endloop
endfacet
facet normal -0.923880 -0.382683 0.000000
outer loop
vertex 18.3312 10.1392 0.0000
vertex 18.6288 9.4208 0.0000
vertex 18.6288 9.4208 11.0169
endloop
endfacet
facet normal -0.923880 -0.382683 0.000000
outer loop
vertex 18.3312 10.1392 0.0000
vertex 18.6288 9.4208 11.0169
vertex 18.3312 10.1392 11.0169
endloop
endfacet
facet normal 0.000000 0.000000 1.000000
outer loop
vertex 21.2084 10.9101 11.0169
vertex 18.3312 10.1392 11.0169
vertex 18.6288 9.4208 11.0169
endloop
endfacet
facet normal 0.000000 0.000000 -1.000000
outer loop
vertex 21.2084 10.9101 0.0000
vertex 18.6288 9.4208 0.0000
vertex 18.3312 10.1392 0.0000
endloop
endfacet
facet normal -0.793353 -0.608761 0.000000
outer loop
vertex 18.6288 9.4208 0.0000
vertex 19.1022 8.8039 0.0000
vertex 19.1022 8.8039 11.0169
endloop
endfacet
facet normal -0.793353 -0.608761 0.000000
outer loop
vertex 18.6288 9.4208 0.0000
vertex 19.1022 8.8039 11.0169
vertex 18.6288 9.4208 11.0169
endloop
endfacet
facet normal 0.000000 0.000000 1.000000
outer loop
vertex 21.2084 10.9101 11.0169
vertex 18.6288 9.4208 11.0169
vertex 19.1022 8.8039 11.0169
endloop
endfacet
facet normal 0.000000 0.000000 -1.000000
outer loop
vertex 21.2084 10.9101 0.0000
vertex 19.1022 8.8039 0.0000
vertex 18.6288 9.4208 0.0000
endloop
endfacet
facet normal -0.608761 -0.793353 0.000000
outer loop
vertex 19.1022 8.8039 0.0000
vertex 19.7190 8.3305 0.0000
vertex 19.7190 8.3305 11.0169
endloop
endfacet
facet normal -0.608761 -0.793353 0.000000
outer loop
vertex 19.1022 8.8039 0.0000
vertex 19.7190 8.3305 11.0169
vertex 19.1022 8.8039 11.0169
endloop
endfacet
facet normal 0.000000 0.000000 1.000000
outer loop
vertex 21.2084 10.9101 11.0169
vertex 19.1022 8.8039 11.0169
vertex 19.7190 8.3305 11.0169
endloop
endfacet
facet normal 0.000000 0.000000 -1.000000
outer loop
vertex 21.2084 10.9101 0.0000
vertex 19.7190 8.3305 0.0000
vertex 19.1022 8.8039 0.0000
endloop
endfacet
facet normal -0.382683 -0.923880 0.000000
outer loop
vertex 19.7190 8.3305 0.0000
vertex 20.4374 8.0330 0.0000
vertex 20.4374 8.0330 11.0169
endloop
endfacet
facet normal -0.382683 -0.923880 0.000000
outer loop
vertex 19.7190 8.3305 0.0000
vertex 20.4374 8.0330 11.0169
vertex 19.7190 8.3305 11.0169
endloop
endfacet
facet normal 0.000000 0.000000 1.000000
outer loop
vertex 21.2084 10.9101 11.0169
vertex 19.7190 8.3305 11.0169
vertex 20.4374 8.0330 11.0169
endloop
endfacet
facet normal 0.000000 0.000000 -1.000000
outer loop
vertex 21.2084 10.9101 0.0000
vertex 20.4374 8.0330 0.0000
vertex 19.7190 8.3305 0.0000
endloop
endfacet
facet normal -0.130526 -0.991445 0.000000
outer loop
vertex 20.4374 8.0330 0.0000
vertex 21.2084 7.9315 0.0000
vertex 21.2084 7.9315 11.0169
endloop
endfacet
facet normal -0.130526 -0.991445 0.000000
outer loop
vertex 20.4374 8.0330 0.0000
vertex 21.2084 7.9315 11.0169
vertex 20.4374 8.0330 11.0169
endloop
endfacet
facet normal 0.000000 0.000000 1.000000
outer loop
vertex 21.2084 10.9101 11.0169
vertex 20.4374 8.0330 11.0169
vertex 21.2084 7.9315 11.0169
endloop
endfacet
facet normal 0.000000 -0.000000 -1.000000
outer loop
vertex 21.2084 10.9101 0.0000
vertex 21.2084 7.9315 0.0000
vertex 20.4374 8.0330 0.0000
endloop
endfacet
facet normal 0.130526 -0.991445 0.000000
outer loop
vertex 21.2084 7.9315 0.0000
vertex 21.9793 8.0330 0.0000
vertex 21.9793 8.0330 11.0169
endloop
endfacet
facet normal 0.130526 -0.991445 0.000000
outer loop
vertex 21.2084 7.9315 0.0000
vertex 21.9793 8.0330 11.0169
vertex 21.2084 7.9315 11.0169
endloop
endfacet
facet normal 0.000000 0.000000 1.000000
outer loop
vertex 21.2084 10.9101 11.0169
vertex 21.2084 7.9315 11.0169
vertex 21.9793 8.0330 11.0169
endloop
endfacet
facet normal 0.000000 0.000000 -1.000000
outer loop
vertex 21.2084 10.9101 0.0000
vertex 21.9793 8.0330 0.0000
vertex 21.2084 7.9315 0.0000
endloop
endfacet
facet normal 0.382683 -0.923880 0.000000
outer loop
vertex 21.9793 8.0330 0.0000
vertex 22.6977 8.3305 0.0000
vertex 22.6977 8.3305 11.0169
endloop
endfacet
facet normal 0.382683 -0.923880 0.000000
outer loop
vertex 21.9793 8.0330 0.0000
vertex 22.6977 8.3305 11.0169
vertex 21.9793 8.0330 11.0169
endloop
endfacet
facet normal 0.000000 0.000000 1.000000
outer loop
vertex 21.2084 10.9101 11.0169
vertex 21.9793 8.0330 11.0169
vertex 22.6977 8.3305 11.0169
endloop
endfacet
facet normal 0.000000 0.000000 -1.000000
outer loop
vertex 21.2084 10.9101 0.0000
vertex 22.6977 8.3305 0.0000
vertex 21.9793 8.0330 0.0000
endloop
endfacet
facet normal 0.608761 -0.793353 0.000000
outer loop
vertex 22.6977 8.3305 0.0000
vertex 23.3146 8.8039 0.0000
vertex 23.3146 8.8039 11.0169
endloop
endfacet
facet normal 0.608761 -0.793353 0.000000
outer loop
vertex 22.6977 8.3305 0.0000
vertex 23.3146 8.8039 11.0169
vertex 22.6977 8.3305 11.0169
endloop
endfacet
facet normal 0.000000 0.000000 1.000000
outer loop
vertex 21.2084 10.9101 11.0169
vertex 22.6977 8.3305 11.0169
vertex 23.3146 8.8039 11.0169
endloop
endfacet
facet normal 0.000000 0.000000 -1.000000
outer loop
vertex 21.2084 10.9101 0.0000
vertex 23.3146 8.8039 0.0000
vertex 22.6977 8.3305 0.0000
endloop
endfacet
facet normal 0.793353 -0.608761 0.000000
outer loop
vertex 23.3146 8.8039 0.0000
vertex 23.7879 9.4208 0.0000
vertex 23.7879 9.4208 11.0169
endloop
endfacet
facet normal 0.793353 -0.608761 0.000000
outer loop
vertex 23.3146 8.8039 0.0000
vertex 23.7879 9.4208 11.0169
vertex 23.3146 8.8039 11.0169
endloop
endfacet
facet normal 0.000000 0.000000 1.000000
outer loop
vertex 21.2084 10.9101 11.0169
vertex 23.3146 8.8039 11.0169
vertex 23.7879 9.4208 11.0169
endloop
endfacet
facet normal 0.000000 0.000000 -1.000000
outer loop
vertex 21.2084 10.9101 0.0000
vertex 23.7879 9.4208 0.0000
vertex 23.3146 8.8039 0.0000
endloop
endfacet
facet normal 0.923880 -0.382683 0.000000
outer loop
vertex 23.7879 9.4208 0.0000
vertex 24.0855 10.1392 0.0000
vertex 24.0855 10.1392 11.0169
endloop
endfacet
facet normal 0.923880 -0.382683 0.000000
outer loop
vertex 23.7879 9.4208 0.0000
vertex 24.0855 10.1392 11.0169
vertex 23.7879 9.4208 11.0169
endloop
endfacet
facet normal 0.000000 0.000000 1.000000
outer loop
vertex 21.2084 10.9101 11.0169
vertex 23.7879 9.4208 11.0169
vertex 24.0855 10.1392 11.0169
endloop
endfacet
facet normal 0.000000 0.000000 -1.000000
outer loop
vertex 21.2084 10.9101 0.0000
vertex 24.0855 10.1392 0.0000
vertex 23.7879 9.4208 0.0000
endloop
endfacet
facet normal 0.991445 -0.130526 0.000000
outer loop
vertex 24.0855 10.1392 0.0000
vertex 24.1870 10.9101 0.0000
vertex 24.1870 10.9101 11.0169
endloop
endfacet
facet normal 0.991445 -0.130526 0.000000
outer loop
vertex 24.0855 10.1392 0.0000
vertex 24.1870 10.9101 11.0169
vertex 24.0855 10.1392 11.0169
endloop
endfacet
facet normal -0.000000 0.000000 1.000000
outer loop
vertex 21.2084 10.9101 11.0169
vertex 24.0855 10.1392 11.0169
vertex 24.1870 10.9101 11.0169
endloop
endfacet
facet normal 0.000000 0.000000 -1.000000
outer loop
vertex 21.2084 10.9101 0.0000
vertex 24.1870 10.9101 0.0000
vertex 24.0855 10.1392 0.0000
endloop
endfacet
facet normal 0.000000 0.000000 -1.000000
outer loop
vertex 23.6717 -14.4154 0.0000
vertex 23.6717 -8.9536 0.0000
vertex 30.1278 -8.9536 0.0000
endloop
endfacet
facet normal 0.000000 0.000000 -1.000000
outer loop
vertex 23.6717 -14.4154 0.0000
vertex 30.1278 -8.9536 0.0000
vertex 30.1278 -14.4154 0.0000
endloop
endfacet
facet normal 0.000000 0.000000 1.000000
outer loop
vertex 23.6717 -14.4154 14.7317
vertex 30.1278 -14.4154 14.7317
vertex 30.1278 -8.9536 14.7317
endloop
endfacet
facet normal 0.000000 0.000000 1.000000
outer loop
vertex 23.6717 -14.4154 14.7317
vertex 30.1278 -8.9536 14.7317
vertex 23.6717 -8.9536 14.7317
endloop
endfacet
facet normal 0.000000 -1.000000 0.000000
outer loop
vertex 23.6717 -14.4154 0.0000
vertex 30.1278 -14.4154 0.0000
vertex 30.1278 -14.4154 14.7317
endloop
endfacet
facet normal 0.000000 -1.000000 0.000000
outer loop
vertex 23.6717 -14.4154 0.0000
vertex 30.1278 -14.4154 14.7317
vertex 23.6717 -14.4154 14.7317
endloop
endfacet
facet normal 1.000000 0.000000 0.000000
outer loop
vertex 30.1278 -14.4154 0.0000
vertex 30.1278 -8.9536 0.0000
vertex 30.1278 -8.9536 14.7317
endloop
endfacet
facet normal 1.000000 0.000000 0.000000
outer loop
vertex 30.1278 -14.4154 0.0000
vertex 30.1278 -8.9536 14.7317
vertex 30.1278 -14.4154 14.7317
endloop
endfacet
facet normal 0.000000 1.000000 0.000000
outer loop
vertex 30.1278 -8.9536 0.0000
vertex 23.6717 -8.9536 0.0000
vertex 23.6717 -8.9536 14.7317
endloop
endfacet
facet normal 0.000000 1.000000 -0.000000
outer loop
vertex 30.1278 -8.9536 0.0000
vertex 23.6717 -8.9536 14.7317
vertex 30.1278 -8.9536 14.7317
endloop
endfacet
facet normal -1.000000 0.000000 0.000000
outer loop
vertex 23.6717 -8.9536 0.0000
vertex 23.6717 -14.4154 0.0000
vertex 23.6717 -14.4154 14.7317
endloop
endfacet
facet normal -1.000000 0.000000 0.000000
outer loop
vertex 23.6717 -8.9536 0.0000
vertex 23.6717 -14.4154 14.7317
vertex 23.6717 -8.9536 14.7317
endloop
endfacet
facet normal 0.000000 0.000000 -1.000000
outer loop
vertex -13.7259 -10.8838 0.0000
vertex -13.7259 -6.0501 0.0000
vertex -8.3825 -6.0501 0.0000
endloop
endfacet
facet normal 0.000000 0.000000 -1.000000
outer loop
vertex -13.7259 -10.8838 0.0000
vertex -8.3825 -6.0501 0.0000
vertex -8.3825 -10.8838 0.0000
endloop
endfacet
facet normal 0.000000 0.000000 1.000000
outer loop
vertex -13.7259 -10.8838 16.4544
vertex -8.3825 -10.8838 16.4544
vertex -8.3825 -6.0501 16.4544
endloop
endfacet
facet normal 0.000000 0.000000 1.000000
outer loop
vertex -13.7259 -10.8838 16.4544
vertex -8.3825 -6.0501 16.4544
vertex -13.7259 -6.0501 16.4544
endloop
endfacet
facet normal 0.000000 -1.000000 0.000000
outer loop
vertex -13.7259 -10.8838 0.0000
vertex -8.3825 -10.8838 0.0000
vertex -8.3825 -10.8838 16.4544
endloop
endfacet
facet normal 0.000000 -1.000000 0.000000
outer loop
vertex -13.7259 -10.8838 0.0000
vertex -8.3825 -10.8838 16.4544
vertex -13.7259 -10.8838 16.4544
endloop
endfacet
facet normal 1.000000 0.000000 0.000000
outer loop
vertex -8.3825 -10.8838 0.0000
vertex -8.3825 -6.0501 0.0000
vertex -8.3825 -6.0501 16.4544
endloop
endfacet
facet normal 1.000000 0.000000 0.000000
outer loop
vertex -8.3825 -10.8838 0.0000
vertex -8.3825 -6.0501 16.4544
vertex -8.3825 -10.8838 16.4544
endloop
endfacet
facet normal 0.000000 1.000000 0.000000
outer loop
vertex -8.3825 -6.0501 0.0000
vertex -13.7259 -6.0501 0.0000
vertex -13.7259 -6.0501 16.4544
endloop
endfacet
facet normal 0.000000 1.000000 -0.000000
outer loop
vertex -8.3825 -6.0501 0.0000
vertex -13.7259 -6.0501 16.4544
vertex -8.3825 -6.0501 16.4544
endloop
endfacet
facet normal -1.000000 0.000000 0.000000
outer loop
vertex -13.7259 -6.0501 0.0000
vertex -13.7259 -10.8838 0.0000
vertex -13.7259 -10.8838 16.4544
endloop
endfacet
facet normal -1.000000 0.000000 0.000000
outer loop
vertex -13.7259 -6.0501 0.0000
vertex -13.7259 -10.8838 16.4544
vertex -13.7259 -6.0501 16.4544
endloop
endfacet
facet normal 0.991445 0.130526 0.000000
outer loop
vertex 7.9371 19.4611 0.0000
vertex 7.8573 20.0672 0.0000
vertex 7.8573 20.0672 8.9190
endloop
endfacet
facet normal 0.991445 0.130526 -0.000000
outer loop
vertex 7.9371 19.4611 0.0000
vertex 7.8573 20.0672 8.9190
vertex 7.9371 19.4611 8.9190
endloop
endfacet
facet normal 0.000000 0.000000 1.000000
outer loop
vertex 5.5952 19.4611 8.9190
vertex 7.9371 19.4611 8.9190
vertex 7.8573 20.0672 8.9190
endloop
endfacet
facet normal 0.000000 0.000000 -1.000000
outer loop
vertex 5.5952 19.4611 0.0000
vertex 7.8573 20.0672 0.0000
vertex 7.9371 19.4611 0.0000
endloop
endfacet
facet normal 0.923880 0.382683 0.000000
outer loop
vertex 7.8573 20.0672 0.0000
vertex 7.6234 20.6321 0.0000
vertex 7.6234 20.6321 8.9190
endloop
endfacet
facet normal 0.923880 0.382683 -0.000000
outer loop
vertex 7.8573 20.0672 0.0000
vertex 7.6234 20.6321 8.9190
vertex 7.8573 20.0672 8.9190
endloop
endfacet
facet normal 0.000000 0.000000 1.000000
outer loop
vertex 5.5952 19.4611 8.9190
vertex 7.8573 20.0672 8.9190
vertex 7.6234 20.6321 8.9190
endloop
endfacet
facet normal 0.000000 0.000000 -1.000000
outer loop
vertex 5.5952 19.4611 0.0000
vertex 7.6234 20.6321 0.0000
vertex 7.8573 20.0672 0.0000
endloop
endfacet
facet normal 0.793353 0.608761 0.000000
outer loop
vertex 7.6234 20.6321 0.0000
vertex 7.2512 21.1171 0.0000
vertex 7.2512 21.1171 8.9190
endloop
endfacet
facet normal 0.793353 0.608761 -0.000000
outer loop
vertex 7.6234 20.6321 0.0000
vertex 7.2512 21.1171 8.9190
vertex 7.6234 20.6321 8.9190
endloop
endfacet
facet normal 0.000000 0.000000 1.000000
outer loop
vertex 5.5952 19.4611 8.9190
vertex 7.6234 20.6321 8.9190
vertex 7.2512 21.1171 8.9190
endloop
endfacet
facet normal 0.000000 0.000000 -1.000000
outer loop
vertex 5.5952 19.4611 0.0000
vertex 7.2512 21.1171 0.0000
vertex 7.6234 20.6321 0.0000
endloop
endfacet
facet normal 0.608761 0.793353 0.000000
outer loop
vertex 7.2512 21.1171 0.0000
vertex 6.7662 21.4892 0.0000
vertex 6.7662 21.4892 8.9190
endloop
endfacet
facet normal 0.608761 0.793353 -0.000000
outer loop
vertex 7.2512 21.1171 0.0000
vertex 6.7662 21.4892 8.9190
vertex 7.2512 21.1171 8.9190
endloop
endfacet
facet normal 0.000000 0.000000 1.000000
outer loop
vertex 5.5952 19.4611 8.9190
vertex 7.2512 21.1171 8.9190
vertex 6.7662 21.4892 8.9190
endloop
endfacet
facet normal 0.000000 0.000000 -1.000000
outer loop
vertex 5.5952 19.4611 0.0000
vertex 6.7662 21.4892 0.0000
vertex 7.2512 21.1171 0.0000
endloop
endfacet
facet normal 0.382683 0.923880 0.000000
outer loop
vertex 6.7662 21.4892 0.0000
vertex 6.2014 21.7232 0.0000
vertex 6.2014 21.7232 8.9190
endloop
endfacet
facet normal 0.382683 0.923880 -0.000000
outer loop
vertex 6.7662 21.4892 0.0000
vertex 6.2014 21.7232 8.9190
vertex 6.7662 21.4892 8.9190
endloop
endfacet
facet normal 0.000000 0.000000 1.000000
outer loop
vertex 5.5952 19.4611 8.9190
vertex 6.7662 21.4892 8.9190
vertex 6.2014 21.7232 8.9190
endloop
endfacet
facet normal 0.000000 0.000000 -1.000000
outer loop
vertex 5.5952 19.4611 0.0000
vertex 6.2014 21.7232 0.0000
vertex 6.7662 21.4892 0.0000
endloop
endfacet
facet normal 0.130526 0.991445 0.000000
outer loop
vertex 6.2014 21.7232 0.0000
vertex 5.5952 21.8030 0.0000
vertex 5.5952 21.8030 8.9190
endloop
endfacet
facet normal 0.130526 0.991445 -0.000000
outer loop
vertex 6.2014 21.7232 0.0000
vertex 5.5952 21.8030 8.9190
vertex 6.2014 21.7232 8.9190
endloop
endfacet
facet normal 0.000000 0.000000 1.000000
outer loop
vertex 5.5952 19.4611 8.9190
vertex 6.2014 21.7232 8.9190
vertex 5.5952 21.8030 8.9190
endloop
endfacet
facet normal 0.000000 0.000000 -1.000000
outer loop
vertex 5.5952 19.4611 0.0000
vertex 5.5952 21.8030 0.0000
vertex 6.2014 21.7232 0.0000
endloop
endfacet
facet normal -0.130526 0.991445 0.000000
outer loop
vertex 5.5952 21.8030 0.0000
vertex 4.9891 21.7232 0.0000
vertex 4.9891 21.7232 8.9190
endloop
endfacet
facet normal -0.130526 0.991445 0.000000
outer loop
vertex 5.5952 21.8030 0.0000
vertex 4.9891 21.7232 8.9190
vertex 5.5952 21.8030 8.9190
endloop
endfacet
facet normal 0.000000 -0.000000 1.000000
outer loop
vertex 5.5952 19.4611 8.9190
vertex 5.5952 21.8030 8.9190
vertex 4.9891 21.7232 8.9190
endloop
endfacet
facet normal 0.000000 0.000000 -1.000000
outer loop
vertex 5.5952 19.4611 0.0000
vertex 4.9891 21.7232 0.0000
vertex 5.5952 21.8030 0.0000
endloop
endfacet
facet normal -0.382683 0.923880 0.000000
outer loop
vertex 4.9891 21.7232 0.0000
vertex 4.4243 21.4892 0.0000
vertex 4.4243 21.4892 8.9190
endloop
endfacet
facet normal -0.382683 0.923880 0.000000
outer loop
vertex 4.9891 21.7232 0.0000
vertex 4.4243 21.4892 8.9190
vertex 4.9891 21.7232 8.9190
endloop
endfacet
facet normal 0.000000 0.000000 1.000000
outer loop
vertex 5.5952 19.4611 8.9190
vertex 4.9891 21.7232 8.9190
vertex 4.4243 21.4892 8.9190
endloop
endfacet
facet normal 0.000000 0.000000 -1.000000
outer loop
vertex 5.5952 19.4611 0.0000
vertex 4.4243 21.4892 0.0000
vertex 4.9891 21.7232 0.0000
endloop
endfacet
facet normal -0.608761 0.793353 0.000000
outer loop
vertex 4.4243 21.4892 0.0000
vertex 3.9393 21.1171 0.0000
vertex 3.9393 21.1171 8.9190
endloop
endfacet
facet normal -0.608761 0.793353 0.000000
outer loop
vertex 4.4243 21.4892 0.0000
vertex 3.9393 21.1171 8.9190
vertex 4.4243 21.4892 8.9190
endloop
endfacet
facet normal 0.000000 0.000000 1.000000
outer loop
vertex 5.5952 19.4611 8.9190
vertex 4.4243 21.4892 8.9190
vertex 3.9393 21.1171 8.9190
endloop
endfacet
facet normal 0.000000 0.000000 -1.000000
outer loop
vertex 5.5952 19.4611 0.0000
vertex 3.9393 21.1171 0.0000
vertex 4.4243 21.4892 0.0000
endloop
endfacet
facet normal -0.793353 0.608761 0.000000
outer loop
vertex 3.9393 21.1171 0.0000
vertex 3.5671 20.6321 0.0000
vertex 3.5671 20.6321 8.9190
endloop
endfacet
facet normal -0.793353 0.608761 0.000000
outer loop
vertex 3.9393 21.1171 0.0000
vertex 3.5671 20.6321 8.9190
vertex 3.9393 21.1171 8.9190
endloop
endfacet
facet normal 0.000000 0.000000 1.000000
outer loop
vertex 5.5952 19.4611 8.9190
vertex 3.9393 21.1171 8.9190
vertex 3.5671 20.6321 8.9190
endloop
endfacet
facet normal 0.000000 0.000000 -1.000000
outer loop
vertex 5.5952 19.4611 0.0000
vertex 3.5671 20.6321 0.0000
vertex 3.9393 21.1171 0.0000
endloop
endfacet
facet normal -0.923880 0.382683 0.000000
outer loop
vertex 3.5671 20.6321 0.0000
vertex 3.3332 20.0672 0.0000
vertex 3.3332 20.0672 8.9190
endloop
endfacet
facet normal -0.923880 0.382683 0.000000
outer loop
vertex 3.5671 20.6321 0.0000
vertex 3.3332 20.0672 8.9190
vertex 3.5671 20.6321 8.9190
endloop
endfacet
facet normal 0.000000 0.000000 1.000000
outer loop
vertex 5.5952 19.4611 8.9190
vertex 3.5671 20.6321 8.9190
vertex 3.3332 20.0672 8.9190
endloop
endfacet
facet normal 0.000000 0.000000 -1.000000
outer loop
vertex 5.5952 19.4611 0.0000
vertex 3.3332 20.0672 0.0000
vertex 3.5671 20.6321 0.0000
endloop
endfacet
facet normal -0.991445 0.130526 0.000000
outer loop
vertex 3.3332 20.0672 0.0000
vertex 3.2534 19.4611 0.0000
vertex 3.2534 19.4611 8.9190
endloop
endfacet
facet normal -0.991445 0.130526 0.000000
outer loop
vertex 3.3332 20.0672 0.0000
vertex 3.2534 19.4611 8.9190
vertex 3.3332 20.0672 8.9190
endloop
endfacet
facet normal 0.000000 0.000000 1.000000
outer loop
vertex 5.5952 19.4611 8.9190
vertex 3.3332 20.0672 8.9190
vertex 3.2534 19.4611 8.9190
endloop
endfacet
facet normal 0.000000 0.000000 -1.000000
outer loop
vertex 5.5952 19.4611 0.0000
vertex 3.2534 19.4611 0.0000
vertex 3.3332 20.0672 0.0000
endloop
endfacet
facet normal -0.991445 -0.130526 0.000000
outer loop
vertex 3.2534 19.4611 0.0000
vertex 3.3332 18.8550 0.0000
vertex 3.3332 18.8550 8.9190
endloop
endfacet
facet normal -0.991445 -0.130526 0.000000
outer loop
vertex 3.2534 19.4611 0.0000
vertex 3.3332 18.8550 8.9190
vertex 3.2534 19.4611 8.9190
endloop
endfacet
facet normal 0.000000 0.000000 1.000000
outer loop
vertex 5.5952 19.4611 8.9190
vertex 3.2534 19.4611 8.9190
vertex 3.3332 18.8550 8.9190
endloop
endfacet
facet normal -0.000000 0.000000 -1.000000
outer loop
vertex 5.5952 19.4611 0.0000
vertex 3.3332 18.8550 0.0000
vertex 3.2534 19.4611 0.0000
endloop
endfacet
facet normal -0.923880 -0.382683 0.000000
outer loop
vertex 3.3332 18.8550 0.0000
vertex 3.5671 18.2902 0.0000
vertex 3.5671 18.2902 8.9190
endloop
endfacet
facet normal -0.923880 -0.382683 0.000000
outer loop
vertex 3.3332 18.8550 0.0000
vertex 3.5671 18.2902 8.9190
vertex 3.3332 18.8550 8.9190
endloop
endfacet
facet normal 0.000000 0.000000 1.000000
outer loop
vertex 5.5952 19.4611 8.9190
vertex 3.3332 18.8550 8.9190
vertex 3.5671 18.2902 8.9190
endloop
endfacet
facet normal 0.000000 0.000000 -1.000000
outer loop
vertex 5.5952 19.4611 0.0000
vertex 3.5671 18.2902 0.0000
vertex 3.3332 18.8550 0.0000
endloop
endfacet
facet normal -0.793353 -0.608761 0.000000
outer loop
vertex 3.5671 18.2902 0.0000
vertex 3.9393 17.8052 0.0000
vertex 3.9393 17.8052 8.9190
endloop
endfacet
facet normal -0.793353 -0.608761 0.000000
outer loop
vertex 3.5671 18.2902 0.0000
vertex 3.9393 17.8052 8.9190
vertex 3.5671 18.2902 8.9190
endloop
endfacet
facet normal 0.000000 0.000000 1.000000
outer loop
vertex 5.5952 19.4611 8.9190
vertex 3.5671 18.2902 8.9190
vertex 3.9393 17.8052 8.9190
endloop
endfacet
facet normal 0.000000 0.000000 -1.000000
outer loop
vertex 5.5952 19.4611 0.0000
vertex 3.9393 17.8052 0.0000
vertex 3.5671 18.2902 0.0000
endloop
endfacet
facet normal -0.608761 -0.793353 0.000000
outer loop
vertex 3.9393 17.8052 0.0000
vertex 4.4243 17.4330 0.0000
vertex 4.4243 17.4330 8.9190
endloop
endfacet
facet normal -0.608761 -0.793353 0.000000
outer loop
vertex 3.9393 17.8052 0.0000
vertex 4.4243 17.4330 8.9190
vertex 3.9393 17.8052 8.9190
endloop
endfacet
facet normal 0.000000 0.000000 1.000000
outer loop
vertex 5.5952 19.4611 8.9190
vertex 3.9393 17.8052 8.9190
vertex 4.4243 17.4330 8.9190
endloop
endfacet
facet normal 0.000000 0.000000 -1.000000
outer loop
vertex 5.5952 19.4611 0.0000
vertex 4.4243 17.4330 0.0000
vertex 3.9393 17.8052 0.0000
endloop
endfacet
facet normal -0.382683 -0.923880 0.000000
outer loop
vertex 4.4243 17.4330 0.0000
vertex 4.9891 17.1990 0.0000
vertex 4.9891 17.1990 8.9190
endloop
endfacet
facet normal -0.382683 -0.923880 0.000000
outer loop
vertex 4.4243 17.4330 0.0000
vertex 4.9891 17.1990 8.9190
vertex 4.4243 17.4330 8.9190
endloop
endfacet
facet normal 0.000000 0.000000 1.000000
outer loop
vertex 5.5952 19.4611 8.9190
vertex 4.4243 17.4330 8.9190
vertex 4.9891 17.1990 8.9190
endloop
endfacet
facet normal 0.000000 0.000000 -1.000000
outer loop
vertex 5.5952 19.4611 0.0000
vertex 4.9891 17.1990 0.0000
vertex 4.4243 17.4330 0.0000
endloop
endfacet
facet normal -0.130526 -0.991445 0.000000
outer loop
vertex 4.9891 17.1990 0.0000
vertex 5.5952 17.1192 0.0000
vertex 5.5952 17.1192 8.9190
endloop
endfacet
facet normal -0.130526 -0.991445 0.000000
outer loop
vertex 4.9891 17.1990 0.0000
vertex 5.5952 17.1192 8.9190
vertex 4.9891 17.1990 8.9190
endloop
endfacet
facet normal 0.000000 0.000000 1.000000
outer loop
vertex 5.5952 19.4611 8.9190
vertex 4.9891 17.1990 8.9190
vertex 5.5952 17.1192 8.9190
endloop
endfacet
facet normal 0.000000 -0.000000 -1.000000
outer loop
vertex 5.5952 19.4611 0.0000
vertex 5.5952 17.1192 0.0000
vertex 4.9891 17.1990 0.0000
endloop
endfacet
facet normal 0.130526 -0.991445 0.000000
outer loop
vertex 5.5952 17.1192 0.0000
vertex 6.2014 17.1990 0.0000
vertex 6.2014 17.1990 8.9190
endloop
endfacet
facet normal 0.130526 -0.991445 0.000000
outer loop
vertex 5.5952 17.1192 0.0000
vertex 6.2014 17.1990 8.9190
vertex 5.5952 17.1192 8.9190
endloop
endfacet
facet normal 0.000000 0.000000 1.000000
outer loop
vertex 5.5952 19.4611 8.9190
vertex 5.5952 17.1192 8.9190
vertex 6.2014 17.1990 8.9190
endloop
endfacet
facet normal 0.000000 0.000000 -1.000000
outer loop
vertex 5.5952 19.4611 0.0000
vertex 6.2014 17.1990 0.0000
vertex 5.5952 17.1192 0.0000
endloop
endfacet
facet normal 0.382683 -0.923880 0.000000
outer loop
vertex 6.2014 17.1990 0.0000
vertex 6.7662 17.4330 0.0000
vertex 6.7662 17.4330 8.9190
endloop
endfacet
facet normal 0.382683 -0.923880 0.000000
outer loop
vertex 6.2014 17.1990 0.0000
vertex 6.7662 17.4330 8.9190
vertex 6.2014 17.1990 8.9190
endloop
endfacet
facet normal 0.000000 0.000000 1.000000
outer loop
vertex 5.5952 19.4611 8.9190
vertex 6.2014 17.1990 8.9190
vertex 6.7662 17.4330 8.9190
endloop
endfacet
facet normal 0.000000 0.000000 -1.000000
outer loop
vertex 5.5952 19.4611 0.0000
vertex 6.7662 17.4330 0.0000
vertex 6.2014 17.1990 0.0000
endloop
endfacet
facet normal 0.608761 -0.793353 0.000000
outer loop
vertex 6.7662 17.4330 0.0000
vertex 7.2512 17.8052 0.0000
vertex 7.2512 17.8052 8.9190
endloop
endfacet
facet normal 0.608761 -0.793353 0.000000
outer loop
vertex 6.7662 17.4330 0.0000
vertex 7.2512 17.8052 8.9190
vertex 6.7662 17.4330 8.9190
endloop
endfacet
facet normal 0.000000 0.000000 1.000000
outer loop
vertex 5.5952 19.4611 8.9190
vertex 6.7662 17.4330 8.9190
vertex 7.2512 17.8052 8.9190
endloop
endfacet
facet normal 0.000000 0.000000 -1.000000
outer loop
vertex 5.5952 19.4611 0.0000
vertex 7.2512 17.8052 0.0000
vertex 6.7662 17.4330 0.0000
endloop
endfacet
facet normal 0.793353 -0.608761 0.000000
outer loop
vertex 7.2512 17.8052 0.0000
vertex 7.6234 18.2902 0.0000
vertex 7.6234 18.2902 8.9190
endloop
endfacet
facet normal 0.793353 -0.608761 0.000000
outer loop
vertex 7.2512 17.8052 0.0000
vertex 7.6234 18.2902 8.9190
vertex 7.2512 17.8052 8.9190
endloop
endfacet
facet normal 0.000000 0.000000 1.000000
outer loop
vertex 5.5952 19.4611 8.9190
vertex 7.2512 17.8052 8.9190
vertex 7.6234 18.2902 8.9190
endloop
endfacet
facet normal 0.000000 0.000000 -1.000000
outer loop
vertex 5.5952 19.4611 0.0000
vertex 7.6234 18.2902 0.0000
vertex 7.2512 17.8052 0.0000
endloop
endfacet
facet normal 0.923880 -0.382683 0.000000
outer loop
vertex 7.6234 18.2902 0.0000
vertex 7.8573 18.8550 0.0000
vertex 7.8573 18.8550 8.9190
endloop
endfacet
facet normal 0.923880 -0.382683 0.000000
outer loop
vertex 7.6234 18.2902 0.0000
vertex 7.8573 18.8550 8.9190
vertex 7.6234 18.2902 8.9190
endloop
endfacet
facet normal 0.000000 0.000000 1.000000
outer loop
vertex 5.5952 19.4611 8.9190
vertex 7.6234 18.2902 8.9190
vertex 7.8573 18.8550 8.9190
endloop
endfacet
facet normal 0.000000 0.000000 -1.000000
outer loop
vertex 5.5952 19.4611 0.0000
vertex 7.8573 18.8550 0.0000
vertex 7.6234 18.2902 0.0000
endloop
endfacet
facet normal 0.991445 -0.130526 0.000000
outer loop
vertex 7.8573 18.8550 0.0000
vertex 7.9371 19.4611 0.0000
vertex 7.9371 19.4611 8.9190
endloop
endfacet
facet normal 0.991445 -0.130526 0.000000
outer loop
vertex 7.8573 18.8550 0.0000
vertex 7.9371 19.4611 8.9190
vertex 7.8573 18.8550 8.9190
endloop
endfacet
facet normal -0.000000 0.000000 1.000000
outer loop
vertex 5.5952 19.4611 8.9190
vertex 7.8573 18.8550 8.9190
vertex 7.9371 19.4611 8.9190
endloop
endfacet
facet normal 0.000000 0.000000 -1.000000
outer loop
vertex 5.5952 19.4611 0.0000
vertex 7.9371 19.4611 0.0000
vertex 7.8573 18.8550 0.0000
endloop
endfacet
facet normal 0.000000 0.000000 -1.000000
outer loop
vertex 14.8459 -37.8171 0.0000
vertex 14.8459 -31.8973 0.0000
vertex 20.5974 -31.8973 0.0000
endloop
endfacet
facet normal 0.000000 0.000000 -1.000000
outer loop
vertex 14.8459 -37.8171 0.0000
vertex 20.5974 -31.8973 0.0000
vertex 20.5974 -37.8171 0.0000
endloop
endfacet
facet normal 0.000000 0.000000 1.000000
outer loop
vertex 14.8459 -37.8171 6.8026
vertex 20.5974 -37.8171 6.8026
vertex 20.5974 -31.8973 6.8026
endloop
endfacet
facet normal 0.000000 0.000000 1.000000
outer loop
vertex 14.8459 -37.8171 6.8026
vertex 20.5974 -31.8973 6.8026
vertex 14.8459 -31.8973 6.8026
endloop
endfacet
facet normal 0.000000 -1.000000 0.000000
outer loop
vertex 14.8459 -37.8171 0.0000
vertex 20.5974 -37.8171 0.0000
vertex 20.5974 -37.8171 6.8026
endloop
endfacet
facet normal 0.000000 -1.000000 0.000000
outer loop
vertex 14.8459 -37.8171 0.0000
vertex 20.5974 -37.8171 6.8026
vertex 14.8459 -37.8171 6.8026
endloop
endfacet
facet normal 1.000000 0.000000 0.000000
outer loop
vertex 20.5974 -37.8171 0.0000
vertex 20.5974 -31.8973 0.0000
vertex 20.5974 -31.8973 6.8026
endloop
endfacet
facet normal 1.000000 0.000000 0.000000
outer loop
vertex 20.5974 -37.8171 0.0000
vertex 20.5974 -31.8973 6.8026
vertex 20.5974 -37.8171 6.8026
endloop
endfacet
facet normal 0.000000 1.000000 0.000000
outer loop
vertex 20.5974 -31.8973 0.0000
vertex 14.8459 -31.8973 0.0000
vertex 14.8459 -31.8973 6.8026
endloop
endfacet
facet normal 0.000000 1.000000 -0.000000
outer loop
vertex 20.5974 -31.8973 0.0000
vertex 14.8459 -31.8973 6.8026
vertex 20.5974 -31.8973 6.8026
endloop
endfacet
facet normal -1.000000 0.000000 0.000000
outer loop
vertex 14.8459 -31.8973 0.0000
vertex 14.8459 -37.8171 0.0000
vertex 14.8459 -37.8171 6.8026
endloop
endfacet
facet normal -1.000000 0.000000 0.000000
outer loop
vertex 14.8459 -31.8973 0.0000
vertex 14.8459 -37.8171 6.8026
vertex 14.8459 -31.8973 6.8026
endloop
endfacet
facet normal 0.991445 0.130526 0.000000
outer loop
vertex 24.1469 23.5263 0.0000
vertex 24.0888 23.9679 0.0000
vertex 24.0888 23.9679 18.1868
endloop
endfacet
facet normal 0.991445 0.130526 -0.000000
outer loop
vertex 24.1469 23.5263 0.0000
vertex 24.0888 23.9679 18.1868
vertex 24.1469 23.5263 18.1868
endloop
endfacet
facet normal 0.000000 0.000000 1.000000
outer loop
vertex 22.4406 23.5263 18.1868
vertex 24.1469 23.5263 18.1868
vertex 24.0888 23.9679 18.1868
endloop
endfacet
facet normal 0.000000 0.000000 -1.000000
outer loop
vertex 22.4406 23.5263 0.0000
vertex 24.0888 23.9679 0.0000
vertex 24.1469 23.5263 0.0000
endloop
endfacet
facet normal 0.923880 0.382683 0.000000
outer loop
vertex 24.0888 23.9679 0.0000
vertex 23.9183 24.3795 0.0000
vertex 23.9183 24.3795 18.1868
endloop
endfacet
facet normal 0.923880 0.382683 -0.000000
outer loop
vertex 24.0888 23.9679 0.0000
vertex 23.9183 24.3795 18.1868
vertex 24.0888 23.9679 18.1868
endloop
endfacet
facet normal 0.000000 0.000000 1.000000
outer loop
vertex 22.4406 23.5263 18.1868
vertex 24.0888 23.9679 18.1868
vertex 23.9183 24.3795 18.1868
endloop
endfacet
facet normal 0.000000 0.000000 -1.000000
outer loop
vertex 22.4406 23.5263 0.0000
vertex 23.9183 24.3795 0.0000
vertex 24.0888 23.9679 0.0000
endloop
endfacet
facet normal 0.793353 0.608761 0.000000
outer loop
vertex 23.9183 24.3795 0.0000
vertex 23.6471 24.7328 0.0000
vertex 23.6471 24.7328 18.1868
endloop
endfacet
facet normal 0.793353 0.608761 -0.000000
outer loop
vertex 23.9183 24.3795 0.0000
vertex 23.6471 24.7328 18.1868
vertex 23.9183 24.3795 18.1868
endloop
endfacet
facet normal 0.000000 0.000000 1.000000
outer loop
vertex 22.4406 23.5263 18.1868
vertex 23.9183 24.3795 18.1868
vertex 23.6471 24.7328 18.1868
endloop
endfacet
facet normal 0.000000 0.000000 -1.000000
outer loop
vertex 22.4406 23.5263 0.0000
vertex 23.6471 24.7328 0.0000
vertex 23.9183 24.3795 0.0000
endloop
endfacet
facet normal 0.608761 0.793353 0.000000
outer loop
vertex 23.6471 24.7328 0.0000
vertex 23.2938 25.0040 0.0000
vertex 23.2938 25.0040 18.1868
endloop
endfacet
facet normal 0.608761 0.793353 -0.000000
outer loop
vertex 23.6471 24.7328 0.0000
vertex 23.2938 25.0040 18.1868
vertex 23.6471 24.7328 18.1868
endloop
endfacet
facet normal 0.000000 0.000000 1.000000
outer loop
vertex 22.4406 23.5263 18.1868
vertex 23.6471 24.7328 18.1868
vertex 23.2938 25.0040 18.1868
endloop
endfacet
facet normal 0.000000 0.000000 -1.000000
outer loop
vertex 22.4406 23.5263 0.0000
vertex 23.2938 25.0040 0.0000
vertex 23.6471 24.7328 0.0000
endloop
endfacet
facet normal 0.382683 0.923880 0.000000
outer loop
vertex 23.2938 25.0040 0.0000
vertex 22.8822 25.1745 0.0000
vertex 22.8822 25.1745 18.1868
endloop
endfacet
facet normal 0.382683 0.923880 -0.000000
outer loop
vertex 23.2938 25.0040 0.0000
vertex 22.8822 25.1745 18.1868
vertex 23.2938 25.0040 18.1868
endloop
endfacet
facet normal 0.000000 0.000000 1.000000
outer loop
vertex 22.4406 23.5263 18.1868
vertex 23.2938 25.0040 18.1868
vertex 22.8822 25.1745 18.1868
endloop
endfacet
facet normal 0.000000 0.000000 -1.000000
outer loop
vertex 22.4406 23.5263 0.0000
vertex 22.8822 25.1745 0.0000
vertex 23.2938 25.0040 0.0000
endloop
endfacet
facet normal 0.130526 0.991445 0.000000
outer loop
vertex 22.8822 25.1745 0.0000
vertex 22.4406 25.2326 0.0000
vertex 22.4406 25.2326 18.1868
endloop
endfacet
facet normal 0.130526 0.991445 -0.000000
outer loop
vertex 22.8822 25.1745 0.0000
vertex 22.4406 25.2326 18.1868
vertex 22.8822 25.1745 18.1868
endloop
endfacet
facet normal 0.000000 0.000000 1.000000
outer loop
vertex 22.4406 23.5263 18.1868
vertex 22.8822 25.1745 18.1868
vertex 22.4406 25.2326 18.1868
endloop
endfacet
facet normal 0.000000 0.000000 -1.000000
outer loop
vertex 22.4406 23.5263 0.0000
vertex 22.4406 25.2326 0.0000
vertex 22.8822 25.1745 0.0000
endloop
endfacet
facet normal -0.130526 0.991445 0.000000
outer loop
vertex 22.4406 25.2326 0.0000
vertex 21.9990 25.1745 0.0000
vertex 21.9990 25.1745 18.1868
endloop
endfacet
facet normal -0.130526 0.991445 0.000000
outer loop
vertex 22.4406 25.2326 0.0000
vertex 21.9990 25.1745 18.1868
vertex 22.4406 25.2326 18.1868
endloop
endfacet
facet normal 0.000000 -0.000000 1.000000
outer loop
vertex 22.4406 23.5263 18.1868
vertex 22.4406 25.2326 18.1868
vertex 21.9990 25.1745 18.1868
endloop
endfacet
facet normal 0.000000 0.000000 -1.000000
outer loop
vertex 22.4406 23.5263 0.0000
vertex 21.9990 25.1745 0.0000
vertex 22.4406 25.2326 0.0000
endloop
endfacet
facet normal -0.382683 0.923880 0.000000
outer loop
vertex 21.9990 25.1745 0.0000
vertex 21.5875 25.0040 0.0000
vertex 21.5875 25.0040 18.1868
endloop
endfacet
facet normal -0.382683 0.923880 0.000000
outer loop
vertex 21.9990 25.1745 0.0000
vertex 21.5875 25.0040 18.1868
vertex 21.9990 25.1745 18.1868
endloop
endfacet
facet normal 0.000000 0.000000 1.000000
outer loop
vertex 22.4406 23.5263 18.1868
vertex 21.9990 25.1745 18.1868
vertex 21.5875 25.0040 18.1868
endloop
endfacet
facet normal 0.000000 0.000000 -1.000000
outer loop
vertex 22.4406 23.5263 0.0000
vertex 21.5875 25.0040 0.0000
vertex 21.9990 25.1745 0.0000
endloop
endfacet
facet normal -0.608761 0.793353 0.000000
outer loop
vertex 21.5875 25.0040 0.0000
vertex 21.2341 24.7328 0.0000
vertex 21.2341 24.7328 18.1868
endloop
endfacet
facet normal -0.608761 0.793353 0.000000
outer loop
vertex 21.5875 25.0040 0.0000
vertex 21.2341 24.7328 18.1868
vertex 21.5875 25.0040 18.1868
endloop
endfacet
facet normal 0.000000 0.000000 1.000000
outer loop
vertex 22.4406 23.5263 18.1868
vertex 21.5875 25.0040 18.1868
vertex 21.2341 24.7328 18.1868
endloop
endfacet
facet normal 0.000000 0.000000 -1.000000
outer loop
vertex 22.4406 23.5263 0.0000
vertex 21.2341 24.7328 0.0000
vertex 21.5875 25.0040 0.0000
endloop
endfacet
facet normal -0.793353 0.608761 0.000000
outer loop
vertex 21.2341 24.7328 0.0000
vertex 20.9629 24.3795 0.0000
vertex 20.9629 24.3795 18.1868
endloop
endfacet
facet normal -0.793353 0.608761 0.000000
outer loop
vertex 21.2341 24.7328 0.0000
vertex 20.9629 24.3795 18.1868
vertex 21.2341 24.7328 18.1868
endloop
endfacet
facet normal 0.000000 0.000000 1.000000
outer loop
vertex 22.4406 23.5263 18.1868
vertex 21.2341 24.7328 18.1868
vertex 20.9629 24.3795 18.1868
endloop
endfacet
facet normal 0.000000 0.000000 -1.000000
outer loop
vertex 22.4406 23.5263 0.0000
vertex 20.9629 24.3795 0.0000
vertex 21.2341 24.7328 0.0000
endloop
endfacet
facet normal -0.923880 0.382683 0.000000
outer loop
vertex 20.9629 24.3795 0.0000
vertex 20.7925 23.9679 0.0000
vertex 20.7925 23.9679 18.1868
endloop
endfacet
facet normal -0.923880 0.382683 0.000000
outer loop
vertex 20.9629 24.3795 0.0000
vertex 20.7925 23.9679 18.1868
vertex 20.9629 24.3795 18.1868
endloop
endfacet
facet normal 0.000000 0.000000 1.000000
outer loop
vertex 22.4406 23.5263 18.1868
vertex 20.9629 24.3795 18.1868
vertex 20.7925 23.9679 18.1868
endloop
endfacet
facet normal 0.000000 0.000000 -1.000000
outer loop
vertex 22.4406 23.5263 0.0000
vertex 20.7925 23.9679 0.0000
vertex 20.9629 24.3795 0.0000
endloop
endfacet
facet normal -0.991445 0.130526 0.000000
outer loop
vertex 20.7925 23.9679 0.0000
vertex 20.7343 23.5263 0.0000
vertex 20.7343 23.5263 18.1868
endloop
endfacet
facet normal -0.991445 0.130526 0.000000
outer loop
vertex 20.7925 23.9679 0.0000
vertex 20.7343 23.5263 18.1868
vertex 20.7925 23.9679 18.1868
endloop
endfacet
facet normal 0.000000 0.000000 1.000000
outer loop
vertex 22.4406 23.5263 18.1868
vertex 20.7925 23.9679 18.1868
vertex 20.7343 23.5263 18.1868
endloop
endfacet
facet normal 0.000000 0.000000 -1.000000
outer loop
vertex 22.4406 23.5263 0.0000
vertex 20.7343 23.5263 0.0000
vertex 20.7925 23.9679 0.0000
endloop
endfacet
facet normal -0.991445 -0.130526 0.000000
outer loop
vertex 20.7343 23.5263 0.0000
vertex 20.7925 23.0847 0.0000
vertex 20.7925 23.0847 18.1868
endloop
endfacet
facet normal -0.991445 -0.130526 0.000000
outer loop
vertex 20.7343 23.5263 0.0000
vertex 20.7925 23.0847 18.1868
vertex 20.7343 23.5263 18.1868
endloop
endfacet
facet normal 0.000000 0.000000 1.000000
outer loop
vertex 22.4406 23.5263 18.1868
vertex 20.7343 23.5263 18.1868
vertex 20.7925 23.0847 18.1868
endloop
endfacet
facet normal -0.000000 0.000000 -1.000000
outer loop
vertex 22.4406 23.5263 0.0000
vertex 20.7925 23.0847 0.0000
vertex 20.7343 23.5263 0.0000
endloop
endfacet
facet normal -0.923880 -0.382683 0.000000
outer loop
vertex 20.7925 23.0847 0.0000
vertex 20.9629 22.6732 0.0000
vertex 20.9629 22.6732 18.1868
endloop
endfacet
facet normal -0.923880 -0.382683 0.000000
outer loop
vertex 20.7925 23.0847 0.0000
vertex 20.9629 22.6732 18.1868
vertex 20.7925 23.0847 18.1868
endloop
endfacet
facet normal 0.000000 0.000000 1.000000
outer loop
vertex 22.4406 23.5263 18.1868
vertex 20.7925 23.0847 18.1868
vertex 20.9629 22.6732 18.1868
endloop
endfacet
facet normal 0.000000 0.000000 -1.000000
outer loop
vertex 22.4406 23.5263 0.0000
vertex 20.9629 22.6732 0.0000
vertex 20.7925 23.0847 0.0000
endloop
endfacet
facet normal -0.793353 -0.608761 0.000000
outer loop
vertex 20.9629 22.6732 0.0000
vertex 21.2341 22.3198 0.0000
vertex 21.2341 22.3198 18.1868
endloop
endfacet
facet normal -0.793353 -0.608761 0.000000
outer loop
vertex 20.9629 22.6732 0.0000
vertex 21.2341 22.3198 18.1868
vertex 20.9629 22.6732 18.1868
endloop
endfacet
facet normal 0.000000 0.000000 1.000000
outer loop
vertex 22.4406 23.5263 18.1868
vertex 20.9629 22.6732 18.1868
vertex 21.2341 22.3198 18.1868
endloop
endfacet
facet normal 0.000000 0.000000 -1.000000
outer loop
vertex 22.4406 23.5263 0.0000
vertex 21.2341 22.3198 0.0000
vertex 20.9629 22.6732 0.0000
endloop
endfacet
facet normal -0.608761 -0.793353 0.000000
outer loop
vertex 21.2341 22.3198 0.0000
vertex 21.5875 22.0486 0.0000
vertex 21.5875 22.0486 18.1868
endloop
endfacet
facet normal -0.608761 -0.793353 0.000000
outer loop
vertex 21.2341 22.3198 0.0000
vertex 21.5875 22.0486 18.1868
vertex 21.2341 22.3198 18.1868
endloop
endfacet
facet normal 0.000000 0.000000 1.000000
outer loop
vertex 22.4406 23.5263 18.1868
vertex 21.2341 22.3198 18.1868
vertex 21.5875 22.0486 18.1868
endloop
endfacet
facet normal 0.000000 0.000000 -1.000000
outer loop
vertex 22.4406 23.5263 0.0000
vertex 21.5875 22.0486 0.0000
vertex 21.2341 22.3198 0.0000
endloop
endfacet
facet normal -0.382683 -0.923880 0.000000
outer loop
vertex 21.5875 22.0486 0.0000
vertex 21.9990 21.8782 0.0000
vertex 21.9990 21.8782 18.1868
endloop
endfacet
facet normal -0.382683 -0.923880 0.000000
outer loop
vertex 21.5875 22.0486 0.0000
vertex 21.9990 21.8782 18.1868
vertex 21.5875 22.0486 18.1868
endloop
endfacet
facet normal 0.000000 0.000000 1.000000
outer loop
vertex 22.4406 23.5263 18.1868
vertex 21.5875 22.0486 18.1868
vertex 21.9990 21.8782 18.1868
endloop
endfacet
facet normal 0.000000 0.000000 -1.000000
outer loop
vertex 22.4406 23.5263 0.0000
vertex 21.9990 21.8782 0.0000
vertex 21.5875 22.0486 0.0000
endloop
endfacet
facet normal -0.130526 -0.991445 0.000000
outer loop
vertex 21.9990 21.8782 0.0000
vertex 22.4406 21.8200 0.0000
vertex 22.4406 21.8200 18.1868
endloop
endfacet
facet normal -0.130526 -0.991445 0.000000
outer loop
vertex 21.9990 21.8782 0.0000
vertex 22.4406 21.8200 18.1868
vertex 21.9990 21.8782 18.1868
endloop
endfacet
facet normal 0.000000 0.000000 1.000000
outer loop
vertex 22.4406 23.5263 18.1868
vertex 21.9990 21.8782 18.1868
vertex 22.4406 21.8200 18.1868
endloop
endfacet
facet normal 0.000000 -0.000000 -1.000000
outer loop
vertex 22.4406 23.5263 0.0000
vertex 22.4406 21.8200 0.0000
vertex 21.9990 21.8782 0.0000
endloop
endfacet
facet normal 0.130526 -0.991445 0.000000
outer loop
vertex 22.4406 21.8200 0.0000
vertex 22.8822 21.8782 0.0000
vertex 22.8822 21.8782 18.1868
endloop
endfacet
facet normal 0.130526 -0.991445 0.000000
outer loop
vertex 22.4406 21.8200 0.0000
vertex 22.8822 21.8782 18.1868
vertex 22.4406 21.8200 18.1868
endloop
endfacet
facet normal 0.000000 0.000000 1.000000
outer loop
vertex 22.4406 23.5263 18.1868
vertex 22.4406 21.8200 18.1868
vertex 22.8822 21.8782 18.1868
endloop
endfacet
facet normal 0.000000 0.000000 -1.000000
outer loop
vertex 22.4406 23.5263 0.0000
vertex 22.8822 21.8782 0.0000
vertex 22.4406 21.8200 0.0000
endloop
endfacet
facet normal 0.382683 -0.923880 0.000000
outer loop
vertex 22.8822 21.8782 0.0000
vertex 23.2938 22.0486 0.0000
vertex 23.2938 22.0486 18.1868
endloop
endfacet
facet normal 0.382683 -0.923880 0.000000
outer loop
vertex 22.8822 21.8782 0.0000
vertex 23.2938 22.0486 18.1868
vertex 22.8822 21.8782 18.1868
endloop
endfacet
facet normal 0.000000 0.000000 1.000000
outer loop
vertex 22.4406 23.5263 18.1868
vertex 22.8822 21.8782 18.1868
vertex 23.2938 22.0486 18.1868
endloop
endfacet
facet normal 0.000000 0.000000 -1.000000
outer loop
vertex 22.4406 23.5263 0.0000
vertex 23.2938 22.0486 0.0000
vertex 22.8822 21.8782 0.0000
endloop
endfacet
facet normal 0.608761 -0.793353 0.000000
outer loop
vertex 23.2938 22.0486 0.0000
vertex 23.6471 22.3198 0.0000
vertex 23.6471 22.3198 18.1868
endloop
endfacet
facet normal 0.608761 -0.793353 0.000000
outer loop
vertex 23.2938 22.0486 0.0000
vertex 23.6471 22.3198 18.1868
vertex 23.2938 22.0486 18.1868
endloop
endfacet
facet normal 0.000000 0.000000 1.000000
outer loop
vertex 22.4406 23.5263 18.1868
vertex 23.2938 22.0486 18.1868
vertex 23.6471 22.3198 18.1868
endloop
endfacet
facet normal 0.000000 0.000000 -1.000000
outer loop
vertex 22.4406 23.5263 0.0000
vertex 23.6471 22.3198 0.0000
vertex 23.2938 22.0486 0.0000
endloop
endfacet
facet normal 0.793353 -0.608761 0.000000
outer loop
vertex 23.6471 22.3198 0.0000
vertex 23.9183 22.6732 0.0000
vertex 23.9183 22.6732 18.1868
endloop
endfacet
facet normal 0.793353 -0.608761 0.000000
outer loop
vertex 23.6471 22.3198 0.0000
vertex 23.9183 22.6732 18.1868
vertex 23.6471 22.3198 18.1868
endloop
endfacet
facet normal 0.000000 0.000000 1.000000
outer loop
vertex 22.4406 23.5263 18.1868
vertex 23.6471 22.3198 18.1868
vertex 23.9183 22.6732 18.1868
endloop
endfacet
facet normal 0.000000 0.000000 -1.000000
outer loop
vertex 22.4406 23.5263 0.0000
vertex 23.9183 22.6732 0.0000
vertex 23.6471 22.3198 0.0000
endloop
endfacet
facet normal 0.923880 -0.382683 0.000000
outer loop
vertex 23.9183 22.6732 0.0000
vertex 24.0888 23.0847 0.0000
vertex 24.0888 23.0847 18.1868
endloop
endfacet
facet normal 0.923880 -0.382683 0.000000
outer loop
vertex 23.9183 22.6732 0.0000
vertex 24.0888 23.0847 18.1868
vertex 23.9183 22.6732 18.1868
endloop
endfacet
facet normal 0.000000 0.000000 1.000000
outer loop
vertex 22.4406 23.5263 18.1868
vertex 23.9183 22.6732 18.1868
vertex 24.0888 23.0847 18.1868
endloop
endfacet
facet normal 0.000000 0.000000 -1.000000
outer loop
vertex 22.4406 23.5263 0.0000
vertex 24.0888 23.0847 0.0000
vertex 23.9183 22.6732 0.0000
endloop
endfacet
facet normal 0.991445 -0.130526 0.000000
outer loop
vertex 24.0888 23.0847 0.0000
vertex 24.1469 23.5263 0.0000
vertex 24.1469 23.5263 18.1868
endloop
endfacet
facet normal 0.991445 -0.130526 0.000000
outer loop
vertex 24.0888 23.0847 0.0000
vertex 24.1469 23.5263 18.1868
vertex 24.0888 23.0847 18.1868
endloop
endfacet
facet normal -0.000000 0.000000 1.000000
outer loop
vertex 22.4406 23.5263 18.1868
vertex 24.0888 23.0847 18.1868
vertex 24.1469 23.5263 18.1868
endloop
endfacet
facet normal 0.000000 0.000000 -1.000000
outer loop
vertex 22.4406 23.5263 0.0000
vertex 24.1469 23.5263 0.0000
vertex 24.0888 23.0847 0.0000
endloop
endfacet
facet normal 0.991445 0.130526 0.000000
outer loop
vertex 27.2563 -22.7479 0.0000
vertex 27.1931 -22.2673 0.0000
vertex 27.1931 -22.2673 22.2339
endloop
endfacet
facet normal 0.991445 0.130526 -0.000000
outer loop
vertex 27.2563 -22.7479 0.0000
vertex 27.1931 -22.2673 22.2339
vertex 27.2563 -22.7479 22.2339
endloop
endfacet
facet normal 0.000000 0.000000 1.000000
outer loop
vertex 25.3995 -22.7479 22.2339
vertex 27.2563 -22.7479 22.2339
vertex 27.1931 -22.2673 22.2339
endloop
endfacet
facet normal 0.000000 0.000000 -1.000000
outer loop
vertex 25.3995 -22.7479 0.0000
vertex 27.1931 -22.2673 0.0000
vertex 27.2563 -22.7479 0.0000
endloop
endfacet
facet normal 0.923880 0.382683 0.000000
outer loop
vertex 27.1931 -22.2673 0.0000
vertex 27.0076 -21.8195 0.0000
vertex 27.0076 -21.8195 22.2339
endloop
endfacet
facet normal 0.923880 0.382683 -0.000000
outer loop
vertex 27.1931 -22.2673 0.0000
vertex 27.0076 -21.8195 22.2339
vertex 27.1931 -22.2673 22.2339
endloop
endfacet
facet normal 0.000000 0.000000 1.000000
outer loop
vertex 25.3995 -22.7479 22.2339
vertex 27.1931 -22.2673 22.2339
vertex 27.0076 -21.8195 22.2339
endloop
endfacet
facet normal 0.000000 0.000000 -1.000000
outer loop
vertex 25.3995 -22.7479 0.0000
vertex 27.0076 -21.8195 0.0000
vertex 27.1931 -22.2673 0.0000
endloop
endfacet
facet normal 0.793353 0.608761 0.000000
outer loop
vertex 27.0076 -21.8195 0.0000
vertex 26.7125 -21.4349 0.0000
vertex 26.7125 -21.4349 22.2339
endloop
endfacet
facet normal 0.793353 0.608761 -0.000000
outer loop
vertex 27.0076 -21.8195 0.0000
vertex 26.7125 -21.4349 22.2339
vertex 27.0076 -21.8195 22.2339
endloop
endfacet
facet normal 0.000000 0.000000 1.000000
outer loop
vertex 25.3995 -22.7479 22.2339
vertex 27.0076 -21.8195 22.2339
vertex 26.7125 -21.4349 22.2339
endloop
endfacet
facet normal 0.000000 0.000000 -1.000000
outer loop
vertex 25.3995 -22.7479 0.0000
vertex 26.7125 -21.4349 0.0000
vertex 27.0076 -21.8195 0.0000
endloop
endfacet
facet normal 0.608761 0.793353 0.000000
outer loop
vertex 26.7125 -21.4349 0.0000
vertex 26.3279 -21.1398 0.0000
vertex 26.3279 -21.1398 22.2339
endloop
endfacet
facet normal 0.608761 0.793353 -0.000000
outer loop
vertex 26.7125 -21.4349 0.0000
vertex 26.3279 -21.1398 22.2339
vertex 26.7125 -21.4349 22.2339
endloop
endfacet
facet normal 0.000000 0.000000 1.000000
outer loop
vertex 25.3995 -22.7479 22.2339
vertex 26.7125 -21.4349 22.2339
vertex 26.3279 -21.1398 22.2339
endloop
endfacet
facet normal 0.000000 0.000000 -1.000000
outer loop
vertex 25.3995 -22.7479 0.0000
vertex 26.3279 -21.1398 0.0000
vertex 26.7125 -21.4349 0.0000
endloop
endfacet
facet normal 0.382683 0.923880 0.000000
outer loop
vertex 26.3279 -21.1398 0.0000
vertex 25.8801 -20.9543 0.0000
vertex 25.8801 -20.9543 22.2339
endloop
endfacet
facet normal 0.382683 0.923880 -0.000000
outer loop
vertex 26.3279 -21.1398 0.0000
vertex 25.8801 -20.9543 22.2339
vertex 26.3279 -21.1398 22.2339
endloop
endfacet
facet normal 0.000000 0.000000 1.000000
outer loop
vertex 25.3995 -22.7479 22.2339
vertex 26.3279 -21.1398 22.2339
vertex 25.8801 -20.9543 22.2339
endloop
endfacet
facet normal 0.000000 0.000000 -1.000000
outer loop
vertex 25.3995 -22.7479 0.0000
vertex 25.8801 -20.9543 0.0000
vertex 26.3279 -21.1398 0.0000
endloop
endfacet
facet normal 0.130526 0.991445 0.000000
outer loop
vertex 25.8801 -20.9543 0.0000
vertex 25.3995 -20.8911 0.0000
vertex 25.3995 -20.8911 22.2339
endloop
endfacet
facet normal 0.130526 0.991445 -0.000000
outer loop
vertex 25.8801 -20.9543 0.0000
vertex 25.3995 -20.8911 22.2339
vertex 25.8801 -20.9543 22.2339
endloop
endfacet
facet normal 0.000000 0.000000 1.000000
outer loop
vertex 25.3995 -22.7479 22.2339
vertex 25.8801 -20.9543 22.2339
vertex 25.3995 -20.8911 22.2339
endloop
endfacet
facet normal 0.000000 0.000000 -1.000000
outer loop
vertex 25.3995 -22.7479 0.0000
vertex 25.3995 -20.8911 0.0000
vertex 25.8801 -20.9543 0.0000
endloop
endfacet
facet normal -0.130526 0.991445 0.000000
outer loop
vertex 25.3995 -20.8911 0.0000
vertex 24.9189 -20.9543 0.0000
vertex 24.9189 -20.9543 22.2339
endloop
endfacet
facet normal -0.130526 0.991445 0.000000
outer loop
vertex 25.3995 -20.8911 0.0000
vertex 24.9189 -20.9543 22.2339
vertex 25.3995 -20.8911 22.2339
endloop
endfacet
facet normal 0.000000 -0.000000 1.000000
outer loop
vertex 25.3995 -22.7479 22.2339
vertex 25.3995 -20.8911 22.2339
vertex 24.9189 -20.9543 22.2339
endloop
endfacet
facet normal 0.000000 0.000000 -1.000000
outer loop
vertex 25.3995 -22.7479 0.0000
vertex 24.9189 -20.9543 0.0000
vertex 25.3995 -20.8911 0.0000
endloop
endfacet
facet normal -0.382683 0.923880 0.000000
outer loop
vertex 24.9189 -20.9543 0.0000
vertex 24.4711 -21.1398 0.0000
vertex 24.4711 -21.1398 22.2339
endloop
endfacet
facet normal -0.382683 0.923880 0.000000
outer loop
vertex 24.9189 -20.9543 0.0000
vertex 24.4711 -21.1398 22.2339
vertex 24.9189 -20.9543 22.2339
endloop
endfacet
facet normal 0.000000 0.000000 1.000000
outer loop
vertex 25.3995 -22.7479 22.2339
vertex 24.9189 -20.9543 22.2339
vertex 24.4711 -21.1398 22.2339
endloop
endfacet
facet normal 0.000000 0.000000 -1.000000
outer loop
vertex 25.3995 -22.7479 0.0000
vertex 24.4711 -21.1398 0.0000
vertex 24.9189 -20.9543 0.0000
endloop
endfacet
facet normal -0.608761 0.793353 0.000000
outer loop
vertex 24.4711 -21.1398 0.0000
vertex 24.0865 -21.4349 0.0000
vertex 24.0865 -21.4349 22.2339
endloop
endfacet
facet normal -0.608761 0.793353 0.000000
outer loop
vertex 24.4711 -21.1398 0.0000
vertex 24.0865 -21.4349 22.2339
vertex 24.4711 -21.1398 22.2339
endloop
endfacet
facet normal 0.000000 0.000000 1.000000
outer loop
vertex 25.3995 -22.7479 22.2339
vertex 24.4711 -21.1398 22.2339
vertex 24.0865 -21.4349 22.2339
endloop
endfacet
facet normal 0.000000 0.000000 -1.000000
outer loop
vertex 25.3995 -22.7479 0.0000
vertex 24.0865 -21.4349 0.0000
vertex 24.4711 -21.1398 0.0000
endloop
endfacet
facet normal -0.793353 0.608761 0.000000
outer loop
vertex 24.0865 -21.4349 0.0000
vertex 23.7914 -21.8195 0.0000
vertex 23.7914 -21.8195 22.2339
endloop
endfacet
facet normal -0.793353 0.608761 0.000000
outer loop
vertex 24.0865 -21.4349 0.0000
vertex 23.7914 -21.8195 22.2339
vertex 24.0865 -21.4349 22.2339
endloop
endfacet
facet normal 0.000000 0.000000 1.000000
outer loop
vertex 25.3995 -22.7479 22.2339
vertex 24.0865 -21.4349 22.2339
vertex 23.7914 -21.8195 22.2339
endloop
endfacet
facet normal 0.000000 0.000000 -1.000000
outer loop
vertex 25.3995 -22.7479 0.0000
vertex 23.7914 -21.8195 0.0000
vertex 24.0865 -21.4349 0.0000
endloop
endfacet
facet normal -0.923880 0.382683 0.000000
outer loop
vertex 23.7914 -21.8195 0.0000
vertex 23.6059 -22.2673 0.0000
vertex 23.6059 -22.2673 22.2339
endloop
endfacet
facet normal -0.923880 0.382683 0.000000
outer loop
vertex 23.7914 -21.8195 0.0000
vertex 23.6059 -22.2673 22.2339
vertex 23.7914 -21.8195 22.2339
endloop
endfacet
facet normal 0.000000 0.000000 1.000000
outer loop
vertex 25.3995 -22.7479 22.2339
vertex 23.7914 -21.8195 22.2339
vertex 23.6059 -22.2673 22.2339
endloop
endfacet
facet normal 0.000000 0.000000 -1.000000
outer loop
vertex 25.3995 -22.7479 0.0000
vertex 23.6059 -22.2673 0.0000
vertex 23.7914 -21.8195 0.0000
endloop
endfacet
facet normal -0.991445 0.130526 0.000000
outer loop
vertex 23.6059 -22.2673 0.0000
vertex 23.5426 -22.7479 0.0000
vertex 23.5426 -22.7479 22.2339
endloop
endfacet
facet normal -0.991445 0.130526 0.000000
outer loop
vertex 23.6059 -22.2673 0.0000
vertex 23.5426 -22.7479 22.2339
vertex 23.6059 -22.2673 22.2339
endloop
endfacet
facet normal 0.000000 0.000000 1.000000
outer loop
vertex 25.3995 -22.7479 22.2339
vertex 23.6059 -22.2673 22.2339
vertex 23.5426 -22.7479 22.2339
endloop
endfacet
facet normal 0.000000 0.000000 -1.000000
outer loop
vertex 25.3995 -22.7479 0.0000
vertex 23.5426 -22.7479 0.0000
vertex 23.6059 -22.2673 0.0000
endloop
endfacet
facet normal -0.991445 -0.130526 0.000000
outer loop
vertex 23.5426 -22.7479 0.0000
vertex 23.6059 -23.2285 0.0000
vertex 23.6059 -23.2285 22.2339
endloop
endfacet
facet normal -0.991445 -0.130526 0.000000
outer loop
vertex 23.5426 -22.7479 0.0000
vertex 23.6059 -23.2285 22.2339
vertex 23.5426 -22.7479 22.2339
endloop
endfacet
facet normal 0.000000 0.000000 1.000000
outer loop
vertex 25.3995 -22.7479 22.2339
vertex 23.5426 -22.7479 22.2339
vertex 23.6059 -23.2285 22.2339
endloop
endfacet
facet normal -0.000000 0.000000 -1.000000
outer loop
vertex 25.3995 -22.7479 0.0000
vertex 23.6059 -23.2285 0.0000
vertex 23.5426 -22.7479 0.0000
endloop
endfacet
facet normal -0.923880 -0.382683 0.000000
outer loop
vertex 23.6059 -23.2285 0.0000
vertex 23.7914 -23.6763 0.0000
vertex 23.7914 -23.6763 22.2339
endloop
endfacet
facet normal -0.923880 -0.382683 0.000000
outer loop
vertex 23.6059 -23.2285 0.0000
vertex 23.7914 -23.6763 22.2339
vertex 23.6059 -23.2285 22.2339
endloop
endfacet
facet normal 0.000000 0.000000 1.000000
outer loop
vertex 25.3995 -22.7479 22.2339
vertex 23.6059 -23.2285 22.2339
vertex 23.7914 -23.6763 22.2339
endloop
endfacet
facet normal 0.000000 0.000000 -1.000000
outer loop
vertex 25.3995 -22.7479 0.0000
vertex 23.7914 -23.6763 0.0000
vertex 23.6059 -23.2285 0.0000
endloop
endfacet
facet normal -0.793353 -0.608761 0.000000
outer loop
vertex 23.7914 -23.6763 0.0000
vertex 24.0865 -24.0609 0.0000
vertex 24.0865 -24.0609 22.2339
endloop
endfacet
facet normal -0.793353 -0.608761 0.000000
outer loop
vertex 23.7914 -23.6763 0.0000
vertex 24.0865 -24.0609 22.2339
vertex 23.7914 -23.6763 22.2339
endloop
endfacet
facet normal 0.000000 0.000000 1.000000
outer loop
vertex 25.3995 -22.7479 22.2339
vertex 23.7914 -23.6763 22.2339
vertex 24.0865 -24.0609 22.2339
endloop
endfacet
facet normal 0.000000 0.000000 -1.000000
outer loop
vertex 25.3995 -22.7479 0.0000
vertex 24.0865 -24.0609 0.0000
vertex 23.7914 -23.6763 0.0000
endloop
endfacet
facet normal -0.608761 -0.793353 0.000000
outer loop
vertex 24.0865 -24.0609 0.0000
vertex 24.4711 -24.3560 0.0000
vertex 24.4711 -24.3560 22.2339
endloop
endfacet
facet normal -0.608761 -0.793353 0.000000
outer loop
vertex 24.0865 -24.0609 0.0000
vertex 24.4711 -24.3560 22.2339
vertex 24.0865 -24.0609 22.2339
endloop
endfacet
facet normal 0.000000 0.000000 1.000000
outer loop
vertex 25.3995 -22.7479 22.2339
vertex 24.0865 -24.0609 22.2339
vertex 24.4711 -24.3560 22.2339
endloop
endfacet
facet normal 0.000000 0.000000 -1.000000
outer loop
vertex 25.3995 -22.7479 0.0000
vertex 24.4711 -24.3560 0.0000
vertex 24.0865 -24.0609 0.0000
endloop
endfacet
facet normal -0.382683 -0.923880 0.000000
outer loop
vertex 24.4711 -24.3560 0.0000
vertex 24.9189 -24.5415 0.0000
vertex 24.9189 -24.5415 22.2339
endloop
endfacet
facet normal -0.382683 -0.923880 0.000000
outer loop
vertex 24.4711 -24.3560 0.0000
vertex 24.9189 -24.5415 22.2339
vertex 24.4711 -24.3560 22.2339
endloop
endfacet
facet normal 0.000000 0.000000 1.000000
outer loop
vertex 25.3995 -22.7479 22.2339
vertex 24.4711 -24.3560 22.2339
vertex 24.9189 -24.5415 22.2339
endloop
endfacet
facet normal 0.000000 0.000000 -1.000000
outer loop
vertex 25.3995 -22.7479 0.0000
vertex 24.9189 -24.5415 0.0000
vertex 24.4711 -24.3560 0.0000
endloop
endfacet
facet normal -0.130526 -0.991445 0.000000
outer loop
vertex 24.9189 -24.5415 0.0000
vertex 25.3995 -24.6048 0.0000
vertex 25.3995 -24.6048 22.2339
endloop
endfacet
facet normal -0.130526 -0.991445 0.000000
outer loop
vertex 24.9189 -24.5415 0.0000
vertex 25.3995 -24.6048 22.2339
vertex 24.9189 -24.5415 22.2339
endloop
endfacet
facet normal 0.000000 0.000000 1.000000
outer loop
vertex 25.3995 -22.7479 22.2339
vertex 24.9189 -24.5415 22.2339
vertex 25.3995 -24.6048 22.2339
endloop
endfacet
facet normal 0.000000 -0.000000 -1.000000
outer loop
vertex 25.3995 -22.7479 0.0000
vertex 25.3995 -24.6048 0.0000
vertex 24.9189 -24.5415 0.0000
endloop
endfacet
facet normal 0.130526 -0.991445 0.000000
outer loop
vertex 25.3995 -24.6048 0.0000
vertex 25.8801 -24.5415 0.0000
vertex 25.8801 -24.5415 22.2339
endloop
endfacet
facet normal 0.130526 -0.991445 0.000000
outer loop
vertex 25.3995 -24.6048 0.0000
vertex 25.8801 -24.5415 22.2339
vertex 25.3995 -24.6048 22.2339
endloop
endfacet
facet normal 0.000000 0.000000 1.000000
outer loop
vertex 25.3995 -22.7479 22.2339
vertex 25.3995 -24.6048 22.2339
vertex 25.8801 -24.5415 22.2339
endloop
endfacet
facet normal 0.000000 0.000000 -1.000000
outer loop
vertex 25.3995 -22.7479 0.0000
vertex 25.8801 -24.5415 0.0000
vertex 25.3995 -24.6048 0.0000
endloop
endfacet
facet normal 0.382683 -0.923880 0.000000
outer loop
vertex 25.8801 -24.5415 0.0000
vertex 26.3279 -24.3560 0.0000
vertex 26.3279 -24.3560 22.2339
endloop
endfacet
facet normal 0.382683 -0.923880 0.000000
outer loop
vertex 25.8801 -24.5415 0.0000
vertex 26.3279 -24.3560 22.2339
vertex 25.8801 -24.5415 22.2339
endloop
endfacet
facet normal 0.000000 0.000000 1.000000
outer loop
vertex 25.3995 -22.7479 22.2339
vertex 25.8801 -24.5415 22.2339
vertex 26.3279 -24.3560 22.2339
endloop
endfacet
facet normal 0.000000 0.000000 -1.000000
outer loop
vertex 25.3995 -22.7479 0.0000
vertex 26.3279 -24.3560 0.0000
vertex 25.8801 -24.5415 0.0000
endloop
endfacet
facet normal 0.608761 -0.793353 0.000000
outer loop
vertex 26.3279 -24.3560 0.0000
vertex 26.7125 -24.0609 0.0000
vertex 26.7125 -24.0609 22.2339
endloop
endfacet
facet normal 0.608761 -0.793353 0.000000
outer loop
vertex 26.3279 -24.3560 0.0000
vertex 26.7125 -24.0609 22.2339
vertex 26.3279 -24.3560 22.2339
endloop
endfacet
facet normal 0.000000 0.000000 1.000000
outer loop
vertex 25.3995 -22.7479 22.2339
vertex 26.3279 -24.3560 22.2339
vertex 26.7125 -24.0609 22.2339
endloop
endfacet
facet normal 0.000000 0.000000 -1.000000
outer loop
vertex 25.3995 -22.7479 0.0000
vertex 26.7125 -24.0609 0.0000
vertex 26.3279 -24.3560 0.0000
endloop
endfacet
facet normal 0.793353 -0.608761 0.000000
outer loop
vertex 26.7125 -24.0609 0.0000
vertex 27.0076 -23.6763 0.0000
vertex 27.0076 -23.6763 22.2339
endloop
endfacet
facet normal 0.793353 -0.608761 0.000000
outer loop
vertex 26.7125 -24.0609 0.0000
vertex 27.0076 -23.6763 22.2339
vertex 26.7125 -24.0609 22.2339
endloop
endfacet
facet normal 0.000000 0.000000 1.000000
outer loop
vertex 25.3995 -22.7479 22.2339
vertex 26.7125 -24.0609 22.2339
vertex 27.0076 -23.6763 22.2339
endloop
endfacet
facet normal 0.000000 0.000000 -1.000000
outer loop
vertex 25.3995 -22.7479 0.0000
vertex 27.0076 -23.6763 0.0000
vertex 26.7125 -24.0609 0.0000
endloop
endfacet
facet normal 0.923880 -0.382683 0.000000
outer loop
vertex 27.0076 -23.6763 0.0000
vertex 27.1931 -23.2285 0.0000
vertex 27.1931 -23.2285 22.2339
endloop
endfacet
facet normal 0.923880 -0.382683 0.000000
outer loop
vertex 27.0076 -23.6763 0.0000
vertex 27.1931 -23.2285 22.2339
vertex 27.0076 -23.6763 22.2339
endloop
endfacet
facet normal 0.000000 0.000000 1.000000
outer loop
vertex 25.3995 -22.7479 22.2339
vertex 27.0076 -23.6763 22.2339
vertex 27.1931 -23.2285 22.2339
endloop
endfacet
facet normal 0.000000 0.000000 -1.000000
outer loop
vertex 25.3995 -22.7479 0.0000
vertex 27.1931 -23.2285 0.0000
vertex 27.0076 -23.6763 0.0000
endloop
endfacet
facet normal 0.991445 -0.130526 0.000000
outer loop
vertex 27.1931 -23.2285 0.0000
vertex 27.2563 -22.7479 0.0000
vertex 27.2563 -22.7479 22.2339
endloop
endfacet
facet normal 0.991445 -0.130526 0.000000
outer loop
vertex 27.1931 -23.2285 0.0000
vertex 27.2563 -22.7479 22.2339
vertex 27.1931 -23.2285 22.2339
endloop
endfacet
facet normal -0.000000 0.000000 1.000000
outer loop
vertex 25.3995 -22.7479 22.2339
vertex 27.1931 -23.2285 22.2339
vertex 27.2563 -22.7479 22.2339
endloop
endfacet
facet normal 0.000000 0.000000 -1.000000
outer loop
vertex 25.3995 -22.7479 0.0000
vertex 27.2563 -22.7479 0.0000
vertex 27.1931 -23.2285 0.0000
endloop
endfacet
facet normal 0.000000 0.000000 -1.000000
outer loop
vertex -26.6627 -38.4794 0.0000
vertex -26.6627 -31.3335 0.0000
vertex -21.1991 -31.3335 0.0000
endloop
endfacet
facet normal 0.000000 0.000000 -1.000000
outer loop
vertex -26.6627 -38.4794 0.0000
vertex -21.1991 -31.3335 0.0000
vertex -21.1991 -38.4794 0.0000
endloop
endfacet
facet normal 0.000000 0.000000 1.000000
outer loop
vertex -26.6627 -38.4794 8.7015
vertex -21.1991 -38.4794 8.7015
vertex -21.1991 -31.3335 8.7015
endloop
endfacet
facet normal 0.000000 0.000000 1.000000
outer loop
vertex -26.6627 -38.4794 8.7015
vertex -21.1991 -31.3335 8.7015
vertex -26.6627 -31.3335 8.7015
endloop
endfacet
facet normal 0.000000 -1.000000 0.000000
outer loop
vertex -26.6627 -38.4794 0.0000
vertex -21.1991 -38.4794 0.0000
vertex -21.1991 -38.4794 8.7015
endloop
endfacet
facet normal 0.000000 -1.000000 0.000000
outer loop
vertex -26.6627 -38.4794 0.0000
vertex -21.1991 -38.4794 8.7015
vertex -26.6627 -38.4794 8.7015
endloop
endfacet
facet normal 1.000000 0.000000 0.000000
outer loop
vertex -21.1991 -38.4794 0.0000
vertex -21.1991 -31.3335 0.0000
vertex -21.1991 -31.3335 8.7015
endloop
endfacet
facet normal 1.000000 0.000000 0.000000
outer loop
vertex -21.1991 -38.4794 0.0000
vertex -21.1991 -31.3335 8.7015
vertex -21.1991 -38.4794 8.7015
endloop
endfacet
facet normal 0.000000 1.000000 0.000000
outer loop
vertex -21.1991 -31.3335 0.0000
vertex -26.6627 -31.3335 0.0000
vertex -26.6627 -31.3335 8.7015
endloop
endfacet
facet normal 0.000000 1.000000 -0.000000
outer loop
vertex -21.1991 -31.3335 0.0000
vertex -26.6627 -31.3335 8.7015
vertex -21.1991 -31.3335 8.7015
endloop
endfacet
facet normal -1.000000 0.000000 0.000000
outer loop
vertex -26.6627 -31.3335 0.0000
vertex -26.6627 -38.4794 0.0000
vertex -26.6627 -38.4794 8.7015
endloop
endfacet
facet normal -1.000000 0.000000 0.000000
outer loop
vertex -26.6627 -31.3335 0.0000
vertex -26.6627 -38.4794 8.7015
vertex -26.6627 -31.3335 8.7015
endloop
endfacet
facet normal 0.991445 0.130526 0.000000
outer loop
vertex 4.9498 -30.4439 0.0000
vertex 4.8981 -30.0506 0.0000
vertex 4.8981 -30.0506 23.5998
endloop
endfacet
facet normal 0.991445 0.130526 -0.000000
outer loop
vertex 4.9498 -30.4439 0.0000
vertex 4.8981 -30.0506 23.5998
vertex 4.9498 -30.4439 23.5998
endloop
endfacet
facet normal 0.000000 0.000000 1.000000
outer loop
vertex 3.4304 -30.4439 23.5998
vertex 4.9498 -30.4439 23.5998
vertex 4.8981 -30.0506 23.5998
endloop
endfacet
facet normal 0.000000 0.000000 -1.000000
outer loop
vertex 3.4304 -30.4439 0.0000
vertex 4.8981 -30.0506 0.0000
vertex 4.9498 -30.4439 0.0000
endloop
endfacet
facet normal 0.923880 0.382683 0.000000
outer loop
vertex 4.8981 -30.0506 0.0000
vertex 4.7463 -29.6842 0.0000
vertex 4.7463 -29.6842 23.5998
endloop
endfacet
facet normal 0.923880 0.382683 -0.000000
outer loop
vertex 4.8981 -30.0506 0.0000
vertex 4.7463 -29.6842 23.5998
vertex 4.8981 -30.0506 23.5998
endloop
endfacet
facet normal 0.000000 0.000000 1.000000
outer loop
vertex 3.4304 -30.4439 23.5998
vertex 4.8981 -30.0506 23.5998
vertex 4.7463 -29.6842 23.5998
endloop
endfacet
facet normal 0.000000 0.000000 -1.000000
outer loop
vertex 3.4304 -30.4439 0.0000
vertex 4.7463 -29.6842 0.0000
vertex 4.8981 -30.0506 0.0000
endloop
endfacet
facet normal 0.793353 0.608761 0.000000
outer loop
vertex 4.7463 -29.6842 0.0000
vertex 4.5048 -29.3695 0.0000
vertex 4.5048 -29.3695 23.5998
endloop
endfacet
facet normal 0.793353 0.608761 -0.000000
outer loop
vertex 4.7463 -29.6842 0.0000
vertex 4.5048 -29.3695 23.5998
vertex 4.7463 -29.6842 23.5998
endloop
endfacet
facet normal 0.000000 0.000000 1.000000
outer loop
vertex 3.4304 -30.4439 23.5998
vertex 4.7463 -29.6842 23.5998
vertex 4.5048 -29.3695 23.5998
endloop
endfacet
facet normal 0.000000 0.000000 -1.000000
outer loop
vertex 3.4304 -30.4439 0.0000
vertex 4.5048 -29.3695 0.0000
vertex 4.7463 -29.6842 0.0000
endloop
endfacet
facet normal 0.608761 0.793353 0.000000
outer loop
vertex 4.5048 -29.3695 0.0000
vertex 4.1901 -29.1280 0.0000
vertex 4.1901 -29.1280 23.5998
endloop
endfacet
facet normal 0.608761 0.793353 -0.000000
outer loop
vertex 4.5048 -29.3695 0.0000
vertex 4.1901 -29.1280 23.5998
vertex 4.5048 -29.3695 23.5998
endloop
endfacet
facet normal 0.000000 0.000000 1.000000
outer loop
vertex 3.4304 -30.4439 23.5998
vertex 4.5048 -29.3695 23.5998
vertex 4.1901 -29.1280 23.5998
endloop
endfacet
facet normal 0.000000 0.000000 -1.000000
outer loop
vertex 3.4304 -30.4439 0.0000
vertex 4.1901 -29.1280 0.0000
vertex 4.5048 -29.3695 0.0000
endloop
endfacet
facet normal 0.382683 0.923880 0.000000
outer loop
vertex 4.1901 -29.1280 0.0000
vertex 3.8237 -28.9762 0.0000
vertex 3.8237 -28.9762 23.5998
endloop
endfacet
facet normal 0.382683 0.923880 -0.000000
outer loop
vertex 4.1901 -29.1280 0.0000
vertex 3.8237 -28.9762 23.5998
vertex 4.1901 -29.1280 23.5998
endloop
endfacet
facet normal 0.000000 0.000000 1.000000
outer loop
vertex 3.4304 -30.4439 23.5998
vertex 4.1901 -29.1280 23.5998
vertex 3.8237 -28.9762 23.5998
endloop
endfacet
facet normal 0.000000 0.000000 -1.000000
outer loop
vertex 3.4304 -30.4439 0.0000
vertex 3.8237 -28.9762 0.0000
vertex 4.1901 -29.1280 0.0000
endloop
endfacet
facet normal 0.130526 0.991445 0.000000
outer loop
vertex 3.8237 -28.9762 0.0000
vertex 3.4304 -28.9245 0.0000
vertex 3.4304 -28.9245 23.5998
endloop
endfacet
facet normal 0.130526 0.991445 -0.000000
outer loop
vertex 3.8237 -28.9762 0.0000
vertex 3.4304 -28.9245 23.5998
vertex 3.8237 -28.9762 23.5998
endloop
endfacet
facet normal 0.000000 0.000000 1.000000
outer loop
vertex 3.4304 -30.4439 23.5998
vertex 3.8237 -28.9762 23.5998
vertex 3.4304 -28.9245 23.5998
endloop
endfacet
facet normal 0.000000 0.000000 -1.000000
outer loop
vertex 3.4304 -30.4439 0.0000
vertex 3.4304 -28.9245 0.0000
vertex 3.8237 -28.9762 0.0000
endloop
endfacet
facet normal -0.130526 0.991445 0.000000
outer loop
vertex 3.4304 -28.9245 0.0000
vertex 3.0372 -28.9762 0.0000
vertex 3.0372 -28.9762 23.5998
endloop
endfacet
facet normal -0.130526 0.991445 0.000000
outer loop
vertex 3.4304 -28.9245 0.0000
vertex 3.0372 -28.9762 23.5998
vertex 3.4304 -28.9245 23.5998
endloop
endfacet
facet normal 0.000000 -0.000000 1.000000
outer loop
vertex 3.4304 -30.4439 23.5998
vertex 3.4304 -28.9245 23.5998
vertex 3.0372 -28.9762 23.5998
endloop
endfacet
facet normal 0.000000 0.000000 -1.000000
outer loop
vertex 3.4304 -30.4439 0.0000
vertex 3.0372 -28.9762 0.0000
vertex 3.4304 -28.9245 0.0000
endloop
endfacet
facet normal -0.382683 0.923880 0.000000
outer loop
vertex 3.0372 -28.9762 0.0000
vertex 2.6707 -29.1280 0.0000
vertex 2.6707 -29.1280 23.5998
endloop
endfacet
facet normal -0.382683 0.923880 0.000000
outer loop
vertex 3.0372 -28.9762 0.0000
vertex 2.6707 -29.1280 23.5998
vertex 3.0372 -28.9762 23.5998
endloop
endfacet
facet normal 0.000000 0.000000 1.000000
outer loop
vertex 3.4304 -30.4439 23.5998
vertex 3.0372 -28.9762 23.5998
vertex 2.6707 -29.1280 23.5998
endloop
endfacet
facet normal 0.000000 0.000000 -1.000000
outer loop
vertex 3.4304 -30.4439 0.0000
vertex 2.6707 -29.1280 0.0000
vertex 3.0372 -28.9762 0.0000
endloop
endfacet
facet normal -0.608761 0.793353 0.000000
outer loop
vertex 2.6707 -29.1280 0.0000
vertex 2.3560 -29.3695 0.0000
vertex 2.3560 -29.3695 23.5998
endloop
endfacet
facet normal -0.608761 0.793353 0.000000
outer loop
vertex 2.6707 -29.1280 0.0000
vertex 2.3560 -29.3695 23.5998
vertex 2.6707 -29.1280 23.5998
endloop
endfacet
facet normal 0.000000 0.000000 1.000000
outer loop
vertex 3.4304 -30.4439 23.5998
vertex 2.6707 -29.1280 23.5998
vertex 2.3560 -29.3695 23.5998
endloop
endfacet
facet normal 0.000000 0.000000 -1.000000
outer loop
vertex 3.4304 -30.4439 0.0000
vertex 2.3560 -29.3695 0.0000
vertex 2.6707 -29.1280 0.0000
endloop
endfacet
facet normal -0.793353 0.608761 0.000000
outer loop
vertex 2.3560 -29.3695 0.0000
vertex 2.1146 -29.6842 0.0000
vertex 2.1146 -29.6842 23.5998
endloop
endfacet
facet normal -0.793353 0.608761 0.000000
outer loop
vertex 2.3560 -29.3695 0.0000
vertex 2.1146 -29.6842 23.5998
vertex 2.3560 -29.3695 23.5998
endloop
endfacet
facet normal 0.000000 0.000000 1.000000
outer loop
vertex 3.4304 -30.4439 23.5998
vertex 2.3560 -29.3695 23.5998
vertex 2.1146 -29.6842 23.5998
endloop
endfacet
facet normal 0.000000 0.000000 -1.000000
outer loop
vertex 3.4304 -30.4439 0.0000
vertex 2.1146 -29.6842 0.0000
vertex 2.3560 -29.3695 0.0000
endloop
endfacet
facet normal -0.923880 0.382683 0.000000
outer loop
vertex 2.1146 -29.6842 0.0000
vertex 1.9628 -30.0506 0.0000
vertex 1.9628 -30.0506 23.5998
endloop
endfacet
facet normal -0.923880 0.382683 0.000000
outer loop
vertex 2.1146 -29.6842 0.0000
vertex 1.9628 -30.0506 23.5998
vertex 2.1146 -29.6842 23.5998
endloop
endfacet
facet normal 0.000000 0.000000 1.000000
outer loop
vertex 3.4304 -30.4439 23.5998
vertex 2.1146 -29.6842 23.5998
vertex 1.9628 -30.0506 23.5998
endloop
endfacet
facet normal 0.000000 0.000000 -1.000000
outer loop
vertex 3.4304 -30.4439 0.0000
vertex 1.9628 -30.0506 0.0000
vertex 2.1146 -29.6842 0.0000
endloop
endfacet
facet normal -0.991445 0.130526 0.000000
outer loop
vertex 1.9628 -30.0506 0.0000
vertex 1.9110 -30.4439 0.0000
vertex 1.9110 -30.4439 23.5998
endloop
endfacet
facet normal -0.991445 0.130526 0.000000
outer loop
vertex 1.9628 -30.0506 0.0000
vertex 1.9110 -30.4439 23.5998
vertex 1.9628 -30.0506 23.5998
endloop
endfacet
facet normal 0.000000 0.000000 1.000000
outer loop
vertex 3.4304 -30.4439 23.5998
vertex 1.9628 -30.0506 23.5998
vertex 1.9110 -30.4439 23.5998
endloop
endfacet
facet normal 0.000000 0.000000 -1.000000
outer loop
vertex 3.4304 -30.4439 0.0000
vertex 1.9110 -30.4439 0.0000
vertex 1.9628 -30.0506 0.0000
endloop
endfacet
facet normal -0.991445 -0.130526 0.000000
outer loop
vertex 1.9110 -30.4439 0.0000
vertex 1.9628 -30.8371 0.0000
vertex 1.9628 -30.8371 23.5998
endloop
endfacet
facet normal -0.991445 -0.130526 0.000000
outer loop
vertex 1.9110 -30.4439 0.0000
vertex 1.9628 -30.8371 23.5998
vertex 1.9110 -30.4439 23.5998
endloop
endfacet
facet normal 0.000000 0.000000 1.000000
outer loop
vertex 3.4304 -30.4439 23.5998
vertex 1.9110 -30.4439 23.5998
vertex 1.9628 -30.8371 23.5998
endloop
endfacet
facet normal -0.000000 0.000000 -1.000000
outer loop
vertex 3.4304 -30.4439 0.0000
vertex 1.9628 -30.8371 0.0000
vertex 1.9110 -30.4439 0.0000
endloop
endfacet
facet normal -0.923880 -0.382683 0.000000
outer loop
vertex 1.9628 -30.8371 0.0000
vertex 2.1146 -31.2036 0.0000
vertex 2.1146 -31.2036 23.5998
endloop
endfacet
facet normal -0.923880 -0.382683 0.000000
outer loop
vertex 1.9628 -30.8371 0.0000
vertex 2.1146 -31.2036 23.5998
vertex 1.9628 -30.8371 23.5998
endloop
endfacet
facet normal 0.000000 0.000000 1.000000
outer loop
vertex 3.4304 -30.4439 23.5998
vertex 1.9628 -30.8371 23.5998
vertex 2.1146 -31.2036 23.5998
endloop
endfacet
facet normal 0.000000 0.000000 -1.000000
outer loop
vertex 3.4304 -30.4439 0.0000
vertex 2.1146 -31.2036 0.0000
vertex 1.9628 -30.8371 0.0000
endloop
endfacet
facet normal -0.793353 -0.608761 0.000000
outer loop
vertex 2.1146 -31.2036 0.0000
vertex 2.3560 -31.5183 0.0000
vertex 2.3560 -31.5183 23.5998
endloop
endfacet
facet normal -0.793353 -0.608761 0.000000
outer loop
vertex 2.1146 -31.2036 0.0000
vertex 2.3560 -31.5183 23.5998
vertex 2.1146 -31.2036 23.5998
endloop
endfacet
facet normal 0.000000 0.000000 1.000000
outer loop
vertex 3.4304 -30.4439 23.5998
vertex 2.1146 -31.2036 23.5998
vertex 2.3560 -31.5183 23.5998
endloop
endfacet
facet normal 0.000000 0.000000 -1.000000
outer loop
vertex 3.4304 -30.4439 0.0000
vertex 2.3560 -31.5183 0.0000
vertex 2.1146 -31.2036 0.0000
endloop
endfacet
facet normal -0.608761 -0.793353 0.000000
outer loop
vertex 2.3560 -31.5183 0.0000
vertex 2.6707 -31.7597 0.0000
vertex 2.6707 -31.7597 23.5998
endloop
endfacet
facet normal -0.608761 -0.793353 0.000000
outer loop
vertex 2.3560 -31.5183 0.0000
vertex 2.6707 -31.7597 23.5998
vertex 2.3560 -31.5183 23.5998
endloop
endfacet
facet normal 0.000000 0.000000 1.000000
outer loop
vertex 3.4304 -30.4439 23.5998
vertex 2.3560 -31.5183 23.5998
vertex 2.6707 -31.7597 23.5998
endloop
endfacet
facet normal 0.000000 0.000000 -1.000000
outer loop
vertex 3.4304 -30.4439 0.0000
vertex 2.6707 -31.7597 0.0000
vertex 2.3560 -31.5183 0.0000
endloop
endfacet
facet normal -0.382683 -0.923880 0.000000
outer loop
vertex 2.6707 -31.7597 0.0000
vertex 3.0372 -31.9115 0.0000
vertex 3.0372 -31.9115 23.5998
endloop
endfacet
facet normal -0.382683 -0.923880 0.000000
outer loop
vertex 2.6707 -31.7597 0.0000
vertex 3.0372 -31.9115 23.5998
vertex 2.6707 -31.7597 23.5998
endloop
endfacet
facet normal 0.000000 0.000000 1.000000
outer loop
vertex 3.4304 -30.4439 23.5998
vertex 2.6707 -31.7597 23.5998
vertex 3.0372 -31.9115 23.5998
endloop
endfacet
facet normal 0.000000 0.000000 -1.000000
outer loop
vertex 3.4304 -30.4439 0.0000
vertex 3.0372 -31.9115 0.0000
vertex 2.6707 -31.7597 0.0000
endloop
endfacet
facet normal -0.130526 -0.991445 0.000000
outer loop
vertex 3.0372 -31.9115 0.0000
vertex 3.4304 -31.9633 0.0000
vertex 3.4304 -31.9633 23.5998
endloop
endfacet
facet normal -0.130526 -0.991445 0.000000
outer loop
vertex 3.0372 -31.9115 0.0000
vertex 3.4304 -31.9633 23.5998
vertex 3.0372 -31.9115 23.5998
endloop
endfacet
facet normal 0.000000 0.000000 1.000000
outer loop
vertex 3.4304 -30.4439 23.5998
vertex 3.0372 -31.9115 23.5998
vertex 3.4304 -31.9633 23.5998
endloop
endfacet
facet normal 0.000000 0.000000 -1.000000
outer loop
vertex 3.4304 -30.4439 0.0000
vertex 3.4304 -31.9633 0.0000
vertex 3.0372 -31.9115 0.0000
endloop
endfacet
facet normal 0.130526 -0.991445 0.000000
outer loop
vertex 3.4304 -31.9633 0.0000
vertex 3.8237 -31.9115 0.0000
vertex 3.8237 -31.9115 23.5998
endloop
endfacet
facet normal 0.130526 -0.991445 0.000000
outer loop
vertex 3.4304 -31.9633 0.0000
vertex 3.8237 -31.9115 23.5998
vertex 3.4304 -31.9633 23.5998
endloop
endfacet
facet normal 0.000000 0.000000 1.000000
outer loop
vertex 3.4304 -30.4439 23.5998
vertex 3.4304 -31.9633 23.5998
vertex 3.8237 -31.9115 23.5998
endloop
endfacet
facet normal 0.000000 -0.000000 -1.000000
outer loop
vertex 3.4304 -30.4439 0.0000
vertex 3.8237 -31.9115 0.0000
vertex 3.4304 -31.9633 0.0000
endloop
endfacet
facet normal 0.382683 -0.923880 0.000000
outer loop
vertex 3.8237 -31.9115 0.0000
vertex 4.1901 -31.7597 0.0000
vertex 4.1901 -31.7597 23.5998
endloop
endfacet
facet normal 0.382683 -0.923880 0.000000
outer loop
vertex 3.8237 -31.9115 0.0000
vertex 4.1901 -31.7597 23.5998
vertex 3.8237 -31.9115 23.5998
endloop
endfacet
facet normal 0.000000 0.000000 1.000000
outer loop
vertex 3.4304 -30.4439 23.5998
vertex 3.8237 -31.9115 23.5998
vertex 4.1901 -31.7597 23.5998
endloop
endfacet
facet normal 0.000000 0.000000 -1.000000
outer loop
vertex 3.4304 -30.4439 0.0000
vertex 4.1901 -31.7597 0.0000
vertex 3.8237 -31.9115 0.0000
endloop
endfacet
facet normal 0.608761 -0.793353 0.000000
outer loop
vertex 4.1901 -31.7597 0.0000
vertex 4.5048 -31.5183 0.0000
vertex 4.5048 -31.5183 23.5998
endloop
endfacet
facet normal 0.608761 -0.793353 0.000000
outer loop
vertex 4.1901 -31.7597 0.0000
vertex 4.5048 -31.5183 23.5998
vertex 4.1901 -31.7597 23.5998
endloop
endfacet
facet normal 0.000000 0.000000 1.000000
outer loop
vertex 3.4304 -30.4439 23.5998
vertex 4.1901 -31.7597 23.5998
vertex 4.5048 -31.5183 23.5998
endloop
endfacet
facet normal 0.000000 0.000000 -1.000000
outer loop
vertex 3.4304 -30.4439 0.0000
vertex 4.5048 -31.5183 0.0000
vertex 4.1901 -31.7597 0.0000
endloop
endfacet
facet normal 0.793353 -0.608761 0.000000
outer loop
vertex 4.5048 -31.5183 0.0000
vertex 4.7463 -31.2036 0.0000
vertex 4.7463 -31.2036 23.5998
endloop
endfacet
facet normal 0.793353 -0.608761 0.000000
outer loop
vertex 4.5048 -31.5183 0.0000
vertex 4.7463 -31.2036 23.5998
vertex 4.5048 -31.5183 23.5998
endloop
endfacet
facet normal 0.000000 0.000000 1.000000
outer loop
vertex 3.4304 -30.4439 23.5998
vertex 4.5048 -31.5183 23.5998
vertex 4.7463 -31.2036 23.5998
endloop
endfacet
facet normal 0.000000 0.000000 -1.000000
outer loop
vertex 3.4304 -30.4439 0.0000
vertex 4.7463 -31.2036 0.0000
vertex 4.5048 -31.5183 0.0000
endloop
endfacet
facet normal 0.923880 -0.382683 0.000000
outer loop
vertex 4.7463 -31.2036 0.0000
vertex 4.8981 -30.8371 0.0000
vertex 4.8981 -30.8371 23.5998
endloop
endfacet
facet normal 0.923880 -0.382683 0.000000
outer loop
vertex 4.7463 -31.2036 0.0000
vertex 4.8981 -30.8371 23.5998
vertex 4.7463 -31.2036 23.5998
endloop
endfacet
facet normal 0.000000 0.000000 1.000000
outer loop
vertex 3.4304 -30.4439 23.5998
vertex 4.7463 -31.2036 23.5998
vertex 4.8981 -30.8371 23.5998
endloop
endfacet
facet normal 0.000000 0.000000 -1.000000
outer loop
vertex 3.4304 -30.4439 0.0000
vertex 4.8981 -30.8371 0.0000
vertex 4.7463 -31.2036 0.0000
endloop
endfacet
facet normal 0.991445 -0.130526 0.000000
outer loop
vertex 4.8981 -30.8371 0.0000
vertex 4.9498 -30.4439 0.0000
vertex 4.9498 -30.4439 23.5998
endloop
endfacet
facet normal 0.991445 -0.130526 0.000000
outer loop
vertex 4.8981 -30.8371 0.0000
vertex 4.9498 -30.4439 23.5998
vertex 4.8981 -30.8371 23.5998
endloop
endfacet
facet normal -0.000000 0.000000 1.000000
outer loop
vertex 3.4304 -30.4439 23.5998
vertex 4.8981 -30.8371 23.5998
vertex 4.9498 -30.4439 23.5998
endloop
endfacet
facet normal 0.000000 0.000000 -1.000000
outer loop
vertex 3.4304 -30.4439 0.0000
vertex 4.9498 -30.4439 0.0000
vertex 4.8981 -30.8371 0.0000
endloop
endfacet
facet normal 0.000000 0.000000 -1.000000
outer loop
vertex 7.6788 -11.6961 0.0000
vertex 7.6788 -5.7630 0.0000
vertex 13.7206 -5.7630 0.0000
endloop
endfacet
facet normal 0.000000 0.000000 -1.000000
outer loop
vertex 7.6788 -11.6961 0.0000
vertex 13.7206 -5.7630 0.0000
vertex 13.7206 -11.6961 0.0000
endloop
endfacet
facet normal 0.000000 0.000000 1.000000
outer loop
vertex 7.6788 -11.6961 9.4435
vertex 13.7206 -11.6961 9.4435
vertex 13.7206 -5.7630 9.4435
endloop
endfacet
facet normal 0.000000 0.000000 1.000000
outer loop
vertex 7.6788 -11.6961 9.4435
vertex 13.7206 -5.7630 9.4435
vertex 7.6788 -5.7630 9.4435
endloop
endfacet
facet normal 0.000000 -1.000000 0.000000
outer loop
vertex 7.6788 -11.6961 0.0000
vertex 13.7206 -11.6961 0.0000
vertex 13.7206 -11.6961 9.4435
endloop
endfacet
facet normal 0.000000 -1.000000 0.000000
outer loop
vertex 7.6788 -11.6961 0.0000
vertex 13.7206 -11.6961 9.4435
vertex 7.6788 -11.6961 9.4435
endloop
endfacet
facet normal 1.000000 0.000000 0.000000
outer loop
vertex 13.7206 -11.6961 0.0000
vertex 13.7206 -5.7630 0.0000
vertex 13.7206 -5.7630 9.4435
endloop
endfacet
facet normal 1.000000 0.000000 0.000000
outer loop
vertex 13.7206 -11.6961 0.0000
vertex 13.7206 -5.7630 9.4435
vertex 13.7206 -11.6961 9.4435
endloop
endfacet
facet normal 0.000000 1.000000 0.000000
outer loop
vertex 13.7206 -5.7630 0.0000
vertex 7.6788 -5.7630 0.0000
vertex 7.6788 -5.7630 9.4435
endloop
endfacet
facet normal 0.000000 1.000000 -0.000000
outer loop
vertex 13.7206 -5.7630 0.0000
vertex 7.6788 -5.7630 9.4435
vertex 13.7206 -5.7630 9.4435
endloop
endfacet
facet normal -1.000000 0.000000 0.000000
outer loop
vertex 7.6788 -5.7630 0.0000
vertex 7.6788 -11.6961 0.0000
vertex 7.6788 -11.6961 9.4435
endloop
endfacet
facet normal -1.000000 0.000000 0.000000
outer loop
vertex 7.6788 -5.7630 0.0000
vertex 7.6788 -11.6961 9.4435
vertex 7.6788 -5.7630 9.4435
endloop
endfacet
facet normal 0.991445 0.130526 0.000000
outer loop
vertex -23.4998 -6.9252 0.0000
vertex -23.5573 -6.4888 0.0000
vertex -23.5573 -6.4888 15.8775
endloop
endfacet
facet normal 0.991445 0.130526 -0.000000
outer loop
vertex -23.4998 -6.9252 0.0000
vertex -23.5573 -6.4888 15.8775
vertex -23.4998 -6.9252 15.8775
endloop
endfacet
facet normal 0.000000 0.000000 1.000000
outer loop
vertex -25.1861 -6.9252 15.8775
vertex -23.4998 -6.9252 15.8775
vertex -23.5573 -6.4888 15.8775
endloop
endfacet
facet normal 0.000000 0.000000 -1.000000
outer loop
vertex -25.1861 -6.9252 0.0000
vertex -23.5573 -6.4888 0.0000
vertex -23.4998 -6.9252 0.0000
endloop
endfacet
facet normal 0.923880 0.382683 0.000000
outer loop
vertex -23.5573 -6.4888 0.0000
vertex -23.7257 -6.0821 0.0000
vertex -23.7257 -6.0821 15.8775
endloop
endfacet
facet normal 0.923880 0.382683 -0.000000
outer loop
vertex -23.5573 -6.4888 0.0000
vertex -23.7257 -6.0821 15.8775
vertex -23.5573 -6.4888 15.8775
endloop
endfacet
facet normal 0.000000 0.000000 1.000000
outer loop
vertex -25.1861 -6.9252 15.8775
vertex -23.5573 -6.4888 15.8775
vertex -23.7257 -6.0821 15.8775
endloop
endfacet
facet normal 0.000000 0.000000 -1.000000
outer loop
vertex -25.1861 -6.9252 0.0000
vertex -23.7257 -6.0821 0.0000
vertex -23.5573 -6.4888 0.0000
endloop
endfacet
facet normal 0.793353 0.608761 0.000000
outer loop
vertex -23.7257 -6.0821 0.0000
vertex -23.9937 -5.7329 0.0000
vertex -23.9937 -5.7329 15.8775
endloop
endfacet
facet normal 0.793353 0.608761 -0.000000
outer loop
vertex -23.7257 -6.0821 0.0000
vertex -23.9937 -5.7329 15.8775
vertex -23.7257 -6.0821 15.8775
endloop
endfacet
facet normal 0.000000 0.000000 1.000000
outer loop
vertex -25.1861 -6.9252 15.8775
vertex -23.7257 -6.0821 15.8775
vertex -23.9937 -5.7329 15.8775
endloop
endfacet
facet normal 0.000000 0.000000 -1.000000
outer loop
vertex -25.1861 -6.9252 0.0000
vertex -23.9937 -5.7329 0.0000
vertex -23.7257 -6.0821 0.0000
endloop
endfacet
facet normal 0.608761 0.793353 0.000000
outer loop
vertex -23.9937 -5.7329 0.0000
vertex -24.3430 -5.4649 0.0000
vertex -24.3430 -5.4649 15.8775
endloop
endfacet
facet normal 0.608761 0.793353 -0.000000
outer loop
vertex -23.9937 -5.7329 0.0000
vertex -24.3430 -5.4649 15.8775
vertex -23.9937 -5.7329 15.8775
endloop
endfacet
facet normal 0.000000 0.000000 1.000000
outer loop
vertex -25.1861 -6.9252 15.8775
vertex -23.9937 -5.7329 15.8775
vertex -24.3430 -5.4649 15.8775
endloop
endfacet
facet normal 0.000000 0.000000 -1.000000
outer loop
vertex -25.1861 -6.9252 0.0000
vertex -24.3430 -5.4649 0.0000
vertex -23.9937 -5.7329 0.0000
endloop
endfacet
facet normal 0.382683 0.923880 0.000000
outer loop
vertex -24.3430 -5.4649 0.0000
vertex -24.7497 -5.2964 0.0000
vertex -24.7497 -5.2964 15.8775
endloop
endfacet
facet normal 0.382683 0.923880 -0.000000
outer loop
vertex -24.3430 -5.4649 0.0000
vertex -24.7497 -5.2964 15.8775
vertex -24.3430 -5.4649 15.8775
endloop
endfacet
facet normal 0.000000 0.000000 1.000000
outer loop
vertex -25.1861 -6.9252 15.8775
vertex -24.3430 -5.4649 15.8775
vertex -24.7497 -5.2964 15.8775
endloop
endfacet
facet normal 0.000000 0.000000 -1.000000
outer loop
vertex -25.1861 -6.9252 0.0000
vertex -24.7497 -5.2964 0.0000
vertex -24.3430 -5.4649 0.0000
endloop
endfacet
facet normal 0.130526 0.991445 0.000000
outer loop
vertex -24.7497 -5.2964 0.0000
vertex -25.1861 -5.2390 0.0000
vertex -25.1861 -5.2390 15.8775
endloop
endfacet
facet normal 0.130526 0.991445 -0.000000
outer loop
vertex -24.7497 -5.2964 0.0000
vertex -25.1861 -5.2390 15.8775
vertex -24.7497 -5.2964 15.8775
endloop
endfacet
facet normal 0.000000 0.000000 1.000000
outer loop
vertex -25.1861 -6.9252 15.8775
vertex -24.7497 -5.2964 15.8775
vertex -25.1861 -5.2390 15.8775
endloop
endfacet
facet normal 0.000000 0.000000 -1.000000
outer loop
vertex -25.1861 -6.9252 0.0000
vertex -25.1861 -5.2390 0.0000
vertex -24.7497 -5.2964 0.0000
endloop
endfacet
facet normal -0.130526 0.991445 0.000000
outer loop
vertex -25.1861 -5.2390 0.0000
vertex -25.6225 -5.2964 0.0000
vertex -25.6225 -5.2964 15.8775
endloop
endfacet
facet normal -0.130526 0.991445 0.000000
outer loop
vertex -25.1861 -5.2390 0.0000
vertex -25.6225 -5.2964 15.8775
vertex -25.1861 -5.2390 15.8775
endloop
endfacet
facet normal 0.000000 -0.000000 1.000000
outer loop
vertex -25.1861 -6.9252 15.8775
vertex -25.1861 -5.2390 15.8775
vertex -25.6225 -5.2964 15.8775
endloop
endfacet
facet normal 0.000000 0.000000 -1.000000
outer loop
vertex -25.1861 -6.9252 0.0000
vertex -25.6225 -5.2964 0.0000
vertex -25.1861 -5.2390 0.0000
endloop
endfacet
facet normal -0.382683 0.923880 0.000000
outer loop
vertex -25.6225 -5.2964 0.0000
vertex -26.0292 -5.4649 0.0000
vertex -26.0292 -5.4649 15.8775
endloop
endfacet
facet normal -0.382683 0.923880 0.000000
outer loop
vertex -25.6225 -5.2964 0.0000
vertex -26.0292 -5.4649 15.8775
vertex -25.6225 -5.2964 15.8775
endloop
endfacet
facet normal 0.000000 0.000000 1.000000
outer loop
vertex -25.1861 -6.9252 15.8775
vertex -25.6225 -5.2964 15.8775
vertex -26.0292 -5.4649 15.8775
endloop
endfacet
facet normal 0.000000 0.000000 -1.000000
outer loop
vertex -25.1861 -6.9252 0.0000
vertex -26.0292 -5.4649 0.0000
vertex -25.6225 -5.2964 0.0000
endloop
endfacet
facet normal -0.608761 0.793353 0.000000
outer loop
vertex -26.0292 -5.4649 0.0000
vertex -26.3785 -5.7329 0.0000
vertex -26.3785 -5.7329 15.8775
endloop
endfacet
facet normal -0.608761 0.793353 0.000000
outer loop
vertex -26.0292 -5.4649 0.0000
vertex -26.3785 -5.7329 15.8775
vertex -26.0292 -5.4649 15.8775
endloop
endfacet
facet normal 0.000000 0.000000 1.000000
outer loop
vertex -25.1861 -6.9252 15.8775
vertex -26.0292 -5.4649 15.8775
vertex -26.3785 -5.7329 15.8775
endloop
endfacet
facet normal 0.000000 0.000000 -1.000000
outer loop
vertex -25.1861 -6.9252 0.0000
vertex -26.3785 -5.7329 0.0000
vertex -26.0292 -5.4649 0.0000
endloop
endfacet
facet normal -0.793353 0.608761 0.000000
outer loop
vertex -26.3785 -5.7329 0.0000
vertex -26.6465 -6.0821 0.0000
vertex -26.6465 -6.0821 15.8775
endloop
endfacet
facet normal -0.793353 0.608761 0.000000
outer loop
vertex -26.3785 -5.7329 0.0000
vertex -26.6465 -6.0821 15.8775
vertex -26.3785 -5.7329 15.8775
endloop
endfacet
facet normal 0.000000 0.000000 1.000000
outer loop
vertex -25.1861 -6.9252 15.8775
vertex -26.3785 -5.7329 15.8775
vertex -26.6465 -6.0821 15.8775
endloop
endfacet
facet normal 0.000000 0.000000 -1.000000
outer loop
vertex -25.1861 -6.9252 0.0000
vertex -26.6465 -6.0821 0.0000
vertex -26.3785 -5.7329 0.0000
endloop
endfacet
facet normal -0.923880 0.382683 0.000000
outer loop
vertex -26.6465 -6.0821 0.0000
vertex -26.8149 -6.4888 0.0000
vertex -26.8149 -6.4888 15.8775
endloop
endfacet
facet normal -0.923880 0.382683 0.000000
outer loop
vertex -26.6465 -6.0821 0.0000
vertex -26.8149 -6.4888 15.8775
vertex -26.6465 -6.0821 15.8775
endloop
endfacet
facet normal 0.000000 0.000000 1.000000
outer loop
vertex -25.1861 -6.9252 15.8775
vertex -26.6465 -6.0821 15.8775
vertex -26.8149 -6.4888 15.8775
endloop
endfacet
facet normal 0.000000 0.000000 -1.000000
outer loop
vertex -25.1861 -6.9252 0.0000
vertex -26.8149 -6.4888 0.0000
vertex -26.6465 -6.0821 0.0000
endloop
endfacet
facet normal -0.991445 0.130526 0.000000
outer loop
vertex -26.8149 -6.4888 0.0000
vertex -26.8724 -6.9252 0.0000
vertex -26.8724 -6.9252 15.8775
endloop
endfacet
facet normal -0.991445 0.130526 0.000000
outer loop
vertex -26.8149 -6.4888 0.0000
vertex -26.8724 -6.9252 15.8775
vertex -26.8149 -6.4888 15.8775
endloop
endfacet
facet normal 0.000000 0.000000 1.000000
outer loop
vertex -25.1861 -6.9252 15.8775
vertex -26.8149 -6.4888 15.8775
vertex -26.8724 -6.9252 15.8775
endloop
endfacet
facet normal 0.000000 0.000000 -1.000000
outer loop
vertex -25.1861 -6.9252 0.0000
vertex -26.8724 -6.9252 0.0000
vertex -26.8149 -6.4888 0.0000
endloop
endfacet
facet normal -0.991445 -0.130526 0.000000
outer loop
vertex -26.8724 -6.9252 0.0000
vertex -26.8149 -7.3617 0.0000
vertex -26.8149 -7.3617 15.8775
endloop
endfacet
facet normal -0.991445 -0.130526 0.000000
outer loop
vertex -26.8724 -6.9252 0.0000
vertex -26.8149 -7.3617 15.8775
vertex -26.8724 -6.9252 15.8775
endloop
endfacet
facet normal 0.000000 0.000000 1.000000
outer loop
vertex -25.1861 -6.9252 15.8775
vertex -26.8724 -6.9252 15.8775
vertex -26.8149 -7.3617 15.8775
endloop
endfacet
facet normal -0.000000 0.000000 -1.000000
outer loop
vertex -25.1861 -6.9252 0.0000
vertex -26.8149 -7.3617 0.0000
vertex -26.8724 -6.9252 0.0000
endloop
endfacet
facet normal -0.923880 -0.382683 0.000000
outer loop
vertex -26.8149 -7.3617 0.0000
vertex -26.6465 -7.7684 0.0000
vertex -26.6465 -7.7684 15.8775
endloop
endfacet
facet normal -0.923880 -0.382683 0.000000
outer loop
vertex -26.8149 -7.3617 0.0000
vertex -26.6465 -7.7684 15.8775
vertex -26.8149 -7.3617 15.8775
endloop
endfacet
facet normal 0.000000 0.000000 1.000000
outer loop
vertex -25.1861 -6.9252 15.8775
vertex -26.8149 -7.3617 15.8775
vertex -26.6465 -7.7684 15.8775
endloop
endfacet
facet normal 0.000000 0.000000 -1.000000
outer loop
vertex -25.1861 -6.9252 0.0000
vertex -26.6465 -7.7684 0.0000
vertex -26.8149 -7.3617 0.0000
endloop
endfacet
facet normal -0.793353 -0.608761 0.000000
outer loop
vertex -26.6465 -7.7684 0.0000
vertex -26.3785 -8.1176 0.0000
vertex -26.3785 -8.1176 15.8775
endloop
endfacet
facet normal -0.793353 -0.608761 0.000000
outer loop
vertex -26.6465 -7.7684 0.0000
vertex -26.3785 -8.1176 15.8775
vertex -26.6465 -7.7684 15.8775
endloop
endfacet
facet normal 0.000000 0.000000 1.000000
outer loop
vertex -25.1861 -6.9252 15.8775
vertex -26.6465 -7.7684 15.8775
vertex -26.3785 -8.1176 15.8775
endloop
endfacet
facet normal 0.000000 0.000000 -1.000000
outer loop
vertex -25.1861 -6.9252 0.0000
vertex -26.3785 -8.1176 0.0000
vertex -26.6465 -7.7684 0.0000
endloop
endfacet
facet normal -0.608761 -0.793353 0.000000
outer loop
vertex -26.3785 -8.1176 0.0000
vertex -26.0292 -8.3856 0.0000
vertex -26.0292 -8.3856 15.8775
endloop
endfacet
facet normal -0.608761 -0.793353 0.000000
outer loop
vertex -26.3785 -8.1176 0.0000
vertex -26.0292 -8.3856 15.8775
vertex -26.3785 -8.1176 15.8775
endloop
endfacet
facet normal 0.000000 0.000000 1.000000
outer loop
vertex -25.1861 -6.9252 15.8775
vertex -26.3785 -8.1176 15.8775
vertex -26.0292 -8.3856 15.8775
endloop
endfacet
facet normal 0.000000 0.000000 -1.000000
outer loop
vertex -25.1861 -6.9252 0.0000
vertex -26.0292 -8.3856 0.0000
vertex -26.3785 -8.1176 0.0000
endloop
endfacet
facet normal -0.382683 -0.923880 0.000000
outer loop
vertex -26.0292 -8.3856 0.0000
vertex -25.6225 -8.5540 0.0000
vertex -25.6225 -8.5540 15.8775
endloop
endfacet
facet normal -0.382683 -0.923880 0.000000
outer loop
vertex -26.0292 -8.3856 0.0000
vertex -25.6225 -8.5540 15.8775
vertex -26.0292 -8.3856 15.8775
endloop
endfacet
facet normal 0.000000 0.000000 1.000000
outer loop
vertex -25.1861 -6.9252 15.8775
vertex -26.0292 -8.3856 15.8775
vertex -25.6225 -8.5540 15.8775
endloop
endfacet
facet normal 0.000000 0.000000 -1.000000
outer loop
vertex -25.1861 -6.9252 0.0000
vertex -25.6225 -8.5540 0.0000
vertex -26.0292 -8.3856 0.0000
endloop
endfacet
facet normal -0.130526 -0.991445 0.000000
outer loop
vertex -25.6225 -8.5540 0.0000
vertex -25.1861 -8.6115 0.0000
vertex -25.1861 -8.6115 15.8775
endloop
endfacet
facet normal -0.130526 -0.991445 0.000000
outer loop
vertex -25.6225 -8.5540 0.0000
vertex -25.1861 -8.6115 15.8775
vertex -25.6225 -8.5540 15.8775
endloop
endfacet
facet normal 0.000000 0.000000 1.000000
outer loop
vertex -25.1861 -6.9252 15.8775
vertex -25.6225 -8.5540 15.8775
vertex -25.1861 -8.6115 15.8775
endloop
endfacet
facet normal 0.000000 -0.000000 -1.000000
outer loop
vertex -25.1861 -6.9252 0.0000
vertex -25.1861 -8.6115 0.0000
vertex -25.6225 -8.5540 0.0000
endloop
endfacet
facet normal 0.130526 -0.991445 0.000000
outer loop
vertex -25.1861 -8.6115 0.0000
vertex -24.7497 -8.5540 0.0000
vertex -24.7497 -8.5540 15.8775
endloop
endfacet
facet normal 0.130526 -0.991445 0.000000
outer loop
vertex -25.1861 -8.6115 0.0000
vertex -24.7497 -8.5540 15.8775
vertex -25.1861 -8.6115 15.8775
endloop
endfacet
facet normal 0.000000 0.000000 1.000000
outer loop
vertex -25.1861 -6.9252 15.8775
vertex -25.1861 -8.6115 15.8775
vertex -24.7497 -8.5540 15.8775
endloop
endfacet
facet normal 0.000000 0.000000 -1.000000
outer loop
vertex -25.1861 -6.9252 0.0000
vertex -24.7497 -8.5540 0.0000
vertex -25.1861 -8.6115 0.0000
endloop
endfacet
facet normal 0.382683 -0.923880 0.000000
outer loop
vertex -24.7497 -8.5540 0.0000
vertex -24.3430 -8.3856 0.0000
vertex -24.3430 -8.3856 15.8775
endloop
endfacet
facet normal 0.382683 -0.923880 0.000000
outer loop
vertex -24.7497 -8.5540 0.0000
vertex -24.3430 -8.3856 15.8775
vertex -24.7497 -8.5540 15.8775
endloop
endfacet
facet normal 0.000000 0.000000 1.000000
outer loop
vertex -25.1861 -6.9252 15.8775
vertex -24.7497 -8.5540 15.8775
vertex -24.3430 -8.3856 15.8775
endloop
endfacet
facet normal 0.000000 0.000000 -1.000000
outer loop
vertex -25.1861 -6.9252 0.0000
vertex -24.3430 -8.3856 0.0000
vertex -24.7497 -8.5540 0.0000
endloop
endfacet
facet normal 0.608761 -0.793353 0.000000
outer loop
vertex -24.3430 -8.3856 0.0000
vertex -23.9937 -8.1176 0.0000
vertex -23.9937 -8.1176 15.8775
endloop
endfacet
facet normal 0.608761 -0.793353 0.000000
outer loop
vertex -24.3430 -8.3856 0.0000
vertex -23.9937 -8.1176 15.8775
vertex -24.3430 -8.3856 15.8775
endloop
endfacet
facet normal 0.000000 0.000000 1.000000
outer loop
vertex -25.1861 -6.9252 15.8775
vertex -24.3430 -8.3856 15.8775
vertex -23.9937 -8.1176 15.8775
endloop
endfacet
facet normal 0.000000 0.000000 -1.000000
outer loop
vertex -25.1861 -6.9252 0.0000
vertex -23.9937 -8.1176 0.0000
vertex -24.3430 -8.3856 0.0000
endloop
endfacet
facet normal 0.793353 -0.608761 0.000000
outer loop
vertex -23.9937 -8.1176 0.0000
vertex -23.7257 -7.7684 0.0000
vertex -23.7257 -7.7684 15.8775
endloop
endfacet
facet normal 0.793353 -0.608761 0.000000
outer loop
vertex -23.9937 -8.1176 0.0000
vertex -23.7257 -7.7684 15.8775
vertex -23.9937 -8.1176 15.8775
endloop
endfacet
facet normal 0.000000 0.000000 1.000000
outer loop
vertex -25.1861 -6.9252 15.8775
vertex -23.9937 -8.1176 15.8775
vertex -23.7257 -7.7684 15.8775
endloop
endfacet
facet normal 0.000000 0.000000 -1.000000
outer loop
vertex -25.1861 -6.9252 0.0000
vertex -23.7257 -7.7684 0.0000
vertex -23.9937 -8.1176 0.0000
endloop
endfacet
facet normal 0.923880 -0.382683 0.000000
outer loop
vertex -23.7257 -7.7684 0.0000
vertex -23.5573 -7.3617 0.0000
vertex -23.5573 -7.3617 15.8775
endloop
endfacet
facet normal 0.923880 -0.382683 0.000000
outer loop
vertex -23.7257 -7.7684 0.0000
vertex -23.5573 -7.3617 15.8775
vertex -23.7257 -7.7684 15.8775
endloop
endfacet
facet normal 0.000000 0.000000 1.000000
outer loop
vertex -25.1861 -6.9252 15.8775
vertex -23.7257 -7.7684 15.8775
vertex -23.5573 -7.3617 15.8775
endloop
endfacet
facet normal 0.000000 0.000000 -1.000000
outer loop
vertex -25.1861 -6.9252 0.0000
vertex -23.5573 -7.3617 0.0000
vertex -23.7257 -7.7684 0.0000
endloop
endfacet
facet normal 0.991445 -0.130526 0.000000
outer loop
vertex -23.5573 -7.3617 0.0000
vertex -23.4998 -6.9252 0.0000
vertex -23.4998 -6.9252 15.8775
endloop
endfacet
facet normal 0.991445 -0.130526 0.000000
outer loop
vertex -23.5573 -7.3617 0.0000
vertex -23.4998 -6.9252 15.8775
vertex -23.5573 -7.3617 15.8775
endloop
endfacet
facet normal -0.000000 0.000000 1.000000
outer loop
vertex -25.1861 -6.9252 15.8775
vertex -23.5573 -7.3617 15.8775
vertex -23.4998 -6.9252 15.8775
endloop
endfacet
facet normal 0.000000 0.000000 -1.000000
outer loop
vertex -25.1861 -6.9252 0.0000
vertex -23.4998 -6.9252 0.0000
vertex -23.5573 -7.3617 0.0000
endloop
endfacet
facet normal 0.991445 0.130526 0.000000
outer loop
vertex -23.3053 24.8040 0.0000
vertex -23.3814 25.3817 0.0000
vertex -23.3814 25.3817 22.2361
endloop
endfacet
facet normal 0.991445 0.130526 -0.000000
outer loop
vertex -23.3053 24.8040 0.0000
vertex -23.3814 25.3817 22.2361
vertex -23.3053 24.8040 22.2361
endloop
endfacet
facet normal 0.000000 0.000000 1.000000
outer loop
vertex -25.5376 24.8040 22.2361
vertex -23.3053 24.8040 22.2361
vertex -23.3814 25.3817 22.2361
endloop
endfacet
facet normal 0.000000 0.000000 -1.000000
outer loop
vertex -25.5376 24.8040 0.0000
vertex -23.3814 25.3817 0.0000
vertex -23.3053 24.8040 0.0000
endloop
endfacet
facet normal 0.923880 0.382683 0.000000
outer loop
vertex -23.3814 25.3817 0.0000
vertex -23.6044 25.9201 0.0000
vertex -23.6044 25.9201 22.2361
endloop
endfacet
facet normal 0.923880 0.382683 -0.000000
outer loop
vertex -23.3814 25.3817 0.0000
vertex -23.6044 25.9201 22.2361
vertex -23.3814 25.3817 22.2361
endloop
endfacet
facet normal 0.000000 0.000000 1.000000
outer loop
vertex -25.5376 24.8040 22.2361
vertex -23.3814 25.3817 22.2361
vertex -23.6044 25.9201 22.2361
endloop
endfacet
facet normal 0.000000 0.000000 -1.000000
outer loop
vertex -25.5376 24.8040 0.0000
vertex -23.6044 25.9201 0.0000
vertex -23.3814 25.3817 0.0000
endloop
endfacet
facet normal 0.793353 0.608761 0.000000
outer loop
vertex -23.6044 25.9201 0.0000
vertex -23.9592 26.3824 0.0000
vertex -23.9592 26.3824 22.2361
endloop
endfacet
facet normal 0.793353 0.608761 -0.000000
outer loop
vertex -23.6044 25.9201 0.0000
vertex -23.9592 26.3824 22.2361
vertex -23.6044 25.9201 22.2361
endloop
endfacet
facet normal 0.000000 0.000000 1.000000
outer loop
vertex -25.5376 24.8040 22.2361
vertex -23.6044 25.9201 22.2361
vertex -23.9592 26.3824 22.2361
endloop
endfacet
facet normal 0.000000 0.000000 -1.000000
outer loop
vertex -25.5376 24.8040 0.0000
vertex -23.9592 26.3824 0.0000
vertex -23.6044 25.9201 0.0000
endloop
endfacet
facet normal 0.608761 0.793353 0.000000
outer loop
vertex -23.9592 26.3824 0.0000
vertex -24.4215 26.7371 0.0000
vertex -24.4215 26.7371 22.2361
endloop
endfacet
facet normal 0.608761 0.793353 -0.000000
outer loop
vertex -23.9592 26.3824 0.0000
vertex -24.4215 26.7371 22.2361
vertex -23.9592 26.3824 22.2361
endloop
endfacet
facet normal 0.000000 0.000000 1.000000
outer loop
vertex -25.5376 24.8040 22.2361
vertex -23.9592 26.3824 22.2361
vertex -24.4215 26.7371 22.2361
endloop
endfacet
facet normal 0.000000 0.000000 -1.000000
outer loop
vertex -25.5376 24.8040 0.0000
vertex -24.4215 26.7371 0.0000
vertex -23.9592 26.3824 0.0000
endloop
endfacet
facet normal 0.382683 0.923880 0.000000
outer loop
vertex -24.4215 26.7371 0.0000
vertex -24.9598 26.9601 0.0000
vertex -24.9598 26.9601 22.2361
endloop
endfacet
facet normal 0.382683 0.923880 -0.000000
outer loop
vertex -24.4215 26.7371 0.0000
vertex -24.9598 26.9601 22.2361
vertex -24.4215 26.7371 22.2361
endloop
endfacet
facet normal 0.000000 0.000000 1.000000
outer loop
vertex -25.5376 24.8040 22.2361
vertex -24.4215 26.7371 22.2361
vertex -24.9598 26.9601 22.2361
endloop
endfacet
facet normal 0.000000 0.000000 -1.000000
outer loop
vertex -25.5376 24.8040 0.0000
vertex -24.9598 26.9601 0.0000
vertex -24.4215 26.7371 0.0000
endloop
endfacet
facet normal 0.130526 0.991445 0.000000
outer loop
vertex -24.9598 26.9601 0.0000
vertex -25.5376 27.0362 0.0000
vertex -25.5376 27.0362 22.2361
endloop
endfacet
facet normal 0.130526 0.991445 -0.000000
outer loop
vertex -24.9598 26.9601 0.0000
vertex -25.5376 27.0362 22.2361
vertex -24.9598 26.9601 22.2361
endloop
endfacet
facet normal 0.000000 0.000000 1.000000
outer loop
vertex -25.5376 24.8040 22.2361
vertex -24.9598 26.9601 22.2361
vertex -25.5376 27.0362 22.2361
endloop
endfacet
facet normal 0.000000 0.000000 -1.000000
outer loop
vertex -25.5376 24.8040 0.0000
vertex -25.5376 27.0362 0.0000
vertex -24.9598 26.9601 0.0000
endloop
endfacet
facet normal -0.130526 0.991445 0.000000
outer loop
vertex -25.5376 27.0362 0.0000
vertex -26.1153 26.9601 0.0000
vertex -26.1153 26.9601 22.2361
endloop
endfacet
facet normal -0.130526 0.991445 0.000000
outer loop
vertex -25.5376 27.0362 0.0000
vertex -26.1153 26.9601 22.2361
vertex -25.5376 27.0362 22.2361
endloop
endfacet
facet normal 0.000000 -0.000000 1.000000
outer loop
vertex -25.5376 24.8040 22.2361
vertex -25.5376 27.0362 22.2361
vertex -26.1153 26.9601 22.2361
endloop
endfacet
facet normal 0.000000 0.000000 -1.000000
outer loop
vertex -25.5376 24.8040 0.0000
vertex -26.1153 26.9601 0.0000
vertex -25.5376 27.0362 0.0000
endloop
endfacet
facet normal -0.382683 0.923880 0.000000
outer loop
vertex -26.1153 26.9601 0.0000
vertex -26.6537 26.7371 0.0000
vertex -26.6537 26.7371 22.2361
endloop
endfacet
facet normal -0.382683 0.923880 0.000000
outer loop
vertex -26.1153 26.9601 0.0000
vertex -26.6537 26.7371 22.2361
vertex -26.1153 26.9601 22.2361
endloop
endfacet
facet normal 0.000000 0.000000 1.000000
outer loop
vertex -25.5376 24.8040 22.2361
vertex -26.1153 26.9601 22.2361
vertex -26.6537 26.7371 22.2361
endloop
endfacet
facet normal 0.000000 0.000000 -1.000000
outer loop
vertex -25.5376 24.8040 0.0000
vertex -26.6537 26.7371 0.0000
vertex -26.1153 26.9601 0.0000
endloop
endfacet
facet normal -0.608761 0.793353 0.000000
outer loop
vertex -26.6537 26.7371 0.0000
vertex -27.1160 26.3824 0.0000
vertex -27.1160 26.3824 22.2361
endloop
endfacet
facet normal -0.608761 0.793353 0.000000
outer loop
vertex -26.6537 26.7371 0.0000
vertex -27.1160 26.3824 22.2361
vertex -26.6537 26.7371 22.2361
endloop
endfacet
facet normal 0.000000 0.000000 1.000000
outer loop
vertex -25.5376 24.8040 22.2361
vertex -26.6537 26.7371 22.2361
vertex -27.1160 26.3824 22.2361
endloop
endfacet
facet normal 0.000000 0.000000 -1.000000
outer loop
vertex -25.5376 24.8040 0.0000
vertex -27.1160 26.3824 0.0000
vertex -26.6537 26.7371 0.0000
endloop
endfacet
facet normal -0.793353 0.608761 0.000000
outer loop
vertex -27.1160 26.3824 0.0000
vertex -27.4708 25.9201 0.0000
vertex -27.4708 25.9201 22.2361
endloop
endfacet
facet normal -0.793353 0.608761 0.000000
outer loop
vertex -27.1160 26.3824 0.0000
vertex -27.4708 25.9201 22.2361
vertex -27.1160 26.3824 22.2361
endloop
endfacet
facet normal 0.000000 0.000000 1.000000
outer loop
vertex -25.5376 24.8040 22.2361
vertex -27.1160 26.3824 22.2361
vertex -27.4708 25.9201 22.2361
endloop
endfacet
facet normal 0.000000 0.000000 -1.000000
outer loop
vertex -25.5376 24.8040 0.0000
vertex -27.4708 25.9201 0.0000
vertex -27.1160 26.3824 0.0000
endloop
endfacet
facet normal -0.923880 0.382683 0.000000
outer loop
vertex -27.4708 25.9201 0.0000
vertex -27.6938 25.3817 0.0000
vertex -27.6938 25.3817 22.2361
endloop
endfacet
facet normal -0.923880 0.382683 0.000000
outer loop
vertex -27.4708 25.9201 0.0000
vertex -27.6938 25.3817 22.2361
vertex -27.4708 25.9201 22.2361
endloop
endfacet
facet normal 0.000000 0.000000 1.000000
outer loop
vertex -25.5376 24.8040 22.2361
vertex -27.4708 25.9201 22.2361
vertex -27.6938 25.3817 22.2361
endloop
endfacet
facet normal 0.000000 0.000000 -1.000000
outer loop
vertex -25.5376 24.8040 0.0000
vertex -27.6938 25.3817 0.0000
vertex -27.4708 25.9201 0.0000
endloop
endfacet
facet normal -0.991445 0.130526 0.000000
outer loop
vertex -27.6938 25.3817 0.0000
vertex -27.7698 24.8040 0.0000
vertex -27.7698 24.8040 22.2361
endloop
endfacet
facet normal -0.991445 0.130526 0.000000
outer loop
vertex -27.6938 25.3817 0.0000
vertex -27.7698 24.8040 22.2361
vertex -27.6938 25.3817 22.2361
endloop
endfacet
facet normal 0.000000 0.000000 1.000000
outer loop
vertex -25.5376 24.8040 22.2361
vertex -27.6938 25.3817 22.2361
vertex -27.7698 24.8040 22.2361
endloop
endfacet
facet normal 0.000000 0.000000 -1.000000
outer loop
vertex -25.5376 24.8040 0.0000
vertex -27.7698 24.8040 0.0000
vertex -27.6938 25.3817 0.0000
endloop
endfacet
facet normal -0.991445 -0.130526 0.000000
outer loop
vertex -27.7698 24.8040 0.0000
vertex -27.6938 24.2262 0.0000
vertex -27.6938 24.2262 22.2361
endloop
endfacet
facet normal -0.991445 -0.130526 0.000000
outer loop
vertex -27.7698 24.8040 0.0000
vertex -27.6938 24.2262 22.2361
vertex -27.7698 24.8040 22.2361
endloop
endfacet
facet normal 0.000000 0.000000 1.000000
outer loop
vertex -25.5376 24.8040 22.2361
vertex -27.7698 24.8040 22.2361
vertex -27.6938 24.2262 22.2361
endloop
endfacet
facet normal -0.000000 0.000000 -1.000000
outer loop
vertex -25.5376 24.8040 0.0000
vertex -27.6938 24.2262 0.0000
vertex -27.7698 24.8040 0.0000
endloop
endfacet
facet normal -0.923880 -0.382683 0.000000
outer loop
vertex -27.6938 24.2262 0.0000
vertex -27.4708 23.6878 0.0000
vertex -27.4708 23.6878 22.2361
endloop
endfacet
facet normal -0.923880 -0.382683 0.000000
outer loop
vertex -27.6938 24.2262 0.0000
vertex -27.4708 23.6878 22.2361
vertex -27.6938 24.2262 22.2361
endloop
endfacet
facet normal 0.000000 0.000000 1.000000
outer loop
vertex -25.5376 24.8040 22.2361
vertex -27.6938 24.2262 22.2361
vertex -27.4708 23.6878 22.2361
endloop
endfacet
facet normal 0.000000 0.000000 -1.000000
outer loop
vertex -25.5376 24.8040 0.0000
vertex -27.4708 23.6878 0.0000
vertex -27.6938 24.2262 0.0000
endloop
endfacet
facet normal -0.793353 -0.608761 0.000000
outer loop
vertex -27.4708 23.6878 0.0000
vertex -27.1160 23.2255 0.0000
vertex -27.1160 23.2255 22.2361
endloop
endfacet
facet normal -0.793353 -0.608761 0.000000
outer loop
vertex -27.4708 23.6878 0.0000
vertex -27.1160 23.2255 22.2361
vertex -27.4708 23.6878 22.2361
endloop
endfacet
facet normal 0.000000 0.000000 1.000000
outer loop
vertex -25.5376 24.8040 22.2361
vertex -27.4708 23.6878 22.2361
vertex -27.1160 23.2255 22.2361
endloop
endfacet
facet normal 0.000000 0.000000 -1.000000
outer loop
vertex -25.5376 24.8040 0.0000
vertex -27.1160 23.2255 0.0000
vertex -27.4708 23.6878 0.0000
endloop
endfacet
facet normal -0.608761 -0.793353 0.000000
outer loop
vertex -27.1160 23.2255 0.0000
vertex -26.6537 22.8708 0.0000
vertex -26.6537 22.8708 22.2361
endloop
endfacet
facet normal -0.608761 -0.793353 0.000000
outer loop
vertex -27.1160 23.2255 0.0000
vertex -26.6537 22.8708 22.2361
vertex -27.1160 23.2255 22.2361
endloop
endfacet
facet normal 0.000000 0.000000 1.000000
outer loop
vertex -25.5376 24.8040 22.2361
vertex -27.1160 23.2255 22.2361
vertex -26.6537 22.8708 22.2361
endloop
endfacet
facet normal 0.000000 0.000000 -1.000000
outer loop
vertex -25.5376 24.8040 0.0000
vertex -26.6537 22.8708 0.0000
vertex -27.1160 23.2255 0.0000
endloop
endfacet
facet normal -0.382683 -0.923880 0.000000
outer loop
vertex -26.6537 22.8708 0.0000
vertex -26.1153 22.6478 0.0000
vertex -26.1153 22.6478 22.2361
endloop
endfacet
facet normal -0.382683 -0.923880 0.000000
outer loop
vertex -26.6537 22.8708 0.0000
vertex -26.1153 22.6478 22.2361
vertex -26.6537 22.8708 22.2361
endloop
endfacet
facet normal 0.000000 0.000000 1.000000
outer loop
vertex -25.5376 24.8040 22.2361
vertex -26.6537 22.8708 22.2361
vertex -26.1153 22.6478 22.2361
endloop
endfacet
facet normal 0.000000 0.000000 -1.000000
outer loop
vertex -25.5376 24.8040 0.0000
vertex -26.1153 22.6478 0.0000
vertex -26.6537 22.8708 0.0000
endloop
endfacet
facet normal -0.130526 -0.991445 0.000000
outer loop
vertex -26.1153 22.6478 0.0000
vertex -25.5376 22.5717 0.0000
vertex -25.5376 22.5717 22.2361
endloop
endfacet
facet normal -0.130526 -0.991445 0.000000
outer loop
vertex -26.1153 22.6478 0.0000
vertex -25.5376 22.5717 22.2361
vertex -26.1153 22.6478 22.2361
endloop
endfacet
facet normal 0.000000 0.000000 1.000000
outer loop
vertex -25.5376 24.8040 22.2361
vertex -26.1153 22.6478 22.2361
vertex -25.5376 22.5717 22.2361
endloop
endfacet
facet normal 0.000000 -0.000000 -1.000000
outer loop
vertex -25.5376 24.8040 0.0000
vertex -25.5376 22.5717 0.0000
vertex -26.1153 22.6478 0.0000
endloop
endfacet
facet normal 0.130526 -0.991445 0.000000
outer loop
vertex -25.5376 22.5717 0.0000
vertex -24.9598 22.6478 0.0000
vertex -24.9598 22.6478 22.2361
endloop
endfacet
facet normal 0.130526 -0.991445 0.000000
outer loop
vertex -25.5376 22.5717 0.0000
vertex -24.9598 22.6478 22.2361
vertex -25.5376 22.5717 22.2361
endloop
endfacet
facet normal 0.000000 0.000000 1.000000
outer loop
vertex -25.5376 24.8040 22.2361
vertex -25.5376 22.5717 22.2361
vertex -24.9598 22.6478 22.2361
endloop
endfacet
facet normal 0.000000 0.000000 -1.000000
outer loop
vertex -25.5376 24.8040 0.0000
vertex -24.9598 22.6478 0.0000
vertex -25.5376 22.5717 0.0000
endloop
endfacet
facet normal 0.382683 -0.923880 0.000000
outer loop
vertex -24.9598 22.6478 0.0000
vertex -24.4215 22.8708 0.0000
vertex -24.4215 22.8708 22.2361
endloop
endfacet
facet normal 0.382683 -0.923880 0.000000
outer loop
vertex -24.9598 22.6478 0.0000
vertex -24.4215 22.8708 22.2361
vertex -24.9598 22.6478 22.2361
endloop
endfacet
facet normal 0.000000 0.000000 1.000000
outer loop
vertex -25.5376 24.8040 22.2361
vertex -24.9598 22.6478 22.2361
vertex -24.4215 22.8708 22.2361
endloop
endfacet
facet normal 0.000000 0.000000 -1.000000
outer loop
vertex -25.5376 24.8040 0.0000
vertex -24.4215 22.8708 0.0000
vertex -24.9598 22.6478 0.0000
endloop
endfacet
facet normal 0.608761 -0.793353 0.000000
outer loop
vertex -24.4215 22.8708 0.0000
vertex -23.9592 23.2255 0.0000
vertex -23.9592 23.2255 22.2361
endloop
endfacet
facet normal 0.608761 -0.793353 0.000000
outer loop
vertex -24.4215 22.8708 0.0000
vertex -23.9592 23.2255 22.2361
vertex -24.4215 22.8708 22.2361
endloop
endfacet
facet normal 0.000000 0.000000 1.000000
outer loop
vertex -25.5376 24.8040 22.2361
vertex -24.4215 22.8708 22.2361
vertex -23.9592 23.2255 22.2361
endloop
endfacet
facet normal 0.000000 0.000000 -1.000000
outer loop
vertex -25.5376 24.8040 0.0000
vertex -23.9592 23.2255 0.0000
vertex -24.4215 22.8708 0.0000
endloop
endfacet
facet normal 0.793353 -0.608761 0.000000
outer loop
vertex -23.9592 23.2255 0.0000
vertex -23.6044 23.6878 0.0000
vertex -23.6044 23.6878 22.2361
endloop
endfacet
facet normal 0.793353 -0.608761 0.000000
outer loop
vertex -23.9592 23.2255 0.0000
vertex -23.6044 23.6878 22.2361
vertex -23.9592 23.2255 22.2361
endloop
endfacet
facet normal 0.000000 0.000000 1.000000
outer loop
vertex -25.5376 24.8040 22.2361
vertex -23.9592 23.2255 22.2361
vertex -23.6044 23.6878 22.2361
endloop
endfacet
facet normal 0.000000 0.000000 -1.000000
outer loop
vertex -25.5376 24.8040 0.0000
vertex -23.6044 23.6878 0.0000
vertex -23.9592 23.2255 0.0000
endloop
endfacet
facet normal 0.923880 -0.382683 0.000000
outer loop
vertex -23.6044 23.6878 0.0000
vertex -23.3814 24.2262 0.0000
vertex -23.3814 24.2262 22.2361
endloop
endfacet
facet normal 0.923880 -0.382683 0.000000
outer loop
vertex -23.6044 23.6878 0.0000
vertex -23.3814 24.2262 22.2361
vertex -23.6044 23.6878 22.2361
endloop
endfacet
facet normal 0.000000 0.000000 1.000000
outer loop
vertex -25.5376 24.8040 22.2361
vertex -23.6044 23.6878 22.2361
vertex -23.3814 24.2262 22.2361
endloop
endfacet
facet normal 0.000000 0.000000 -1.000000
outer loop
vertex -25.5376 24.8040 0.0000
vertex -23.3814 24.2262 0.0000
vertex -23.6044 23.6878 0.0000
endloop
endfacet
facet normal 0.991445 -0.130526 0.000000
outer loop
vertex -23.3814 24.2262 0.0000
vertex -23.3053 24.8040 0.0000
vertex -23.3053 24.8040 22.2361
endloop
endfacet
facet normal 0.991445 -0.130526 0.000000
outer loop
vertex -23.3814 24.2262 0.0000
vertex -23.3053 24.8040 22.2361
vertex -23.3814 24.2262 22.2361
endloop
endfacet
facet normal -0.000000 0.000000 1.000000
outer loop
vertex -25.5376 24.8040 22.2361
vertex -23.3814 24.2262 22.2361
vertex -23.3053 24.8040 22.2361
endloop
endfacet
facet normal 0.000000 0.000000 -1.000000
outer loop
vertex -25.5376 24.8040 0.0000
vertex -23.3053 24.8040 0.0000
vertex -23.3814 24.2262 0.0000
endloop
endfacet
facet normal 0.991445 0.130526 0.000000
outer loop
vertex 28.6781 34.0765 0.0000
vertex 28.6062 34.6226 0.0000
vertex 28.6062 34.6226 15.3446
endloop
endfacet
facet normal 0.991445 0.130526 -0.000000
outer loop
vertex 28.6781 34.0765 0.0000
vertex 28.6062 34.6226 15.3446
vertex 28.6781 34.0765 15.3446
endloop
endfacet
facet normal 0.000000 0.000000 1.000000
outer loop
vertex 26.5681 34.0765 15.3446
vertex 28.6781 34.0765 15.3446
vertex 28.6062 34.6226 15.3446
endloop
endfacet
facet normal 0.000000 0.000000 -1.000000
outer loop
vertex 26.5681 34.0765 0.0000
vertex 28.6062 34.6226 0.0000
vertex 28.6781 34.0765 0.0000
endloop
endfacet
facet normal 0.923880 0.382683 0.000000
outer loop
vertex 28.6062 34.6226 0.0000
vertex 28.3954 35.1315 0.0000
vertex 28.3954 35.1315 15.3446
endloop
endfacet
facet normal 0.923880 0.382683 -0.000000
outer loop
vertex 28.6062 34.6226 0.0000
vertex 28.3954 35.1315 15.3446
vertex 28.6062 34.6226 15.3446
endloop
endfacet
facet normal 0.000000 0.000000 1.000000
outer loop
vertex 26.5681 34.0765 15.3446
vertex 28.6062 34.6226 15.3446
vertex 28.3954 35.1315 15.3446
endloop
endfacet
facet normal 0.000000 0.000000 -1.000000
outer loop
vertex 26.5681 34.0765 0.0000
vertex 28.3954 35.1315 0.0000
vertex 28.6062 34.6226 0.0000
endloop
endfacet
facet normal 0.793353 0.608761 0.000000
outer loop
vertex 28.3954 35.1315 0.0000
vertex 28.0601 35.5685 0.0000
vertex 28.0601 35.5685 15.3446
endloop
endfacet
facet normal 0.793353 0.608761 -0.000000
outer loop
vertex 28.3954 35.1315 0.0000
vertex 28.0601 35.5685 15.3446
vertex 28.3954 35.1315 15.3446
endloop
endfacet
facet normal 0.000000 0.000000 1.000000
outer loop
vertex 26.5681 34.0765 15.3446
vertex 28.3954 35.1315 15.3446
vertex 28.0601 35.5685 15.3446
endloop
endfacet
facet normal 0.000000 0.000000 -1.000000
outer loop
vertex 26.5681 34.0765 0.0000
vertex 28.0601 35.5685 0.0000
vertex 28.3954 35.1315 0.0000
endloop
endfacet
facet normal 0.608761 0.793353 0.000000
outer loop
vertex 28.0601 35.5685 0.0000
vertex 27.6231 35.9038 0.0000
vertex 27.6231 35.9038 15.3446
endloop
endfacet
facet normal 0.608761 0.793353 -0.000000
outer loop
vertex 28.0601 35.5685 0.0000
vertex 27.6231 35.9038 15.3446
vertex 28.0601 35.5685 15.3446
endloop
endfacet
facet normal 0.000000 0.000000 1.000000
outer loop
vertex 26.5681 34.0765 15.3446
vertex 28.0601 35.5685 15.3446
vertex 27.6231 35.9038 15.3446
endloop
endfacet
facet normal 0.000000 0.000000 -1.000000
outer loop
vertex 26.5681 34.0765 0.0000
vertex 27.6231 35.9038 0.0000
vertex 28.0601 35.5685 0.0000
endloop
endfacet
facet normal 0.382683 0.923880 0.000000
outer loop
vertex 27.6231 35.9038 0.0000
vertex 27.1142 36.1146 0.0000
vertex 27.1142 36.1146 15.3446
endloop
endfacet
facet normal 0.382683 0.923880 -0.000000
outer loop
vertex 27.6231 35.9038 0.0000
vertex 27.1142 36.1146 15.3446
vertex 27.6231 35.9038 15.3446
endloop
endfacet
facet normal 0.000000 0.000000 1.000000
outer loop
vertex 26.5681 34.0765 15.3446
vertex 27.6231 35.9038 15.3446
vertex 27.1142 36.1146 15.3446
endloop
endfacet
facet normal 0.000000 0.000000 -1.000000
outer loop
vertex 26.5681 34.0765 0.0000
vertex 27.1142 36.1146 0.0000
vertex 27.6231 35.9038 0.0000
endloop
endfacet
facet normal 0.130526 0.991445 0.000000
outer loop
vertex 27.1142 36.1146 0.0000
vertex 26.5681 36.1865 0.0000
vertex 26.5681 36.1865 15.3446
endloop
endfacet
facet normal 0.130526 0.991445 -0.000000
outer loop
vertex 27.1142 36.1146 0.0000
vertex 26.5681 36.1865 15.3446
vertex 27.1142 36.1146 15.3446
endloop
endfacet
facet normal 0.000000 0.000000 1.000000
outer loop
vertex 26.5681 34.0765 15.3446
vertex 27.1142 36.1146 15.3446
vertex 26.5681 36.1865 15.3446
endloop
endfacet
facet normal 0.000000 0.000000 -1.000000
outer loop
vertex 26.5681 34.0765 0.0000
vertex 26.5681 36.1865 0.0000
vertex 27.1142 36.1146 0.0000
endloop
endfacet
facet normal -0.130526 0.991445 0.000000
outer loop
vertex 26.5681 36.1865 0.0000
vertex 26.0220 36.1146 0.0000
vertex 26.0220 36.1146 15.3446
endloop
endfacet
facet normal -0.130526 0.991445 0.000000
outer loop
vertex 26.5681 36.1865 0.0000
vertex 26.0220 36.1146 15.3446
vertex 26.5681 36.1865 15.3446
endloop
endfacet
facet normal 0.000000 -0.000000 1.000000
outer loop
vertex 26.5681 34.0765 15.3446
vertex 26.5681 36.1865 15.3446
vertex 26.0220 36.1146 15.3446
endloop
endfacet
facet normal 0.000000 0.000000 -1.000000
outer loop
vertex 26.5681 34.0765 0.0000
vertex 26.0220 36.1146 0.0000
vertex 26.5681 36.1865 0.0000
endloop
endfacet
facet normal -0.382683 0.923880 0.000000
outer loop
vertex 26.0220 36.1146 0.0000
vertex 25.5131 35.9038 0.0000
vertex 25.5131 35.9038 15.3446
endloop
endfacet
facet normal -0.382683 0.923880 0.000000
outer loop
vertex 26.0220 36.1146 0.0000
vertex 25.5131 35.9038 15.3446
vertex 26.0220 36.1146 15.3446
endloop
endfacet
facet normal 0.000000 0.000000 1.000000
outer loop
vertex 26.5681 34.0765 15.3446
vertex 26.0220 36.1146 15.3446
vertex 25.5131 35.9038 15.3446
endloop
endfacet
facet normal 0.000000 0.000000 -1.000000
outer loop
vertex 26.5681 34.0765 0.0000
vertex 25.5131 35.9038 0.0000
vertex 26.0220 36.1146 0.0000
endloop
endfacet
facet normal -0.608761 0.793353 0.000000
outer loop
vertex 25.5131 35.9038 0.0000
vertex 25.0761 35.5685 0.0000
vertex 25.0761 35.5685 15.3446
endloop
endfacet
facet normal -0.608761 0.793353 0.000000
outer loop
vertex 25.5131 35.9038 0.0000
vertex 25.0761 35.5685 15.3446
vertex 25.5131 35.9038 15.3446
endloop
endfacet
facet normal 0.000000 0.000000 1.000000
outer loop
vertex 26.5681 34.0765 15.3446
vertex 25.5131 35.9038 15.3446
vertex 25.0761 35.5685 15.3446
endloop
endfacet
facet normal 0.000000 0.000000 -1.000000
outer loop
vertex 26.5681 34.0765 0.0000
vertex 25.0761 35.5685 0.0000
vertex 25.5131 35.9038 0.0000
endloop
endfacet
facet normal -0.793353 0.608761 0.000000
outer loop
vertex 25.0761 35.5685 0.0000
vertex 24.7408 35.1315 0.0000
vertex 24.7408 35.1315 15.3446
endloop
endfacet
facet normal -0.793353 0.608761 0.000000
outer loop
vertex 25.0761 35.5685 0.0000
vertex 24.7408 35.1315 15.3446
vertex 25.0761 35.5685 15.3446
endloop
endfacet
facet normal 0.000000 0.000000 1.000000
outer loop
vertex 26.5681 34.0765 15.3446
vertex 25.0761 35.5685 15.3446
vertex 24.7408 35.1315 15.3446
endloop
endfacet
facet normal 0.000000 0.000000 -1.000000
outer loop
vertex 26.5681 34.0765 0.0000
vertex 24.7408 35.1315 0.0000
vertex 25.0761 35.5685 0.0000
endloop
endfacet
facet normal -0.923880 0.382683 0.000000
outer loop
vertex 24.7408 35.1315 0.0000
vertex 24.5300 34.6226 0.0000
vertex 24.5300 34.6226 15.3446
endloop
endfacet
facet normal -0.923880 0.382683 0.000000
outer loop
vertex 24.7408 35.1315 0.0000
vertex 24.5300 34.6226 15.3446
vertex 24.7408 35.1315 15.3446
endloop
endfacet
facet normal 0.000000 0.000000 1.000000
outer loop
vertex 26.5681 34.0765 15.3446
vertex 24.7408 35.1315 15.3446
vertex 24.5300 34.6226 15.3446
endloop
endfacet
facet normal 0.000000 0.000000 -1.000000
outer loop
vertex 26.5681 34.0765 0.0000
vertex 24.5300 34.6226 0.0000
vertex 24.7408 35.1315 0.0000
endloop
endfacet
facet normal -0.991445 0.130526 0.000000
outer loop
vertex 24.5300 34.6226 0.0000
vertex 24.4581 34.0765 0.0000
vertex 24.4581 34.0765 15.3446
endloop
endfacet
facet normal -0.991445 0.130526 0.000000
outer loop
vertex 24.5300 34.6226 0.0000
vertex 24.4581 34.0765 15.3446
vertex 24.5300 34.6226 15.3446
endloop
endfacet
facet normal 0.000000 0.000000 1.000000
outer loop
vertex 26.5681 34.0765 15.3446
vertex 24.5300 34.6226 15.3446
vertex 24.4581 34.0765 15.3446
endloop
endfacet
facet normal 0.000000 0.000000 -1.000000
outer loop
vertex 26.5681 34.0765 0.0000
vertex 24.4581 34.0765 0.0000
vertex 24.5300 34.6226 0.0000
endloop
endfacet
facet normal -0.991445 -0.130526 0.000000
outer loop
vertex 24.4581 34.0765 0.0000
vertex 24.5300 33.5304 0.0000
vertex 24.5300 33.5304 15.3446
endloop
endfacet
facet normal -0.991445 -0.130526 0.000000
outer loop
vertex 24.4581 34.0765 0.0000
vertex 24.5300 33.5304 15.3446
vertex 24.4581 34.0765 15.3446
endloop
endfacet
facet normal 0.000000 0.000000 1.000000
outer loop
vertex 26.5681 34.0765 15.3446
vertex 24.4581 34.0765 15.3446
vertex 24.5300 33.5304 15.3446
endloop
endfacet
facet normal -0.000000 0.000000 -1.000000
outer loop
vertex 26.5681 34.0765 0.0000
vertex 24.5300 33.5304 0.0000
vertex 24.4581 34.0765 0.0000
endloop
endfacet
facet normal -0.923880 -0.382683 0.000000
outer loop
vertex 24.5300 33.5304 0.0000
vertex 24.7408 33.0215 0.0000
vertex 24.7408 33.0215 15.3446
endloop
endfacet
facet normal -0.923880 -0.382683 0.000000
outer loop
vertex 24.5300 33.5304 0.0000
vertex 24.7408 33.0215 15.3446
vertex 24.5300 33.5304 15.3446
endloop
endfacet
facet normal 0.000000 0.000000 1.000000
outer loop
vertex 26.5681 34.0765 15.3446
vertex 24.5300 33.5304 15.3446
vertex 24.7408 33.0215 15.3446
endloop
endfacet
facet normal 0.000000 0.000000 -1.000000
outer loop
vertex 26.5681 34.0765 0.0000
vertex 24.7408 33.0215 0.0000
vertex 24.5300 33.5304 0.0000
endloop
endfacet
facet normal -0.793353 -0.608761 0.000000
outer loop
vertex 24.7408 33.0215 0.0000
vertex 25.0761 32.5845 0.0000
vertex 25.0761 32.5845 15.3446
endloop
endfacet
facet normal -0.793353 -0.608761 0.000000
outer loop
vertex 24.7408 33.0215 0.0000
vertex 25.0761 32.5845 15.3446
vertex 24.7408 33.0215 15.3446
endloop
endfacet
facet normal 0.000000 0.000000 1.000000
outer loop
vertex 26.5681 34.0765 15.3446
vertex 24.7408 33.0215 15.3446
vertex 25.0761 32.5845 15.3446
endloop
endfacet
facet normal 0.000000 0.000000 -1.000000
outer loop
vertex 26.5681 34.0765 0.0000
vertex 25.0761 32.5845 0.0000
vertex 24.7408 33.0215 0.0000
endloop
endfacet
facet normal -0.608761 -0.793353 0.000000
outer loop
vertex 25.0761 32.5845 0.0000
vertex 25.5131 32.2492 0.0000
vertex 25.5131 32.2492 15.3446
endloop
endfacet
facet normal -0.608761 -0.793353 0.000000
outer loop
vertex 25.0761 32.5845 0.0000
vertex 25.5131 32.2492 15.3446
vertex 25.0761 32.5845 15.3446
endloop
endfacet
facet normal 0.000000 0.000000 1.000000
outer loop
vertex 26.5681 34.0765 15.3446
vertex 25.0761 32.5845 15.3446
vertex 25.5131 32.2492 15.3446
endloop
endfacet
facet normal 0.000000 0.000000 -1.000000
outer loop
vertex 26.5681 34.0765 0.0000
vertex 25.5131 32.2492 0.0000
vertex 25.0761 32.5845 0.0000
endloop
endfacet
facet normal -0.382683 -0.923880 0.000000
outer loop
vertex 25.5131 32.2492 0.0000
vertex 26.0220 32.0384 0.0000
vertex 26.0220 32.0384 15.3446
endloop
endfacet
facet normal -0.382683 -0.923880 0.000000
outer loop
vertex 25.5131 32.2492 0.0000
vertex 26.0220 32.0384 15.3446
vertex 25.5131 32.2492 15.3446
endloop
endfacet
facet normal 0.000000 0.000000 1.000000
outer loop
vertex 26.5681 34.0765 15.3446
vertex 25.5131 32.2492 15.3446
vertex 26.0220 32.0384 15.3446
endloop
endfacet
facet normal 0.000000 0.000000 -1.000000
outer loop
vertex 26.5681 34.0765 0.0000
vertex 26.0220 32.0384 0.0000
vertex 25.5131 32.2492 0.0000
endloop
endfacet
facet normal -0.130526 -0.991445 0.000000
outer loop
vertex 26.0220 32.0384 0.0000
vertex 26.5681 31.9665 0.0000
vertex 26.5681 31.9665 15.3446
endloop
endfacet
facet normal -0.130526 -0.991445 0.000000
outer loop
vertex 26.0220 32.0384 0.0000
vertex 26.5681 31.9665 15.3446
vertex 26.0220 32.0384 15.3446
endloop
endfacet
facet normal 0.000000 0.000000 1.000000
outer loop
vertex 26.5681 34.0765 15.3446
vertex 26.0220 32.0384 15.3446
vertex 26.5681 31.9665 15.3446
endloop
endfacet
facet normal 0.000000 -0.000000 -1.000000
outer loop
vertex 26.5681 34.0765 0.0000
vertex 26.5681 31.9665 0.0000
vertex 26.0220 32.0384 0.0000
endloop
endfacet
facet normal 0.130526 -0.991445 0.000000
outer loop
vertex 26.5681 31.9665 0.0000
vertex 27.1142 32.0384 0.0000
vertex 27.1142 32.0384 15.3446
endloop
endfacet
facet normal 0.130526 -0.991445 0.000000
outer loop
vertex 26.5681 31.9665 0.0000
vertex 27.1142 32.0384 15.3446
vertex 26.5681 31.9665 15.3446
endloop
endfacet
facet normal 0.000000 0.000000 1.000000
outer loop
vertex 26.5681 34.0765 15.3446
vertex 26.5681 31.9665 15.3446
vertex 27.1142 32.0384 15.3446
endloop
endfacet
facet normal 0.000000 0.000000 -1.000000
outer loop
vertex 26.5681 34.0765 0.0000
vertex 27.1142 32.0384 0.0000
vertex 26.5681 31.9665 0.0000
endloop
endfacet
facet normal 0.382683 -0.923880 0.000000
outer loop
vertex 27.1142 32.0384 0.0000
vertex 27.6231 32.2492 0.0000
vertex 27.6231 32.2492 15.3446
endloop
endfacet
facet normal 0.382683 -0.923880 0.000000
outer loop
vertex 27.1142 32.0384 0.0000
vertex 27.6231 32.2492 15.3446
vertex 27.1142 32.0384 15.3446
endloop
endfacet
facet normal 0.000000 0.000000 1.000000
outer loop
vertex 26.5681 34.0765 15.3446
vertex 27.1142 32.0384 15.3446
vertex 27.6231 32.2492 15.3446
endloop
endfacet
facet normal 0.000000 0.000000 -1.000000
outer loop
vertex 26.5681 34.0765 0.0000
vertex 27.6231 32.2492 0.0000
vertex 27.1142 32.0384 0.0000
endloop
endfacet
facet normal 0.608761 -0.793353 0.000000
outer loop
vertex 27.6231 32.2492 0.0000
vertex 28.0601 32.5845 0.0000
vertex 28.0601 32.5845 15.3446
endloop
endfacet
facet normal 0.608761 -0.793353 0.000000
outer loop
vertex 27.6231 32.2492 0.0000
vertex 28.0601 32.5845 15.3446
vertex 27.6231 32.2492 15.3446
endloop
endfacet
facet normal 0.000000 0.000000 1.000000
outer loop
vertex 26.5681 34.0765 15.3446
vertex 27.6231 32.2492 15.3446
vertex 28.0601 32.5845 15.3446
endloop
endfacet
facet normal 0.000000 0.000000 -1.000000
outer loop
vertex 26.5681 34.0765 0.0000
vertex 28.0601 32.5845 0.0000
vertex 27.6231 32.2492 0.0000
endloop
endfacet
facet normal 0.793353 -0.608761 0.000000
outer loop
vertex 28.0601 32.5845 0.0000
vertex 28.3954 33.0215 0.0000
vertex 28.3954 33.0215 15.3446
endloop
endfacet
facet normal 0.793353 -0.608761 0.000000
outer loop
vertex 28.0601 32.5845 0.0000
vertex 28.3954 33.0215 15.3446
vertex 28.0601 32.5845 15.3446
endloop
endfacet
facet normal 0.000000 0.000000 1.000000
outer loop
vertex 26.5681 34.0765 15.3446
vertex 28.0601 32.5845 15.3446
vertex 28.3954 33.0215 15.3446
endloop
endfacet
facet normal 0.000000 0.000000 -1.000000
outer loop
vertex 26.5681 34.0765 0.0000
vertex 28.3954 33.0215 0.0000
vertex 28.0601 32.5845 0.0000
endloop
endfacet
facet normal 0.923880 -0.382683 0.000000
outer loop
vertex 28.3954 33.0215 0.0000
vertex 28.6062 33.5304 0.0000
vertex 28.6062 33.5304 15.3446
endloop
endfacet
facet normal 0.923880 -0.382683 0.000000
outer loop
vertex 28.3954 33.0215 0.0000
vertex 28.6062 33.5304 15.3446
vertex 28.3954 33.0215 15.3446
endloop
endfacet
facet normal 0.000000 0.000000 1.000000
outer loop
vertex 26.5681 34.0765 15.3446
vertex 28.3954 33.0215 15.3446
vertex 28.6062 33.5304 15.3446
endloop
endfacet
facet normal 0.000000 0.000000 -1.000000
outer loop
vertex 26.5681 34.0765 0.0000
vertex 28.6062 33.5304 0.0000
vertex 28.3954 33.0215 0.0000
endloop
endfacet
facet normal 0.991445 -0.130526 0.000000
outer loop
vertex 28.6062 33.5304 0.0000
vertex 28.6781 34.0765 0.0000
vertex 28.6781 34.0765 15.3446
endloop
endfacet
facet normal 0.991445 -0.130526 0.000000
outer loop
vertex 28.6062 33.5304 0.0000
vertex 28.6781 34.0765 15.3446
vertex 28.6062 33.5304 15.3446
endloop
endfacet
facet normal -0.000000 0.000000 1.000000
outer loop
vertex 26.5681 34.0765 15.3446
vertex 28.6062 33.5304 15.3446
vertex 28.6781 34.0765 15.3446
endloop
endfacet
facet normal 0.000000 0.000000 -1.000000
outer loop
vertex 26.5681 34.0765 0.0000
vertex 28.6781 34.0765 0.0000
vertex 28.6062 33.5304 0.0000
endloop
endfacet
endsolid terrain
