solid terrain
facet normal 0.000000 0.000000 -1.000000
outer loop
vertex -34.0000 -45.0000 0.0000
vertex -34.0000 45.0000 0.0000
vertex 34.0000 45.0000 0.0000
endloop
endfacet
facet normal 0.000000 0.000000 -1.000000
outer loop
vertex -34.0000 -45.0000 0.0000
vertex 34.0000 45.0000 0.0000
vertex 34.0000 -45.0000 0.0000
endloop
endfacet
facet normal 0.000000 0.000000 1.000000
outer loop
vertex -34.0000 -45.0000 0.0500
vertex 34.0000 -45.0000 0.0500
vertex 34.0000 45.0000 0.0500
endloop
endfacet
facet normal 0.000000 0.000000 1.000000
outer loop
vertex -34.0000 -45.0000 0.0500
vertex 34.0000 45.0000 0.0500
vertex -34.0000 45.0000 0.0500
endloop
endfacet
facet normal 0.000000 -1.000000 0.000000
outer loop
vertex -34.0000 -45.0000 0.0000
vertex 34.0000 -45.0000 0.0000
vertex 34.0000 -45.0000 0.0500
endloop
endfacet
facet normal 0.000000 -1.000000 0.000000
outer loop
vertex -34.0000 -45.0000 0.0000
vertex 34.0000 -45.0000 0.0500
vertex -34.0000 -45.0000 0.0500
endloop
endfacet
facet normal 1.000000 0.000000 0.000000
outer loop
vertex 34.0000 -45.0000 0.0000
vertex 34.0000 45.0000 0.0000
vertex 34.0000 45.0000 0.0500
endloop
endfacet
facet normal 1.000000 0.000000 0.000000
outer loop
vertex 34.0000 -45.0000 0.0000
vertex 34.0000 45.0000 0.0500
vertex 34.0000 -45.0000 0.0500
endloop
endfacet
facet normal 0.000000 1.000000 0.000000
outer loop
vertex 34.0000 45.0000 0.0000
vertex -34.0000 45.0000 0.0000
vertex -34.0000 45.0000 0.0500
endloop
endfacet
facet normal 0.000000 1.000000 -0.000000
outer loop
vertex 34.0000 45.0000 0.0000
vertex -34.0000 45.0000 0.0500
vertex 34.0000 45.0000 0.0500
endloop
endfacet
facet normal -1.000000 0.000000 0.000000
outer loop
vertex -34.0000 45.0000 0.0000
vertex -34.0000 -45.0000 0.0000
vertex -34.0000 -45.0000 0.0500
endloop
endfacet
facet normal -1.000000 0.000000 0.000000
outer loop
vertex -34.0000 45.0000 0.0000
vertex -34.0000 -45.0000 0.0500
vertex -34.0000 45.0000 0.0500
endloop
endfacet
facet normal 0.000000 0.000000 -1.000000
outer loop
vertex -19.8348 26.7103 0.0000
vertex -19.8348 34.0697 0.0000
vertex -11.6691 34.0697 0.0000
endloop
endfacet
facet normal 0.000000 0.000000 -1.000000
outer loop
vertex -19.8348 26.7103 0.0000
vertex -11.6691 34.0697 0.0000
vertex -11.6691 26.7103 0.0000
endloop
endfacet
facet normal 0.000000 0.000000 1.000000
outer loop
vertex -19.8348 26.7103 8.3500
vertex -11.6691 26.7103 8.3500
vertex -11.6691 34.0697 8.3500
endloop
endfacet
facet normal 0.000000 0.000000 1.000000
outer loop
vertex -19.8348 26.7103 8.3500
vertex -11.6691 34.0697 8.3500
vertex -19.8348 34.0697 8.3500
endloop
endfacet
facet normal 0.000000 -1.000000 0.000000
outer loop
vertex -19.8348 26.7103 0.0000
vertex -11.6691 26.7103 0.0000
vertex -11.6691 26.7103 8.3500
endloop
endfacet
facet normal 0.000000 -1.000000 0.000000
outer loop
vertex -19.8348 26.7103 0.0000
vertex -11.6691 26.7103 8.3500
vertex -19.8348 26.7103 8.3500
endloop
endfacet
facet normal 1.000000 0.000000 0.000000
outer loop
vertex -11.6691 26.7103 0.0000
vertex -11.6691 34.0697 0.0000
vertex -11.6691 34.0697 8.3500
endloop
endfacet
facet normal 1.000000 0.000000 0.000000
outer loop
vertex -11.6691 26.7103 0.0000
vertex -11.6691 34.0697 8.3500
vertex -11.6691 26.7103 8.3500
endloop
endfacet
facet normal 0.000000 1.000000 0.000000
outer loop
vertex -11.6691 34.0697 0.0000
vertex -19.8348 34.0697 0.0000
vertex -19.8348 34.0697 8.3500
endloop
endfacet
facet normal 0.000000 1.000000 -0.000000
outer loop
vertex -11.6691 34.0697 0.0000
vertex -19.8348 34.0697 8.3500
vertex -11.6691 34.0697 8.3500
endloop
endfacet
facet normal -1.000000 0.000000 0.000000
outer loop
vertex -19.8348 34.0697 0.0000
vertex -19.8348 26.7103 0.0000
vertex -19.8348 26.7103 8.3500
endloop
endfacet
facet normal -1.000000 0.000000 0.000000
outer loop
vertex -19.8348 34.0697 0.0000
vertex -19.8348 26.7103 8.3500
vertex -19.8348 34.0697 8.3500
endloop
endfacet
facet normal 0.986752 0.129908 0.097187
outer loop
vertex 12.9064 37.4647 0.0000
vertex 12.7300 38.8045 0.0000
vertex 12.6339 38.7788 1.0099
endloop
endfacet
facet normal 0.986752 0.129908 0.097187
outer loop
vertex 12.9064 37.4647 0.0000
vertex 12.6339 38.7788 1.0099
vertex 12.8069 37.4647 1.0099
endloop
endfacet
facet normal 0.919506 0.380872 0.097187
outer loop
vertex 12.7300 38.8045 0.0000
vertex 12.2129 40.0530 0.0000
vertex 12.1267 40.0033 1.0099
endloop
endfacet
facet normal 0.919506 0.380872 0.097187
outer loop
vertex 12.7300 38.8045 0.0000
vertex 12.1267 40.0033 1.0099
vertex 12.6339 38.7788 1.0099
endloop
endfacet
facet normal 0.789598 0.605880 0.097187
outer loop
vertex 12.2129 40.0530 0.0000
vertex 11.3902 41.1251 0.0000
vertex 11.3199 41.0547 1.0099
endloop
endfacet
facet normal 0.789598 0.605880 0.097187
outer loop
vertex 12.2129 40.0530 0.0000
vertex 11.3199 41.0547 1.0099
vertex 12.1267 40.0033 1.0099
endloop
endfacet
facet normal 0.605880 0.789598 0.097187
outer loop
vertex 11.3902 41.1251 0.0000
vertex 10.3181 41.9477 0.0000
vertex 10.2684 41.8616 1.0099
endloop
endfacet
facet normal 0.605880 0.789598 0.097187
outer loop
vertex 11.3902 41.1251 0.0000
vertex 10.2684 41.8616 1.0099
vertex 11.3199 41.0547 1.0099
endloop
endfacet
facet normal 0.380872 0.919506 0.097187
outer loop
vertex 10.3181 41.9477 0.0000
vertex 9.0697 42.4649 0.0000
vertex 9.0439 42.3688 1.0099
endloop
endfacet
facet normal 0.380872 0.919506 0.097187
outer loop
vertex 10.3181 41.9477 0.0000
vertex 9.0439 42.3688 1.0099
vertex 10.2684 41.8616 1.0099
endloop
endfacet
facet normal 0.129908 0.986752 0.097187
outer loop
vertex 9.0697 42.4649 0.0000
vertex 7.7299 42.6412 0.0000
vertex 7.7299 42.5418 1.0099
endloop
endfacet
facet normal 0.129908 0.986752 0.097187
outer loop
vertex 9.0697 42.4649 0.0000
vertex 7.7299 42.5418 1.0099
vertex 9.0439 42.3688 1.0099
endloop
endfacet
facet normal -0.129908 0.986752 0.097187
outer loop
vertex 7.7299 42.6412 0.0000
vertex 6.3901 42.4649 0.0000
vertex 6.4158 42.3688 1.0099
endloop
endfacet
facet normal -0.129908 0.986752 0.097187
outer loop
vertex 7.7299 42.6412 0.0000
vertex 6.4158 42.3688 1.0099
vertex 7.7299 42.5418 1.0099
endloop
endfacet
facet normal -0.380872 0.919506 0.097187
outer loop
vertex 6.3901 42.4649 0.0000
vertex 5.1416 41.9477 0.0000
vertex 5.1914 41.8616 1.0099
endloop
endfacet
facet normal -0.380872 0.919506 0.097187
outer loop
vertex 6.3901 42.4649 0.0000
vertex 5.1914 41.8616 1.0099
vertex 6.4158 42.3688 1.0099
endloop
endfacet
facet normal -0.605880 0.789598 0.097187
outer loop
vertex 5.1416 41.9477 0.0000
vertex 4.0695 41.1251 0.0000
vertex 4.1399 41.0547 1.0099
endloop
endfacet
facet normal -0.605880 0.789598 0.097187
outer loop
vertex 5.1416 41.9477 0.0000
vertex 4.1399 41.0547 1.0099
vertex 5.1914 41.8616 1.0099
endloop
endfacet
facet normal -0.789598 0.605880 0.097187
outer loop
vertex 4.0695 41.1251 0.0000
vertex 3.2469 40.0530 0.0000
vertex 3.3330 40.0033 1.0099
endloop
endfacet
facet normal -0.789598 0.605880 0.097187
outer loop
vertex 4.0695 41.1251 0.0000
vertex 3.3330 40.0033 1.0099
vertex 4.1399 41.0547 1.0099
endloop
endfacet
facet normal -0.919506 0.380872 0.097187
outer loop
vertex 3.2469 40.0530 0.0000
vertex 2.7298 38.8045 0.0000
vertex 2.8258 38.7788 1.0099
endloop
endfacet
facet normal -0.919506 0.380872 0.097187
outer loop
vertex 3.2469 40.0530 0.0000
vertex 2.8258 38.7788 1.0099
vertex 3.3330 40.0033 1.0099
endloop
endfacet
facet normal -0.986752 0.129908 0.097187
outer loop
vertex 2.7298 38.8045 0.0000
vertex 2.5534 37.4647 0.0000
vertex 2.6528 37.4647 1.0099
endloop
endfacet
facet normal -0.986752 0.129908 0.097187
outer loop
vertex 2.7298 38.8045 0.0000
vertex 2.6528 37.4647 1.0099
vertex 2.8258 38.7788 1.0099
endloop
endfacet
facet normal -0.986752 -0.129908 0.097187
outer loop
vertex 2.5534 37.4647 0.0000
vertex 2.7298 36.1249 0.0000
vertex 2.8258 36.1507 1.0099
endloop
endfacet
facet normal -0.986752 -0.129908 0.097187
outer loop
vertex 2.5534 37.4647 0.0000
vertex 2.8258 36.1507 1.0099
vertex 2.6528 37.4647 1.0099
endloop
endfacet
facet normal -0.919506 -0.380872 0.097187
outer loop
vertex 2.7298 36.1249 0.0000
vertex 3.2469 34.8765 0.0000
vertex 3.3330 34.9262 1.0099
endloop
endfacet
facet normal -0.919506 -0.380872 0.097187
outer loop
vertex 2.7298 36.1249 0.0000
vertex 3.3330 34.9262 1.0099
vertex 2.8258 36.1507 1.0099
endloop
endfacet
facet normal -0.789598 -0.605880 0.097187
outer loop
vertex 3.2469 34.8765 0.0000
vertex 4.0695 33.8044 0.0000
vertex 4.1399 33.8747 1.0099
endloop
endfacet
facet normal -0.789598 -0.605880 0.097187
outer loop
vertex 3.2469 34.8765 0.0000
vertex 4.1399 33.8747 1.0099
vertex 3.3330 34.9262 1.0099
endloop
endfacet
facet normal -0.605880 -0.789598 0.097187
outer loop
vertex 4.0695 33.8044 0.0000
vertex 5.1416 32.9817 0.0000
vertex 5.1914 33.0679 1.0099
endloop
endfacet
facet normal -0.605880 -0.789598 0.097187
outer loop
vertex 4.0695 33.8044 0.0000
vertex 5.1914 33.0679 1.0099
vertex 4.1399 33.8747 1.0099
endloop
endfacet
facet normal -0.380872 -0.919506 0.097187
outer loop
vertex 5.1416 32.9817 0.0000
vertex 6.3901 32.4646 0.0000
vertex 6.4158 32.5607 1.0099
endloop
endfacet
facet normal -0.380872 -0.919506 0.097187
outer loop
vertex 5.1416 32.9817 0.0000
vertex 6.4158 32.5607 1.0099
vertex 5.1914 33.0679 1.0099
endloop
endfacet
facet normal -0.129908 -0.986752 0.097187
outer loop
vertex 6.3901 32.4646 0.0000
vertex 7.7299 32.2882 0.0000
vertex 7.7299 32.3877 1.0099
endloop
endfacet
facet normal -0.129908 -0.986752 0.097187
outer loop
vertex 6.3901 32.4646 0.0000
vertex 7.7299 32.3877 1.0099
vertex 6.4158 32.5607 1.0099
endloop
endfacet
facet normal 0.129908 -0.986752 0.097187
outer loop
vertex 7.7299 32.2882 0.0000
vertex 9.0697 32.4646 0.0000
vertex 9.0439 32.5607 1.0099
endloop
endfacet
facet normal 0.129908 -0.986752 0.097187
outer loop
vertex 7.7299 32.2882 0.0000
vertex 9.0439 32.5607 1.0099
vertex 7.7299 32.3877 1.0099
endloop
endfacet
facet normal 0.380872 -0.919506 0.097187
outer loop
vertex 9.0697 32.4646 0.0000
vertex 10.3181 32.9817 0.0000
vertex 10.2684 33.0679 1.0099
endloop
endfacet
facet normal 0.380872 -0.919506 0.097187
outer loop
vertex 9.0697 32.4646 0.0000
vertex 10.2684 33.0679 1.0099
vertex 9.0439 32.5607 1.0099
endloop
endfacet
facet normal 0.605880 -0.789598 0.097187
outer loop
vertex 10.3181 32.9817 0.0000
vertex 11.3902 33.8044 0.0000
vertex 11.3199 33.8747 1.0099
endloop
endfacet
facet normal 0.605880 -0.789598 0.097187
outer loop
vertex 10.3181 32.9817 0.0000
vertex 11.3199 33.8747 1.0099
vertex 10.2684 33.0679 1.0099
endloop
endfacet
facet normal 0.789598 -0.605880 0.097187
outer loop
vertex 11.3902 33.8044 0.0000
vertex 12.2129 34.8765 0.0000
vertex 12.1267 34.9262 1.0099
endloop
endfacet
facet normal 0.789598 -0.605880 0.097187
outer loop
vertex 11.3902 33.8044 0.0000
vertex 12.1267 34.9262 1.0099
vertex 11.3199 33.8747 1.0099
endloop
endfacet
facet normal 0.919506 -0.380872 0.097187
outer loop
vertex 12.2129 34.8765 0.0000
vertex 12.7300 36.1249 0.0000
vertex 12.6339 36.1507 1.0099
endloop
endfacet
facet normal 0.919506 -0.380872 0.097187
outer loop
vertex 12.2129 34.8765 0.0000
vertex 12.6339 36.1507 1.0099
vertex 12.1267 34.9262 1.0099
endloop
endfacet
facet normal 0.986752 -0.129908 0.097187
outer loop
vertex 12.7300 36.1249 0.0000
vertex 12.9064 37.4647 0.0000
vertex 12.8069 37.4647 1.0099
endloop
endfacet
facet normal 0.986752 -0.129908 0.097187
outer loop
vertex 12.7300 36.1249 0.0000
vertex 12.8069 37.4647 1.0099
vertex 12.6339 36.1507 1.0099
endloop
endfacet
facet normal 0.949435 0.124996 0.288008
outer loop
vertex 12.8069 37.4647 1.0099
vertex 12.6339 38.7788 1.0099
vertex 12.3494 38.7025 1.9810
endloop
endfacet
facet normal 0.949435 0.124996 0.288008
outer loop
vertex 12.8069 37.4647 1.0099
vertex 12.3494 38.7025 1.9810
vertex 12.5124 37.4647 1.9810
endloop
endfacet
facet normal 0.884733 0.366468 0.288008
outer loop
vertex 12.6339 38.7788 1.0099
vertex 12.1267 40.0033 1.0099
vertex 11.8716 39.8560 1.9810
endloop
endfacet
facet normal 0.884733 0.366468 0.288008
outer loop
vertex 12.6339 38.7788 1.0099
vertex 11.8716 39.8560 1.9810
vertex 12.3494 38.7025 1.9810
endloop
endfacet
facet normal 0.759737 0.582967 0.288008
outer loop
vertex 12.1267 40.0033 1.0099
vertex 11.3199 41.0547 1.0099
vertex 11.1116 40.8464 1.9810
endloop
endfacet
facet normal 0.759737 0.582967 0.288008
outer loop
vertex 12.1267 40.0033 1.0099
vertex 11.1116 40.8464 1.9810
vertex 11.8716 39.8560 1.9810
endloop
endfacet
facet normal 0.582967 0.759737 0.288008
outer loop
vertex 11.3199 41.0547 1.0099
vertex 10.2684 41.8616 1.0099
vertex 10.1211 41.6065 1.9810
endloop
endfacet
facet normal 0.582967 0.759737 0.288008
outer loop
vertex 11.3199 41.0547 1.0099
vertex 10.1211 41.6065 1.9810
vertex 11.1116 40.8464 1.9810
endloop
endfacet
facet normal 0.366468 0.884733 0.288008
outer loop
vertex 10.2684 41.8616 1.0099
vertex 9.0439 42.3688 1.0099
vertex 8.9677 42.0842 1.9810
endloop
endfacet
facet normal 0.366468 0.884733 0.288008
outer loop
vertex 10.2684 41.8616 1.0099
vertex 8.9677 42.0842 1.9810
vertex 10.1211 41.6065 1.9810
endloop
endfacet
facet normal 0.124996 0.949435 0.288008
outer loop
vertex 9.0439 42.3688 1.0099
vertex 7.7299 42.5418 1.0099
vertex 7.7299 42.2472 1.9810
endloop
endfacet
facet normal 0.124996 0.949435 0.288008
outer loop
vertex 9.0439 42.3688 1.0099
vertex 7.7299 42.2472 1.9810
vertex 8.9677 42.0842 1.9810
endloop
endfacet
facet normal -0.124996 0.949435 0.288008
outer loop
vertex 7.7299 42.5418 1.0099
vertex 6.4158 42.3688 1.0099
vertex 6.4921 42.0842 1.9810
endloop
endfacet
facet normal -0.124996 0.949435 0.288008
outer loop
vertex 7.7299 42.5418 1.0099
vertex 6.4921 42.0842 1.9810
vertex 7.7299 42.2472 1.9810
endloop
endfacet
facet normal -0.366468 0.884733 0.288008
outer loop
vertex 6.4158 42.3688 1.0099
vertex 5.1914 41.8616 1.0099
vertex 5.3386 41.6065 1.9810
endloop
endfacet
facet normal -0.366468 0.884733 0.288008
outer loop
vertex 6.4158 42.3688 1.0099
vertex 5.3386 41.6065 1.9810
vertex 6.4921 42.0842 1.9810
endloop
endfacet
facet normal -0.582967 0.759737 0.288008
outer loop
vertex 5.1914 41.8616 1.0099
vertex 4.1399 41.0547 1.0099
vertex 4.3482 40.8464 1.9810
endloop
endfacet
facet normal -0.582967 0.759737 0.288008
outer loop
vertex 5.1914 41.8616 1.0099
vertex 4.3482 40.8464 1.9810
vertex 5.3386 41.6065 1.9810
endloop
endfacet
facet normal -0.759737 0.582967 0.288008
outer loop
vertex 4.1399 41.0547 1.0099
vertex 3.3330 40.0033 1.0099
vertex 3.5881 39.8560 1.9810
endloop
endfacet
facet normal -0.759737 0.582967 0.288008
outer loop
vertex 4.1399 41.0547 1.0099
vertex 3.5881 39.8560 1.9810
vertex 4.3482 40.8464 1.9810
endloop
endfacet
facet normal -0.884733 0.366468 0.288008
outer loop
vertex 3.3330 40.0033 1.0099
vertex 2.8258 38.7788 1.0099
vertex 3.1104 38.7025 1.9810
endloop
endfacet
facet normal -0.884733 0.366468 0.288008
outer loop
vertex 3.3330 40.0033 1.0099
vertex 3.1104 38.7025 1.9810
vertex 3.5881 39.8560 1.9810
endloop
endfacet
facet normal -0.949435 0.124996 0.288008
outer loop
vertex 2.8258 38.7788 1.0099
vertex 2.6528 37.4647 1.0099
vertex 2.9474 37.4647 1.9810
endloop
endfacet
facet normal -0.949435 0.124996 0.288008
outer loop
vertex 2.8258 38.7788 1.0099
vertex 2.9474 37.4647 1.9810
vertex 3.1104 38.7025 1.9810
endloop
endfacet
facet normal -0.949435 -0.124996 0.288008
outer loop
vertex 2.6528 37.4647 1.0099
vertex 2.8258 36.1507 1.0099
vertex 3.1104 36.2269 1.9810
endloop
endfacet
facet normal -0.949435 -0.124996 0.288008
outer loop
vertex 2.6528 37.4647 1.0099
vertex 3.1104 36.2269 1.9810
vertex 2.9474 37.4647 1.9810
endloop
endfacet
facet normal -0.884733 -0.366468 0.288008
outer loop
vertex 2.8258 36.1507 1.0099
vertex 3.3330 34.9262 1.0099
vertex 3.5881 35.0735 1.9810
endloop
endfacet
facet normal -0.884733 -0.366468 0.288008
outer loop
vertex 2.8258 36.1507 1.0099
vertex 3.5881 35.0735 1.9810
vertex 3.1104 36.2269 1.9810
endloop
endfacet
facet normal -0.759737 -0.582967 0.288008
outer loop
vertex 3.3330 34.9262 1.0099
vertex 4.1399 33.8747 1.0099
vertex 4.3482 34.0830 1.9810
endloop
endfacet
facet normal -0.759737 -0.582967 0.288008
outer loop
vertex 3.3330 34.9262 1.0099
vertex 4.3482 34.0830 1.9810
vertex 3.5881 35.0735 1.9810
endloop
endfacet
facet normal -0.582967 -0.759737 0.288008
outer loop
vertex 4.1399 33.8747 1.0099
vertex 5.1914 33.0679 1.0099
vertex 5.3386 33.3230 1.9810
endloop
endfacet
facet normal -0.582967 -0.759737 0.288008
outer loop
vertex 4.1399 33.8747 1.0099
vertex 5.3386 33.3230 1.9810
vertex 4.3482 34.0830 1.9810
endloop
endfacet
facet normal -0.366468 -0.884733 0.288008
outer loop
vertex 5.1914 33.0679 1.0099
vertex 6.4158 32.5607 1.0099
vertex 6.4921 32.8452 1.9810
endloop
endfacet
facet normal -0.366468 -0.884733 0.288008
outer loop
vertex 5.1914 33.0679 1.0099
vertex 6.4921 32.8452 1.9810
vertex 5.3386 33.3230 1.9810
endloop
endfacet
facet normal -0.124996 -0.949435 0.288008
outer loop
vertex 6.4158 32.5607 1.0099
vertex 7.7299 32.3877 1.0099
vertex 7.7299 32.6822 1.9810
endloop
endfacet
facet normal -0.124996 -0.949435 0.288008
outer loop
vertex 6.4158 32.5607 1.0099
vertex 7.7299 32.6822 1.9810
vertex 6.4921 32.8452 1.9810
endloop
endfacet
facet normal 0.124996 -0.949435 0.288008
outer loop
vertex 7.7299 32.3877 1.0099
vertex 9.0439 32.5607 1.0099
vertex 8.9677 32.8452 1.9810
endloop
endfacet
facet normal 0.124996 -0.949435 0.288008
outer loop
vertex 7.7299 32.3877 1.0099
vertex 8.9677 32.8452 1.9810
vertex 7.7299 32.6822 1.9810
endloop
endfacet
facet normal 0.366468 -0.884733 0.288008
outer loop
vertex 9.0439 32.5607 1.0099
vertex 10.2684 33.0679 1.0099
vertex 10.1211 33.3230 1.9810
endloop
endfacet
facet normal 0.366468 -0.884733 0.288008
outer loop
vertex 9.0439 32.5607 1.0099
vertex 10.1211 33.3230 1.9810
vertex 8.9677 32.8452 1.9810
endloop
endfacet
facet normal 0.582967 -0.759737 0.288008
outer loop
vertex 10.2684 33.0679 1.0099
vertex 11.3199 33.8747 1.0099
vertex 11.1116 34.0830 1.9810
endloop
endfacet
facet normal 0.582967 -0.759737 0.288008
outer loop
vertex 10.2684 33.0679 1.0099
vertex 11.1116 34.0830 1.9810
vertex 10.1211 33.3230 1.9810
endloop
endfacet
facet normal 0.759737 -0.582967 0.288008
outer loop
vertex 11.3199 33.8747 1.0099
vertex 12.1267 34.9262 1.0099
vertex 11.8716 35.0735 1.9810
endloop
endfacet
facet normal 0.759737 -0.582967 0.288008
outer loop
vertex 11.3199 33.8747 1.0099
vertex 11.8716 35.0735 1.9810
vertex 11.1116 34.0830 1.9810
endloop
endfacet
facet normal 0.884733 -0.366468 0.288008
outer loop
vertex 12.1267 34.9262 1.0099
vertex 12.6339 36.1507 1.0099
vertex 12.3494 36.2269 1.9810
endloop
endfacet
facet normal 0.884733 -0.366468 0.288008
outer loop
vertex 12.1267 34.9262 1.0099
vertex 12.3494 36.2269 1.9810
vertex 11.8716 35.0735 1.9810
endloop
endfacet
facet normal 0.949435 -0.124996 0.288008
outer loop
vertex 12.6339 36.1507 1.0099
vertex 12.8069 37.4647 1.0099
vertex 12.5124 37.4647 1.9810
endloop
endfacet
facet normal 0.949435 -0.124996 0.288008
outer loop
vertex 12.6339 36.1507 1.0099
vertex 12.5124 37.4647 1.9810
vertex 12.3494 36.2269 1.9810
endloop
endfacet
facet normal 0.876036 0.115332 0.468251
outer loop
vertex 12.5124 37.4647 1.9810
vertex 12.3494 38.7025 1.9810
vertex 11.8873 38.5787 2.8759
endloop
endfacet
facet normal 0.876036 0.115332 0.468251
outer loop
vertex 12.5124 37.4647 1.9810
vertex 11.8873 38.5787 2.8759
vertex 12.0340 37.4647 2.8759
endloop
endfacet
facet normal 0.816336 0.338137 0.468251
outer loop
vertex 12.3494 38.7025 1.9810
vertex 11.8716 39.8560 1.9810
vertex 11.4574 39.6168 2.8759
endloop
endfacet
facet normal 0.816336 0.338137 0.468251
outer loop
vertex 12.3494 38.7025 1.9810
vertex 11.4574 39.6168 2.8759
vertex 11.8873 38.5787 2.8759
endloop
endfacet
facet normal 0.701003 0.537899 0.468251
outer loop
vertex 11.8716 39.8560 1.9810
vertex 11.1116 40.8464 1.9810
vertex 10.7734 40.5082 2.8759
endloop
endfacet
facet normal 0.701003 0.537899 0.468251
outer loop
vertex 11.8716 39.8560 1.9810
vertex 10.7734 40.5082 2.8759
vertex 11.4574 39.6168 2.8759
endloop
endfacet
facet normal 0.537899 0.701003 0.468251
outer loop
vertex 11.1116 40.8464 1.9810
vertex 10.1211 41.6065 1.9810
vertex 9.8819 41.1922 2.8759
endloop
endfacet
facet normal 0.537899 0.701003 0.468251
outer loop
vertex 11.1116 40.8464 1.9810
vertex 9.8819 41.1922 2.8759
vertex 10.7734 40.5082 2.8759
endloop
endfacet
facet normal 0.338137 0.816336 0.468251
outer loop
vertex 10.1211 41.6065 1.9810
vertex 8.9677 42.0842 1.9810
vertex 8.8439 41.6222 2.8759
endloop
endfacet
facet normal 0.338137 0.816336 0.468251
outer loop
vertex 10.1211 41.6065 1.9810
vertex 8.8439 41.6222 2.8759
vertex 9.8819 41.1922 2.8759
endloop
endfacet
facet normal 0.115332 0.876036 0.468251
outer loop
vertex 8.9677 42.0842 1.9810
vertex 7.7299 42.2472 1.9810
vertex 7.7299 41.7688 2.8759
endloop
endfacet
facet normal 0.115332 0.876036 0.468251
outer loop
vertex 8.9677 42.0842 1.9810
vertex 7.7299 41.7688 2.8759
vertex 8.8439 41.6222 2.8759
endloop
endfacet
facet normal -0.115332 0.876036 0.468251
outer loop
vertex 7.7299 42.2472 1.9810
vertex 6.4921 42.0842 1.9810
vertex 6.6159 41.6222 2.8759
endloop
endfacet
facet normal -0.115332 0.876036 0.468251
outer loop
vertex 7.7299 42.2472 1.9810
vertex 6.6159 41.6222 2.8759
vertex 7.7299 41.7688 2.8759
endloop
endfacet
facet normal -0.338137 0.816336 0.468251
outer loop
vertex 6.4921 42.0842 1.9810
vertex 5.3386 41.6065 1.9810
vertex 5.5778 41.1922 2.8759
endloop
endfacet
facet normal -0.338137 0.816336 0.468251
outer loop
vertex 6.4921 42.0842 1.9810
vertex 5.5778 41.1922 2.8759
vertex 6.6159 41.6222 2.8759
endloop
endfacet
facet normal -0.537899 0.701003 0.468251
outer loop
vertex 5.3386 41.6065 1.9810
vertex 4.3482 40.8464 1.9810
vertex 4.6864 40.5082 2.8759
endloop
endfacet
facet normal -0.537899 0.701003 0.468251
outer loop
vertex 5.3386 41.6065 1.9810
vertex 4.6864 40.5082 2.8759
vertex 5.5778 41.1922 2.8759
endloop
endfacet
facet normal -0.701003 0.537899 0.468251
outer loop
vertex 4.3482 40.8464 1.9810
vertex 3.5881 39.8560 1.9810
vertex 4.0024 39.6168 2.8759
endloop
endfacet
facet normal -0.701003 0.537899 0.468251
outer loop
vertex 4.3482 40.8464 1.9810
vertex 4.0024 39.6168 2.8759
vertex 4.6864 40.5082 2.8759
endloop
endfacet
facet normal -0.816336 0.338137 0.468251
outer loop
vertex 3.5881 39.8560 1.9810
vertex 3.1104 38.7025 1.9810
vertex 3.5724 38.5787 2.8759
endloop
endfacet
facet normal -0.816336 0.338137 0.468251
outer loop
vertex 3.5881 39.8560 1.9810
vertex 3.5724 38.5787 2.8759
vertex 4.0024 39.6168 2.8759
endloop
endfacet
facet normal -0.876036 0.115332 0.468251
outer loop
vertex 3.1104 38.7025 1.9810
vertex 2.9474 37.4647 1.9810
vertex 3.4258 37.4647 2.8759
endloop
endfacet
facet normal -0.876036 0.115332 0.468251
outer loop
vertex 3.1104 38.7025 1.9810
vertex 3.4258 37.4647 2.8759
vertex 3.5724 38.5787 2.8759
endloop
endfacet
facet normal -0.876036 -0.115332 0.468251
outer loop
vertex 2.9474 37.4647 1.9810
vertex 3.1104 36.2269 1.9810
vertex 3.5724 36.3507 2.8759
endloop
endfacet
facet normal -0.876036 -0.115332 0.468251
outer loop
vertex 2.9474 37.4647 1.9810
vertex 3.5724 36.3507 2.8759
vertex 3.4258 37.4647 2.8759
endloop
endfacet
facet normal -0.816336 -0.338137 0.468251
outer loop
vertex 3.1104 36.2269 1.9810
vertex 3.5881 35.0735 1.9810
vertex 4.0024 35.3127 2.8759
endloop
endfacet
facet normal -0.816336 -0.338137 0.468251
outer loop
vertex 3.1104 36.2269 1.9810
vertex 4.0024 35.3127 2.8759
vertex 3.5724 36.3507 2.8759
endloop
endfacet
facet normal -0.701003 -0.537899 0.468251
outer loop
vertex 3.5881 35.0735 1.9810
vertex 4.3482 34.0830 1.9810
vertex 4.6864 34.4213 2.8759
endloop
endfacet
facet normal -0.701003 -0.537899 0.468251
outer loop
vertex 3.5881 35.0735 1.9810
vertex 4.6864 34.4213 2.8759
vertex 4.0024 35.3127 2.8759
endloop
endfacet
facet normal -0.537899 -0.701003 0.468251
outer loop
vertex 4.3482 34.0830 1.9810
vertex 5.3386 33.3230 1.9810
vertex 5.5778 33.7373 2.8759
endloop
endfacet
facet normal -0.537899 -0.701003 0.468251
outer loop
vertex 4.3482 34.0830 1.9810
vertex 5.5778 33.7373 2.8759
vertex 4.6864 34.4213 2.8759
endloop
endfacet
facet normal -0.338137 -0.816336 0.468251
outer loop
vertex 5.3386 33.3230 1.9810
vertex 6.4921 32.8452 1.9810
vertex 6.6159 33.3073 2.8759
endloop
endfacet
facet normal -0.338137 -0.816336 0.468251
outer loop
vertex 5.3386 33.3230 1.9810
vertex 6.6159 33.3073 2.8759
vertex 5.5778 33.7373 2.8759
endloop
endfacet
facet normal -0.115332 -0.876036 0.468251
outer loop
vertex 6.4921 32.8452 1.9810
vertex 7.7299 32.6822 1.9810
vertex 7.7299 33.1606 2.8759
endloop
endfacet
facet normal -0.115332 -0.876036 0.468251
outer loop
vertex 6.4921 32.8452 1.9810
vertex 7.7299 33.1606 2.8759
vertex 6.6159 33.3073 2.8759
endloop
endfacet
facet normal 0.115332 -0.876036 0.468251
outer loop
vertex 7.7299 32.6822 1.9810
vertex 8.9677 32.8452 1.9810
vertex 8.8439 33.3073 2.8759
endloop
endfacet
facet normal 0.115332 -0.876036 0.468251
outer loop
vertex 7.7299 32.6822 1.9810
vertex 8.8439 33.3073 2.8759
vertex 7.7299 33.1606 2.8759
endloop
endfacet
facet normal 0.338137 -0.816336 0.468251
outer loop
vertex 8.9677 32.8452 1.9810
vertex 10.1211 33.3230 1.9810
vertex 9.8819 33.7373 2.8759
endloop
endfacet
facet normal 0.338137 -0.816336 0.468251
outer loop
vertex 8.9677 32.8452 1.9810
vertex 9.8819 33.7373 2.8759
vertex 8.8439 33.3073 2.8759
endloop
endfacet
facet normal 0.537899 -0.701003 0.468251
outer loop
vertex 10.1211 33.3230 1.9810
vertex 11.1116 34.0830 1.9810
vertex 10.7734 34.4213 2.8759
endloop
endfacet
facet normal 0.537899 -0.701003 0.468251
outer loop
vertex 10.1211 33.3230 1.9810
vertex 10.7734 34.4213 2.8759
vertex 9.8819 33.7373 2.8759
endloop
endfacet
facet normal 0.701003 -0.537899 0.468251
outer loop
vertex 11.1116 34.0830 1.9810
vertex 11.8716 35.0735 1.9810
vertex 11.4574 35.3127 2.8759
endloop
endfacet
facet normal 0.701003 -0.537899 0.468251
outer loop
vertex 11.1116 34.0830 1.9810
vertex 11.4574 35.3127 2.8759
vertex 10.7734 34.4213 2.8759
endloop
endfacet
facet normal 0.816336 -0.338137 0.468251
outer loop
vertex 11.8716 35.0735 1.9810
vertex 12.3494 36.2269 1.9810
vertex 11.8873 36.3507 2.8759
endloop
endfacet
facet normal 0.816336 -0.338137 0.468251
outer loop
vertex 11.8716 35.0735 1.9810
vertex 11.8873 36.3507 2.8759
vertex 11.4574 35.3127 2.8759
endloop
endfacet
facet normal 0.876036 -0.115332 0.468251
outer loop
vertex 12.3494 36.2269 1.9810
vertex 12.5124 37.4647 1.9810
vertex 12.0340 37.4647 2.8759
endloop
endfacet
facet normal 0.876036 -0.115332 0.468251
outer loop
vertex 12.3494 36.2269 1.9810
vertex 12.0340 37.4647 2.8759
vertex 11.8873 36.3507 2.8759
endloop
endfacet
facet normal 0.769038 0.101246 0.631133
outer loop
vertex 12.0340 37.4647 2.8759
vertex 11.8873 38.5787 2.8759
vertex 11.2655 38.4121 3.6603
endloop
endfacet
facet normal 0.769038 0.101246 0.631133
outer loop
vertex 12.0340 37.4647 2.8759
vertex 11.2655 38.4121 3.6603
vertex 11.3902 37.4647 3.6603
endloop
endfacet
facet normal 0.716630 0.296838 0.631133
outer loop
vertex 11.8873 38.5787 2.8759
vertex 11.4574 39.6168 2.8759
vertex 10.8998 39.2949 3.6603
endloop
endfacet
facet normal 0.716630 0.296838 0.631133
outer loop
vertex 11.8873 38.5787 2.8759
vertex 10.8998 39.2949 3.6603
vertex 11.2655 38.4121 3.6603
endloop
endfacet
facet normal 0.615384 0.472201 0.631133
outer loop
vertex 11.4574 39.6168 2.8759
vertex 10.7734 40.5082 2.8759
vertex 10.3181 40.0530 3.6603
endloop
endfacet
facet normal 0.615384 0.472201 0.631133
outer loop
vertex 11.4574 39.6168 2.8759
vertex 10.3181 40.0530 3.6603
vertex 10.8998 39.2949 3.6603
endloop
endfacet
facet normal 0.472201 0.615384 0.631133
outer loop
vertex 10.7734 40.5082 2.8759
vertex 9.8819 41.1922 2.8759
vertex 9.5601 40.6347 3.6603
endloop
endfacet
facet normal 0.472201 0.615384 0.631133
outer loop
vertex 10.7734 40.5082 2.8759
vertex 9.5601 40.6347 3.6603
vertex 10.3181 40.0530 3.6603
endloop
endfacet
facet normal 0.296838 0.716630 0.631133
outer loop
vertex 9.8819 41.1922 2.8759
vertex 8.8439 41.6222 2.8759
vertex 8.6772 41.0004 3.6603
endloop
endfacet
facet normal 0.296838 0.716630 0.631133
outer loop
vertex 9.8819 41.1922 2.8759
vertex 8.6772 41.0004 3.6603
vertex 9.5601 40.6347 3.6603
endloop
endfacet
facet normal 0.101246 0.769038 0.631133
outer loop
vertex 8.8439 41.6222 2.8759
vertex 7.7299 41.7688 2.8759
vertex 7.7299 41.1251 3.6603
endloop
endfacet
facet normal 0.101246 0.769038 0.631133
outer loop
vertex 8.8439 41.6222 2.8759
vertex 7.7299 41.1251 3.6603
vertex 8.6772 41.0004 3.6603
endloop
endfacet
facet normal -0.101246 0.769038 0.631133
outer loop
vertex 7.7299 41.7688 2.8759
vertex 6.6159 41.6222 2.8759
vertex 6.7825 41.0004 3.6603
endloop
endfacet
facet normal -0.101246 0.769038 0.631133
outer loop
vertex 7.7299 41.7688 2.8759
vertex 6.7825 41.0004 3.6603
vertex 7.7299 41.1251 3.6603
endloop
endfacet
facet normal -0.296838 0.716630 0.631133
outer loop
vertex 6.6159 41.6222 2.8759
vertex 5.5778 41.1922 2.8759
vertex 5.8997 40.6347 3.6603
endloop
endfacet
facet normal -0.296838 0.716630 0.631133
outer loop
vertex 6.6159 41.6222 2.8759
vertex 5.8997 40.6347 3.6603
vertex 6.7825 41.0004 3.6603
endloop
endfacet
facet normal -0.472201 0.615384 0.631133
outer loop
vertex 5.5778 41.1922 2.8759
vertex 4.6864 40.5082 2.8759
vertex 5.1416 40.0530 3.6603
endloop
endfacet
facet normal -0.472201 0.615384 0.631133
outer loop
vertex 5.5778 41.1922 2.8759
vertex 5.1416 40.0530 3.6603
vertex 5.8997 40.6347 3.6603
endloop
endfacet
facet normal -0.615384 0.472201 0.631133
outer loop
vertex 4.6864 40.5082 2.8759
vertex 4.0024 39.6168 2.8759
vertex 4.5599 39.2949 3.6603
endloop
endfacet
facet normal -0.615384 0.472201 0.631133
outer loop
vertex 4.6864 40.5082 2.8759
vertex 4.5599 39.2949 3.6603
vertex 5.1416 40.0530 3.6603
endloop
endfacet
facet normal -0.716630 0.296838 0.631133
outer loop
vertex 4.0024 39.6168 2.8759
vertex 3.5724 38.5787 2.8759
vertex 4.1943 38.4121 3.6603
endloop
endfacet
facet normal -0.716630 0.296838 0.631133
outer loop
vertex 4.0024 39.6168 2.8759
vertex 4.1943 38.4121 3.6603
vertex 4.5599 39.2949 3.6603
endloop
endfacet
facet normal -0.769038 0.101246 0.631133
outer loop
vertex 3.5724 38.5787 2.8759
vertex 3.4258 37.4647 2.8759
vertex 4.0695 37.4647 3.6603
endloop
endfacet
facet normal -0.769038 0.101246 0.631133
outer loop
vertex 3.5724 38.5787 2.8759
vertex 4.0695 37.4647 3.6603
vertex 4.1943 38.4121 3.6603
endloop
endfacet
facet normal -0.769038 -0.101246 0.631133
outer loop
vertex 3.4258 37.4647 2.8759
vertex 3.5724 36.3507 2.8759
vertex 4.1943 36.5174 3.6603
endloop
endfacet
facet normal -0.769038 -0.101246 0.631133
outer loop
vertex 3.4258 37.4647 2.8759
vertex 4.1943 36.5174 3.6603
vertex 4.0695 37.4647 3.6603
endloop
endfacet
facet normal -0.716630 -0.296838 0.631133
outer loop
vertex 3.5724 36.3507 2.8759
vertex 4.0024 35.3127 2.8759
vertex 4.5599 35.6346 3.6603
endloop
endfacet
facet normal -0.716630 -0.296838 0.631133
outer loop
vertex 3.5724 36.3507 2.8759
vertex 4.5599 35.6346 3.6603
vertex 4.1943 36.5174 3.6603
endloop
endfacet
facet normal -0.615384 -0.472201 0.631133
outer loop
vertex 4.0024 35.3127 2.8759
vertex 4.6864 34.4213 2.8759
vertex 5.1416 34.8765 3.6603
endloop
endfacet
facet normal -0.615384 -0.472201 0.631133
outer loop
vertex 4.0024 35.3127 2.8759
vertex 5.1416 34.8765 3.6603
vertex 4.5599 35.6346 3.6603
endloop
endfacet
facet normal -0.472201 -0.615384 0.631133
outer loop
vertex 4.6864 34.4213 2.8759
vertex 5.5778 33.7373 2.8759
vertex 5.8997 34.2948 3.6603
endloop
endfacet
facet normal -0.472201 -0.615384 0.631133
outer loop
vertex 4.6864 34.4213 2.8759
vertex 5.8997 34.2948 3.6603
vertex 5.1416 34.8765 3.6603
endloop
endfacet
facet normal -0.296838 -0.716630 0.631133
outer loop
vertex 5.5778 33.7373 2.8759
vertex 6.6159 33.3073 2.8759
vertex 6.7825 33.9291 3.6603
endloop
endfacet
facet normal -0.296838 -0.716630 0.631133
outer loop
vertex 5.5778 33.7373 2.8759
vertex 6.7825 33.9291 3.6603
vertex 5.8997 34.2948 3.6603
endloop
endfacet
facet normal -0.101246 -0.769038 0.631133
outer loop
vertex 6.6159 33.3073 2.8759
vertex 7.7299 33.1606 2.8759
vertex 7.7299 33.8044 3.6603
endloop
endfacet
facet normal -0.101246 -0.769038 0.631133
outer loop
vertex 6.6159 33.3073 2.8759
vertex 7.7299 33.8044 3.6603
vertex 6.7825 33.9291 3.6603
endloop
endfacet
facet normal 0.101246 -0.769038 0.631133
outer loop
vertex 7.7299 33.1606 2.8759
vertex 8.8439 33.3073 2.8759
vertex 8.6772 33.9291 3.6603
endloop
endfacet
facet normal 0.101246 -0.769038 0.631133
outer loop
vertex 7.7299 33.1606 2.8759
vertex 8.6772 33.9291 3.6603
vertex 7.7299 33.8044 3.6603
endloop
endfacet
facet normal 0.296838 -0.716630 0.631133
outer loop
vertex 8.8439 33.3073 2.8759
vertex 9.8819 33.7373 2.8759
vertex 9.5601 34.2948 3.6603
endloop
endfacet
facet normal 0.296838 -0.716630 0.631133
outer loop
vertex 8.8439 33.3073 2.8759
vertex 9.5601 34.2948 3.6603
vertex 8.6772 33.9291 3.6603
endloop
endfacet
facet normal 0.472201 -0.615384 0.631133
outer loop
vertex 9.8819 33.7373 2.8759
vertex 10.7734 34.4213 2.8759
vertex 10.3181 34.8765 3.6603
endloop
endfacet
facet normal 0.472201 -0.615384 0.631133
outer loop
vertex 9.8819 33.7373 2.8759
vertex 10.3181 34.8765 3.6603
vertex 9.5601 34.2948 3.6603
endloop
endfacet
facet normal 0.615384 -0.472201 0.631133
outer loop
vertex 10.7734 34.4213 2.8759
vertex 11.4574 35.3127 2.8759
vertex 10.8998 35.6346 3.6603
endloop
endfacet
facet normal 0.615384 -0.472201 0.631133
outer loop
vertex 10.7734 34.4213 2.8759
vertex 10.8998 35.6346 3.6603
vertex 10.3181 34.8765 3.6603
endloop
endfacet
facet normal 0.716630 -0.296838 0.631133
outer loop
vertex 11.4574 35.3127 2.8759
vertex 11.8873 36.3507 2.8759
vertex 11.2655 36.5174 3.6603
endloop
endfacet
facet normal 0.716630 -0.296838 0.631133
outer loop
vertex 11.4574 35.3127 2.8759
vertex 11.2655 36.5174 3.6603
vertex 10.8998 35.6346 3.6603
endloop
endfacet
facet normal 0.769038 -0.101246 0.631133
outer loop
vertex 11.8873 36.3507 2.8759
vertex 12.0340 37.4647 2.8759
vertex 11.3902 37.4647 3.6603
endloop
endfacet
facet normal 0.769038 -0.101246 0.631133
outer loop
vertex 11.8873 36.3507 2.8759
vertex 11.3902 37.4647 3.6603
vertex 11.2655 36.5174 3.6603
endloop
endfacet
facet normal 0.632192 0.083230 0.770328
outer loop
vertex 11.3902 37.4647 3.6603
vertex 11.2655 38.4121 3.6603
vertex 10.5078 38.2091 4.3041
endloop
endfacet
facet normal 0.632192 0.083230 0.770328
outer loop
vertex 11.3902 37.4647 3.6603
vertex 10.5078 38.2091 4.3041
vertex 10.6058 37.4647 4.3041
endloop
endfacet
facet normal 0.589109 0.244017 0.770328
outer loop
vertex 11.2655 38.4121 3.6603
vertex 10.8998 39.2949 3.6603
vertex 10.2205 38.9027 4.3041
endloop
endfacet
facet normal 0.589109 0.244017 0.770328
outer loop
vertex 11.2655 38.4121 3.6603
vertex 10.2205 38.9027 4.3041
vertex 10.5078 38.2091 4.3041
endloop
endfacet
facet normal 0.505880 0.388175 0.770328
outer loop
vertex 10.8998 39.2949 3.6603
vertex 10.3181 40.0530 3.6603
vertex 9.7635 39.4983 4.3041
endloop
endfacet
facet normal 0.505880 0.388175 0.770328
outer loop
vertex 10.8998 39.2949 3.6603
vertex 9.7635 39.4983 4.3041
vertex 10.2205 38.9027 4.3041
endloop
endfacet
facet normal 0.388175 0.505880 0.770328
outer loop
vertex 10.3181 40.0530 3.6603
vertex 9.5601 40.6347 3.6603
vertex 9.1678 39.9553 4.3041
endloop
endfacet
facet normal 0.388175 0.505880 0.770328
outer loop
vertex 10.3181 40.0530 3.6603
vertex 9.1678 39.9553 4.3041
vertex 9.7635 39.4983 4.3041
endloop
endfacet
facet normal 0.244017 0.589109 0.770328
outer loop
vertex 9.5601 40.6347 3.6603
vertex 8.6772 41.0004 3.6603
vertex 8.4742 40.2426 4.3041
endloop
endfacet
facet normal 0.244017 0.589109 0.770328
outer loop
vertex 9.5601 40.6347 3.6603
vertex 8.4742 40.2426 4.3041
vertex 9.1678 39.9553 4.3041
endloop
endfacet
facet normal 0.083230 0.632192 0.770328
outer loop
vertex 8.6772 41.0004 3.6603
vertex 7.7299 41.1251 3.6603
vertex 7.7299 40.3406 4.3041
endloop
endfacet
facet normal 0.083230 0.632192 0.770328
outer loop
vertex 8.6772 41.0004 3.6603
vertex 7.7299 40.3406 4.3041
vertex 8.4742 40.2426 4.3041
endloop
endfacet
facet normal -0.083230 0.632192 0.770328
outer loop
vertex 7.7299 41.1251 3.6603
vertex 6.7825 41.0004 3.6603
vertex 6.9855 40.2426 4.3041
endloop
endfacet
facet normal -0.083230 0.632192 0.770328
outer loop
vertex 7.7299 41.1251 3.6603
vertex 6.9855 40.2426 4.3041
vertex 7.7299 40.3406 4.3041
endloop
endfacet
facet normal -0.244017 0.589109 0.770328
outer loop
vertex 6.7825 41.0004 3.6603
vertex 5.8997 40.6347 3.6603
vertex 6.2919 39.9553 4.3041
endloop
endfacet
facet normal -0.244017 0.589109 0.770328
outer loop
vertex 6.7825 41.0004 3.6603
vertex 6.2919 39.9553 4.3041
vertex 6.9855 40.2426 4.3041
endloop
endfacet
facet normal -0.388175 0.505880 0.770328
outer loop
vertex 5.8997 40.6347 3.6603
vertex 5.1416 40.0530 3.6603
vertex 5.6963 39.4983 4.3041
endloop
endfacet
facet normal -0.388175 0.505880 0.770328
outer loop
vertex 5.8997 40.6347 3.6603
vertex 5.6963 39.4983 4.3041
vertex 6.2919 39.9553 4.3041
endloop
endfacet
facet normal -0.505880 0.388175 0.770328
outer loop
vertex 5.1416 40.0530 3.6603
vertex 4.5599 39.2949 3.6603
vertex 5.2393 38.9027 4.3041
endloop
endfacet
facet normal -0.505880 0.388175 0.770328
outer loop
vertex 5.1416 40.0530 3.6603
vertex 5.2393 38.9027 4.3041
vertex 5.6963 39.4983 4.3041
endloop
endfacet
facet normal -0.589109 0.244017 0.770328
outer loop
vertex 4.5599 39.2949 3.6603
vertex 4.1943 38.4121 3.6603
vertex 4.9520 38.2091 4.3041
endloop
endfacet
facet normal -0.589109 0.244017 0.770328
outer loop
vertex 4.5599 39.2949 3.6603
vertex 4.9520 38.2091 4.3041
vertex 5.2393 38.9027 4.3041
endloop
endfacet
facet normal -0.632192 0.083230 0.770328
outer loop
vertex 4.1943 38.4121 3.6603
vertex 4.0695 37.4647 3.6603
vertex 4.8540 37.4647 4.3041
endloop
endfacet
facet normal -0.632192 0.083230 0.770328
outer loop
vertex 4.1943 38.4121 3.6603
vertex 4.8540 37.4647 4.3041
vertex 4.9520 38.2091 4.3041
endloop
endfacet
facet normal -0.632192 -0.083230 0.770328
outer loop
vertex 4.0695 37.4647 3.6603
vertex 4.1943 36.5174 3.6603
vertex 4.9520 36.7204 4.3041
endloop
endfacet
facet normal -0.632192 -0.083230 0.770328
outer loop
vertex 4.0695 37.4647 3.6603
vertex 4.9520 36.7204 4.3041
vertex 4.8540 37.4647 4.3041
endloop
endfacet
facet normal -0.589109 -0.244017 0.770328
outer loop
vertex 4.1943 36.5174 3.6603
vertex 4.5599 35.6346 3.6603
vertex 5.2393 36.0268 4.3041
endloop
endfacet
facet normal -0.589109 -0.244017 0.770328
outer loop
vertex 4.1943 36.5174 3.6603
vertex 5.2393 36.0268 4.3041
vertex 4.9520 36.7204 4.3041
endloop
endfacet
facet normal -0.505880 -0.388175 0.770328
outer loop
vertex 4.5599 35.6346 3.6603
vertex 5.1416 34.8765 3.6603
vertex 5.6963 35.4311 4.3041
endloop
endfacet
facet normal -0.505880 -0.388175 0.770328
outer loop
vertex 4.5599 35.6346 3.6603
vertex 5.6963 35.4311 4.3041
vertex 5.2393 36.0268 4.3041
endloop
endfacet
facet normal -0.388175 -0.505880 0.770328
outer loop
vertex 5.1416 34.8765 3.6603
vertex 5.8997 34.2948 3.6603
vertex 6.2919 34.9741 4.3041
endloop
endfacet
facet normal -0.388175 -0.505880 0.770328
outer loop
vertex 5.1416 34.8765 3.6603
vertex 6.2919 34.9741 4.3041
vertex 5.6963 35.4311 4.3041
endloop
endfacet
facet normal -0.244017 -0.589109 0.770328
outer loop
vertex 5.8997 34.2948 3.6603
vertex 6.7825 33.9291 3.6603
vertex 6.9855 34.6868 4.3041
endloop
endfacet
facet normal -0.244017 -0.589109 0.770328
outer loop
vertex 5.8997 34.2948 3.6603
vertex 6.9855 34.6868 4.3041
vertex 6.2919 34.9741 4.3041
endloop
endfacet
facet normal -0.083230 -0.632192 0.770328
outer loop
vertex 6.7825 33.9291 3.6603
vertex 7.7299 33.8044 3.6603
vertex 7.7299 34.5888 4.3041
endloop
endfacet
facet normal -0.083230 -0.632192 0.770328
outer loop
vertex 6.7825 33.9291 3.6603
vertex 7.7299 34.5888 4.3041
vertex 6.9855 34.6868 4.3041
endloop
endfacet
facet normal 0.083230 -0.632192 0.770328
outer loop
vertex 7.7299 33.8044 3.6603
vertex 8.6772 33.9291 3.6603
vertex 8.4742 34.6868 4.3041
endloop
endfacet
facet normal 0.083230 -0.632192 0.770328
outer loop
vertex 7.7299 33.8044 3.6603
vertex 8.4742 34.6868 4.3041
vertex 7.7299 34.5888 4.3041
endloop
endfacet
facet normal 0.244017 -0.589109 0.770328
outer loop
vertex 8.6772 33.9291 3.6603
vertex 9.5601 34.2948 3.6603
vertex 9.1678 34.9741 4.3041
endloop
endfacet
facet normal 0.244017 -0.589109 0.770328
outer loop
vertex 8.6772 33.9291 3.6603
vertex 9.1678 34.9741 4.3041
vertex 8.4742 34.6868 4.3041
endloop
endfacet
facet normal 0.388175 -0.505880 0.770328
outer loop
vertex 9.5601 34.2948 3.6603
vertex 10.3181 34.8765 3.6603
vertex 9.7635 35.4311 4.3041
endloop
endfacet
facet normal 0.388175 -0.505880 0.770328
outer loop
vertex 9.5601 34.2948 3.6603
vertex 9.7635 35.4311 4.3041
vertex 9.1678 34.9741 4.3041
endloop
endfacet
facet normal 0.505880 -0.388175 0.770328
outer loop
vertex 10.3181 34.8765 3.6603
vertex 10.8998 35.6346 3.6603
vertex 10.2205 36.0268 4.3041
endloop
endfacet
facet normal 0.505880 -0.388175 0.770328
outer loop
vertex 10.3181 34.8765 3.6603
vertex 10.2205 36.0268 4.3041
vertex 9.7635 35.4311 4.3041
endloop
endfacet
facet normal 0.589109 -0.244017 0.770328
outer loop
vertex 10.8998 35.6346 3.6603
vertex 11.2655 36.5174 3.6603
vertex 10.5078 36.7204 4.3041
endloop
endfacet
facet normal 0.589109 -0.244017 0.770328
outer loop
vertex 10.8998 35.6346 3.6603
vertex 10.5078 36.7204 4.3041
vertex 10.2205 36.0268 4.3041
endloop
endfacet
facet normal 0.632192 -0.083230 0.770328
outer loop
vertex 11.2655 36.5174 3.6603
vertex 11.3902 37.4647 3.6603
vertex 10.6058 37.4647 4.3041
endloop
endfacet
facet normal 0.632192 -0.083230 0.770328
outer loop
vertex 11.2655 36.5174 3.6603
vertex 10.6058 37.4647 4.3041
vertex 10.5078 36.7204 4.3041
endloop
endfacet
facet normal 0.470492 0.061941 0.880228
outer loop
vertex 10.6058 37.4647 4.3041
vertex 10.5078 38.2091 4.3041
vertex 9.6433 37.9774 4.7825
endloop
endfacet
facet normal 0.470492 0.061941 0.880228
outer loop
vertex 10.6058 37.4647 4.3041
vertex 9.6433 37.9774 4.7825
vertex 9.7108 37.4647 4.7825
endloop
endfacet
facet normal 0.438428 0.181603 0.880228
outer loop
vertex 10.5078 38.2091 4.3041
vertex 10.2205 38.9027 4.3041
vertex 9.4454 38.4552 4.7825
endloop
endfacet
facet normal 0.438428 0.181603 0.880228
outer loop
vertex 10.5078 38.2091 4.3041
vertex 9.4454 38.4552 4.7825
vertex 9.6433 37.9774 4.7825
endloop
endfacet
facet normal 0.376487 0.288889 0.880228
outer loop
vertex 10.2205 38.9027 4.3041
vertex 9.7635 39.4983 4.3041
vertex 9.1306 38.8655 4.7825
endloop
endfacet
facet normal 0.376487 0.288889 0.880228
outer loop
vertex 10.2205 38.9027 4.3041
vertex 9.1306 38.8655 4.7825
vertex 9.4454 38.4552 4.7825
endloop
endfacet
facet normal 0.288889 0.376487 0.880228
outer loop
vertex 9.7635 39.4983 4.3041
vertex 9.1678 39.9553 4.3041
vertex 8.7204 39.1803 4.7825
endloop
endfacet
facet normal 0.288889 0.376487 0.880228
outer loop
vertex 9.7635 39.4983 4.3041
vertex 8.7204 39.1803 4.7825
vertex 9.1306 38.8655 4.7825
endloop
endfacet
facet normal 0.181603 0.438428 0.880228
outer loop
vertex 9.1678 39.9553 4.3041
vertex 8.4742 40.2426 4.3041
vertex 8.2426 39.3782 4.7825
endloop
endfacet
facet normal 0.181603 0.438428 0.880228
outer loop
vertex 9.1678 39.9553 4.3041
vertex 8.2426 39.3782 4.7825
vertex 8.7204 39.1803 4.7825
endloop
endfacet
facet normal 0.061941 0.470492 0.880228
outer loop
vertex 8.4742 40.2426 4.3041
vertex 7.7299 40.3406 4.3041
vertex 7.7299 39.4457 4.7825
endloop
endfacet
facet normal 0.061941 0.470492 0.880228
outer loop
vertex 8.4742 40.2426 4.3041
vertex 7.7299 39.4457 4.7825
vertex 8.2426 39.3782 4.7825
endloop
endfacet
facet normal -0.061941 0.470492 0.880228
outer loop
vertex 7.7299 40.3406 4.3041
vertex 6.9855 40.2426 4.3041
vertex 7.2172 39.3782 4.7825
endloop
endfacet
facet normal -0.061941 0.470492 0.880228
outer loop
vertex 7.7299 40.3406 4.3041
vertex 7.2172 39.3782 4.7825
vertex 7.7299 39.4457 4.7825
endloop
endfacet
facet normal -0.181603 0.438428 0.880228
outer loop
vertex 6.9855 40.2426 4.3041
vertex 6.2919 39.9553 4.3041
vertex 6.7394 39.1803 4.7825
endloop
endfacet
facet normal -0.181603 0.438428 0.880228
outer loop
vertex 6.9855 40.2426 4.3041
vertex 6.7394 39.1803 4.7825
vertex 7.2172 39.3782 4.7825
endloop
endfacet
facet normal -0.288889 0.376487 0.880228
outer loop
vertex 6.2919 39.9553 4.3041
vertex 5.6963 39.4983 4.3041
vertex 6.3291 38.8655 4.7825
endloop
endfacet
facet normal -0.288889 0.376487 0.880228
outer loop
vertex 6.2919 39.9553 4.3041
vertex 6.3291 38.8655 4.7825
vertex 6.7394 39.1803 4.7825
endloop
endfacet
facet normal -0.376487 0.288889 0.880228
outer loop
vertex 5.6963 39.4983 4.3041
vertex 5.2393 38.9027 4.3041
vertex 6.0143 38.4552 4.7825
endloop
endfacet
facet normal -0.376487 0.288889 0.880228
outer loop
vertex 5.6963 39.4983 4.3041
vertex 6.0143 38.4552 4.7825
vertex 6.3291 38.8655 4.7825
endloop
endfacet
facet normal -0.438428 0.181603 0.880228
outer loop
vertex 5.2393 38.9027 4.3041
vertex 4.9520 38.2091 4.3041
vertex 5.8164 37.9774 4.7825
endloop
endfacet
facet normal -0.438428 0.181603 0.880228
outer loop
vertex 5.2393 38.9027 4.3041
vertex 5.8164 37.9774 4.7825
vertex 6.0143 38.4552 4.7825
endloop
endfacet
facet normal -0.470492 0.061941 0.880228
outer loop
vertex 4.9520 38.2091 4.3041
vertex 4.8540 37.4647 4.3041
vertex 5.7489 37.4647 4.7825
endloop
endfacet
facet normal -0.470492 0.061941 0.880228
outer loop
vertex 4.9520 38.2091 4.3041
vertex 5.7489 37.4647 4.7825
vertex 5.8164 37.9774 4.7825
endloop
endfacet
facet normal -0.470492 -0.061941 0.880228
outer loop
vertex 4.8540 37.4647 4.3041
vertex 4.9520 36.7204 4.3041
vertex 5.8164 36.9520 4.7825
endloop
endfacet
facet normal -0.470492 -0.061941 0.880228
outer loop
vertex 4.8540 37.4647 4.3041
vertex 5.8164 36.9520 4.7825
vertex 5.7489 37.4647 4.7825
endloop
endfacet
facet normal -0.438428 -0.181603 0.880228
outer loop
vertex 4.9520 36.7204 4.3041
vertex 5.2393 36.0268 4.3041
vertex 6.0143 36.4742 4.7825
endloop
endfacet
facet normal -0.438428 -0.181603 0.880228
outer loop
vertex 4.9520 36.7204 4.3041
vertex 6.0143 36.4742 4.7825
vertex 5.8164 36.9520 4.7825
endloop
endfacet
facet normal -0.376487 -0.288889 0.880228
outer loop
vertex 5.2393 36.0268 4.3041
vertex 5.6963 35.4311 4.3041
vertex 6.3291 36.0640 4.7825
endloop
endfacet
facet normal -0.376487 -0.288889 0.880228
outer loop
vertex 5.2393 36.0268 4.3041
vertex 6.3291 36.0640 4.7825
vertex 6.0143 36.4742 4.7825
endloop
endfacet
facet normal -0.288889 -0.376487 0.880228
outer loop
vertex 5.6963 35.4311 4.3041
vertex 6.2919 34.9741 4.3041
vertex 6.7394 35.7492 4.7825
endloop
endfacet
facet normal -0.288889 -0.376487 0.880228
outer loop
vertex 5.6963 35.4311 4.3041
vertex 6.7394 35.7492 4.7825
vertex 6.3291 36.0640 4.7825
endloop
endfacet
facet normal -0.181603 -0.438428 0.880228
outer loop
vertex 6.2919 34.9741 4.3041
vertex 6.9855 34.6868 4.3041
vertex 7.2172 35.5513 4.7825
endloop
endfacet
facet normal -0.181603 -0.438428 0.880228
outer loop
vertex 6.2919 34.9741 4.3041
vertex 7.2172 35.5513 4.7825
vertex 6.7394 35.7492 4.7825
endloop
endfacet
facet normal -0.061941 -0.470492 0.880228
outer loop
vertex 6.9855 34.6868 4.3041
vertex 7.7299 34.5888 4.3041
vertex 7.7299 35.4838 4.7825
endloop
endfacet
facet normal -0.061941 -0.470492 0.880228
outer loop
vertex 6.9855 34.6868 4.3041
vertex 7.7299 35.4838 4.7825
vertex 7.2172 35.5513 4.7825
endloop
endfacet
facet normal 0.061941 -0.470492 0.880228
outer loop
vertex 7.7299 34.5888 4.3041
vertex 8.4742 34.6868 4.3041
vertex 8.2426 35.5513 4.7825
endloop
endfacet
facet normal 0.061941 -0.470492 0.880228
outer loop
vertex 7.7299 34.5888 4.3041
vertex 8.2426 35.5513 4.7825
vertex 7.7299 35.4838 4.7825
endloop
endfacet
facet normal 0.181603 -0.438428 0.880228
outer loop
vertex 8.4742 34.6868 4.3041
vertex 9.1678 34.9741 4.3041
vertex 8.7204 35.7492 4.7825
endloop
endfacet
facet normal 0.181603 -0.438428 0.880228
outer loop
vertex 8.4742 34.6868 4.3041
vertex 8.7204 35.7492 4.7825
vertex 8.2426 35.5513 4.7825
endloop
endfacet
facet normal 0.288889 -0.376487 0.880228
outer loop
vertex 9.1678 34.9741 4.3041
vertex 9.7635 35.4311 4.3041
vertex 9.1306 36.0640 4.7825
endloop
endfacet
facet normal 0.288889 -0.376487 0.880228
outer loop
vertex 9.1678 34.9741 4.3041
vertex 9.1306 36.0640 4.7825
vertex 8.7204 35.7492 4.7825
endloop
endfacet
facet normal 0.376487 -0.288889 0.880228
outer loop
vertex 9.7635 35.4311 4.3041
vertex 10.2205 36.0268 4.3041
vertex 9.4454 36.4742 4.7825
endloop
endfacet
facet normal 0.376487 -0.288889 0.880228
outer loop
vertex 9.7635 35.4311 4.3041
vertex 9.4454 36.4742 4.7825
vertex 9.1306 36.0640 4.7825
endloop
endfacet
facet normal 0.438428 -0.181603 0.880228
outer loop
vertex 10.2205 36.0268 4.3041
vertex 10.5078 36.7204 4.3041
vertex 9.6433 36.9520 4.7825
endloop
endfacet
facet normal 0.438428 -0.181603 0.880228
outer loop
vertex 10.2205 36.0268 4.3041
vertex 9.6433 36.9520 4.7825
vertex 9.4454 36.4742 4.7825
endloop
endfacet
facet normal 0.470492 -0.061941 0.880228
outer loop
vertex 10.5078 36.7204 4.3041
vertex 10.6058 37.4647 4.3041
vertex 9.7108 37.4647 4.7825
endloop
endfacet
facet normal 0.470492 -0.061941 0.880228
outer loop
vertex 10.5078 36.7204 4.3041
vertex 9.7108 37.4647 4.7825
vertex 9.6433 36.9520 4.7825
endloop
endfacet
facet normal 0.290073 0.038189 0.956242
outer loop
vertex 9.7108 37.4647 4.7825
vertex 9.6433 37.9774 4.7825
vertex 8.7054 37.7261 5.0771
endloop
endfacet
facet normal 0.290073 0.038189 0.956242
outer loop
vertex 9.7108 37.4647 4.7825
vertex 8.7054 37.7261 5.0771
vertex 8.7398 37.4647 5.0771
endloop
endfacet
facet normal 0.270305 0.111964 0.956242
outer loop
vertex 9.6433 37.9774 4.7825
vertex 9.4454 38.4552 4.7825
vertex 8.6045 37.9697 5.0771
endloop
endfacet
facet normal 0.270305 0.111964 0.956242
outer loop
vertex 9.6433 37.9774 4.7825
vertex 8.6045 37.9697 5.0771
vertex 8.7054 37.7261 5.0771
endloop
endfacet
facet normal 0.232116 0.178109 0.956242
outer loop
vertex 9.4454 38.4552 4.7825
vertex 9.1306 38.8655 4.7825
vertex 8.4440 38.1788 5.0771
endloop
endfacet
facet normal 0.232116 0.178109 0.956242
outer loop
vertex 9.4454 38.4552 4.7825
vertex 8.4440 38.1788 5.0771
vertex 8.6045 37.9697 5.0771
endloop
endfacet
facet normal 0.178109 0.232116 0.956242
outer loop
vertex 9.1306 38.8655 4.7825
vertex 8.7204 39.1803 4.7825
vertex 8.2348 38.3393 5.0771
endloop
endfacet
facet normal 0.178109 0.232116 0.956242
outer loop
vertex 9.1306 38.8655 4.7825
vertex 8.2348 38.3393 5.0771
vertex 8.4440 38.1788 5.0771
endloop
endfacet
facet normal 0.111964 0.270305 0.956242
outer loop
vertex 8.7204 39.1803 4.7825
vertex 8.2426 39.3782 4.7825
vertex 7.9913 38.4402 5.0771
endloop
endfacet
facet normal 0.111964 0.270305 0.956242
outer loop
vertex 8.7204 39.1803 4.7825
vertex 7.9913 38.4402 5.0771
vertex 8.2348 38.3393 5.0771
endloop
endfacet
facet normal 0.038189 0.290073 0.956242
outer loop
vertex 8.2426 39.3782 4.7825
vertex 7.7299 39.4457 4.7825
vertex 7.7299 38.4746 5.0771
endloop
endfacet
facet normal 0.038189 0.290073 0.956242
outer loop
vertex 8.2426 39.3782 4.7825
vertex 7.7299 38.4746 5.0771
vertex 7.9913 38.4402 5.0771
endloop
endfacet
facet normal -0.038189 0.290073 0.956242
outer loop
vertex 7.7299 39.4457 4.7825
vertex 7.2172 39.3782 4.7825
vertex 7.4685 38.4402 5.0771
endloop
endfacet
facet normal -0.038189 0.290073 0.956242
outer loop
vertex 7.7299 39.4457 4.7825
vertex 7.4685 38.4402 5.0771
vertex 7.7299 38.4746 5.0771
endloop
endfacet
facet normal -0.111964 0.270305 0.956242
outer loop
vertex 7.2172 39.3782 4.7825
vertex 6.7394 39.1803 4.7825
vertex 7.2249 38.3393 5.0771
endloop
endfacet
facet normal -0.111964 0.270305 0.956242
outer loop
vertex 7.2172 39.3782 4.7825
vertex 7.2249 38.3393 5.0771
vertex 7.4685 38.4402 5.0771
endloop
endfacet
facet normal -0.178109 0.232116 0.956242
outer loop
vertex 6.7394 39.1803 4.7825
vertex 6.3291 38.8655 4.7825
vertex 7.0158 38.1788 5.0771
endloop
endfacet
facet normal -0.178109 0.232116 0.956242
outer loop
vertex 6.7394 39.1803 4.7825
vertex 7.0158 38.1788 5.0771
vertex 7.2249 38.3393 5.0771
endloop
endfacet
facet normal -0.232116 0.178109 0.956242
outer loop
vertex 6.3291 38.8655 4.7825
vertex 6.0143 38.4552 4.7825
vertex 6.8553 37.9697 5.0771
endloop
endfacet
facet normal -0.232116 0.178109 0.956242
outer loop
vertex 6.3291 38.8655 4.7825
vertex 6.8553 37.9697 5.0771
vertex 7.0158 38.1788 5.0771
endloop
endfacet
facet normal -0.270305 0.111964 0.956242
outer loop
vertex 6.0143 38.4552 4.7825
vertex 5.8164 37.9774 4.7825
vertex 6.7544 37.7261 5.0771
endloop
endfacet
facet normal -0.270305 0.111964 0.956242
outer loop
vertex 6.0143 38.4552 4.7825
vertex 6.7544 37.7261 5.0771
vertex 6.8553 37.9697 5.0771
endloop
endfacet
facet normal -0.290073 0.038189 0.956242
outer loop
vertex 5.8164 37.9774 4.7825
vertex 5.7489 37.4647 4.7825
vertex 6.7200 37.4647 5.0771
endloop
endfacet
facet normal -0.290073 0.038189 0.956242
outer loop
vertex 5.8164 37.9774 4.7825
vertex 6.7200 37.4647 5.0771
vertex 6.7544 37.7261 5.0771
endloop
endfacet
facet normal -0.290073 -0.038189 0.956242
outer loop
vertex 5.7489 37.4647 4.7825
vertex 5.8164 36.9520 4.7825
vertex 6.7544 37.2033 5.0771
endloop
endfacet
facet normal -0.290073 -0.038189 0.956242
outer loop
vertex 5.7489 37.4647 4.7825
vertex 6.7544 37.2033 5.0771
vertex 6.7200 37.4647 5.0771
endloop
endfacet
facet normal -0.270305 -0.111964 0.956242
outer loop
vertex 5.8164 36.9520 4.7825
vertex 6.0143 36.4742 4.7825
vertex 6.8553 36.9598 5.0771
endloop
endfacet
facet normal -0.270305 -0.111964 0.956242
outer loop
vertex 5.8164 36.9520 4.7825
vertex 6.8553 36.9598 5.0771
vertex 6.7544 37.2033 5.0771
endloop
endfacet
facet normal -0.232116 -0.178109 0.956242
outer loop
vertex 6.0143 36.4742 4.7825
vertex 6.3291 36.0640 4.7825
vertex 7.0158 36.7506 5.0771
endloop
endfacet
facet normal -0.232116 -0.178109 0.956242
outer loop
vertex 6.0143 36.4742 4.7825
vertex 7.0158 36.7506 5.0771
vertex 6.8553 36.9598 5.0771
endloop
endfacet
facet normal -0.178109 -0.232116 0.956242
outer loop
vertex 6.3291 36.0640 4.7825
vertex 6.7394 35.7492 4.7825
vertex 7.2249 36.5901 5.0771
endloop
endfacet
facet normal -0.178109 -0.232116 0.956242
outer loop
vertex 6.3291 36.0640 4.7825
vertex 7.2249 36.5901 5.0771
vertex 7.0158 36.7506 5.0771
endloop
endfacet
facet normal -0.111964 -0.270305 0.956242
outer loop
vertex 6.7394 35.7492 4.7825
vertex 7.2172 35.5513 4.7825
vertex 7.4685 36.4892 5.0771
endloop
endfacet
facet normal -0.111964 -0.270305 0.956242
outer loop
vertex 6.7394 35.7492 4.7825
vertex 7.4685 36.4892 5.0771
vertex 7.2249 36.5901 5.0771
endloop
endfacet
facet normal -0.038189 -0.290073 0.956242
outer loop
vertex 7.2172 35.5513 4.7825
vertex 7.7299 35.4838 4.7825
vertex 7.7299 36.4548 5.0771
endloop
endfacet
facet normal -0.038189 -0.290073 0.956242
outer loop
vertex 7.2172 35.5513 4.7825
vertex 7.7299 36.4548 5.0771
vertex 7.4685 36.4892 5.0771
endloop
endfacet
facet normal 0.038189 -0.290073 0.956242
outer loop
vertex 7.7299 35.4838 4.7825
vertex 8.2426 35.5513 4.7825
vertex 7.9913 36.4892 5.0771
endloop
endfacet
facet normal 0.038189 -0.290073 0.956242
outer loop
vertex 7.7299 35.4838 4.7825
vertex 7.9913 36.4892 5.0771
vertex 7.7299 36.4548 5.0771
endloop
endfacet
facet normal 0.111964 -0.270305 0.956242
outer loop
vertex 8.2426 35.5513 4.7825
vertex 8.7204 35.7492 4.7825
vertex 8.2348 36.5901 5.0771
endloop
endfacet
facet normal 0.111964 -0.270305 0.956242
outer loop
vertex 8.2426 35.5513 4.7825
vertex 8.2348 36.5901 5.0771
vertex 7.9913 36.4892 5.0771
endloop
endfacet
facet normal 0.178109 -0.232116 0.956242
outer loop
vertex 8.7204 35.7492 4.7825
vertex 9.1306 36.0640 4.7825
vertex 8.4440 36.7506 5.0771
endloop
endfacet
facet normal 0.178109 -0.232116 0.956242
outer loop
vertex 8.7204 35.7492 4.7825
vertex 8.4440 36.7506 5.0771
vertex 8.2348 36.5901 5.0771
endloop
endfacet
facet normal 0.232116 -0.178109 0.956242
outer loop
vertex 9.1306 36.0640 4.7825
vertex 9.4454 36.4742 4.7825
vertex 8.6045 36.9598 5.0771
endloop
endfacet
facet normal 0.232116 -0.178109 0.956242
outer loop
vertex 9.1306 36.0640 4.7825
vertex 8.6045 36.9598 5.0771
vertex 8.4440 36.7506 5.0771
endloop
endfacet
facet normal 0.270305 -0.111964 0.956242
outer loop
vertex 9.4454 36.4742 4.7825
vertex 9.6433 36.9520 4.7825
vertex 8.7054 37.2033 5.0771
endloop
endfacet
facet normal 0.270305 -0.111964 0.956242
outer loop
vertex 9.4454 36.4742 4.7825
vertex 8.7054 37.2033 5.0771
vertex 8.6045 36.9598 5.0771
endloop
endfacet
facet normal 0.290073 -0.038189 0.956242
outer loop
vertex 9.6433 36.9520 4.7825
vertex 9.7108 37.4647 4.7825
vertex 8.7398 37.4647 5.0771
endloop
endfacet
facet normal 0.290073 -0.038189 0.956242
outer loop
vertex 9.6433 36.9520 4.7825
vertex 8.7398 37.4647 5.0771
vertex 8.7054 37.2033 5.0771
endloop
endfacet
facet normal 0.098009 0.012903 0.995102
outer loop
vertex 8.7398 37.4647 5.0771
vertex 8.7054 37.7261 5.0771
vertex 7.7299 37.4647 5.1765
endloop
endfacet
facet normal 0.091330 0.037830 0.995102
outer loop
vertex 8.7054 37.7261 5.0771
vertex 8.6045 37.9697 5.0771
vertex 7.7299 37.4647 5.1765
endloop
endfacet
facet normal 0.078427 0.060179 0.995102
outer loop
vertex 8.6045 37.9697 5.0771
vertex 8.4440 38.1788 5.0771
vertex 7.7299 37.4647 5.1765
endloop
endfacet
facet normal 0.060179 0.078427 0.995102
outer loop
vertex 8.4440 38.1788 5.0771
vertex 8.2348 38.3393 5.0771
vertex 7.7299 37.4647 5.1765
endloop
endfacet
facet normal 0.037830 0.091330 0.995102
outer loop
vertex 8.2348 38.3393 5.0771
vertex 7.9913 38.4402 5.0771
vertex 7.7299 37.4647 5.1765
endloop
endfacet
facet normal 0.012903 0.098009 0.995102
outer loop
vertex 7.9913 38.4402 5.0771
vertex 7.7299 38.4746 5.0771
vertex 7.7299 37.4647 5.1765
endloop
endfacet
facet normal -0.012903 0.098009 0.995102
outer loop
vertex 7.7299 38.4746 5.0771
vertex 7.4685 38.4402 5.0771
vertex 7.7299 37.4647 5.1765
endloop
endfacet
facet normal -0.037830 0.091330 0.995102
outer loop
vertex 7.4685 38.4402 5.0771
vertex 7.2249 38.3393 5.0771
vertex 7.7299 37.4647 5.1765
endloop
endfacet
facet normal -0.060179 0.078427 0.995102
outer loop
vertex 7.2249 38.3393 5.0771
vertex 7.0158 38.1788 5.0771
vertex 7.7299 37.4647 5.1765
endloop
endfacet
facet normal -0.078427 0.060179 0.995102
outer loop
vertex 7.0158 38.1788 5.0771
vertex 6.8553 37.9697 5.0771
vertex 7.7299 37.4647 5.1765
endloop
endfacet
facet normal -0.091330 0.037830 0.995102
outer loop
vertex 6.8553 37.9697 5.0771
vertex 6.7544 37.7261 5.0771
vertex 7.7299 37.4647 5.1765
endloop
endfacet
facet normal -0.098009 0.012903 0.995102
outer loop
vertex 6.7544 37.7261 5.0771
vertex 6.7200 37.4647 5.0771
vertex 7.7299 37.4647 5.1765
endloop
endfacet
facet normal -0.098009 -0.012903 0.995102
outer loop
vertex 6.7200 37.4647 5.0771
vertex 6.7544 37.2033 5.0771
vertex 7.7299 37.4647 5.1765
endloop
endfacet
facet normal -0.091330 -0.037830 0.995102
outer loop
vertex 6.7544 37.2033 5.0771
vertex 6.8553 36.9598 5.0771
vertex 7.7299 37.4647 5.1765
endloop
endfacet
facet normal -0.078427 -0.060179 0.995102
outer loop
vertex 6.8553 36.9598 5.0771
vertex 7.0158 36.7506 5.0771
vertex 7.7299 37.4647 5.1765
endloop
endfacet
facet normal -0.060179 -0.078427 0.995102
outer loop
vertex 7.0158 36.7506 5.0771
vertex 7.2249 36.5901 5.0771
vertex 7.7299 37.4647 5.1765
endloop
endfacet
facet normal -0.037830 -0.091330 0.995102
outer loop
vertex 7.2249 36.5901 5.0771
vertex 7.4685 36.4892 5.0771
vertex 7.7299 37.4647 5.1765
endloop
endfacet
facet normal -0.012903 -0.098009 0.995102
outer loop
vertex 7.4685 36.4892 5.0771
vertex 7.7299 36.4548 5.0771
vertex 7.7299 37.4647 5.1765
endloop
endfacet
facet normal 0.012903 -0.098009 0.995102
outer loop
vertex 7.7299 36.4548 5.0771
vertex 7.9913 36.4892 5.0771
vertex 7.7299 37.4647 5.1765
endloop
endfacet
facet normal 0.037830 -0.091330 0.995102
outer loop
vertex 7.9913 36.4892 5.0771
vertex 8.2348 36.5901 5.0771
vertex 7.7299 37.4647 5.1765
endloop
endfacet
facet normal 0.060179 -0.078427 0.995102
outer loop
vertex 8.2348 36.5901 5.0771
vertex 8.4440 36.7506 5.0771
vertex 7.7299 37.4647 5.1765
endloop
endfacet
facet normal 0.078427 -0.060179 0.995102
outer loop
vertex 8.4440 36.7506 5.0771
vertex 8.6045 36.9598 5.0771
vertex 7.7299 37.4647 5.1765
endloop
endfacet
facet normal 0.091330 -0.037830 0.995102
outer loop
vertex 8.6045 36.9598 5.0771
vertex 8.7054 37.2033 5.0771
vertex 7.7299 37.4647 5.1765
endloop
endfacet
facet normal 0.098009 -0.012903 0.995102
outer loop
vertex 8.7054 37.2033 5.0771
vertex 8.7398 37.4647 5.0771
vertex 7.7299 37.4647 5.1765
endloop
endfacet
facet normal 0.000000 0.000000 -1.000000
outer loop
vertex -23.7230 12.2100 0.0000
vertex -23.7230 16.7361 0.0000
vertex -16.5267 16.7361 0.0000
endloop
endfacet
facet normal 0.000000 0.000000 -1.000000
outer loop
vertex -23.7230 12.2100 0.0000
vertex -16.5267 16.7361 0.0000
vertex -16.5267 12.2100 0.0000
endloop
endfacet
facet normal 0.000000 0.000000 1.000000
outer loop
vertex -23.7230 12.2100 5.7748
vertex -16.5267 12.2100 5.7748
vertex -16.5267 16.7361 5.7748
endloop
endfacet
facet normal 0.000000 0.000000 1.000000
outer loop
vertex -23.7230 12.2100 5.7748
vertex -16.5267 16.7361 5.7748
vertex -23.7230 16.7361 5.7748
endloop
endfacet
facet normal 0.000000 -1.000000 0.000000
outer loop
vertex -23.7230 12.2100 0.0000
vertex -16.5267 12.2100 0.0000
vertex -16.5267 12.2100 5.7748
endloop
endfacet
facet normal 0.000000 -1.000000 0.000000
outer loop
vertex -23.7230 12.2100 0.0000
vertex -16.5267 12.2100 5.7748
vertex -23.7230 12.2100 5.7748
endloop
endfacet
facet normal 1.000000 0.000000 0.000000
outer loop
vertex -16.5267 12.2100 0.0000
vertex -16.5267 16.7361 0.0000
vertex -16.5267 16.7361 5.7748
endloop
endfacet
facet normal 1.000000 0.000000 0.000000
outer loop
vertex -16.5267 12.2100 0.0000
vertex -16.5267 16.7361 5.7748
vertex -16.5267 12.2100 5.7748
endloop
endfacet
facet normal 0.000000 1.000000 0.000000
outer loop
vertex -16.5267 16.7361 0.0000
vertex -23.7230 16.7361 0.0000
vertex -23.7230 16.7361 5.7748
endloop
endfacet
facet normal 0.000000 1.000000 -0.000000
outer loop
vertex -16.5267 16.7361 0.0000
vertex -23.7230 16.7361 5.7748
vertex -16.5267 16.7361 5.7748
endloop
endfacet
facet normal -1.000000 0.000000 0.000000
outer loop
vertex -23.7230 16.7361 0.0000
vertex -23.7230 12.2100 0.0000
vertex -23.7230 12.2100 5.7748
endloop
endfacet
facet normal -1.000000 0.000000 0.000000
outer loop
vertex -23.7230 16.7361 0.0000
vertex -23.7230 12.2100 5.7748
vertex -23.7230 16.7361 5.7748
endloop
endfacet
facet normal 0.991445 0.130526 0.000000
outer loop
vertex 14.5737 18.9856 0.0000
vertex 14.5170 19.4162 0.0000
vertex 14.5170 19.4162 17.4560
endloop
endfacet
facet normal 0.991445 0.130526 -0.000000
outer loop
vertex 14.5737 18.9856 0.0000
vertex 14.5170 19.4162 17.4560
vertex 14.5737 18.9856 17.4560
endloop
endfacet
facet normal 0.000000 0.000000 1.000000
outer loop
vertex 12.9101 18.9856 17.4560
vertex 14.5737 18.9856 17.4560
vertex 14.5170 19.4162 17.4560
endloop
endfacet
facet normal 0.000000 0.000000 -1.000000
outer loop
vertex 12.9101 18.9856 0.0000
vertex 14.5170 19.4162 0.0000
vertex 14.5737 18.9856 0.0000
endloop
endfacet
facet normal 0.923880 0.382683 0.000000
outer loop
vertex 14.5170 19.4162 0.0000
vertex 14.3508 19.8174 0.0000
vertex 14.3508 19.8174 17.4560
endloop
endfacet
facet normal 0.923880 0.382683 -0.000000
outer loop
vertex 14.5170 19.4162 0.0000
vertex 14.3508 19.8174 17.4560
vertex 14.5170 19.4162 17.4560
endloop
endfacet
facet normal 0.000000 0.000000 1.000000
outer loop
vertex 12.9101 18.9856 17.4560
vertex 14.5170 19.4162 17.4560
vertex 14.3508 19.8174 17.4560
endloop
endfacet
facet normal 0.000000 0.000000 -1.000000
outer loop
vertex 12.9101 18.9856 0.0000
vertex 14.3508 19.8174 0.0000
vertex 14.5170 19.4162 0.0000
endloop
endfacet
facet normal 0.793353 0.608761 0.000000
outer loop
vertex 14.3508 19.8174 0.0000
vertex 14.0864 20.1620 0.0000
vertex 14.0864 20.1620 17.4560
endloop
endfacet
facet normal 0.793353 0.608761 -0.000000
outer loop
vertex 14.3508 19.8174 0.0000
vertex 14.0864 20.1620 17.4560
vertex 14.3508 19.8174 17.4560
endloop
endfacet
facet normal 0.000000 0.000000 1.000000
outer loop
vertex 12.9101 18.9856 17.4560
vertex 14.3508 19.8174 17.4560
vertex 14.0864 20.1620 17.4560
endloop
endfacet
facet normal 0.000000 0.000000 -1.000000
outer loop
vertex 12.9101 18.9856 0.0000
vertex 14.0864 20.1620 0.0000
vertex 14.3508 19.8174 0.0000
endloop
endfacet
facet normal 0.608761 0.793353 0.000000
outer loop
vertex 14.0864 20.1620 0.0000
vertex 13.7419 20.4264 0.0000
vertex 13.7419 20.4264 17.4560
endloop
endfacet
facet normal 0.608761 0.793353 -0.000000
outer loop
vertex 14.0864 20.1620 0.0000
vertex 13.7419 20.4264 17.4560
vertex 14.0864 20.1620 17.4560
endloop
endfacet
facet normal 0.000000 0.000000 1.000000
outer loop
vertex 12.9101 18.9856 17.4560
vertex 14.0864 20.1620 17.4560
vertex 13.7419 20.4264 17.4560
endloop
endfacet
facet normal 0.000000 0.000000 -1.000000
outer loop
vertex 12.9101 18.9856 0.0000
vertex 13.7419 20.4264 0.0000
vertex 14.0864 20.1620 0.0000
endloop
endfacet
facet normal 0.382683 0.923880 0.000000
outer loop
vertex 13.7419 20.4264 0.0000
vertex 13.3406 20.5925 0.0000
vertex 13.3406 20.5925 17.4560
endloop
endfacet
facet normal 0.382683 0.923880 -0.000000
outer loop
vertex 13.7419 20.4264 0.0000
vertex 13.3406 20.5925 17.4560
vertex 13.7419 20.4264 17.4560
endloop
endfacet
facet normal 0.000000 0.000000 1.000000
outer loop
vertex 12.9101 18.9856 17.4560
vertex 13.7419 20.4264 17.4560
vertex 13.3406 20.5925 17.4560
endloop
endfacet
facet normal 0.000000 0.000000 -1.000000
outer loop
vertex 12.9101 18.9856 0.0000
vertex 13.3406 20.5925 0.0000
vertex 13.7419 20.4264 0.0000
endloop
endfacet
facet normal 0.130526 0.991445 0.000000
outer loop
vertex 13.3406 20.5925 0.0000
vertex 12.9101 20.6492 0.0000
vertex 12.9101 20.6492 17.4560
endloop
endfacet
facet normal 0.130526 0.991445 -0.000000
outer loop
vertex 13.3406 20.5925 0.0000
vertex 12.9101 20.6492 17.4560
vertex 13.3406 20.5925 17.4560
endloop
endfacet
facet normal 0.000000 0.000000 1.000000
outer loop
vertex 12.9101 18.9856 17.4560
vertex 13.3406 20.5925 17.4560
vertex 12.9101 20.6492 17.4560
endloop
endfacet
facet normal 0.000000 0.000000 -1.000000
outer loop
vertex 12.9101 18.9856 0.0000
vertex 12.9101 20.6492 0.0000
vertex 13.3406 20.5925 0.0000
endloop
endfacet
facet normal -0.130526 0.991445 0.000000
outer loop
vertex 12.9101 20.6492 0.0000
vertex 12.4795 20.5925 0.0000
vertex 12.4795 20.5925 17.4560
endloop
endfacet
facet normal -0.130526 0.991445 0.000000
outer loop
vertex 12.9101 20.6492 0.0000
vertex 12.4795 20.5925 17.4560
vertex 12.9101 20.6492 17.4560
endloop
endfacet
facet normal 0.000000 -0.000000 1.000000
outer loop
vertex 12.9101 18.9856 17.4560
vertex 12.9101 20.6492 17.4560
vertex 12.4795 20.5925 17.4560
endloop
endfacet
facet normal 0.000000 0.000000 -1.000000
outer loop
vertex 12.9101 18.9856 0.0000
vertex 12.4795 20.5925 0.0000
vertex 12.9101 20.6492 0.0000
endloop
endfacet
facet normal -0.382683 0.923880 0.000000
outer loop
vertex 12.4795 20.5925 0.0000
vertex 12.0782 20.4264 0.0000
vertex 12.0782 20.4264 17.4560
endloop
endfacet
facet normal -0.382683 0.923880 0.000000
outer loop
vertex 12.4795 20.5925 0.0000
vertex 12.0782 20.4264 17.4560
vertex 12.4795 20.5925 17.4560
endloop
endfacet
facet normal 0.000000 0.000000 1.000000
outer loop
vertex 12.9101 18.9856 17.4560
vertex 12.4795 20.5925 17.4560
vertex 12.0782 20.4264 17.4560
endloop
endfacet
facet normal 0.000000 0.000000 -1.000000
outer loop
vertex 12.9101 18.9856 0.0000
vertex 12.0782 20.4264 0.0000
vertex 12.4795 20.5925 0.0000
endloop
endfacet
facet normal -0.608761 0.793353 0.000000
outer loop
vertex 12.0782 20.4264 0.0000
vertex 11.7337 20.1620 0.0000
vertex 11.7337 20.1620 17.4560
endloop
endfacet
facet normal -0.608761 0.793353 0.000000
outer loop
vertex 12.0782 20.4264 0.0000
vertex 11.7337 20.1620 17.4560
vertex 12.0782 20.4264 17.4560
endloop
endfacet
facet normal 0.000000 0.000000 1.000000
outer loop
vertex 12.9101 18.9856 17.4560
vertex 12.0782 20.4264 17.4560
vertex 11.7337 20.1620 17.4560
endloop
endfacet
facet normal 0.000000 0.000000 -1.000000
outer loop
vertex 12.9101 18.9856 0.0000
vertex 11.7337 20.1620 0.0000
vertex 12.0782 20.4264 0.0000
endloop
endfacet
facet normal -0.793353 0.608761 0.000000
outer loop
vertex 11.7337 20.1620 0.0000
vertex 11.4693 19.8174 0.0000
vertex 11.4693 19.8174 17.4560
endloop
endfacet
facet normal -0.793353 0.608761 0.000000
outer loop
vertex 11.7337 20.1620 0.0000
vertex 11.4693 19.8174 17.4560
vertex 11.7337 20.1620 17.4560
endloop
endfacet
facet normal 0.000000 0.000000 1.000000
outer loop
vertex 12.9101 18.9856 17.4560
vertex 11.7337 20.1620 17.4560
vertex 11.4693 19.8174 17.4560
endloop
endfacet
facet normal 0.000000 0.000000 -1.000000
outer loop
vertex 12.9101 18.9856 0.0000
vertex 11.4693 19.8174 0.0000
vertex 11.7337 20.1620 0.0000
endloop
endfacet
facet normal -0.923880 0.382683 0.000000
outer loop
vertex 11.4693 19.8174 0.0000
vertex 11.3031 19.4162 0.0000
vertex 11.3031 19.4162 17.4560
endloop
endfacet
facet normal -0.923880 0.382683 0.000000
outer loop
vertex 11.4693 19.8174 0.0000
vertex 11.3031 19.4162 17.4560
vertex 11.4693 19.8174 17.4560
endloop
endfacet
facet normal 0.000000 0.000000 1.000000
outer loop
vertex 12.9101 18.9856 17.4560
vertex 11.4693 19.8174 17.4560
vertex 11.3031 19.4162 17.4560
endloop
endfacet
facet normal 0.000000 0.000000 -1.000000
outer loop
vertex 12.9101 18.9856 0.0000
vertex 11.3031 19.4162 0.0000
vertex 11.4693 19.8174 0.0000
endloop
endfacet
facet normal -0.991445 0.130526 0.000000
outer loop
vertex 11.3031 19.4162 0.0000
vertex 11.2464 18.9856 0.0000
vertex 11.2464 18.9856 17.4560
endloop
endfacet
facet normal -0.991445 0.130526 0.000000
outer loop
vertex 11.3031 19.4162 0.0000
vertex 11.2464 18.9856 17.4560
vertex 11.3031 19.4162 17.4560
endloop
endfacet
facet normal 0.000000 0.000000 1.000000
outer loop
vertex 12.9101 18.9856 17.4560
vertex 11.3031 19.4162 17.4560
vertex 11.2464 18.9856 17.4560
endloop
endfacet
facet normal 0.000000 0.000000 -1.000000
outer loop
vertex 12.9101 18.9856 0.0000
vertex 11.2464 18.9856 0.0000
vertex 11.3031 19.4162 0.0000
endloop
endfacet
facet normal -0.991445 -0.130526 0.000000
outer loop
vertex 11.2464 18.9856 0.0000
vertex 11.3031 18.5550 0.0000
vertex 11.3031 18.5550 17.4560
endloop
endfacet
facet normal -0.991445 -0.130526 0.000000
outer loop
vertex 11.2464 18.9856 0.0000
vertex 11.3031 18.5550 17.4560
vertex 11.2464 18.9856 17.4560
endloop
endfacet
facet normal 0.000000 0.000000 1.000000
outer loop
vertex 12.9101 18.9856 17.4560
vertex 11.2464 18.9856 17.4560
vertex 11.3031 18.5550 17.4560
endloop
endfacet
facet normal -0.000000 0.000000 -1.000000
outer loop
vertex 12.9101 18.9856 0.0000
vertex 11.3031 18.5550 0.0000
vertex 11.2464 18.9856 0.0000
endloop
endfacet
facet normal -0.923880 -0.382683 0.000000
outer loop
vertex 11.3031 18.5550 0.0000
vertex 11.4693 18.1538 0.0000
vertex 11.4693 18.1538 17.4560
endloop
endfacet
facet normal -0.923880 -0.382683 0.000000
outer loop
vertex 11.3031 18.5550 0.0000
vertex 11.4693 18.1538 17.4560
vertex 11.3031 18.5550 17.4560
endloop
endfacet
facet normal 0.000000 0.000000 1.000000
outer loop
vertex 12.9101 18.9856 17.4560
vertex 11.3031 18.5550 17.4560
vertex 11.4693 18.1538 17.4560
endloop
endfacet
facet normal 0.000000 0.000000 -1.000000
outer loop
vertex 12.9101 18.9856 0.0000
vertex 11.4693 18.1538 0.0000
vertex 11.3031 18.5550 0.0000
endloop
endfacet
facet normal -0.793353 -0.608761 0.000000
outer loop
vertex 11.4693 18.1538 0.0000
vertex 11.7337 17.8093 0.0000
vertex 11.7337 17.8093 17.4560
endloop
endfacet
facet normal -0.793353 -0.608761 0.000000
outer loop
vertex 11.4693 18.1538 0.0000
vertex 11.7337 17.8093 17.4560
vertex 11.4693 18.1538 17.4560
endloop
endfacet
facet normal 0.000000 0.000000 1.000000
outer loop
vertex 12.9101 18.9856 17.4560
vertex 11.4693 18.1538 17.4560
vertex 11.7337 17.8093 17.4560
endloop
endfacet
facet normal 0.000000 0.000000 -1.000000
outer loop
vertex 12.9101 18.9856 0.0000
vertex 11.7337 17.8093 0.0000
vertex 11.4693 18.1538 0.0000
endloop
endfacet
facet normal -0.608761 -0.793353 0.000000
outer loop
vertex 11.7337 17.8093 0.0000
vertex 12.0782 17.5449 0.0000
vertex 12.0782 17.5449 17.4560
endloop
endfacet
facet normal -0.608761 -0.793353 0.000000
outer loop
vertex 11.7337 17.8093 0.0000
vertex 12.0782 17.5449 17.4560
vertex 11.7337 17.8093 17.4560
endloop
endfacet
facet normal 0.000000 0.000000 1.000000
outer loop
vertex 12.9101 18.9856 17.4560
vertex 11.7337 17.8093 17.4560
vertex 12.0782 17.5449 17.4560
endloop
endfacet
facet normal 0.000000 0.000000 -1.000000
outer loop
vertex 12.9101 18.9856 0.0000
vertex 12.0782 17.5449 0.0000
vertex 11.7337 17.8093 0.0000
endloop
endfacet
facet normal -0.382683 -0.923880 0.000000
outer loop
vertex 12.0782 17.5449 0.0000
vertex 12.4795 17.3787 0.0000
vertex 12.4795 17.3787 17.4560
endloop
endfacet
facet normal -0.382683 -0.923880 0.000000
outer loop
vertex 12.0782 17.5449 0.0000
vertex 12.4795 17.3787 17.4560
vertex 12.0782 17.5449 17.4560
endloop
endfacet
facet normal 0.000000 0.000000 1.000000
outer loop
vertex 12.9101 18.9856 17.4560
vertex 12.0782 17.5449 17.4560
vertex 12.4795 17.3787 17.4560
endloop
endfacet
facet normal 0.000000 0.000000 -1.000000
outer loop
vertex 12.9101 18.9856 0.0000
vertex 12.4795 17.3787 0.0000
vertex 12.0782 17.5449 0.0000
endloop
endfacet
facet normal -0.130526 -0.991445 0.000000
outer loop
vertex 12.4795 17.3787 0.0000
vertex 12.9101 17.3220 0.0000
vertex 12.9101 17.3220 17.4560
endloop
endfacet
facet normal -0.130526 -0.991445 0.000000
outer loop
vertex 12.4795 17.3787 0.0000
vertex 12.9101 17.3220 17.4560
vertex 12.4795 17.3787 17.4560
endloop
endfacet
facet normal 0.000000 0.000000 1.000000
outer loop
vertex 12.9101 18.9856 17.4560
vertex 12.4795 17.3787 17.4560
vertex 12.9101 17.3220 17.4560
endloop
endfacet
facet normal 0.000000 -0.000000 -1.000000
outer loop
vertex 12.9101 18.9856 0.0000
vertex 12.9101 17.3220 0.0000
vertex 12.4795 17.3787 0.0000
endloop
endfacet
facet normal 0.130526 -0.991445 0.000000
outer loop
vertex 12.9101 17.3220 0.0000
vertex 13.3406 17.3787 0.0000
vertex 13.3406 17.3787 17.4560
endloop
endfacet
facet normal 0.130526 -0.991445 0.000000
outer loop
vertex 12.9101 17.3220 0.0000
vertex 13.3406 17.3787 17.4560
vertex 12.9101 17.3220 17.4560
endloop
endfacet
facet normal 0.000000 0.000000 1.000000
outer loop
vertex 12.9101 18.9856 17.4560
vertex 12.9101 17.3220 17.4560
vertex 13.3406 17.3787 17.4560
endloop
endfacet
facet normal 0.000000 0.000000 -1.000000
outer loop
vertex 12.9101 18.9856 0.0000
vertex 13.3406 17.3787 0.0000
vertex 12.9101 17.3220 0.0000
endloop
endfacet
facet normal 0.382683 -0.923880 0.000000
outer loop
vertex 13.3406 17.3787 0.0000
vertex 13.7419 17.5449 0.0000
vertex 13.7419 17.5449 17.4560
endloop
endfacet
facet normal 0.382683 -0.923880 0.000000
outer loop
vertex 13.3406 17.3787 0.0000
vertex 13.7419 17.5449 17.4560
vertex 13.3406 17.3787 17.4560
endloop
endfacet
facet normal 0.000000 0.000000 1.000000
outer loop
vertex 12.9101 18.9856 17.4560
vertex 13.3406 17.3787 17.4560
vertex 13.7419 17.5449 17.4560
endloop
endfacet
facet normal 0.000000 0.000000 -1.000000
outer loop
vertex 12.9101 18.9856 0.0000
vertex 13.7419 17.5449 0.0000
vertex 13.3406 17.3787 0.0000
endloop
endfacet
facet normal 0.608761 -0.793353 0.000000
outer loop
vertex 13.7419 17.5449 0.0000
vertex 14.0864 17.8093 0.0000
vertex 14.0864 17.8093 17.4560
endloop
endfacet
facet normal 0.608761 -0.793353 0.000000
outer loop
vertex 13.7419 17.5449 0.0000
vertex 14.0864 17.8093 17.4560
vertex 13.7419 17.5449 17.4560
endloop
endfacet
facet normal 0.000000 0.000000 1.000000
outer loop
vertex 12.9101 18.9856 17.4560
vertex 13.7419 17.5449 17.4560
vertex 14.0864 17.8093 17.4560
endloop
endfacet
facet normal 0.000000 0.000000 -1.000000
outer loop
vertex 12.9101 18.9856 0.0000
vertex 14.0864 17.8093 0.0000
vertex 13.7419 17.5449 0.0000
endloop
endfacet
facet normal 0.793353 -0.608761 0.000000
outer loop
vertex 14.0864 17.8093 0.0000
vertex 14.3508 18.1538 0.0000
vertex 14.3508 18.1538 17.4560
endloop
endfacet
facet normal 0.793353 -0.608761 0.000000
outer loop
vertex 14.0864 17.8093 0.0000
vertex 14.3508 18.1538 17.4560
vertex 14.0864 17.8093 17.4560
endloop
endfacet
facet normal 0.000000 0.000000 1.000000
outer loop
vertex 12.9101 18.9856 17.4560
vertex 14.0864 17.8093 17.4560
vertex 14.3508 18.1538 17.4560
endloop
endfacet
facet normal 0.000000 0.000000 -1.000000
outer loop
vertex 12.9101 18.9856 0.0000
vertex 14.3508 18.1538 0.0000
vertex 14.0864 17.8093 0.0000
endloop
endfacet
facet normal 0.923880 -0.382683 0.000000
outer loop
vertex 14.3508 18.1538 0.0000
vertex 14.5170 18.5550 0.0000
vertex 14.5170 18.5550 17.4560
endloop
endfacet
facet normal 0.923880 -0.382683 0.000000
outer loop
vertex 14.3508 18.1538 0.0000
vertex 14.5170 18.5550 17.4560
vertex 14.3508 18.1538 17.4560
endloop
endfacet
facet normal 0.000000 0.000000 1.000000
outer loop
vertex 12.9101 18.9856 17.4560
vertex 14.3508 18.1538 17.4560
vertex 14.5170 18.5550 17.4560
endloop
endfacet
facet normal 0.000000 0.000000 -1.000000
outer loop
vertex 12.9101 18.9856 0.0000
vertex 14.5170 18.5550 0.0000
vertex 14.3508 18.1538 0.0000
endloop
endfacet
facet normal 0.991445 -0.130526 0.000000
outer loop
vertex 14.5170 18.5550 0.0000
vertex 14.5737 18.9856 0.0000
vertex 14.5737 18.9856 17.4560
endloop
endfacet
facet normal 0.991445 -0.130526 0.000000
outer loop
vertex 14.5170 18.5550 0.0000
vertex 14.5737 18.9856 17.4560
vertex 14.5170 18.5550 17.4560
endloop
endfacet
facet normal -0.000000 0.000000 1.000000
outer loop
vertex 12.9101 18.9856 17.4560
vertex 14.5170 18.5550 17.4560
vertex 14.5737 18.9856 17.4560
endloop
endfacet
facet normal 0.000000 0.000000 -1.000000
outer loop
vertex 12.9101 18.9856 0.0000
vertex 14.5737 18.9856 0.0000
vertex 14.5170 18.5550 0.0000
endloop
endfacet
facet normal 0.991445 0.130526 0.000000
outer loop
vertex 28.4852 -5.5853 0.0000
vertex 28.3922 -4.8788 0.0000
vertex 28.3922 -4.8788 10.2983
endloop
endfacet
facet normal 0.991445 0.130526 -0.000000
outer loop
vertex 28.4852 -5.5853 0.0000
vertex 28.3922 -4.8788 10.2983
vertex 28.4852 -5.5853 10.2983
endloop
endfacet
facet normal 0.000000 0.000000 1.000000
outer loop
vertex 25.7556 -5.5853 10.2983
vertex 28.4852 -5.5853 10.2983
vertex 28.3922 -4.8788 10.2983
endloop
endfacet
facet normal 0.000000 0.000000 -1.000000
outer loop
vertex 25.7556 -5.5853 0.0000
vertex 28.3922 -4.8788 0.0000
vertex 28.4852 -5.5853 0.0000
endloop
endfacet
facet normal 0.923880 0.382683 0.000000
outer loop
vertex 28.3922 -4.8788 0.0000
vertex 28.1195 -4.2205 0.0000
vertex 28.1195 -4.2205 10.2983
endloop
endfacet
facet normal 0.923880 0.382683 -0.000000
outer loop
vertex 28.3922 -4.8788 0.0000
vertex 28.1195 -4.2205 10.2983
vertex 28.3922 -4.8788 10.2983
endloop
endfacet
facet normal 0.000000 0.000000 1.000000
outer loop
vertex 25.7556 -5.5853 10.2983
vertex 28.3922 -4.8788 10.2983
vertex 28.1195 -4.2205 10.2983
endloop
endfacet
facet normal 0.000000 0.000000 -1.000000
outer loop
vertex 25.7556 -5.5853 0.0000
vertex 28.1195 -4.2205 0.0000
vertex 28.3922 -4.8788 0.0000
endloop
endfacet
facet normal 0.793353 0.608761 0.000000
outer loop
vertex 28.1195 -4.2205 0.0000
vertex 27.6857 -3.6551 0.0000
vertex 27.6857 -3.6551 10.2983
endloop
endfacet
facet normal 0.793353 0.608761 -0.000000
outer loop
vertex 28.1195 -4.2205 0.0000
vertex 27.6857 -3.6551 10.2983
vertex 28.1195 -4.2205 10.2983
endloop
endfacet
facet normal 0.000000 0.000000 1.000000
outer loop
vertex 25.7556 -5.5853 10.2983
vertex 28.1195 -4.2205 10.2983
vertex 27.6857 -3.6551 10.2983
endloop
endfacet
facet normal 0.000000 0.000000 -1.000000
outer loop
vertex 25.7556 -5.5853 0.0000
vertex 27.6857 -3.6551 0.0000
vertex 28.1195 -4.2205 0.0000
endloop
endfacet
facet normal 0.608761 0.793353 0.000000
outer loop
vertex 27.6857 -3.6551 0.0000
vertex 27.1204 -3.2214 0.0000
vertex 27.1204 -3.2214 10.2983
endloop
endfacet
facet normal 0.608761 0.793353 -0.000000
outer loop
vertex 27.6857 -3.6551 0.0000
vertex 27.1204 -3.2214 10.2983
vertex 27.6857 -3.6551 10.2983
endloop
endfacet
facet normal 0.000000 0.000000 1.000000
outer loop
vertex 25.7556 -5.5853 10.2983
vertex 27.6857 -3.6551 10.2983
vertex 27.1204 -3.2214 10.2983
endloop
endfacet
facet normal 0.000000 0.000000 -1.000000
outer loop
vertex 25.7556 -5.5853 0.0000
vertex 27.1204 -3.2214 0.0000
vertex 27.6857 -3.6551 0.0000
endloop
endfacet
facet normal 0.382683 0.923880 0.000000
outer loop
vertex 27.1204 -3.2214 0.0000
vertex 26.4620 -2.9487 0.0000
vertex 26.4620 -2.9487 10.2983
endloop
endfacet
facet normal 0.382683 0.923880 -0.000000
outer loop
vertex 27.1204 -3.2214 0.0000
vertex 26.4620 -2.9487 10.2983
vertex 27.1204 -3.2214 10.2983
endloop
endfacet
facet normal 0.000000 0.000000 1.000000
outer loop
vertex 25.7556 -5.5853 10.2983
vertex 27.1204 -3.2214 10.2983
vertex 26.4620 -2.9487 10.2983
endloop
endfacet
facet normal 0.000000 0.000000 -1.000000
outer loop
vertex 25.7556 -5.5853 0.0000
vertex 26.4620 -2.9487 0.0000
vertex 27.1204 -3.2214 0.0000
endloop
endfacet
facet normal 0.130526 0.991445 0.000000
outer loop
vertex 26.4620 -2.9487 0.0000
vertex 25.7556 -2.8557 0.0000
vertex 25.7556 -2.8557 10.2983
endloop
endfacet
facet normal 0.130526 0.991445 -0.000000
outer loop
vertex 26.4620 -2.9487 0.0000
vertex 25.7556 -2.8557 10.2983
vertex 26.4620 -2.9487 10.2983
endloop
endfacet
facet normal 0.000000 0.000000 1.000000
outer loop
vertex 25.7556 -5.5853 10.2983
vertex 26.4620 -2.9487 10.2983
vertex 25.7556 -2.8557 10.2983
endloop
endfacet
facet normal 0.000000 0.000000 -1.000000
outer loop
vertex 25.7556 -5.5853 0.0000
vertex 25.7556 -2.8557 0.0000
vertex 26.4620 -2.9487 0.0000
endloop
endfacet
facet normal -0.130526 0.991445 0.000000
outer loop
vertex 25.7556 -2.8557 0.0000
vertex 25.0491 -2.9487 0.0000
vertex 25.0491 -2.9487 10.2983
endloop
endfacet
facet normal -0.130526 0.991445 0.000000
outer loop
vertex 25.7556 -2.8557 0.0000
vertex 25.0491 -2.9487 10.2983
vertex 25.7556 -2.8557 10.2983
endloop
endfacet
facet normal 0.000000 -0.000000 1.000000
outer loop
vertex 25.7556 -5.5853 10.2983
vertex 25.7556 -2.8557 10.2983
vertex 25.0491 -2.9487 10.2983
endloop
endfacet
facet normal 0.000000 0.000000 -1.000000
outer loop
vertex 25.7556 -5.5853 0.0000
vertex 25.0491 -2.9487 0.0000
vertex 25.7556 -2.8557 0.0000
endloop
endfacet
facet normal -0.382683 0.923880 0.000000
outer loop
vertex 25.0491 -2.9487 0.0000
vertex 24.3908 -3.2214 0.0000
vertex 24.3908 -3.2214 10.2983
endloop
endfacet
facet normal -0.382683 0.923880 0.000000
outer loop
vertex 25.0491 -2.9487 0.0000
vertex 24.3908 -3.2214 10.2983
vertex 25.0491 -2.9487 10.2983
endloop
endfacet
facet normal 0.000000 0.000000 1.000000
outer loop
vertex 25.7556 -5.5853 10.2983
vertex 25.0491 -2.9487 10.2983
vertex 24.3908 -3.2214 10.2983
endloop
endfacet
facet normal 0.000000 0.000000 -1.000000
outer loop
vertex 25.7556 -5.5853 0.0000
vertex 24.3908 -3.2214 0.0000
vertex 25.0491 -2.9487 0.0000
endloop
endfacet
facet normal -0.608761 0.793353 0.000000
outer loop
vertex 24.3908 -3.2214 0.0000
vertex 23.8255 -3.6551 0.0000
vertex 23.8255 -3.6551 10.2983
endloop
endfacet
facet normal -0.608761 0.793353 0.000000
outer loop
vertex 24.3908 -3.2214 0.0000
vertex 23.8255 -3.6551 10.2983
vertex 24.3908 -3.2214 10.2983
endloop
endfacet
facet normal 0.000000 0.000000 1.000000
outer loop
vertex 25.7556 -5.5853 10.2983
vertex 24.3908 -3.2214 10.2983
vertex 23.8255 -3.6551 10.2983
endloop
endfacet
facet normal 0.000000 0.000000 -1.000000
outer loop
vertex 25.7556 -5.5853 0.0000
vertex 23.8255 -3.6551 0.0000
vertex 24.3908 -3.2214 0.0000
endloop
endfacet
facet normal -0.793353 0.608761 0.000000
outer loop
vertex 23.8255 -3.6551 0.0000
vertex 23.3917 -4.2205 0.0000
vertex 23.3917 -4.2205 10.2983
endloop
endfacet
facet normal -0.793353 0.608761 0.000000
outer loop
vertex 23.8255 -3.6551 0.0000
vertex 23.3917 -4.2205 10.2983
vertex 23.8255 -3.6551 10.2983
endloop
endfacet
facet normal 0.000000 0.000000 1.000000
outer loop
vertex 25.7556 -5.5853 10.2983
vertex 23.8255 -3.6551 10.2983
vertex 23.3917 -4.2205 10.2983
endloop
endfacet
facet normal 0.000000 0.000000 -1.000000
outer loop
vertex 25.7556 -5.5853 0.0000
vertex 23.3917 -4.2205 0.0000
vertex 23.8255 -3.6551 0.0000
endloop
endfacet
facet normal -0.923880 0.382683 0.000000
outer loop
vertex 23.3917 -4.2205 0.0000
vertex 23.1190 -4.8788 0.0000
vertex 23.1190 -4.8788 10.2983
endloop
endfacet
facet normal -0.923880 0.382683 0.000000
outer loop
vertex 23.3917 -4.2205 0.0000
vertex 23.1190 -4.8788 10.2983
vertex 23.3917 -4.2205 10.2983
endloop
endfacet
facet normal 0.000000 0.000000 1.000000
outer loop
vertex 25.7556 -5.5853 10.2983
vertex 23.3917 -4.2205 10.2983
vertex 23.1190 -4.8788 10.2983
endloop
endfacet
facet normal 0.000000 0.000000 -1.000000
outer loop
vertex 25.7556 -5.5853 0.0000
vertex 23.1190 -4.8788 0.0000
vertex 23.3917 -4.2205 0.0000
endloop
endfacet
facet normal -0.991445 0.130526 0.000000
outer loop
vertex 23.1190 -4.8788 0.0000
vertex 23.0260 -5.5853 0.0000
vertex 23.0260 -5.5853 10.2983
endloop
endfacet
facet normal -0.991445 0.130526 0.000000
outer loop
vertex 23.1190 -4.8788 0.0000
vertex 23.0260 -5.5853 10.2983
vertex 23.1190 -4.8788 10.2983
endloop
endfacet
facet normal 0.000000 0.000000 1.000000
outer loop
vertex 25.7556 -5.5853 10.2983
vertex 23.1190 -4.8788 10.2983
vertex 23.0260 -5.5853 10.2983
endloop
endfacet
facet normal 0.000000 0.000000 -1.000000
outer loop
vertex 25.7556 -5.5853 0.0000
vertex 23.0260 -5.5853 0.0000
vertex 23.1190 -4.8788 0.0000
endloop
endfacet
facet normal -0.991445 -0.130526 0.000000
outer loop
vertex 23.0260 -5.5853 0.0000
vertex 23.1190 -6.2917 0.0000
vertex 23.1190 -6.2917 10.2983
endloop
endfacet
facet normal -0.991445 -0.130526 0.000000
outer loop
vertex 23.0260 -5.5853 0.0000
vertex 23.1190 -6.2917 10.2983
vertex 23.0260 -5.5853 10.2983
endloop
endfacet
facet normal 0.000000 0.000000 1.000000
outer loop
vertex 25.7556 -5.5853 10.2983
vertex 23.0260 -5.5853 10.2983
vertex 23.1190 -6.2917 10.2983
endloop
endfacet
facet normal -0.000000 0.000000 -1.000000
outer loop
vertex 25.7556 -5.5853 0.0000
vertex 23.1190 -6.2917 0.0000
vertex 23.0260 -5.5853 0.0000
endloop
endfacet
facet normal -0.923880 -0.382683 0.000000
outer loop
vertex 23.1190 -6.2917 0.0000
vertex 23.3917 -6.9501 0.0000
vertex 23.3917 -6.9501 10.2983
endloop
endfacet
facet normal -0.923880 -0.382683 0.000000
outer loop
vertex 23.1190 -6.2917 0.0000
vertex 23.3917 -6.9501 10.2983
vertex 23.1190 -6.2917 10.2983
endloop
endfacet
facet normal 0.000000 0.000000 1.000000
outer loop
vertex 25.7556 -5.5853 10.2983
vertex 23.1190 -6.2917 10.2983
vertex 23.3917 -6.9501 10.2983
endloop
endfacet
facet normal 0.000000 0.000000 -1.000000
outer loop
vertex 25.7556 -5.5853 0.0000
vertex 23.3917 -6.9501 0.0000
vertex 23.1190 -6.2917 0.0000
endloop
endfacet
facet normal -0.793353 -0.608761 0.000000
outer loop
vertex 23.3917 -6.9501 0.0000
vertex 23.8255 -7.5154 0.0000
vertex 23.8255 -7.5154 10.2983
endloop
endfacet
facet normal -0.793353 -0.608761 0.000000
outer loop
vertex 23.3917 -6.9501 0.0000
vertex 23.8255 -7.5154 10.2983
vertex 23.3917 -6.9501 10.2983
endloop
endfacet
facet normal 0.000000 0.000000 1.000000
outer loop
vertex 25.7556 -5.5853 10.2983
vertex 23.3917 -6.9501 10.2983
vertex 23.8255 -7.5154 10.2983
endloop
endfacet
facet normal 0.000000 0.000000 -1.000000
outer loop
vertex 25.7556 -5.5853 0.0000
vertex 23.8255 -7.5154 0.0000
vertex 23.3917 -6.9501 0.0000
endloop
endfacet
facet normal -0.608761 -0.793353 0.000000
outer loop
vertex 23.8255 -7.5154 0.0000
vertex 24.3908 -7.9492 0.0000
vertex 24.3908 -7.9492 10.2983
endloop
endfacet
facet normal -0.608761 -0.793353 0.000000
outer loop
vertex 23.8255 -7.5154 0.0000
vertex 24.3908 -7.9492 10.2983
vertex 23.8255 -7.5154 10.2983
endloop
endfacet
facet normal 0.000000 0.000000 1.000000
outer loop
vertex 25.7556 -5.5853 10.2983
vertex 23.8255 -7.5154 10.2983
vertex 24.3908 -7.9492 10.2983
endloop
endfacet
facet normal 0.000000 0.000000 -1.000000
outer loop
vertex 25.7556 -5.5853 0.0000
vertex 24.3908 -7.9492 0.0000
vertex 23.8255 -7.5154 0.0000
endloop
endfacet
facet normal -0.382683 -0.923880 0.000000
outer loop
vertex 24.3908 -7.9492 0.0000
vertex 25.0491 -8.2218 0.0000
vertex 25.0491 -8.2218 10.2983
endloop
endfacet
facet normal -0.382683 -0.923880 0.000000
outer loop
vertex 24.3908 -7.9492 0.0000
vertex 25.0491 -8.2218 10.2983
vertex 24.3908 -7.9492 10.2983
endloop
endfacet
facet normal 0.000000 0.000000 1.000000
outer loop
vertex 25.7556 -5.5853 10.2983
vertex 24.3908 -7.9492 10.2983
vertex 25.0491 -8.2218 10.2983
endloop
endfacet
facet normal 0.000000 0.000000 -1.000000
outer loop
vertex 25.7556 -5.5853 0.0000
vertex 25.0491 -8.2218 0.0000
vertex 24.3908 -7.9492 0.0000
endloop
endfacet
facet normal -0.130526 -0.991445 0.000000
outer loop
vertex 25.0491 -8.2218 0.0000
vertex 25.7556 -8.3148 0.0000
vertex 25.7556 -8.3148 10.2983
endloop
endfacet
facet normal -0.130526 -0.991445 0.000000
outer loop
vertex 25.0491 -8.2218 0.0000
vertex 25.7556 -8.3148 10.2983
vertex 25.0491 -8.2218 10.2983
endloop
endfacet
facet normal 0.000000 0.000000 1.000000
outer loop
vertex 25.7556 -5.5853 10.2983
vertex 25.0491 -8.2218 10.2983
vertex 25.7556 -8.3148 10.2983
endloop
endfacet
facet normal 0.000000 -0.000000 -1.000000
outer loop
vertex 25.7556 -5.5853 0.0000
vertex 25.7556 -8.3148 0.0000
vertex 25.0491 -8.2218 0.0000
endloop
endfacet
facet normal 0.130526 -0.991445 0.000000
outer loop
vertex 25.7556 -8.3148 0.0000
vertex 26.4620 -8.2218 0.0000
vertex 26.4620 -8.2218 10.2983
endloop
endfacet
facet normal 0.130526 -0.991445 0.000000
outer loop
vertex 25.7556 -8.3148 0.0000
vertex 26.4620 -8.2218 10.2983
vertex 25.7556 -8.3148 10.2983
endloop
endfacet
facet normal 0.000000 0.000000 1.000000
outer loop
vertex 25.7556 -5.5853 10.2983
vertex 25.7556 -8.3148 10.2983
vertex 26.4620 -8.2218 10.2983
endloop
endfacet
facet normal 0.000000 0.000000 -1.000000
outer loop
vertex 25.7556 -5.5853 0.0000
vertex 26.4620 -8.2218 0.0000
vertex 25.7556 -8.3148 0.0000
endloop
endfacet
facet normal 0.382683 -0.923880 0.000000
outer loop
vertex 26.4620 -8.2218 0.0000
vertex 27.1204 -7.9492 0.0000
vertex 27.1204 -7.9492 10.2983
endloop
endfacet
facet normal 0.382683 -0.923880 0.000000
outer loop
vertex 26.4620 -8.2218 0.0000
vertex 27.1204 -7.9492 10.2983
vertex 26.4620 -8.2218 10.2983
endloop
endfacet
facet normal 0.000000 0.000000 1.000000
outer loop
vertex 25.7556 -5.5853 10.2983
vertex 26.4620 -8.2218 10.2983
vertex 27.1204 -7.9492 10.2983
endloop
endfacet
facet normal 0.000000 0.000000 -1.000000
outer loop
vertex 25.7556 -5.5853 0.0000
vertex 27.1204 -7.9492 0.0000
vertex 26.4620 -8.2218 0.0000
endloop
endfacet
facet normal 0.608761 -0.793353 0.000000
outer loop
vertex 27.1204 -7.9492 0.0000
vertex 27.6857 -7.5154 0.0000
vertex 27.6857 -7.5154 10.2983
endloop
endfacet
facet normal 0.608761 -0.793353 0.000000
outer loop
vertex 27.1204 -7.9492 0.0000
vertex 27.6857 -7.5154 10.2983
vertex 27.1204 -7.9492 10.2983
endloop
endfacet
facet normal 0.000000 0.000000 1.000000
outer loop
vertex 25.7556 -5.5853 10.2983
vertex 27.1204 -7.9492 10.2983
vertex 27.6857 -7.5154 10.2983
endloop
endfacet
facet normal 0.000000 0.000000 -1.000000
outer loop
vertex 25.7556 -5.5853 0.0000
vertex 27.6857 -7.5154 0.0000
vertex 27.1204 -7.9492 0.0000
endloop
endfacet
facet normal 0.793353 -0.608761 0.000000
outer loop
vertex 27.6857 -7.5154 0.0000
vertex 28.1195 -6.9501 0.0000
vertex 28.1195 -6.9501 10.2983
endloop
endfacet
facet normal 0.793353 -0.608761 0.000000
outer loop
vertex 27.6857 -7.5154 0.0000
vertex 28.1195 -6.9501 10.2983
vertex 27.6857 -7.5154 10.2983
endloop
endfacet
facet normal 0.000000 0.000000 1.000000
outer loop
vertex 25.7556 -5.5853 10.2983
vertex 27.6857 -7.5154 10.2983
vertex 28.1195 -6.9501 10.2983
endloop
endfacet
facet normal 0.000000 0.000000 -1.000000
outer loop
vertex 25.7556 -5.5853 0.0000
vertex 28.1195 -6.9501 0.0000
vertex 27.6857 -7.5154 0.0000
endloop
endfacet
facet normal 0.923880 -0.382683 0.000000
outer loop
vertex 28.1195 -6.9501 0.0000
vertex 28.3922 -6.2917 0.0000
vertex 28.3922 -6.2917 10.2983
endloop
endfacet
facet normal 0.923880 -0.382683 0.000000
outer loop
vertex 28.1195 -6.9501 0.0000
vertex 28.3922 -6.2917 10.2983
vertex 28.1195 -6.9501 10.2983
endloop
endfacet
facet normal 0.000000 0.000000 1.000000
outer loop
vertex 25.7556 -5.5853 10.2983
vertex 28.1195 -6.9501 10.2983
vertex 28.3922 -6.2917 10.2983
endloop
endfacet
facet normal 0.000000 0.000000 -1.000000
outer loop
vertex 25.7556 -5.5853 0.0000
vertex 28.3922 -6.2917 0.0000
vertex 28.1195 -6.9501 0.0000
endloop
endfacet
facet normal 0.991445 -0.130526 0.000000
outer loop
vertex 28.3922 -6.2917 0.0000
vertex 28.4852 -5.5853 0.0000
vertex 28.4852 -5.5853 10.2983
endloop
endfacet
facet normal 0.991445 -0.130526 0.000000
outer loop
vertex 28.3922 -6.2917 0.0000
vertex 28.4852 -5.5853 10.2983
vertex 28.3922 -6.2917 10.2983
endloop
endfacet
facet normal 0.000000 0.000000 1.000000
outer loop
vertex 25.7556 -5.5853 10.2983
vertex 28.3922 -6.2917 10.2983
vertex 28.4852 -5.5853 10.2983
endloop
endfacet
facet normal 0.000000 0.000000 -1.000000
outer loop
vertex 25.7556 -5.5853 0.0000
vertex 28.4852 -5.5853 0.0000
vertex 28.3922 -6.2917 0.0000
endloop
endfacet
facet normal 0.000000 0.000000 -1.000000
outer loop
vertex -1.2304 -26.9070 0.0000
vertex -1.2304 -22.2307 0.0000
vertex 8.6663 -22.2307 0.0000
endloop
endfacet
facet normal 0.000000 0.000000 -1.000000
outer loop
vertex -1.2304 -26.9070 0.0000
vertex 8.6663 -22.2307 0.0000
vertex 8.6663 -26.9070 0.0000
endloop
endfacet
facet normal 0.000000 0.000000 1.000000
outer loop
vertex -1.2304 -26.9070 19.8235
vertex 8.6663 -26.9070 19.8235
vertex 8.6663 -22.2307 19.8235
endloop
endfacet
facet normal 0.000000 0.000000 1.000000
outer loop
vertex -1.2304 -26.9070 19.8235
vertex 8.6663 -22.2307 19.8235
vertex -1.2304 -22.2307 19.8235
endloop
endfacet
facet normal 0.000000 -1.000000 0.000000
outer loop
vertex -1.2304 -26.9070 0.0000
vertex 8.6663 -26.9070 0.0000
vertex 8.6663 -26.9070 19.8235
endloop
endfacet
facet normal 0.000000 -1.000000 0.000000
outer loop
vertex -1.2304 -26.9070 0.0000
vertex 8.6663 -26.9070 19.8235
vertex -1.2304 -26.9070 19.8235
endloop
endfacet
facet normal 1.000000 0.000000 0.000000
outer loop
vertex 8.6663 -26.9070 0.0000
vertex 8.6663 -22.2307 0.0000
vertex 8.6663 -22.2307 19.8235
endloop
endfacet
facet normal 1.000000 0.000000 0.000000
outer loop
vertex 8.6663 -26.9070 0.0000
vertex 8.6663 -22.2307 19.8235
vertex 8.6663 -26.9070 19.8235
endloop
endfacet
facet normal 0.000000 1.000000 0.000000
outer loop
vertex 8.6663 -22.2307 0.0000
vertex -1.2304 -22.2307 0.0000
vertex -1.2304 -22.2307 19.8235
endloop
endfacet
facet normal 0.000000 1.000000 -0.000000
outer loop
vertex 8.6663 -22.2307 0.0000
vertex -1.2304 -22.2307 19.8235
vertex 8.6663 -22.2307 19.8235
endloop
endfacet
facet normal -1.000000 0.000000 0.000000
outer loop
vertex -1.2304 -22.2307 0.0000
vertex -1.2304 -26.9070 0.0000
vertex -1.2304 -26.9070 19.8235
endloop
endfacet
facet normal -1.000000 0.000000 0.000000
outer loop
vertex -1.2304 -22.2307 0.0000
vertex -1.2304 -26.9070 19.8235
vertex -1.2304 -22.2307 19.8235
endloop
endfacet
facet normal 0.986752 0.129908 0.097187
outer loop
vertex 2.5081 -38.4665 0.0000
vertex 2.3683 -37.4049 0.0000
vertex 2.2922 -37.4253 0.8002
endloop
endfacet
facet normal 0.986752 0.129908 0.097187
outer loop
vertex 2.5081 -38.4665 0.0000
vertex 2.2922 -37.4253 0.8002
vertex 2.4292 -38.4665 0.8002
endloop
endfacet
facet normal 0.919506 0.380872 0.097187
outer loop
vertex 2.3683 -37.4049 0.0000
vertex 1.9585 -36.4156 0.0000
vertex 1.8903 -36.4550 0.8002
endloop
endfacet
facet normal 0.919506 0.380872 0.097187
outer loop
vertex 2.3683 -37.4049 0.0000
vertex 1.8903 -36.4550 0.8002
vertex 2.2922 -37.4253 0.8002
endloop
endfacet
facet normal 0.789598 0.605880 0.097187
outer loop
vertex 1.9585 -36.4156 0.0000
vertex 1.3067 -35.5662 0.0000
vertex 1.2510 -35.6219 0.8002
endloop
endfacet
facet normal 0.789598 0.605880 0.097187
outer loop
vertex 1.9585 -36.4156 0.0000
vertex 1.2510 -35.6219 0.8002
vertex 1.8903 -36.4550 0.8002
endloop
endfacet
facet normal 0.605880 0.789598 0.097187
outer loop
vertex 1.3067 -35.5662 0.0000
vertex 0.4572 -34.9143 0.0000
vertex 0.4178 -34.9826 0.8002
endloop
endfacet
facet normal 0.605880 0.789598 0.097187
outer loop
vertex 1.3067 -35.5662 0.0000
vertex 0.4178 -34.9826 0.8002
vertex 1.2510 -35.6219 0.8002
endloop
endfacet
facet normal 0.380872 0.919506 0.097187
outer loop
vertex 0.4572 -34.9143 0.0000
vertex -0.5320 -34.5046 0.0000
vertex -0.5524 -34.5807 0.8002
endloop
endfacet
facet normal 0.380872 0.919506 0.097187
outer loop
vertex 0.4572 -34.9143 0.0000
vertex -0.5524 -34.5807 0.8002
vertex 0.4178 -34.9826 0.8002
endloop
endfacet
facet normal 0.129908 0.986752 0.097187
outer loop
vertex -0.5320 -34.5046 0.0000
vertex -1.5936 -34.3648 0.0000
vertex -1.5936 -34.4436 0.8002
endloop
endfacet
facet normal 0.129908 0.986752 0.097187
outer loop
vertex -0.5320 -34.5046 0.0000
vertex -1.5936 -34.4436 0.8002
vertex -0.5524 -34.5807 0.8002
endloop
endfacet
facet normal -0.129908 0.986752 0.097187
outer loop
vertex -1.5936 -34.3648 0.0000
vertex -2.6552 -34.5046 0.0000
vertex -2.6348 -34.5807 0.8002
endloop
endfacet
facet normal -0.129908 0.986752 0.097187
outer loop
vertex -1.5936 -34.3648 0.0000
vertex -2.6348 -34.5807 0.8002
vertex -1.5936 -34.4436 0.8002
endloop
endfacet
facet normal -0.380872 0.919506 0.097187
outer loop
vertex -2.6552 -34.5046 0.0000
vertex -3.6444 -34.9143 0.0000
vertex -3.6050 -34.9826 0.8002
endloop
endfacet
facet normal -0.380872 0.919506 0.097187
outer loop
vertex -2.6552 -34.5046 0.0000
vertex -3.6050 -34.9826 0.8002
vertex -2.6348 -34.5807 0.8002
endloop
endfacet
facet normal -0.605880 0.789598 0.097187
outer loop
vertex -3.6444 -34.9143 0.0000
vertex -4.4939 -35.5662 0.0000
vertex -4.4382 -35.6219 0.8002
endloop
endfacet
facet normal -0.605880 0.789598 0.097187
outer loop
vertex -3.6444 -34.9143 0.0000
vertex -4.4382 -35.6219 0.8002
vertex -3.6050 -34.9826 0.8002
endloop
endfacet
facet normal -0.789598 0.605880 0.097187
outer loop
vertex -4.4939 -35.5662 0.0000
vertex -5.1457 -36.4156 0.0000
vertex -5.0775 -36.4550 0.8002
endloop
endfacet
facet normal -0.789598 0.605880 0.097187
outer loop
vertex -4.4939 -35.5662 0.0000
vertex -5.0775 -36.4550 0.8002
vertex -4.4382 -35.6219 0.8002
endloop
endfacet
facet normal -0.919506 0.380872 0.097187
outer loop
vertex -5.1457 -36.4156 0.0000
vertex -5.5555 -37.4049 0.0000
vertex -5.4793 -37.4253 0.8002
endloop
endfacet
facet normal -0.919506 0.380872 0.097187
outer loop
vertex -5.1457 -36.4156 0.0000
vertex -5.4793 -37.4253 0.8002
vertex -5.0775 -36.4550 0.8002
endloop
endfacet
facet normal -0.986752 0.129908 0.097187
outer loop
vertex -5.5555 -37.4049 0.0000
vertex -5.6952 -38.4665 0.0000
vertex -5.6164 -38.4665 0.8002
endloop
endfacet
facet normal -0.986752 0.129908 0.097187
outer loop
vertex -5.5555 -37.4049 0.0000
vertex -5.6164 -38.4665 0.8002
vertex -5.4793 -37.4253 0.8002
endloop
endfacet
facet normal -0.986752 -0.129908 0.097187
outer loop
vertex -5.6952 -38.4665 0.0000
vertex -5.5555 -39.5280 0.0000
vertex -5.4793 -39.5076 0.8002
endloop
endfacet
facet normal -0.986752 -0.129908 0.097187
outer loop
vertex -5.6952 -38.4665 0.0000
vertex -5.4793 -39.5076 0.8002
vertex -5.6164 -38.4665 0.8002
endloop
endfacet
facet normal -0.919506 -0.380872 0.097187
outer loop
vertex -5.5555 -39.5280 0.0000
vertex -5.1457 -40.5173 0.0000
vertex -5.0775 -40.4779 0.8002
endloop
endfacet
facet normal -0.919506 -0.380872 0.097187
outer loop
vertex -5.5555 -39.5280 0.0000
vertex -5.0775 -40.4779 0.8002
vertex -5.4793 -39.5076 0.8002
endloop
endfacet
facet normal -0.789598 -0.605880 0.097187
outer loop
vertex -5.1457 -40.5173 0.0000
vertex -4.4939 -41.3668 0.0000
vertex -4.4382 -41.3110 0.8002
endloop
endfacet
facet normal -0.789598 -0.605880 0.097187
outer loop
vertex -5.1457 -40.5173 0.0000
vertex -4.4382 -41.3110 0.8002
vertex -5.0775 -40.4779 0.8002
endloop
endfacet
facet normal -0.605880 -0.789598 0.097187
outer loop
vertex -4.4939 -41.3668 0.0000
vertex -3.6444 -42.0186 0.0000
vertex -3.6050 -41.9503 0.8002
endloop
endfacet
facet normal -0.605880 -0.789598 0.097187
outer loop
vertex -4.4939 -41.3668 0.0000
vertex -3.6050 -41.9503 0.8002
vertex -4.4382 -41.3110 0.8002
endloop
endfacet
facet normal -0.380872 -0.919506 0.097187
outer loop
vertex -3.6444 -42.0186 0.0000
vertex -2.6552 -42.4283 0.0000
vertex -2.6348 -42.3522 0.8002
endloop
endfacet
facet normal -0.380872 -0.919506 0.097187
outer loop
vertex -3.6444 -42.0186 0.0000
vertex -2.6348 -42.3522 0.8002
vertex -3.6050 -41.9503 0.8002
endloop
endfacet
facet normal -0.129908 -0.986752 0.097187
outer loop
vertex -2.6552 -42.4283 0.0000
vertex -1.5936 -42.5681 0.0000
vertex -1.5936 -42.4893 0.8002
endloop
endfacet
facet normal -0.129908 -0.986752 0.097187
outer loop
vertex -2.6552 -42.4283 0.0000
vertex -1.5936 -42.4893 0.8002
vertex -2.6348 -42.3522 0.8002
endloop
endfacet
facet normal 0.129908 -0.986752 0.097187
outer loop
vertex -1.5936 -42.5681 0.0000
vertex -0.5320 -42.4283 0.0000
vertex -0.5524 -42.3522 0.8002
endloop
endfacet
facet normal 0.129908 -0.986752 0.097187
outer loop
vertex -1.5936 -42.5681 0.0000
vertex -0.5524 -42.3522 0.8002
vertex -1.5936 -42.4893 0.8002
endloop
endfacet
facet normal 0.380872 -0.919506 0.097187
outer loop
vertex -0.5320 -42.4283 0.0000
vertex 0.4572 -42.0186 0.0000
vertex 0.4178 -41.9503 0.8002
endloop
endfacet
facet normal 0.380872 -0.919506 0.097187
outer loop
vertex -0.5320 -42.4283 0.0000
vertex 0.4178 -41.9503 0.8002
vertex -0.5524 -42.3522 0.8002
endloop
endfacet
facet normal 0.605880 -0.789598 0.097187
outer loop
vertex 0.4572 -42.0186 0.0000
vertex 1.3067 -41.3668 0.0000
vertex 1.2510 -41.3110 0.8002
endloop
endfacet
facet normal 0.605880 -0.789598 0.097187
outer loop
vertex 0.4572 -42.0186 0.0000
vertex 1.2510 -41.3110 0.8002
vertex 0.4178 -41.9503 0.8002
endloop
endfacet
facet normal 0.789598 -0.605880 0.097187
outer loop
vertex 1.3067 -41.3668 0.0000
vertex 1.9585 -40.5173 0.0000
vertex 1.8903 -40.4779 0.8002
endloop
endfacet
facet normal 0.789598 -0.605880 0.097187
outer loop
vertex 1.3067 -41.3668 0.0000
vertex 1.8903 -40.4779 0.8002
vertex 1.2510 -41.3110 0.8002
endloop
endfacet
facet normal 0.919506 -0.380872 0.097187
outer loop
vertex 1.9585 -40.5173 0.0000
vertex 2.3683 -39.5280 0.0000
vertex 2.2922 -39.5076 0.8002
endloop
endfacet
facet normal 0.919506 -0.380872 0.097187
outer loop
vertex 1.9585 -40.5173 0.0000
vertex 2.2922 -39.5076 0.8002
vertex 1.8903 -40.4779 0.8002
endloop
endfacet
facet normal 0.986752 -0.129908 0.097187
outer loop
vertex 2.3683 -39.5280 0.0000
vertex 2.5081 -38.4665 0.0000
vertex 2.4292 -38.4665 0.8002
endloop
endfacet
facet normal 0.986752 -0.129908 0.097187
outer loop
vertex 2.3683 -39.5280 0.0000
vertex 2.4292 -38.4665 0.8002
vertex 2.2922 -39.5076 0.8002
endloop
endfacet
facet normal 0.949435 0.124996 0.288008
outer loop
vertex 2.4292 -38.4665 0.8002
vertex 2.2922 -37.4253 0.8002
vertex 2.0667 -37.4857 1.5696
endloop
endfacet
facet normal 0.949435 0.124996 0.288008
outer loop
vertex 2.4292 -38.4665 0.8002
vertex 2.0667 -37.4857 1.5696
vertex 2.1958 -38.4665 1.5696
endloop
endfacet
facet normal 0.884733 0.366468 0.288008
outer loop
vertex 2.2922 -37.4253 0.8002
vertex 1.8903 -36.4550 0.8002
vertex 1.6882 -36.5718 1.5696
endloop
endfacet
facet normal 0.884733 0.366468 0.288008
outer loop
vertex 2.2922 -37.4253 0.8002
vertex 1.6882 -36.5718 1.5696
vertex 2.0667 -37.4857 1.5696
endloop
endfacet
facet normal 0.759737 0.582967 0.288008
outer loop
vertex 1.8903 -36.4550 0.8002
vertex 1.2510 -35.6219 0.8002
vertex 1.0859 -35.7869 1.5696
endloop
endfacet
facet normal 0.759737 0.582967 0.288008
outer loop
vertex 1.8903 -36.4550 0.8002
vertex 1.0859 -35.7869 1.5696
vertex 1.6882 -36.5718 1.5696
endloop
endfacet
facet normal 0.582967 0.759737 0.288008
outer loop
vertex 1.2510 -35.6219 0.8002
vertex 0.4178 -34.9826 0.8002
vertex 0.3011 -35.1847 1.5696
endloop
endfacet
facet normal 0.582967 0.759737 0.288008
outer loop
vertex 1.2510 -35.6219 0.8002
vertex 0.3011 -35.1847 1.5696
vertex 1.0859 -35.7869 1.5696
endloop
endfacet
facet normal 0.366468 0.884733 0.288008
outer loop
vertex 0.4178 -34.9826 0.8002
vertex -0.5524 -34.5807 0.8002
vertex -0.6128 -34.8062 1.5696
endloop
endfacet
facet normal 0.366468 0.884733 0.288008
outer loop
vertex 0.4178 -34.9826 0.8002
vertex -0.6128 -34.8062 1.5696
vertex 0.3011 -35.1847 1.5696
endloop
endfacet
facet normal 0.124996 0.949435 0.288008
outer loop
vertex -0.5524 -34.5807 0.8002
vertex -1.5936 -34.4436 0.8002
vertex -1.5936 -34.6770 1.5696
endloop
endfacet
facet normal 0.124996 0.949435 0.288008
outer loop
vertex -0.5524 -34.5807 0.8002
vertex -1.5936 -34.6770 1.5696
vertex -0.6128 -34.8062 1.5696
endloop
endfacet
facet normal -0.124996 0.949435 0.288008
outer loop
vertex -1.5936 -34.4436 0.8002
vertex -2.6348 -34.5807 0.8002
vertex -2.5744 -34.8062 1.5696
endloop
endfacet
facet normal -0.124996 0.949435 0.288008
outer loop
vertex -1.5936 -34.4436 0.8002
vertex -2.5744 -34.8062 1.5696
vertex -1.5936 -34.6770 1.5696
endloop
endfacet
facet normal -0.366468 0.884733 0.288008
outer loop
vertex -2.6348 -34.5807 0.8002
vertex -3.6050 -34.9826 0.8002
vertex -3.4883 -35.1847 1.5696
endloop
endfacet
facet normal -0.366468 0.884733 0.288008
outer loop
vertex -2.6348 -34.5807 0.8002
vertex -3.4883 -35.1847 1.5696
vertex -2.5744 -34.8062 1.5696
endloop
endfacet
facet normal -0.582967 0.759737 0.288008
outer loop
vertex -3.6050 -34.9826 0.8002
vertex -4.4382 -35.6219 0.8002
vertex -4.2731 -35.7869 1.5696
endloop
endfacet
facet normal -0.582967 0.759737 0.288008
outer loop
vertex -3.6050 -34.9826 0.8002
vertex -4.2731 -35.7869 1.5696
vertex -3.4883 -35.1847 1.5696
endloop
endfacet
facet normal -0.759737 0.582967 0.288008
outer loop
vertex -4.4382 -35.6219 0.8002
vertex -5.0775 -36.4550 0.8002
vertex -4.8753 -36.5718 1.5696
endloop
endfacet
facet normal -0.759737 0.582967 0.288008
outer loop
vertex -4.4382 -35.6219 0.8002
vertex -4.8753 -36.5718 1.5696
vertex -4.2731 -35.7869 1.5696
endloop
endfacet
facet normal -0.884733 0.366468 0.288008
outer loop
vertex -5.0775 -36.4550 0.8002
vertex -5.4793 -37.4253 0.8002
vertex -5.2539 -37.4857 1.5696
endloop
endfacet
facet normal -0.884733 0.366468 0.288008
outer loop
vertex -5.0775 -36.4550 0.8002
vertex -5.2539 -37.4857 1.5696
vertex -4.8753 -36.5718 1.5696
endloop
endfacet
facet normal -0.949435 0.124996 0.288008
outer loop
vertex -5.4793 -37.4253 0.8002
vertex -5.6164 -38.4665 0.8002
vertex -5.3830 -38.4665 1.5696
endloop
endfacet
facet normal -0.949435 0.124996 0.288008
outer loop
vertex -5.4793 -37.4253 0.8002
vertex -5.3830 -38.4665 1.5696
vertex -5.2539 -37.4857 1.5696
endloop
endfacet
facet normal -0.949435 -0.124996 0.288008
outer loop
vertex -5.6164 -38.4665 0.8002
vertex -5.4793 -39.5076 0.8002
vertex -5.2539 -39.4472 1.5696
endloop
endfacet
facet normal -0.949435 -0.124996 0.288008
outer loop
vertex -5.6164 -38.4665 0.8002
vertex -5.2539 -39.4472 1.5696
vertex -5.3830 -38.4665 1.5696
endloop
endfacet
facet normal -0.884733 -0.366468 0.288008
outer loop
vertex -5.4793 -39.5076 0.8002
vertex -5.0775 -40.4779 0.8002
vertex -4.8753 -40.3612 1.5696
endloop
endfacet
facet normal -0.884733 -0.366468 0.288008
outer loop
vertex -5.4793 -39.5076 0.8002
vertex -4.8753 -40.3612 1.5696
vertex -5.2539 -39.4472 1.5696
endloop
endfacet
facet normal -0.759737 -0.582967 0.288008
outer loop
vertex -5.0775 -40.4779 0.8002
vertex -4.4382 -41.3110 0.8002
vertex -4.2731 -41.1460 1.5696
endloop
endfacet
facet normal -0.759737 -0.582967 0.288008
outer loop
vertex -5.0775 -40.4779 0.8002
vertex -4.2731 -41.1460 1.5696
vertex -4.8753 -40.3612 1.5696
endloop
endfacet
facet normal -0.582967 -0.759737 0.288008
outer loop
vertex -4.4382 -41.3110 0.8002
vertex -3.6050 -41.9503 0.8002
vertex -3.4883 -41.7482 1.5696
endloop
endfacet
facet normal -0.582967 -0.759737 0.288008
outer loop
vertex -4.4382 -41.3110 0.8002
vertex -3.4883 -41.7482 1.5696
vertex -4.2731 -41.1460 1.5696
endloop
endfacet
facet normal -0.366468 -0.884733 0.288008
outer loop
vertex -3.6050 -41.9503 0.8002
vertex -2.6348 -42.3522 0.8002
vertex -2.5744 -42.1268 1.5696
endloop
endfacet
facet normal -0.366468 -0.884733 0.288008
outer loop
vertex -3.6050 -41.9503 0.8002
vertex -2.5744 -42.1268 1.5696
vertex -3.4883 -41.7482 1.5696
endloop
endfacet
facet normal -0.124996 -0.949435 0.288008
outer loop
vertex -2.6348 -42.3522 0.8002
vertex -1.5936 -42.4893 0.8002
vertex -1.5936 -42.2559 1.5696
endloop
endfacet
facet normal -0.124996 -0.949435 0.288008
outer loop
vertex -2.6348 -42.3522 0.8002
vertex -1.5936 -42.2559 1.5696
vertex -2.5744 -42.1268 1.5696
endloop
endfacet
facet normal 0.124996 -0.949435 0.288008
outer loop
vertex -1.5936 -42.4893 0.8002
vertex -0.5524 -42.3522 0.8002
vertex -0.6128 -42.1268 1.5696
endloop
endfacet
facet normal 0.124996 -0.949435 0.288008
outer loop
vertex -1.5936 -42.4893 0.8002
vertex -0.6128 -42.1268 1.5696
vertex -1.5936 -42.2559 1.5696
endloop
endfacet
facet normal 0.366468 -0.884733 0.288008
outer loop
vertex -0.5524 -42.3522 0.8002
vertex 0.4178 -41.9503 0.8002
vertex 0.3011 -41.7482 1.5696
endloop
endfacet
facet normal 0.366468 -0.884733 0.288008
outer loop
vertex -0.5524 -42.3522 0.8002
vertex 0.3011 -41.7482 1.5696
vertex -0.6128 -42.1268 1.5696
endloop
endfacet
facet normal 0.582967 -0.759737 0.288008
outer loop
vertex 0.4178 -41.9503 0.8002
vertex 1.2510 -41.3110 0.8002
vertex 1.0859 -41.1460 1.5696
endloop
endfacet
facet normal 0.582967 -0.759737 0.288008
outer loop
vertex 0.4178 -41.9503 0.8002
vertex 1.0859 -41.1460 1.5696
vertex 0.3011 -41.7482 1.5696
endloop
endfacet
facet normal 0.759737 -0.582967 0.288008
outer loop
vertex 1.2510 -41.3110 0.8002
vertex 1.8903 -40.4779 0.8002
vertex 1.6882 -40.3612 1.5696
endloop
endfacet
facet normal 0.759737 -0.582967 0.288008
outer loop
vertex 1.2510 -41.3110 0.8002
vertex 1.6882 -40.3612 1.5696
vertex 1.0859 -41.1460 1.5696
endloop
endfacet
facet normal 0.884733 -0.366468 0.288008
outer loop
vertex 1.8903 -40.4779 0.8002
vertex 2.2922 -39.5076 0.8002
vertex 2.0667 -39.4472 1.5696
endloop
endfacet
facet normal 0.884733 -0.366468 0.288008
outer loop
vertex 1.8903 -40.4779 0.8002
vertex 2.0667 -39.4472 1.5696
vertex 1.6882 -40.3612 1.5696
endloop
endfacet
facet normal 0.949435 -0.124996 0.288008
outer loop
vertex 2.2922 -39.5076 0.8002
vertex 2.4292 -38.4665 0.8002
vertex 2.1958 -38.4665 1.5696
endloop
endfacet
facet normal 0.949435 -0.124996 0.288008
outer loop
vertex 2.2922 -39.5076 0.8002
vertex 2.1958 -38.4665 1.5696
vertex 2.0667 -39.4472 1.5696
endloop
endfacet
facet normal 0.876036 0.115332 0.468251
outer loop
vertex 2.1958 -38.4665 1.5696
vertex 2.0667 -37.4857 1.5696
vertex 1.7006 -37.5838 2.2788
endloop
endfacet
facet normal 0.876036 0.115332 0.468251
outer loop
vertex 2.1958 -38.4665 1.5696
vertex 1.7006 -37.5838 2.2788
vertex 1.8168 -38.4665 2.2788
endloop
endfacet
facet normal 0.816336 0.338137 0.468251
outer loop
vertex 2.0667 -37.4857 1.5696
vertex 1.6882 -36.5718 1.5696
vertex 1.3599 -36.7613 2.2788
endloop
endfacet
facet normal 0.816336 0.338137 0.468251
outer loop
vertex 2.0667 -37.4857 1.5696
vertex 1.3599 -36.7613 2.2788
vertex 1.7006 -37.5838 2.2788
endloop
endfacet
facet normal 0.701003 0.537899 0.468251
outer loop
vertex 1.6882 -36.5718 1.5696
vertex 1.0859 -35.7869 1.5696
vertex 0.8179 -36.0550 2.2788
endloop
endfacet
facet normal 0.701003 0.537899 0.468251
outer loop
vertex 1.6882 -36.5718 1.5696
vertex 0.8179 -36.0550 2.2788
vertex 1.3599 -36.7613 2.2788
endloop
endfacet
facet normal 0.537899 0.701003 0.468251
outer loop
vertex 1.0859 -35.7869 1.5696
vertex 0.3011 -35.1847 1.5696
vertex 0.1116 -35.5130 2.2788
endloop
endfacet
facet normal 0.537899 0.701003 0.468251
outer loop
vertex 1.0859 -35.7869 1.5696
vertex 0.1116 -35.5130 2.2788
vertex 0.8179 -36.0550 2.2788
endloop
endfacet
facet normal 0.338137 0.816336 0.468251
outer loop
vertex 0.3011 -35.1847 1.5696
vertex -0.6128 -34.8062 1.5696
vertex -0.7109 -35.1723 2.2788
endloop
endfacet
facet normal 0.338137 0.816336 0.468251
outer loop
vertex 0.3011 -35.1847 1.5696
vertex -0.7109 -35.1723 2.2788
vertex 0.1116 -35.5130 2.2788
endloop
endfacet
facet normal 0.115332 0.876036 0.468251
outer loop
vertex -0.6128 -34.8062 1.5696
vertex -1.5936 -34.6770 1.5696
vertex -1.5936 -35.0561 2.2788
endloop
endfacet
facet normal 0.115332 0.876036 0.468251
outer loop
vertex -0.6128 -34.8062 1.5696
vertex -1.5936 -35.0561 2.2788
vertex -0.7109 -35.1723 2.2788
endloop
endfacet
facet normal -0.115332 0.876036 0.468251
outer loop
vertex -1.5936 -34.6770 1.5696
vertex -2.5744 -34.8062 1.5696
vertex -2.4763 -35.1723 2.2788
endloop
endfacet
facet normal -0.115332 0.876036 0.468251
outer loop
vertex -1.5936 -34.6770 1.5696
vertex -2.4763 -35.1723 2.2788
vertex -1.5936 -35.0561 2.2788
endloop
endfacet
facet normal -0.338137 0.816336 0.468251
outer loop
vertex -2.5744 -34.8062 1.5696
vertex -3.4883 -35.1847 1.5696
vertex -3.2988 -35.5130 2.2788
endloop
endfacet
facet normal -0.338137 0.816336 0.468251
outer loop
vertex -2.5744 -34.8062 1.5696
vertex -3.2988 -35.5130 2.2788
vertex -2.4763 -35.1723 2.2788
endloop
endfacet
facet normal -0.537899 0.701003 0.468251
outer loop
vertex -3.4883 -35.1847 1.5696
vertex -4.2731 -35.7869 1.5696
vertex -4.0051 -36.0550 2.2788
endloop
endfacet
facet normal -0.537899 0.701003 0.468251
outer loop
vertex -3.4883 -35.1847 1.5696
vertex -4.0051 -36.0550 2.2788
vertex -3.2988 -35.5130 2.2788
endloop
endfacet
facet normal -0.701003 0.537899 0.468251
outer loop
vertex -4.2731 -35.7869 1.5696
vertex -4.8753 -36.5718 1.5696
vertex -4.5471 -36.7613 2.2788
endloop
endfacet
facet normal -0.701003 0.537899 0.468251
outer loop
vertex -4.2731 -35.7869 1.5696
vertex -4.5471 -36.7613 2.2788
vertex -4.0051 -36.0550 2.2788
endloop
endfacet
facet normal -0.816336 0.338137 0.468251
outer loop
vertex -4.8753 -36.5718 1.5696
vertex -5.2539 -37.4857 1.5696
vertex -4.8878 -37.5838 2.2788
endloop
endfacet
facet normal -0.816336 0.338137 0.468251
outer loop
vertex -4.8753 -36.5718 1.5696
vertex -4.8878 -37.5838 2.2788
vertex -4.5471 -36.7613 2.2788
endloop
endfacet
facet normal -0.876036 0.115332 0.468251
outer loop
vertex -5.2539 -37.4857 1.5696
vertex -5.3830 -38.4665 1.5696
vertex -5.0040 -38.4665 2.2788
endloop
endfacet
facet normal -0.876036 0.115332 0.468251
outer loop
vertex -5.2539 -37.4857 1.5696
vertex -5.0040 -38.4665 2.2788
vertex -4.8878 -37.5838 2.2788
endloop
endfacet
facet normal -0.876036 -0.115332 0.468251
outer loop
vertex -5.3830 -38.4665 1.5696
vertex -5.2539 -39.4472 1.5696
vertex -4.8878 -39.3491 2.2788
endloop
endfacet
facet normal -0.876036 -0.115332 0.468251
outer loop
vertex -5.3830 -38.4665 1.5696
vertex -4.8878 -39.3491 2.2788
vertex -5.0040 -38.4665 2.2788
endloop
endfacet
facet normal -0.816336 -0.338137 0.468251
outer loop
vertex -5.2539 -39.4472 1.5696
vertex -4.8753 -40.3612 1.5696
vertex -4.5471 -40.1717 2.2788
endloop
endfacet
facet normal -0.816336 -0.338137 0.468251
outer loop
vertex -5.2539 -39.4472 1.5696
vertex -4.5471 -40.1717 2.2788
vertex -4.8878 -39.3491 2.2788
endloop
endfacet
facet normal -0.701003 -0.537899 0.468251
outer loop
vertex -4.8753 -40.3612 1.5696
vertex -4.2731 -41.1460 1.5696
vertex -4.0051 -40.8780 2.2788
endloop
endfacet
facet normal -0.701003 -0.537899 0.468251
outer loop
vertex -4.8753 -40.3612 1.5696
vertex -4.0051 -40.8780 2.2788
vertex -4.5471 -40.1717 2.2788
endloop
endfacet
facet normal -0.537899 -0.701003 0.468251
outer loop
vertex -4.2731 -41.1460 1.5696
vertex -3.4883 -41.7482 1.5696
vertex -3.2988 -41.4200 2.2788
endloop
endfacet
facet normal -0.537899 -0.701003 0.468251
outer loop
vertex -4.2731 -41.1460 1.5696
vertex -3.2988 -41.4200 2.2788
vertex -4.0051 -40.8780 2.2788
endloop
endfacet
facet normal -0.338137 -0.816336 0.468251
outer loop
vertex -3.4883 -41.7482 1.5696
vertex -2.5744 -42.1268 1.5696
vertex -2.4763 -41.7606 2.2788
endloop
endfacet
facet normal -0.338137 -0.816336 0.468251
outer loop
vertex -3.4883 -41.7482 1.5696
vertex -2.4763 -41.7606 2.2788
vertex -3.2988 -41.4200 2.2788
endloop
endfacet
facet normal -0.115332 -0.876036 0.468251
outer loop
vertex -2.5744 -42.1268 1.5696
vertex -1.5936 -42.2559 1.5696
vertex -1.5936 -41.8769 2.2788
endloop
endfacet
facet normal -0.115332 -0.876036 0.468251
outer loop
vertex -2.5744 -42.1268 1.5696
vertex -1.5936 -41.8769 2.2788
vertex -2.4763 -41.7606 2.2788
endloop
endfacet
facet normal 0.115332 -0.876036 0.468251
outer loop
vertex -1.5936 -42.2559 1.5696
vertex -0.6128 -42.1268 1.5696
vertex -0.7109 -41.7606 2.2788
endloop
endfacet
facet normal 0.115332 -0.876036 0.468251
outer loop
vertex -1.5936 -42.2559 1.5696
vertex -0.7109 -41.7606 2.2788
vertex -1.5936 -41.8769 2.2788
endloop
endfacet
facet normal 0.338137 -0.816336 0.468251
outer loop
vertex -0.6128 -42.1268 1.5696
vertex 0.3011 -41.7482 1.5696
vertex 0.1116 -41.4200 2.2788
endloop
endfacet
facet normal 0.338137 -0.816336 0.468251
outer loop
vertex -0.6128 -42.1268 1.5696
vertex 0.1116 -41.4200 2.2788
vertex -0.7109 -41.7606 2.2788
endloop
endfacet
facet normal 0.537899 -0.701003 0.468251
outer loop
vertex 0.3011 -41.7482 1.5696
vertex 1.0859 -41.1460 1.5696
vertex 0.8179 -40.8780 2.2788
endloop
endfacet
facet normal 0.537899 -0.701003 0.468251
outer loop
vertex 0.3011 -41.7482 1.5696
vertex 0.8179 -40.8780 2.2788
vertex 0.1116 -41.4200 2.2788
endloop
endfacet
facet normal 0.701003 -0.537899 0.468251
outer loop
vertex 1.0859 -41.1460 1.5696
vertex 1.6882 -40.3612 1.5696
vertex 1.3599 -40.1717 2.2788
endloop
endfacet
facet normal 0.701003 -0.537899 0.468251
outer loop
vertex 1.0859 -41.1460 1.5696
vertex 1.3599 -40.1717 2.2788
vertex 0.8179 -40.8780 2.2788
endloop
endfacet
facet normal 0.816336 -0.338137 0.468251
outer loop
vertex 1.6882 -40.3612 1.5696
vertex 2.0667 -39.4472 1.5696
vertex 1.7006 -39.3491 2.2788
endloop
endfacet
facet normal 0.816336 -0.338137 0.468251
outer loop
vertex 1.6882 -40.3612 1.5696
vertex 1.7006 -39.3491 2.2788
vertex 1.3599 -40.1717 2.2788
endloop
endfacet
facet normal 0.876036 -0.115332 0.468251
outer loop
vertex 2.0667 -39.4472 1.5696
vertex 2.1958 -38.4665 1.5696
vertex 1.8168 -38.4665 2.2788
endloop
endfacet
facet normal 0.876036 -0.115332 0.468251
outer loop
vertex 2.0667 -39.4472 1.5696
vertex 1.8168 -38.4665 2.2788
vertex 1.7006 -39.3491 2.2788
endloop
endfacet
facet normal 0.769038 0.101246 0.631133
outer loop
vertex 1.8168 -38.4665 2.2788
vertex 1.7006 -37.5838 2.2788
vertex 1.2079 -37.7158 2.9003
endloop
endfacet
facet normal 0.769038 0.101246 0.631133
outer loop
vertex 1.8168 -38.4665 2.2788
vertex 1.2079 -37.7158 2.9003
vertex 1.3067 -38.4665 2.9003
endloop
endfacet
facet normal 0.716630 0.296838 0.631133
outer loop
vertex 1.7006 -37.5838 2.2788
vertex 1.3599 -36.7613 2.2788
vertex 0.9181 -37.0163 2.9003
endloop
endfacet
facet normal 0.716630 0.296838 0.631133
outer loop
vertex 1.7006 -37.5838 2.2788
vertex 0.9181 -37.0163 2.9003
vertex 1.2079 -37.7158 2.9003
endloop
endfacet
facet normal 0.615384 0.472201 0.631133
outer loop
vertex 1.3599 -36.7613 2.2788
vertex 0.8179 -36.0550 2.2788
vertex 0.4572 -36.4156 2.9003
endloop
endfacet
facet normal 0.615384 0.472201 0.631133
outer loop
vertex 1.3599 -36.7613 2.2788
vertex 0.4572 -36.4156 2.9003
vertex 0.9181 -37.0163 2.9003
endloop
endfacet
facet normal 0.472201 0.615384 0.631133
outer loop
vertex 0.8179 -36.0550 2.2788
vertex 0.1116 -35.5130 2.2788
vertex -0.1434 -35.9547 2.9003
endloop
endfacet
facet normal 0.472201 0.615384 0.631133
outer loop
vertex 0.8179 -36.0550 2.2788
vertex -0.1434 -35.9547 2.9003
vertex 0.4572 -36.4156 2.9003
endloop
endfacet
facet normal 0.296838 0.716630 0.631133
outer loop
vertex 0.1116 -35.5130 2.2788
vertex -0.7109 -35.1723 2.2788
vertex -0.8429 -35.6650 2.9003
endloop
endfacet
facet normal 0.296838 0.716630 0.631133
outer loop
vertex 0.1116 -35.5130 2.2788
vertex -0.8429 -35.6650 2.9003
vertex -0.1434 -35.9547 2.9003
endloop
endfacet
facet normal 0.101246 0.769038 0.631133
outer loop
vertex -0.7109 -35.1723 2.2788
vertex -1.5936 -35.0561 2.2788
vertex -1.5936 -35.5662 2.9003
endloop
endfacet
facet normal 0.101246 0.769038 0.631133
outer loop
vertex -0.7109 -35.1723 2.2788
vertex -1.5936 -35.5662 2.9003
vertex -0.8429 -35.6650 2.9003
endloop
endfacet
facet normal -0.101246 0.769038 0.631133
outer loop
vertex -1.5936 -35.0561 2.2788
vertex -2.4763 -35.1723 2.2788
vertex -2.3442 -35.6650 2.9003
endloop
endfacet
facet normal -0.101246 0.769038 0.631133
outer loop
vertex -1.5936 -35.0561 2.2788
vertex -2.3442 -35.6650 2.9003
vertex -1.5936 -35.5662 2.9003
endloop
endfacet
facet normal -0.296838 0.716630 0.631133
outer loop
vertex -2.4763 -35.1723 2.2788
vertex -3.2988 -35.5130 2.2788
vertex -3.0437 -35.9547 2.9003
endloop
endfacet
facet normal -0.296838 0.716630 0.631133
outer loop
vertex -2.4763 -35.1723 2.2788
vertex -3.0437 -35.9547 2.9003
vertex -2.3442 -35.6650 2.9003
endloop
endfacet
facet normal -0.472201 0.615384 0.631133
outer loop
vertex -3.2988 -35.5130 2.2788
vertex -4.0051 -36.0550 2.2788
vertex -3.6444 -36.4156 2.9003
endloop
endfacet
facet normal -0.472201 0.615384 0.631133
outer loop
vertex -3.2988 -35.5130 2.2788
vertex -3.6444 -36.4156 2.9003
vertex -3.0437 -35.9547 2.9003
endloop
endfacet
facet normal -0.615384 0.472201 0.631133
outer loop
vertex -4.0051 -36.0550 2.2788
vertex -4.5471 -36.7613 2.2788
vertex -4.1053 -37.0163 2.9003
endloop
endfacet
facet normal -0.615384 0.472201 0.631133
outer loop
vertex -4.0051 -36.0550 2.2788
vertex -4.1053 -37.0163 2.9003
vertex -3.6444 -36.4156 2.9003
endloop
endfacet
facet normal -0.716630 0.296838 0.631133
outer loop
vertex -4.5471 -36.7613 2.2788
vertex -4.8878 -37.5838 2.2788
vertex -4.3951 -37.7158 2.9003
endloop
endfacet
facet normal -0.716630 0.296838 0.631133
outer loop
vertex -4.5471 -36.7613 2.2788
vertex -4.3951 -37.7158 2.9003
vertex -4.1053 -37.0163 2.9003
endloop
endfacet
facet normal -0.769038 0.101246 0.631133
outer loop
vertex -4.8878 -37.5838 2.2788
vertex -5.0040 -38.4665 2.2788
vertex -4.4939 -38.4665 2.9003
endloop
endfacet
facet normal -0.769038 0.101246 0.631133
outer loop
vertex -4.8878 -37.5838 2.2788
vertex -4.4939 -38.4665 2.9003
vertex -4.3951 -37.7158 2.9003
endloop
endfacet
facet normal -0.769038 -0.101246 0.631133
outer loop
vertex -5.0040 -38.4665 2.2788
vertex -4.8878 -39.3491 2.2788
vertex -4.3951 -39.2171 2.9003
endloop
endfacet
facet normal -0.769038 -0.101246 0.631133
outer loop
vertex -5.0040 -38.4665 2.2788
vertex -4.3951 -39.2171 2.9003
vertex -4.4939 -38.4665 2.9003
endloop
endfacet
facet normal -0.716630 -0.296838 0.631133
outer loop
vertex -4.8878 -39.3491 2.2788
vertex -4.5471 -40.1717 2.2788
vertex -4.1053 -39.9166 2.9003
endloop
endfacet
facet normal -0.716630 -0.296838 0.631133
outer loop
vertex -4.8878 -39.3491 2.2788
vertex -4.1053 -39.9166 2.9003
vertex -4.3951 -39.2171 2.9003
endloop
endfacet
facet normal -0.615384 -0.472201 0.631133
outer loop
vertex -4.5471 -40.1717 2.2788
vertex -4.0051 -40.8780 2.2788
vertex -3.6444 -40.5173 2.9003
endloop
endfacet
facet normal -0.615384 -0.472201 0.631133
outer loop
vertex -4.5471 -40.1717 2.2788
vertex -3.6444 -40.5173 2.9003
vertex -4.1053 -39.9166 2.9003
endloop
endfacet
facet normal -0.472201 -0.615384 0.631133
outer loop
vertex -4.0051 -40.8780 2.2788
vertex -3.2988 -41.4200 2.2788
vertex -3.0437 -40.9782 2.9003
endloop
endfacet
facet normal -0.472201 -0.615384 0.631133
outer loop
vertex -4.0051 -40.8780 2.2788
vertex -3.0437 -40.9782 2.9003
vertex -3.6444 -40.5173 2.9003
endloop
endfacet
facet normal -0.296838 -0.716630 0.631133
outer loop
vertex -3.2988 -41.4200 2.2788
vertex -2.4763 -41.7606 2.2788
vertex -2.3442 -41.2679 2.9003
endloop
endfacet
facet normal -0.296838 -0.716630 0.631133
outer loop
vertex -3.2988 -41.4200 2.2788
vertex -2.3442 -41.2679 2.9003
vertex -3.0437 -40.9782 2.9003
endloop
endfacet
facet normal -0.101246 -0.769038 0.631133
outer loop
vertex -2.4763 -41.7606 2.2788
vertex -1.5936 -41.8769 2.2788
vertex -1.5936 -41.3668 2.9003
endloop
endfacet
facet normal -0.101246 -0.769038 0.631133
outer loop
vertex -2.4763 -41.7606 2.2788
vertex -1.5936 -41.3668 2.9003
vertex -2.3442 -41.2679 2.9003
endloop
endfacet
facet normal 0.101246 -0.769038 0.631133
outer loop
vertex -1.5936 -41.8769 2.2788
vertex -0.7109 -41.7606 2.2788
vertex -0.8429 -41.2679 2.9003
endloop
endfacet
facet normal 0.101246 -0.769038 0.631133
outer loop
vertex -1.5936 -41.8769 2.2788
vertex -0.8429 -41.2679 2.9003
vertex -1.5936 -41.3668 2.9003
endloop
endfacet
facet normal 0.296838 -0.716630 0.631133
outer loop
vertex -0.7109 -41.7606 2.2788
vertex 0.1116 -41.4200 2.2788
vertex -0.1434 -40.9782 2.9003
endloop
endfacet
facet normal 0.296838 -0.716630 0.631133
outer loop
vertex -0.7109 -41.7606 2.2788
vertex -0.1434 -40.9782 2.9003
vertex -0.8429 -41.2679 2.9003
endloop
endfacet
facet normal 0.472201 -0.615384 0.631133
outer loop
vertex 0.1116 -41.4200 2.2788
vertex 0.8179 -40.8780 2.2788
vertex 0.4572 -40.5173 2.9003
endloop
endfacet
facet normal 0.472201 -0.615384 0.631133
outer loop
vertex 0.1116 -41.4200 2.2788
vertex 0.4572 -40.5173 2.9003
vertex -0.1434 -40.9782 2.9003
endloop
endfacet
facet normal 0.615384 -0.472201 0.631133
outer loop
vertex 0.8179 -40.8780 2.2788
vertex 1.3599 -40.1717 2.2788
vertex 0.9181 -39.9166 2.9003
endloop
endfacet
facet normal 0.615384 -0.472201 0.631133
outer loop
vertex 0.8179 -40.8780 2.2788
vertex 0.9181 -39.9166 2.9003
vertex 0.4572 -40.5173 2.9003
endloop
endfacet
facet normal 0.716630 -0.296838 0.631133
outer loop
vertex 1.3599 -40.1717 2.2788
vertex 1.7006 -39.3491 2.2788
vertex 1.2079 -39.2171 2.9003
endloop
endfacet
facet normal 0.716630 -0.296838 0.631133
outer loop
vertex 1.3599 -40.1717 2.2788
vertex 1.2079 -39.2171 2.9003
vertex 0.9181 -39.9166 2.9003
endloop
endfacet
facet normal 0.769038 -0.101246 0.631133
outer loop
vertex 1.7006 -39.3491 2.2788
vertex 1.8168 -38.4665 2.2788
vertex 1.3067 -38.4665 2.9003
endloop
endfacet
facet normal 0.769038 -0.101246 0.631133
outer loop
vertex 1.7006 -39.3491 2.2788
vertex 1.3067 -38.4665 2.9003
vertex 1.2079 -39.2171 2.9003
endloop
endfacet
facet normal 0.632192 0.083230 0.770328
outer loop
vertex 1.3067 -38.4665 2.9003
vertex 1.2079 -37.7158 2.9003
vertex 0.6075 -37.8767 3.4104
endloop
endfacet
facet normal 0.632192 0.083230 0.770328
outer loop
vertex 1.3067 -38.4665 2.9003
vertex 0.6075 -37.8767 3.4104
vertex 0.6852 -38.4665 3.4104
endloop
endfacet
facet normal 0.589109 0.244017 0.770328
outer loop
vertex 1.2079 -37.7158 2.9003
vertex 0.9181 -37.0163 2.9003
vertex 0.3799 -37.3271 3.4104
endloop
endfacet
facet normal 0.589109 0.244017 0.770328
outer loop
vertex 1.2079 -37.7158 2.9003
vertex 0.3799 -37.3271 3.4104
vertex 0.6075 -37.8767 3.4104
endloop
endfacet
facet normal 0.505880 0.388175 0.770328
outer loop
vertex 0.9181 -37.0163 2.9003
vertex 0.4572 -36.4156 2.9003
vertex 0.0177 -36.8551 3.4104
endloop
endfacet
facet normal 0.505880 0.388175 0.770328
outer loop
vertex 0.9181 -37.0163 2.9003
vertex 0.0177 -36.8551 3.4104
vertex 0.3799 -37.3271 3.4104
endloop
endfacet
facet normal 0.388175 0.505880 0.770328
outer loop
vertex 0.4572 -36.4156 2.9003
vertex -0.1434 -35.9547 2.9003
vertex -0.4542 -36.4930 3.4104
endloop
endfacet
facet normal 0.388175 0.505880 0.770328
outer loop
vertex 0.4572 -36.4156 2.9003
vertex -0.4542 -36.4930 3.4104
vertex 0.0177 -36.8551 3.4104
endloop
endfacet
facet normal 0.244017 0.589109 0.770328
outer loop
vertex -0.1434 -35.9547 2.9003
vertex -0.8429 -35.6650 2.9003
vertex -1.0038 -36.2654 3.4104
endloop
endfacet
facet normal 0.244017 0.589109 0.770328
outer loop
vertex -0.1434 -35.9547 2.9003
vertex -1.0038 -36.2654 3.4104
vertex -0.4542 -36.4930 3.4104
endloop
endfacet
facet normal 0.083230 0.632192 0.770328
outer loop
vertex -0.8429 -35.6650 2.9003
vertex -1.5936 -35.5662 2.9003
vertex -1.5936 -36.1877 3.4104
endloop
endfacet
facet normal 0.083230 0.632192 0.770328
outer loop
vertex -0.8429 -35.6650 2.9003
vertex -1.5936 -36.1877 3.4104
vertex -1.0038 -36.2654 3.4104
endloop
endfacet
facet normal -0.083230 0.632192 0.770328
outer loop
vertex -1.5936 -35.5662 2.9003
vertex -2.3442 -35.6650 2.9003
vertex -2.1834 -36.2654 3.4104
endloop
endfacet
facet normal -0.083230 0.632192 0.770328
outer loop
vertex -1.5936 -35.5662 2.9003
vertex -2.1834 -36.2654 3.4104
vertex -1.5936 -36.1877 3.4104
endloop
endfacet
facet normal -0.244017 0.589109 0.770328
outer loop
vertex -2.3442 -35.6650 2.9003
vertex -3.0437 -35.9547 2.9003
vertex -2.7330 -36.4930 3.4104
endloop
endfacet
facet normal -0.244017 0.589109 0.770328
outer loop
vertex -2.3442 -35.6650 2.9003
vertex -2.7330 -36.4930 3.4104
vertex -2.1834 -36.2654 3.4104
endloop
endfacet
facet normal -0.388175 0.505880 0.770328
outer loop
vertex -3.0437 -35.9547 2.9003
vertex -3.6444 -36.4156 2.9003
vertex -3.2049 -36.8551 3.4104
endloop
endfacet
facet normal -0.388175 0.505880 0.770328
outer loop
vertex -3.0437 -35.9547 2.9003
vertex -3.2049 -36.8551 3.4104
vertex -2.7330 -36.4930 3.4104
endloop
endfacet
facet normal -0.505880 0.388175 0.770328
outer loop
vertex -3.6444 -36.4156 2.9003
vertex -4.1053 -37.0163 2.9003
vertex -3.5670 -37.3271 3.4104
endloop
endfacet
facet normal -0.505880 0.388175 0.770328
outer loop
vertex -3.6444 -36.4156 2.9003
vertex -3.5670 -37.3271 3.4104
vertex -3.2049 -36.8551 3.4104
endloop
endfacet
facet normal -0.589109 0.244017 0.770328
outer loop
vertex -4.1053 -37.0163 2.9003
vertex -4.3951 -37.7158 2.9003
vertex -3.7947 -37.8767 3.4104
endloop
endfacet
facet normal -0.589109 0.244017 0.770328
outer loop
vertex -4.1053 -37.0163 2.9003
vertex -3.7947 -37.8767 3.4104
vertex -3.5670 -37.3271 3.4104
endloop
endfacet
facet normal -0.632192 0.083230 0.770328
outer loop
vertex -4.3951 -37.7158 2.9003
vertex -4.4939 -38.4665 2.9003
vertex -3.8723 -38.4665 3.4104
endloop
endfacet
facet normal -0.632192 0.083230 0.770328
outer loop
vertex -4.3951 -37.7158 2.9003
vertex -3.8723 -38.4665 3.4104
vertex -3.7947 -37.8767 3.4104
endloop
endfacet
facet normal -0.632192 -0.083230 0.770328
outer loop
vertex -4.4939 -38.4665 2.9003
vertex -4.3951 -39.2171 2.9003
vertex -3.7947 -39.0562 3.4104
endloop
endfacet
facet normal -0.632192 -0.083230 0.770328
outer loop
vertex -4.4939 -38.4665 2.9003
vertex -3.7947 -39.0562 3.4104
vertex -3.8723 -38.4665 3.4104
endloop
endfacet
facet normal -0.589109 -0.244017 0.770328
outer loop
vertex -4.3951 -39.2171 2.9003
vertex -4.1053 -39.9166 2.9003
vertex -3.5670 -39.6058 3.4104
endloop
endfacet
facet normal -0.589109 -0.244017 0.770328
outer loop
vertex -4.3951 -39.2171 2.9003
vertex -3.5670 -39.6058 3.4104
vertex -3.7947 -39.0562 3.4104
endloop
endfacet
facet normal -0.505880 -0.388175 0.770328
outer loop
vertex -4.1053 -39.9166 2.9003
vertex -3.6444 -40.5173 2.9003
vertex -3.2049 -40.0778 3.4104
endloop
endfacet
facet normal -0.505880 -0.388175 0.770328
outer loop
vertex -4.1053 -39.9166 2.9003
vertex -3.2049 -40.0778 3.4104
vertex -3.5670 -39.6058 3.4104
endloop
endfacet
facet normal -0.388175 -0.505880 0.770328
outer loop
vertex -3.6444 -40.5173 2.9003
vertex -3.0437 -40.9782 2.9003
vertex -2.7330 -40.4399 3.4104
endloop
endfacet
facet normal -0.388175 -0.505880 0.770328
outer loop
vertex -3.6444 -40.5173 2.9003
vertex -2.7330 -40.4399 3.4104
vertex -3.2049 -40.0778 3.4104
endloop
endfacet
facet normal -0.244017 -0.589109 0.770328
outer loop
vertex -3.0437 -40.9782 2.9003
vertex -2.3442 -41.2679 2.9003
vertex -2.1834 -40.6676 3.4104
endloop
endfacet
facet normal -0.244017 -0.589109 0.770328
outer loop
vertex -3.0437 -40.9782 2.9003
vertex -2.1834 -40.6676 3.4104
vertex -2.7330 -40.4399 3.4104
endloop
endfacet
facet normal -0.083230 -0.632192 0.770328
outer loop
vertex -2.3442 -41.2679 2.9003
vertex -1.5936 -41.3668 2.9003
vertex -1.5936 -40.7452 3.4104
endloop
endfacet
facet normal -0.083230 -0.632192 0.770328
outer loop
vertex -2.3442 -41.2679 2.9003
vertex -1.5936 -40.7452 3.4104
vertex -2.1834 -40.6676 3.4104
endloop
endfacet
facet normal 0.083230 -0.632192 0.770328
outer loop
vertex -1.5936 -41.3668 2.9003
vertex -0.8429 -41.2679 2.9003
vertex -1.0038 -40.6676 3.4104
endloop
endfacet
facet normal 0.083230 -0.632192 0.770328
outer loop
vertex -1.5936 -41.3668 2.9003
vertex -1.0038 -40.6676 3.4104
vertex -1.5936 -40.7452 3.4104
endloop
endfacet
facet normal 0.244017 -0.589109 0.770328
outer loop
vertex -0.8429 -41.2679 2.9003
vertex -0.1434 -40.9782 2.9003
vertex -0.4542 -40.4399 3.4104
endloop
endfacet
facet normal 0.244017 -0.589109 0.770328
outer loop
vertex -0.8429 -41.2679 2.9003
vertex -0.4542 -40.4399 3.4104
vertex -1.0038 -40.6676 3.4104
endloop
endfacet
facet normal 0.388175 -0.505880 0.770328
outer loop
vertex -0.1434 -40.9782 2.9003
vertex 0.4572 -40.5173 2.9003
vertex 0.0177 -40.0778 3.4104
endloop
endfacet
facet normal 0.388175 -0.505880 0.770328
outer loop
vertex -0.1434 -40.9782 2.9003
vertex 0.0177 -40.0778 3.4104
vertex -0.4542 -40.4399 3.4104
endloop
endfacet
facet normal 0.505880 -0.388175 0.770328
outer loop
vertex 0.4572 -40.5173 2.9003
vertex 0.9181 -39.9166 2.9003
vertex 0.3799 -39.6058 3.4104
endloop
endfacet
facet normal 0.505880 -0.388175 0.770328
outer loop
vertex 0.4572 -40.5173 2.9003
vertex 0.3799 -39.6058 3.4104
vertex 0.0177 -40.0778 3.4104
endloop
endfacet
facet normal 0.589109 -0.244017 0.770328
outer loop
vertex 0.9181 -39.9166 2.9003
vertex 1.2079 -39.2171 2.9003
vertex 0.6075 -39.0562 3.4104
endloop
endfacet
facet normal 0.589109 -0.244017 0.770328
outer loop
vertex 0.9181 -39.9166 2.9003
vertex 0.6075 -39.0562 3.4104
vertex 0.3799 -39.6058 3.4104
endloop
endfacet
facet normal 0.632192 -0.083230 0.770328
outer loop
vertex 1.2079 -39.2171 2.9003
vertex 1.3067 -38.4665 2.9003
vertex 0.6852 -38.4665 3.4104
endloop
endfacet
facet normal 0.632192 -0.083230 0.770328
outer loop
vertex 1.2079 -39.2171 2.9003
vertex 0.6852 -38.4665 3.4104
vertex 0.6075 -39.0562 3.4104
endloop
endfacet
facet normal 0.470492 0.061941 0.880228
outer loop
vertex 0.6852 -38.4665 3.4104
vertex 0.6075 -37.8767 3.4104
vertex -0.0774 -38.0602 3.7894
endloop
endfacet
facet normal 0.470492 0.061941 0.880228
outer loop
vertex 0.6852 -38.4665 3.4104
vertex -0.0774 -38.0602 3.7894
vertex -0.0240 -38.4665 3.7894
endloop
endfacet
facet normal 0.438428 0.181603 0.880228
outer loop
vertex 0.6075 -37.8767 3.4104
vertex 0.3799 -37.3271 3.4104
vertex -0.2342 -37.6816 3.7894
endloop
endfacet
facet normal 0.438428 0.181603 0.880228
outer loop
vertex 0.6075 -37.8767 3.4104
vertex -0.2342 -37.6816 3.7894
vertex -0.0774 -38.0602 3.7894
endloop
endfacet
facet normal 0.376487 0.288889 0.880228
outer loop
vertex 0.3799 -37.3271 3.4104
vertex 0.0177 -36.8551 3.4104
vertex -0.4837 -37.3566 3.7894
endloop
endfacet
facet normal 0.376487 0.288889 0.880228
outer loop
vertex 0.3799 -37.3271 3.4104
vertex -0.4837 -37.3566 3.7894
vertex -0.2342 -37.6816 3.7894
endloop
endfacet
facet normal 0.288889 0.376487 0.880228
outer loop
vertex 0.0177 -36.8551 3.4104
vertex -0.4542 -36.4930 3.4104
vertex -0.8088 -37.1071 3.7894
endloop
endfacet
facet normal 0.288889 0.376487 0.880228
outer loop
vertex 0.0177 -36.8551 3.4104
vertex -0.8088 -37.1071 3.7894
vertex -0.4837 -37.3566 3.7894
endloop
endfacet
facet normal 0.181603 0.438428 0.880228
outer loop
vertex -0.4542 -36.4930 3.4104
vertex -1.0038 -36.2654 3.4104
vertex -1.1873 -36.9503 3.7894
endloop
endfacet
facet normal 0.181603 0.438428 0.880228
outer loop
vertex -0.4542 -36.4930 3.4104
vertex -1.1873 -36.9503 3.7894
vertex -0.8088 -37.1071 3.7894
endloop
endfacet
facet normal 0.061941 0.470492 0.880228
outer loop
vertex -1.0038 -36.2654 3.4104
vertex -1.5936 -36.1877 3.4104
vertex -1.5936 -36.8968 3.7894
endloop
endfacet
facet normal 0.061941 0.470492 0.880228
outer loop
vertex -1.0038 -36.2654 3.4104
vertex -1.5936 -36.8968 3.7894
vertex -1.1873 -36.9503 3.7894
endloop
endfacet
facet normal -0.061941 0.470492 0.880228
outer loop
vertex -1.5936 -36.1877 3.4104
vertex -2.1834 -36.2654 3.4104
vertex -1.9998 -36.9503 3.7894
endloop
endfacet
facet normal -0.061941 0.470492 0.880228
outer loop
vertex -1.5936 -36.1877 3.4104
vertex -1.9998 -36.9503 3.7894
vertex -1.5936 -36.8968 3.7894
endloop
endfacet
facet normal -0.181603 0.438428 0.880228
outer loop
vertex -2.1834 -36.2654 3.4104
vertex -2.7330 -36.4930 3.4104
vertex -2.3784 -37.1071 3.7894
endloop
endfacet
facet normal -0.181603 0.438428 0.880228
outer loop
vertex -2.1834 -36.2654 3.4104
vertex -2.3784 -37.1071 3.7894
vertex -1.9998 -36.9503 3.7894
endloop
endfacet
facet normal -0.288889 0.376487 0.880228
outer loop
vertex -2.7330 -36.4930 3.4104
vertex -3.2049 -36.8551 3.4104
vertex -2.7035 -37.3566 3.7894
endloop
endfacet
facet normal -0.288889 0.376487 0.880228
outer loop
vertex -2.7330 -36.4930 3.4104
vertex -2.7035 -37.3566 3.7894
vertex -2.3784 -37.1071 3.7894
endloop
endfacet
facet normal -0.376487 0.288889 0.880228
outer loop
vertex -3.2049 -36.8551 3.4104
vertex -3.5670 -37.3271 3.4104
vertex -2.9529 -37.6816 3.7894
endloop
endfacet
facet normal -0.376487 0.288889 0.880228
outer loop
vertex -3.2049 -36.8551 3.4104
vertex -2.9529 -37.6816 3.7894
vertex -2.7035 -37.3566 3.7894
endloop
endfacet
facet normal -0.438428 0.181603 0.880228
outer loop
vertex -3.5670 -37.3271 3.4104
vertex -3.7947 -37.8767 3.4104
vertex -3.1097 -38.0602 3.7894
endloop
endfacet
facet normal -0.438428 0.181603 0.880228
outer loop
vertex -3.5670 -37.3271 3.4104
vertex -3.1097 -38.0602 3.7894
vertex -2.9529 -37.6816 3.7894
endloop
endfacet
facet normal -0.470492 0.061941 0.880228
outer loop
vertex -3.7947 -37.8767 3.4104
vertex -3.8723 -38.4665 3.4104
vertex -3.1632 -38.4665 3.7894
endloop
endfacet
facet normal -0.470492 0.061941 0.880228
outer loop
vertex -3.7947 -37.8767 3.4104
vertex -3.1632 -38.4665 3.7894
vertex -3.1097 -38.0602 3.7894
endloop
endfacet
facet normal -0.470492 -0.061941 0.880228
outer loop
vertex -3.8723 -38.4665 3.4104
vertex -3.7947 -39.0562 3.4104
vertex -3.1097 -38.8727 3.7894
endloop
endfacet
facet normal -0.470492 -0.061941 0.880228
outer loop
vertex -3.8723 -38.4665 3.4104
vertex -3.1097 -38.8727 3.7894
vertex -3.1632 -38.4665 3.7894
endloop
endfacet
facet normal -0.438428 -0.181603 0.880228
outer loop
vertex -3.7947 -39.0562 3.4104
vertex -3.5670 -39.6058 3.4104
vertex -2.9529 -39.2513 3.7894
endloop
endfacet
facet normal -0.438428 -0.181603 0.880228
outer loop
vertex -3.7947 -39.0562 3.4104
vertex -2.9529 -39.2513 3.7894
vertex -3.1097 -38.8727 3.7894
endloop
endfacet
facet normal -0.376487 -0.288889 0.880228
outer loop
vertex -3.5670 -39.6058 3.4104
vertex -3.2049 -40.0778 3.4104
vertex -2.7035 -39.5764 3.7894
endloop
endfacet
facet normal -0.376487 -0.288889 0.880228
outer loop
vertex -3.5670 -39.6058 3.4104
vertex -2.7035 -39.5764 3.7894
vertex -2.9529 -39.2513 3.7894
endloop
endfacet
facet normal -0.288889 -0.376487 0.880228
outer loop
vertex -3.2049 -40.0778 3.4104
vertex -2.7330 -40.4399 3.4104
vertex -2.3784 -39.8258 3.7894
endloop
endfacet
facet normal -0.288889 -0.376487 0.880228
outer loop
vertex -3.2049 -40.0778 3.4104
vertex -2.3784 -39.8258 3.7894
vertex -2.7035 -39.5764 3.7894
endloop
endfacet
facet normal -0.181603 -0.438428 0.880228
outer loop
vertex -2.7330 -40.4399 3.4104
vertex -2.1834 -40.6676 3.4104
vertex -1.9998 -39.9826 3.7894
endloop
endfacet
facet normal -0.181603 -0.438428 0.880228
outer loop
vertex -2.7330 -40.4399 3.4104
vertex -1.9998 -39.9826 3.7894
vertex -2.3784 -39.8258 3.7894
endloop
endfacet
facet normal -0.061941 -0.470492 0.880228
outer loop
vertex -2.1834 -40.6676 3.4104
vertex -1.5936 -40.7452 3.4104
vertex -1.5936 -40.0361 3.7894
endloop
endfacet
facet normal -0.061941 -0.470492 0.880228
outer loop
vertex -2.1834 -40.6676 3.4104
vertex -1.5936 -40.0361 3.7894
vertex -1.9998 -39.9826 3.7894
endloop
endfacet
facet normal 0.061941 -0.470492 0.880228
outer loop
vertex -1.5936 -40.7452 3.4104
vertex -1.0038 -40.6676 3.4104
vertex -1.1873 -39.9826 3.7894
endloop
endfacet
facet normal 0.061941 -0.470492 0.880228
outer loop
vertex -1.5936 -40.7452 3.4104
vertex -1.1873 -39.9826 3.7894
vertex -1.5936 -40.0361 3.7894
endloop
endfacet
facet normal 0.181603 -0.438428 0.880228
outer loop
vertex -1.0038 -40.6676 3.4104
vertex -0.4542 -40.4399 3.4104
vertex -0.8088 -39.8258 3.7894
endloop
endfacet
facet normal 0.181603 -0.438428 0.880228
outer loop
vertex -1.0038 -40.6676 3.4104
vertex -0.8088 -39.8258 3.7894
vertex -1.1873 -39.9826 3.7894
endloop
endfacet
facet normal 0.288889 -0.376487 0.880228
outer loop
vertex -0.4542 -40.4399 3.4104
vertex 0.0177 -40.0778 3.4104
vertex -0.4837 -39.5764 3.7894
endloop
endfacet
facet normal 0.288889 -0.376487 0.880228
outer loop
vertex -0.4542 -40.4399 3.4104
vertex -0.4837 -39.5764 3.7894
vertex -0.8088 -39.8258 3.7894
endloop
endfacet
facet normal 0.376487 -0.288889 0.880228
outer loop
vertex 0.0177 -40.0778 3.4104
vertex 0.3799 -39.6058 3.4104
vertex -0.2342 -39.2513 3.7894
endloop
endfacet
facet normal 0.376487 -0.288889 0.880228
outer loop
vertex 0.0177 -40.0778 3.4104
vertex -0.2342 -39.2513 3.7894
vertex -0.4837 -39.5764 3.7894
endloop
endfacet
facet normal 0.438428 -0.181603 0.880228
outer loop
vertex 0.3799 -39.6058 3.4104
vertex 0.6075 -39.0562 3.4104
vertex -0.0774 -38.8727 3.7894
endloop
endfacet
facet normal 0.438428 -0.181603 0.880228
outer loop
vertex 0.3799 -39.6058 3.4104
vertex -0.0774 -38.8727 3.7894
vertex -0.2342 -39.2513 3.7894
endloop
endfacet
facet normal 0.470492 -0.061941 0.880228
outer loop
vertex 0.6075 -39.0562 3.4104
vertex 0.6852 -38.4665 3.4104
vertex -0.0240 -38.4665 3.7894
endloop
endfacet
facet normal 0.470492 -0.061941 0.880228
outer loop
vertex 0.6075 -39.0562 3.4104
vertex -0.0240 -38.4665 3.7894
vertex -0.0774 -38.8727 3.7894
endloop
endfacet
facet normal 0.290073 0.038189 0.956242
outer loop
vertex -0.0240 -38.4665 3.7894
vertex -0.0774 -38.0602 3.7894
vertex -0.8207 -38.2594 4.0228
endloop
endfacet
facet normal 0.290073 0.038189 0.956242
outer loop
vertex -0.0240 -38.4665 3.7894
vertex -0.8207 -38.2594 4.0228
vertex -0.7934 -38.4665 4.0228
endloop
endfacet
facet normal 0.270305 0.111964 0.956242
outer loop
vertex -0.0774 -38.0602 3.7894
vertex -0.2342 -37.6816 3.7894
vertex -0.9006 -38.0664 4.0228
endloop
endfacet
facet normal 0.270305 0.111964 0.956242
outer loop
vertex -0.0774 -38.0602 3.7894
vertex -0.9006 -38.0664 4.0228
vertex -0.8207 -38.2594 4.0228
endloop
endfacet
facet normal 0.232116 0.178109 0.956242
outer loop
vertex -0.2342 -37.6816 3.7894
vertex -0.4837 -37.3566 3.7894
vertex -1.0278 -37.9006 4.0228
endloop
endfacet
facet normal 0.232116 0.178109 0.956242
outer loop
vertex -0.2342 -37.6816 3.7894
vertex -1.0278 -37.9006 4.0228
vertex -0.9006 -38.0664 4.0228
endloop
endfacet
facet normal 0.178109 0.232116 0.956242
outer loop
vertex -0.4837 -37.3566 3.7894
vertex -0.8088 -37.1071 3.7894
vertex -1.1935 -37.7735 4.0228
endloop
endfacet
facet normal 0.178109 0.232116 0.956242
outer loop
vertex -0.4837 -37.3566 3.7894
vertex -1.1935 -37.7735 4.0228
vertex -1.0278 -37.9006 4.0228
endloop
endfacet
facet normal 0.111964 0.270305 0.956242
outer loop
vertex -0.8088 -37.1071 3.7894
vertex -1.1873 -36.9503 3.7894
vertex -1.3865 -37.6935 4.0228
endloop
endfacet
facet normal 0.111964 0.270305 0.956242
outer loop
vertex -0.8088 -37.1071 3.7894
vertex -1.3865 -37.6935 4.0228
vertex -1.1935 -37.7735 4.0228
endloop
endfacet
facet normal 0.038189 0.290073 0.956242
outer loop
vertex -1.1873 -36.9503 3.7894
vertex -1.5936 -36.8968 3.7894
vertex -1.5936 -37.6663 4.0228
endloop
endfacet
facet normal 0.038189 0.290073 0.956242
outer loop
vertex -1.1873 -36.9503 3.7894
vertex -1.5936 -37.6663 4.0228
vertex -1.3865 -37.6935 4.0228
endloop
endfacet
facet normal -0.038189 0.290073 0.956242
outer loop
vertex -1.5936 -36.8968 3.7894
vertex -1.9998 -36.9503 3.7894
vertex -1.8007 -37.6935 4.0228
endloop
endfacet
facet normal -0.038189 0.290073 0.956242
outer loop
vertex -1.5936 -36.8968 3.7894
vertex -1.8007 -37.6935 4.0228
vertex -1.5936 -37.6663 4.0228
endloop
endfacet
facet normal -0.111964 0.270305 0.956242
outer loop
vertex -1.9998 -36.9503 3.7894
vertex -2.3784 -37.1071 3.7894
vertex -1.9937 -37.7735 4.0228
endloop
endfacet
facet normal -0.111964 0.270305 0.956242
outer loop
vertex -1.9998 -36.9503 3.7894
vertex -1.9937 -37.7735 4.0228
vertex -1.8007 -37.6935 4.0228
endloop
endfacet
facet normal -0.178109 0.232116 0.956242
outer loop
vertex -2.3784 -37.1071 3.7894
vertex -2.7035 -37.3566 3.7894
vertex -2.1594 -37.9006 4.0228
endloop
endfacet
facet normal -0.178109 0.232116 0.956242
outer loop
vertex -2.3784 -37.1071 3.7894
vertex -2.1594 -37.9006 4.0228
vertex -1.9937 -37.7735 4.0228
endloop
endfacet
facet normal -0.232116 0.178109 0.956242
outer loop
vertex -2.7035 -37.3566 3.7894
vertex -2.9529 -37.6816 3.7894
vertex -2.2866 -38.0664 4.0228
endloop
endfacet
facet normal -0.232116 0.178109 0.956242
outer loop
vertex -2.7035 -37.3566 3.7894
vertex -2.2866 -38.0664 4.0228
vertex -2.1594 -37.9006 4.0228
endloop
endfacet
facet normal -0.270305 0.111964 0.956242
outer loop
vertex -2.9529 -37.6816 3.7894
vertex -3.1097 -38.0602 3.7894
vertex -2.3665 -38.2594 4.0228
endloop
endfacet
facet normal -0.270305 0.111964 0.956242
outer loop
vertex -2.9529 -37.6816 3.7894
vertex -2.3665 -38.2594 4.0228
vertex -2.2866 -38.0664 4.0228
endloop
endfacet
facet normal -0.290073 0.038189 0.956242
outer loop
vertex -3.1097 -38.0602 3.7894
vertex -3.1632 -38.4665 3.7894
vertex -2.3938 -38.4665 4.0228
endloop
endfacet
facet normal -0.290073 0.038189 0.956242
outer loop
vertex -3.1097 -38.0602 3.7894
vertex -2.3938 -38.4665 4.0228
vertex -2.3665 -38.2594 4.0228
endloop
endfacet
facet normal -0.290073 -0.038189 0.956242
outer loop
vertex -3.1632 -38.4665 3.7894
vertex -3.1097 -38.8727 3.7894
vertex -2.3665 -38.6736 4.0228
endloop
endfacet
facet normal -0.290073 -0.038189 0.956242
outer loop
vertex -3.1632 -38.4665 3.7894
vertex -2.3665 -38.6736 4.0228
vertex -2.3938 -38.4665 4.0228
endloop
endfacet
facet normal -0.270305 -0.111964 0.956242
outer loop
vertex -3.1097 -38.8727 3.7894
vertex -2.9529 -39.2513 3.7894
vertex -2.2866 -38.8666 4.0228
endloop
endfacet
facet normal -0.270305 -0.111964 0.956242
outer loop
vertex -3.1097 -38.8727 3.7894
vertex -2.2866 -38.8666 4.0228
vertex -2.3665 -38.6736 4.0228
endloop
endfacet
facet normal -0.232116 -0.178109 0.956242
outer loop
vertex -2.9529 -39.2513 3.7894
vertex -2.7035 -39.5764 3.7894
vertex -2.1594 -39.0323 4.0228
endloop
endfacet
facet normal -0.232116 -0.178109 0.956242
outer loop
vertex -2.9529 -39.2513 3.7894
vertex -2.1594 -39.0323 4.0228
vertex -2.2866 -38.8666 4.0228
endloop
endfacet
facet normal -0.178109 -0.232116 0.956242
outer loop
vertex -2.7035 -39.5764 3.7894
vertex -2.3784 -39.8258 3.7894
vertex -1.9937 -39.1594 4.0228
endloop
endfacet
facet normal -0.178109 -0.232116 0.956242
outer loop
vertex -2.7035 -39.5764 3.7894
vertex -1.9937 -39.1594 4.0228
vertex -2.1594 -39.0323 4.0228
endloop
endfacet
facet normal -0.111964 -0.270305 0.956242
outer loop
vertex -2.3784 -39.8258 3.7894
vertex -1.9998 -39.9826 3.7894
vertex -1.8007 -39.2394 4.0228
endloop
endfacet
facet normal -0.111964 -0.270305 0.956242
outer loop
vertex -2.3784 -39.8258 3.7894
vertex -1.8007 -39.2394 4.0228
vertex -1.9937 -39.1594 4.0228
endloop
endfacet
facet normal -0.038189 -0.290073 0.956242
outer loop
vertex -1.9998 -39.9826 3.7894
vertex -1.5936 -40.0361 3.7894
vertex -1.5936 -39.2667 4.0228
endloop
endfacet
facet normal -0.038189 -0.290073 0.956242
outer loop
vertex -1.9998 -39.9826 3.7894
vertex -1.5936 -39.2667 4.0228
vertex -1.8007 -39.2394 4.0228
endloop
endfacet
facet normal 0.038189 -0.290073 0.956242
outer loop
vertex -1.5936 -40.0361 3.7894
vertex -1.1873 -39.9826 3.7894
vertex -1.3865 -39.2394 4.0228
endloop
endfacet
facet normal 0.038189 -0.290073 0.956242
outer loop
vertex -1.5936 -40.0361 3.7894
vertex -1.3865 -39.2394 4.0228
vertex -1.5936 -39.2667 4.0228
endloop
endfacet
facet normal 0.111964 -0.270305 0.956242
outer loop
vertex -1.1873 -39.9826 3.7894
vertex -0.8088 -39.8258 3.7894
vertex -1.1935 -39.1594 4.0228
endloop
endfacet
facet normal 0.111964 -0.270305 0.956242
outer loop
vertex -1.1873 -39.9826 3.7894
vertex -1.1935 -39.1594 4.0228
vertex -1.3865 -39.2394 4.0228
endloop
endfacet
facet normal 0.178109 -0.232116 0.956242
outer loop
vertex -0.8088 -39.8258 3.7894
vertex -0.4837 -39.5764 3.7894
vertex -1.0278 -39.0323 4.0228
endloop
endfacet
facet normal 0.178109 -0.232116 0.956242
outer loop
vertex -0.8088 -39.8258 3.7894
vertex -1.0278 -39.0323 4.0228
vertex -1.1935 -39.1594 4.0228
endloop
endfacet
facet normal 0.232116 -0.178109 0.956242
outer loop
vertex -0.4837 -39.5764 3.7894
vertex -0.2342 -39.2513 3.7894
vertex -0.9006 -38.8666 4.0228
endloop
endfacet
facet normal 0.232116 -0.178109 0.956242
outer loop
vertex -0.4837 -39.5764 3.7894
vertex -0.9006 -38.8666 4.0228
vertex -1.0278 -39.0323 4.0228
endloop
endfacet
facet normal 0.270305 -0.111964 0.956242
outer loop
vertex -0.2342 -39.2513 3.7894
vertex -0.0774 -38.8727 3.7894
vertex -0.8207 -38.6736 4.0228
endloop
endfacet
facet normal 0.270305 -0.111964 0.956242
outer loop
vertex -0.2342 -39.2513 3.7894
vertex -0.8207 -38.6736 4.0228
vertex -0.9006 -38.8666 4.0228
endloop
endfacet
facet normal 0.290073 -0.038189 0.956242
outer loop
vertex -0.0774 -38.8727 3.7894
vertex -0.0240 -38.4665 3.7894
vertex -0.7934 -38.4665 4.0228
endloop
endfacet
facet normal 0.290073 -0.038189 0.956242
outer loop
vertex -0.0774 -38.8727 3.7894
vertex -0.7934 -38.4665 4.0228
vertex -0.8207 -38.6736 4.0228
endloop
endfacet
facet normal 0.098009 0.012903 0.995102
outer loop
vertex -0.7934 -38.4665 4.0228
vertex -0.8207 -38.2594 4.0228
vertex -1.5936 -38.4665 4.1016
endloop
endfacet
facet normal 0.091330 0.037830 0.995102
outer loop
vertex -0.8207 -38.2594 4.0228
vertex -0.9006 -38.0664 4.0228
vertex -1.5936 -38.4665 4.1016
endloop
endfacet
facet normal 0.078427 0.060179 0.995102
outer loop
vertex -0.9006 -38.0664 4.0228
vertex -1.0278 -37.9006 4.0228
vertex -1.5936 -38.4665 4.1016
endloop
endfacet
facet normal 0.060179 0.078427 0.995102
outer loop
vertex -1.0278 -37.9006 4.0228
vertex -1.1935 -37.7735 4.0228
vertex -1.5936 -38.4665 4.1016
endloop
endfacet
facet normal 0.037830 0.091330 0.995102
outer loop
vertex -1.1935 -37.7735 4.0228
vertex -1.3865 -37.6935 4.0228
vertex -1.5936 -38.4665 4.1016
endloop
endfacet
facet normal 0.012903 0.098009 0.995102
outer loop
vertex -1.3865 -37.6935 4.0228
vertex -1.5936 -37.6663 4.0228
vertex -1.5936 -38.4665 4.1016
endloop
endfacet
facet normal -0.012903 0.098009 0.995102
outer loop
vertex -1.5936 -37.6663 4.0228
vertex -1.8007 -37.6935 4.0228
vertex -1.5936 -38.4665 4.1016
endloop
endfacet
facet normal -0.037830 0.091330 0.995102
outer loop
vertex -1.8007 -37.6935 4.0228
vertex -1.9937 -37.7735 4.0228
vertex -1.5936 -38.4665 4.1016
endloop
endfacet
facet normal -0.060179 0.078427 0.995102
outer loop
vertex -1.9937 -37.7735 4.0228
vertex -2.1594 -37.9006 4.0228
vertex -1.5936 -38.4665 4.1016
endloop
endfacet
facet normal -0.078427 0.060179 0.995102
outer loop
vertex -2.1594 -37.9006 4.0228
vertex -2.2866 -38.0664 4.0228
vertex -1.5936 -38.4665 4.1016
endloop
endfacet
facet normal -0.091330 0.037830 0.995102
outer loop
vertex -2.2866 -38.0664 4.0228
vertex -2.3665 -38.2594 4.0228
vertex -1.5936 -38.4665 4.1016
endloop
endfacet
facet normal -0.098009 0.012903 0.995102
outer loop
vertex -2.3665 -38.2594 4.0228
vertex -2.3938 -38.4665 4.0228
vertex -1.5936 -38.4665 4.1016
endloop
endfacet
facet normal -0.098009 -0.012903 0.995102
outer loop
vertex -2.3938 -38.4665 4.0228
vertex -2.3665 -38.6736 4.0228
vertex -1.5936 -38.4665 4.1016
endloop
endfacet
facet normal -0.091330 -0.037830 0.995102
outer loop
vertex -2.3665 -38.6736 4.0228
vertex -2.2866 -38.8666 4.0228
vertex -1.5936 -38.4665 4.1016
endloop
endfacet
facet normal -0.078427 -0.060179 0.995102
outer loop
vertex -2.2866 -38.8666 4.0228
vertex -2.1594 -39.0323 4.0228
vertex -1.5936 -38.4665 4.1016
endloop
endfacet
facet normal -0.060179 -0.078427 0.995102
outer loop
vertex -2.1594 -39.0323 4.0228
vertex -1.9937 -39.1594 4.0228
vertex -1.5936 -38.4665 4.1016
endloop
endfacet
facet normal -0.037830 -0.091330 0.995102
outer loop
vertex -1.9937 -39.1594 4.0228
vertex -1.8007 -39.2394 4.0228
vertex -1.5936 -38.4665 4.1016
endloop
endfacet
facet normal -0.012903 -0.098009 0.995102
outer loop
vertex -1.8007 -39.2394 4.0228
vertex -1.5936 -39.2667 4.0228
vertex -1.5936 -38.4665 4.1016
endloop
endfacet
facet normal 0.012903 -0.098009 0.995102
outer loop
vertex -1.5936 -39.2667 4.0228
vertex -1.3865 -39.2394 4.0228
vertex -1.5936 -38.4665 4.1016
endloop
endfacet
facet normal 0.037830 -0.091330 0.995102
outer loop
vertex -1.3865 -39.2394 4.0228
vertex -1.1935 -39.1594 4.0228
vertex -1.5936 -38.4665 4.1016
endloop
endfacet
facet normal 0.060179 -0.078427 0.995102
outer loop
vertex -1.1935 -39.1594 4.0228
vertex -1.0278 -39.0323 4.0228
vertex -1.5936 -38.4665 4.1016
endloop
endfacet
facet normal 0.078427 -0.060179 0.995102
outer loop
vertex -1.0278 -39.0323 4.0228
vertex -0.9006 -38.8666 4.0228
vertex -1.5936 -38.4665 4.1016
endloop
endfacet
facet normal 0.091330 -0.037830 0.995102
outer loop
vertex -0.9006 -38.8666 4.0228
vertex -0.8207 -38.6736 4.0228
vertex -1.5936 -38.4665 4.1016
endloop
endfacet
facet normal 0.098009 -0.012903 0.995102
outer loop
vertex -0.8207 -38.6736 4.0228
vertex -0.7934 -38.4665 4.0228
vertex -1.5936 -38.4665 4.1016
endloop
endfacet
facet normal 0.986752 0.129908 0.097187
outer loop
vertex 30.2208 -18.7407 0.0000
vertex 30.0513 -17.4531 0.0000
vertex 29.9590 -17.4779 0.9705
endloop
endfacet
facet normal 0.986752 0.129908 0.097187
outer loop
vertex 30.2208 -18.7407 0.0000
vertex 29.9590 -17.4779 0.9705
vertex 30.1253 -18.7407 0.9705
endloop
endfacet
facet normal 0.919506 0.380872 0.097187
outer loop
vertex 30.0513 -17.4531 0.0000
vertex 29.5544 -16.2534 0.0000
vertex 29.4716 -16.3012 0.9705
endloop
endfacet
facet normal 0.919506 0.380872 0.097187
outer loop
vertex 30.0513 -17.4531 0.0000
vertex 29.4716 -16.3012 0.9705
vertex 29.9590 -17.4779 0.9705
endloop
endfacet
facet normal 0.789598 0.605880 0.097187
outer loop
vertex 29.5544 -16.2534 0.0000
vertex 28.7638 -15.2231 0.0000
vertex 28.6962 -15.2907 0.9705
endloop
endfacet
facet normal 0.789598 0.605880 0.097187
outer loop
vertex 29.5544 -16.2534 0.0000
vertex 28.6962 -15.2907 0.9705
vertex 29.4716 -16.3012 0.9705
endloop
endfacet
facet normal 0.605880 0.789598 0.097187
outer loop
vertex 28.7638 -15.2231 0.0000
vertex 27.7336 -14.4325 0.0000
vertex 27.6858 -14.5153 0.9705
endloop
endfacet
facet normal 0.605880 0.789598 0.097187
outer loop
vertex 28.7638 -15.2231 0.0000
vertex 27.6858 -14.5153 0.9705
vertex 28.6962 -15.2907 0.9705
endloop
endfacet
facet normal 0.380872 0.919506 0.097187
outer loop
vertex 27.7336 -14.4325 0.0000
vertex 26.5338 -13.9356 0.0000
vertex 26.5090 -14.0279 0.9705
endloop
endfacet
facet normal 0.380872 0.919506 0.097187
outer loop
vertex 27.7336 -14.4325 0.0000
vertex 26.5090 -14.0279 0.9705
vertex 27.6858 -14.5153 0.9705
endloop
endfacet
facet normal 0.129908 0.986752 0.097187
outer loop
vertex 26.5338 -13.9356 0.0000
vertex 25.2463 -13.7661 0.0000
vertex 25.2463 -13.8617 0.9705
endloop
endfacet
facet normal 0.129908 0.986752 0.097187
outer loop
vertex 26.5338 -13.9356 0.0000
vertex 25.2463 -13.8617 0.9705
vertex 26.5090 -14.0279 0.9705
endloop
endfacet
facet normal -0.129908 0.986752 0.097187
outer loop
vertex 25.2463 -13.7661 0.0000
vertex 23.9588 -13.9356 0.0000
vertex 23.9835 -14.0279 0.9705
endloop
endfacet
facet normal -0.129908 0.986752 0.097187
outer loop
vertex 25.2463 -13.7661 0.0000
vertex 23.9835 -14.0279 0.9705
vertex 25.2463 -13.8617 0.9705
endloop
endfacet
facet normal -0.380872 0.919506 0.097187
outer loop
vertex 23.9588 -13.9356 0.0000
vertex 22.7590 -14.4325 0.0000
vertex 22.8068 -14.5153 0.9705
endloop
endfacet
facet normal -0.380872 0.919506 0.097187
outer loop
vertex 23.9588 -13.9356 0.0000
vertex 22.8068 -14.5153 0.9705
vertex 23.9835 -14.0279 0.9705
endloop
endfacet
facet normal -0.605880 0.789598 0.097187
outer loop
vertex 22.7590 -14.4325 0.0000
vertex 21.7287 -15.2231 0.0000
vertex 21.7963 -15.2907 0.9705
endloop
endfacet
facet normal -0.605880 0.789598 0.097187
outer loop
vertex 22.7590 -14.4325 0.0000
vertex 21.7963 -15.2907 0.9705
vertex 22.8068 -14.5153 0.9705
endloop
endfacet
facet normal -0.789598 0.605880 0.097187
outer loop
vertex 21.7287 -15.2231 0.0000
vertex 20.9382 -16.2534 0.0000
vertex 21.0209 -16.3012 0.9705
endloop
endfacet
facet normal -0.789598 0.605880 0.097187
outer loop
vertex 21.7287 -15.2231 0.0000
vertex 21.0209 -16.3012 0.9705
vertex 21.7963 -15.2907 0.9705
endloop
endfacet
facet normal -0.919506 0.380872 0.097187
outer loop
vertex 20.9382 -16.2534 0.0000
vertex 20.4412 -17.4531 0.0000
vertex 20.5335 -17.4779 0.9705
endloop
endfacet
facet normal -0.919506 0.380872 0.097187
outer loop
vertex 20.9382 -16.2534 0.0000
vertex 20.5335 -17.4779 0.9705
vertex 21.0209 -16.3012 0.9705
endloop
endfacet
facet normal -0.986752 0.129908 0.097187
outer loop
vertex 20.4412 -17.4531 0.0000
vertex 20.2717 -18.7407 0.0000
vertex 20.3673 -18.7407 0.9705
endloop
endfacet
facet normal -0.986752 0.129908 0.097187
outer loop
vertex 20.4412 -17.4531 0.0000
vertex 20.3673 -18.7407 0.9705
vertex 20.5335 -17.4779 0.9705
endloop
endfacet
facet normal -0.986752 -0.129908 0.097187
outer loop
vertex 20.2717 -18.7407 0.0000
vertex 20.4412 -20.0282 0.0000
vertex 20.5335 -20.0034 0.9705
endloop
endfacet
facet normal -0.986752 -0.129908 0.097187
outer loop
vertex 20.2717 -18.7407 0.0000
vertex 20.5335 -20.0034 0.9705
vertex 20.3673 -18.7407 0.9705
endloop
endfacet
facet normal -0.919506 -0.380872 0.097187
outer loop
vertex 20.4412 -20.0282 0.0000
vertex 20.9382 -21.2279 0.0000
vertex 21.0209 -21.1802 0.9705
endloop
endfacet
facet normal -0.919506 -0.380872 0.097187
outer loop
vertex 20.4412 -20.0282 0.0000
vertex 21.0209 -21.1802 0.9705
vertex 20.5335 -20.0034 0.9705
endloop
endfacet
facet normal -0.789598 -0.605880 0.097187
outer loop
vertex 20.9382 -21.2279 0.0000
vertex 21.7287 -22.2582 0.0000
vertex 21.7963 -22.1906 0.9705
endloop
endfacet
facet normal -0.789598 -0.605880 0.097187
outer loop
vertex 20.9382 -21.2279 0.0000
vertex 21.7963 -22.1906 0.9705
vertex 21.0209 -21.1802 0.9705
endloop
endfacet
facet normal -0.605880 -0.789598 0.097187
outer loop
vertex 21.7287 -22.2582 0.0000
vertex 22.7590 -23.0488 0.0000
vertex 22.8068 -22.9660 0.9705
endloop
endfacet
facet normal -0.605880 -0.789598 0.097187
outer loop
vertex 21.7287 -22.2582 0.0000
vertex 22.8068 -22.9660 0.9705
vertex 21.7963 -22.1906 0.9705
endloop
endfacet
facet normal -0.380872 -0.919506 0.097187
outer loop
vertex 22.7590 -23.0488 0.0000
vertex 23.9588 -23.5457 0.0000
vertex 23.9835 -23.4534 0.9705
endloop
endfacet
facet normal -0.380872 -0.919506 0.097187
outer loop
vertex 22.7590 -23.0488 0.0000
vertex 23.9835 -23.4534 0.9705
vertex 22.8068 -22.9660 0.9705
endloop
endfacet
facet normal -0.129908 -0.986752 0.097187
outer loop
vertex 23.9588 -23.5457 0.0000
vertex 25.2463 -23.7152 0.0000
vertex 25.2463 -23.6197 0.9705
endloop
endfacet
facet normal -0.129908 -0.986752 0.097187
outer loop
vertex 23.9588 -23.5457 0.0000
vertex 25.2463 -23.6197 0.9705
vertex 23.9835 -23.4534 0.9705
endloop
endfacet
facet normal 0.129908 -0.986752 0.097187
outer loop
vertex 25.2463 -23.7152 0.0000
vertex 26.5338 -23.5457 0.0000
vertex 26.5090 -23.4534 0.9705
endloop
endfacet
facet normal 0.129908 -0.986752 0.097187
outer loop
vertex 25.2463 -23.7152 0.0000
vertex 26.5090 -23.4534 0.9705
vertex 25.2463 -23.6197 0.9705
endloop
endfacet
facet normal 0.380872 -0.919506 0.097187
outer loop
vertex 26.5338 -23.5457 0.0000
vertex 27.7336 -23.0488 0.0000
vertex 27.6858 -22.9660 0.9705
endloop
endfacet
facet normal 0.380872 -0.919506 0.097187
outer loop
vertex 26.5338 -23.5457 0.0000
vertex 27.6858 -22.9660 0.9705
vertex 26.5090 -23.4534 0.9705
endloop
endfacet
facet normal 0.605880 -0.789598 0.097187
outer loop
vertex 27.7336 -23.0488 0.0000
vertex 28.7638 -22.2582 0.0000
vertex 28.6962 -22.1906 0.9705
endloop
endfacet
facet normal 0.605880 -0.789598 0.097187
outer loop
vertex 27.7336 -23.0488 0.0000
vertex 28.6962 -22.1906 0.9705
vertex 27.6858 -22.9660 0.9705
endloop
endfacet
facet normal 0.789598 -0.605880 0.097187
outer loop
vertex 28.7638 -22.2582 0.0000
vertex 29.5544 -21.2279 0.0000
vertex 29.4716 -21.1802 0.9705
endloop
endfacet
facet normal 0.789598 -0.605880 0.097187
outer loop
vertex 28.7638 -22.2582 0.0000
vertex 29.4716 -21.1802 0.9705
vertex 28.6962 -22.1906 0.9705
endloop
endfacet
facet normal 0.919506 -0.380872 0.097187
outer loop
vertex 29.5544 -21.2279 0.0000
vertex 30.0513 -20.0282 0.0000
vertex 29.9590 -20.0034 0.9705
endloop
endfacet
facet normal 0.919506 -0.380872 0.097187
outer loop
vertex 29.5544 -21.2279 0.0000
vertex 29.9590 -20.0034 0.9705
vertex 29.4716 -21.1802 0.9705
endloop
endfacet
facet normal 0.986752 -0.129908 0.097187
outer loop
vertex 30.0513 -20.0282 0.0000
vertex 30.2208 -18.7407 0.0000
vertex 30.1253 -18.7407 0.9705
endloop
endfacet
facet normal 0.986752 -0.129908 0.097187
outer loop
vertex 30.0513 -20.0282 0.0000
vertex 30.1253 -18.7407 0.9705
vertex 29.9590 -20.0034 0.9705
endloop
endfacet
facet normal 0.949435 0.124996 0.288008
outer loop
vertex 30.1253 -18.7407 0.9705
vertex 29.9590 -17.4779 0.9705
vertex 29.6856 -17.5511 1.9037
endloop
endfacet
facet normal 0.949435 0.124996 0.288008
outer loop
vertex 30.1253 -18.7407 0.9705
vertex 29.6856 -17.5511 1.9037
vertex 29.8422 -18.7407 1.9037
endloop
endfacet
facet normal 0.884733 0.366468 0.288008
outer loop
vertex 29.9590 -17.4779 0.9705
vertex 29.4716 -16.3012 0.9705
vertex 29.2264 -16.4427 1.9037
endloop
endfacet
facet normal 0.884733 0.366468 0.288008
outer loop
vertex 29.9590 -17.4779 0.9705
vertex 29.2264 -16.4427 1.9037
vertex 29.6856 -17.5511 1.9037
endloop
endfacet
facet normal 0.759737 0.582967 0.288008
outer loop
vertex 29.4716 -16.3012 0.9705
vertex 28.6962 -15.2907 0.9705
vertex 28.4961 -15.4909 1.9037
endloop
endfacet
facet normal 0.759737 0.582967 0.288008
outer loop
vertex 29.4716 -16.3012 0.9705
vertex 28.4961 -15.4909 1.9037
vertex 29.2264 -16.4427 1.9037
endloop
endfacet
facet normal 0.582967 0.759737 0.288008
outer loop
vertex 28.6962 -15.2907 0.9705
vertex 27.6858 -14.5153 0.9705
vertex 27.5442 -14.7605 1.9037
endloop
endfacet
facet normal 0.582967 0.759737 0.288008
outer loop
vertex 28.6962 -15.2907 0.9705
vertex 27.5442 -14.7605 1.9037
vertex 28.4961 -15.4909 1.9037
endloop
endfacet
facet normal 0.366468 0.884733 0.288008
outer loop
vertex 27.6858 -14.5153 0.9705
vertex 26.5090 -14.0279 0.9705
vertex 26.4358 -14.3013 1.9037
endloop
endfacet
facet normal 0.366468 0.884733 0.288008
outer loop
vertex 27.6858 -14.5153 0.9705
vertex 26.4358 -14.3013 1.9037
vertex 27.5442 -14.7605 1.9037
endloop
endfacet
facet normal 0.124996 0.949435 0.288008
outer loop
vertex 26.5090 -14.0279 0.9705
vertex 25.2463 -13.8617 0.9705
vertex 25.2463 -14.1447 1.9037
endloop
endfacet
facet normal 0.124996 0.949435 0.288008
outer loop
vertex 26.5090 -14.0279 0.9705
vertex 25.2463 -14.1447 1.9037
vertex 26.4358 -14.3013 1.9037
endloop
endfacet
facet normal -0.124996 0.949435 0.288008
outer loop
vertex 25.2463 -13.8617 0.9705
vertex 23.9835 -14.0279 0.9705
vertex 24.0568 -14.3013 1.9037
endloop
endfacet
facet normal -0.124996 0.949435 0.288008
outer loop
vertex 25.2463 -13.8617 0.9705
vertex 24.0568 -14.3013 1.9037
vertex 25.2463 -14.1447 1.9037
endloop
endfacet
facet normal -0.366468 0.884733 0.288008
outer loop
vertex 23.9835 -14.0279 0.9705
vertex 22.8068 -14.5153 0.9705
vertex 22.9483 -14.7605 1.9037
endloop
endfacet
facet normal -0.366468 0.884733 0.288008
outer loop
vertex 23.9835 -14.0279 0.9705
vertex 22.9483 -14.7605 1.9037
vertex 24.0568 -14.3013 1.9037
endloop
endfacet
facet normal -0.582967 0.759737 0.288008
outer loop
vertex 22.8068 -14.5153 0.9705
vertex 21.7963 -15.2907 0.9705
vertex 21.9965 -15.4909 1.9037
endloop
endfacet
facet normal -0.582967 0.759737 0.288008
outer loop
vertex 22.8068 -14.5153 0.9705
vertex 21.9965 -15.4909 1.9037
vertex 22.9483 -14.7605 1.9037
endloop
endfacet
facet normal -0.759737 0.582967 0.288008
outer loop
vertex 21.7963 -15.2907 0.9705
vertex 21.0209 -16.3012 0.9705
vertex 21.2661 -16.4427 1.9037
endloop
endfacet
facet normal -0.759737 0.582967 0.288008
outer loop
vertex 21.7963 -15.2907 0.9705
vertex 21.2661 -16.4427 1.9037
vertex 21.9965 -15.4909 1.9037
endloop
endfacet
facet normal -0.884733 0.366468 0.288008
outer loop
vertex 21.0209 -16.3012 0.9705
vertex 20.5335 -17.4779 0.9705
vertex 20.8070 -17.5511 1.9037
endloop
endfacet
facet normal -0.884733 0.366468 0.288008
outer loop
vertex 21.0209 -16.3012 0.9705
vertex 20.8070 -17.5511 1.9037
vertex 21.2661 -16.4427 1.9037
endloop
endfacet
facet normal -0.949435 0.124996 0.288008
outer loop
vertex 20.5335 -17.4779 0.9705
vertex 20.3673 -18.7407 0.9705
vertex 20.6504 -18.7407 1.9037
endloop
endfacet
facet normal -0.949435 0.124996 0.288008
outer loop
vertex 20.5335 -17.4779 0.9705
vertex 20.6504 -18.7407 1.9037
vertex 20.8070 -17.5511 1.9037
endloop
endfacet
facet normal -0.949435 -0.124996 0.288008
outer loop
vertex 20.3673 -18.7407 0.9705
vertex 20.5335 -20.0034 0.9705
vertex 20.8070 -19.9302 1.9037
endloop
endfacet
facet normal -0.949435 -0.124996 0.288008
outer loop
vertex 20.3673 -18.7407 0.9705
vertex 20.8070 -19.9302 1.9037
vertex 20.6504 -18.7407 1.9037
endloop
endfacet
facet normal -0.884733 -0.366468 0.288008
outer loop
vertex 20.5335 -20.0034 0.9705
vertex 21.0209 -21.1802 0.9705
vertex 21.2661 -21.0386 1.9037
endloop
endfacet
facet normal -0.884733 -0.366468 0.288008
outer loop
vertex 20.5335 -20.0034 0.9705
vertex 21.2661 -21.0386 1.9037
vertex 20.8070 -19.9302 1.9037
endloop
endfacet
facet normal -0.759737 -0.582967 0.288008
outer loop
vertex 21.0209 -21.1802 0.9705
vertex 21.7963 -22.1906 0.9705
vertex 21.9965 -21.9905 1.9037
endloop
endfacet
facet normal -0.759737 -0.582967 0.288008
outer loop
vertex 21.0209 -21.1802 0.9705
vertex 21.9965 -21.9905 1.9037
vertex 21.2661 -21.0386 1.9037
endloop
endfacet
facet normal -0.582967 -0.759737 0.288008
outer loop
vertex 21.7963 -22.1906 0.9705
vertex 22.8068 -22.9660 0.9705
vertex 22.9483 -22.7208 1.9037
endloop
endfacet
facet normal -0.582967 -0.759737 0.288008
outer loop
vertex 21.7963 -22.1906 0.9705
vertex 22.9483 -22.7208 1.9037
vertex 21.9965 -21.9905 1.9037
endloop
endfacet
facet normal -0.366468 -0.884733 0.288008
outer loop
vertex 22.8068 -22.9660 0.9705
vertex 23.9835 -23.4534 0.9705
vertex 24.0568 -23.1800 1.9037
endloop
endfacet
facet normal -0.366468 -0.884733 0.288008
outer loop
vertex 22.8068 -22.9660 0.9705
vertex 24.0568 -23.1800 1.9037
vertex 22.9483 -22.7208 1.9037
endloop
endfacet
facet normal -0.124996 -0.949435 0.288008
outer loop
vertex 23.9835 -23.4534 0.9705
vertex 25.2463 -23.6197 0.9705
vertex 25.2463 -23.3366 1.9037
endloop
endfacet
facet normal -0.124996 -0.949435 0.288008
outer loop
vertex 23.9835 -23.4534 0.9705
vertex 25.2463 -23.3366 1.9037
vertex 24.0568 -23.1800 1.9037
endloop
endfacet
facet normal 0.124996 -0.949435 0.288008
outer loop
vertex 25.2463 -23.6197 0.9705
vertex 26.5090 -23.4534 0.9705
vertex 26.4358 -23.1800 1.9037
endloop
endfacet
facet normal 0.124996 -0.949435 0.288008
outer loop
vertex 25.2463 -23.6197 0.9705
vertex 26.4358 -23.1800 1.9037
vertex 25.2463 -23.3366 1.9037
endloop
endfacet
facet normal 0.366468 -0.884733 0.288008
outer loop
vertex 26.5090 -23.4534 0.9705
vertex 27.6858 -22.9660 0.9705
vertex 27.5442 -22.7208 1.9037
endloop
endfacet
facet normal 0.366468 -0.884733 0.288008
outer loop
vertex 26.5090 -23.4534 0.9705
vertex 27.5442 -22.7208 1.9037
vertex 26.4358 -23.1800 1.9037
endloop
endfacet
facet normal 0.582967 -0.759737 0.288008
outer loop
vertex 27.6858 -22.9660 0.9705
vertex 28.6962 -22.1906 0.9705
vertex 28.4961 -21.9905 1.9037
endloop
endfacet
facet normal 0.582967 -0.759737 0.288008
outer loop
vertex 27.6858 -22.9660 0.9705
vertex 28.4961 -21.9905 1.9037
vertex 27.5442 -22.7208 1.9037
endloop
endfacet
facet normal 0.759737 -0.582967 0.288008
outer loop
vertex 28.6962 -22.1906 0.9705
vertex 29.4716 -21.1802 0.9705
vertex 29.2264 -21.0386 1.9037
endloop
endfacet
facet normal 0.759737 -0.582967 0.288008
outer loop
vertex 28.6962 -22.1906 0.9705
vertex 29.2264 -21.0386 1.9037
vertex 28.4961 -21.9905 1.9037
endloop
endfacet
facet normal 0.884733 -0.366468 0.288008
outer loop
vertex 29.4716 -21.1802 0.9705
vertex 29.9590 -20.0034 0.9705
vertex 29.6856 -19.9302 1.9037
endloop
endfacet
facet normal 0.884733 -0.366468 0.288008
outer loop
vertex 29.4716 -21.1802 0.9705
vertex 29.6856 -19.9302 1.9037
vertex 29.2264 -21.0386 1.9037
endloop
endfacet
facet normal 0.949435 -0.124996 0.288008
outer loop
vertex 29.9590 -20.0034 0.9705
vertex 30.1253 -18.7407 0.9705
vertex 29.8422 -18.7407 1.9037
endloop
endfacet
facet normal 0.949435 -0.124996 0.288008
outer loop
vertex 29.9590 -20.0034 0.9705
vertex 29.8422 -18.7407 1.9037
vertex 29.6856 -19.9302 1.9037
endloop
endfacet
facet normal 0.876036 0.115332 0.468251
outer loop
vertex 29.8422 -18.7407 1.9037
vertex 29.6856 -17.5511 1.9037
vertex 29.2415 -17.6701 2.7637
endloop
endfacet
facet normal 0.876036 0.115332 0.468251
outer loop
vertex 29.8422 -18.7407 1.9037
vertex 29.2415 -17.6701 2.7637
vertex 29.3825 -18.7407 2.7637
endloop
endfacet
facet normal 0.816336 0.338137 0.468251
outer loop
vertex 29.6856 -17.5511 1.9037
vertex 29.2264 -16.4427 1.9037
vertex 28.8283 -16.6726 2.7637
endloop
endfacet
facet normal 0.816336 0.338137 0.468251
outer loop
vertex 29.6856 -17.5511 1.9037
vertex 28.8283 -16.6726 2.7637
vertex 29.2415 -17.6701 2.7637
endloop
endfacet
facet normal 0.701003 0.537899 0.468251
outer loop
vertex 29.2264 -16.4427 1.9037
vertex 28.4961 -15.4909 1.9037
vertex 28.1710 -15.8159 2.7637
endloop
endfacet
facet normal 0.701003 0.537899 0.468251
outer loop
vertex 29.2264 -16.4427 1.9037
vertex 28.1710 -15.8159 2.7637
vertex 28.8283 -16.6726 2.7637
endloop
endfacet
facet normal 0.537899 0.701003 0.468251
outer loop
vertex 28.4961 -15.4909 1.9037
vertex 27.5442 -14.7605 1.9037
vertex 27.3144 -15.1586 2.7637
endloop
endfacet
facet normal 0.537899 0.701003 0.468251
outer loop
vertex 28.4961 -15.4909 1.9037
vertex 27.3144 -15.1586 2.7637
vertex 28.1710 -15.8159 2.7637
endloop
endfacet
facet normal 0.338137 0.816336 0.468251
outer loop
vertex 27.5442 -14.7605 1.9037
vertex 26.4358 -14.3013 1.9037
vertex 26.3168 -14.7454 2.7637
endloop
endfacet
facet normal 0.338137 0.816336 0.468251
outer loop
vertex 27.5442 -14.7605 1.9037
vertex 26.3168 -14.7454 2.7637
vertex 27.3144 -15.1586 2.7637
endloop
endfacet
facet normal 0.115332 0.876036 0.468251
outer loop
vertex 26.4358 -14.3013 1.9037
vertex 25.2463 -14.1447 1.9037
vertex 25.2463 -14.6044 2.7637
endloop
endfacet
facet normal 0.115332 0.876036 0.468251
outer loop
vertex 26.4358 -14.3013 1.9037
vertex 25.2463 -14.6044 2.7637
vertex 26.3168 -14.7454 2.7637
endloop
endfacet
facet normal -0.115332 0.876036 0.468251
outer loop
vertex 25.2463 -14.1447 1.9037
vertex 24.0568 -14.3013 1.9037
vertex 24.1757 -14.7454 2.7637
endloop
endfacet
facet normal -0.115332 0.876036 0.468251
outer loop
vertex 25.2463 -14.1447 1.9037
vertex 24.1757 -14.7454 2.7637
vertex 25.2463 -14.6044 2.7637
endloop
endfacet
facet normal -0.338137 0.816336 0.468251
outer loop
vertex 24.0568 -14.3013 1.9037
vertex 22.9483 -14.7605 1.9037
vertex 23.1782 -15.1586 2.7637
endloop
endfacet
facet normal -0.338137 0.816336 0.468251
outer loop
vertex 24.0568 -14.3013 1.9037
vertex 23.1782 -15.1586 2.7637
vertex 24.1757 -14.7454 2.7637
endloop
endfacet
facet normal -0.537899 0.701003 0.468251
outer loop
vertex 22.9483 -14.7605 1.9037
vertex 21.9965 -15.4909 1.9037
vertex 22.3215 -15.8159 2.7637
endloop
endfacet
facet normal -0.537899 0.701003 0.468251
outer loop
vertex 22.9483 -14.7605 1.9037
vertex 22.3215 -15.8159 2.7637
vertex 23.1782 -15.1586 2.7637
endloop
endfacet
facet normal -0.701003 0.537899 0.468251
outer loop
vertex 21.9965 -15.4909 1.9037
vertex 21.2661 -16.4427 1.9037
vertex 21.6642 -16.6726 2.7637
endloop
endfacet
facet normal -0.701003 0.537899 0.468251
outer loop
vertex 21.9965 -15.4909 1.9037
vertex 21.6642 -16.6726 2.7637
vertex 22.3215 -15.8159 2.7637
endloop
endfacet
facet normal -0.816336 0.338137 0.468251
outer loop
vertex 21.2661 -16.4427 1.9037
vertex 20.8070 -17.5511 1.9037
vertex 21.2510 -17.6701 2.7637
endloop
endfacet
facet normal -0.816336 0.338137 0.468251
outer loop
vertex 21.2661 -16.4427 1.9037
vertex 21.2510 -17.6701 2.7637
vertex 21.6642 -16.6726 2.7637
endloop
endfacet
facet normal -0.876036 0.115332 0.468251
outer loop
vertex 20.8070 -17.5511 1.9037
vertex 20.6504 -18.7407 1.9037
vertex 21.1101 -18.7407 2.7637
endloop
endfacet
facet normal -0.876036 0.115332 0.468251
outer loop
vertex 20.8070 -17.5511 1.9037
vertex 21.1101 -18.7407 2.7637
vertex 21.2510 -17.6701 2.7637
endloop
endfacet
facet normal -0.876036 -0.115332 0.468251
outer loop
vertex 20.6504 -18.7407 1.9037
vertex 20.8070 -19.9302 1.9037
vertex 21.2510 -19.8112 2.7637
endloop
endfacet
facet normal -0.876036 -0.115332 0.468251
outer loop
vertex 20.6504 -18.7407 1.9037
vertex 21.2510 -19.8112 2.7637
vertex 21.1101 -18.7407 2.7637
endloop
endfacet
facet normal -0.816336 -0.338137 0.468251
outer loop
vertex 20.8070 -19.9302 1.9037
vertex 21.2661 -21.0386 1.9037
vertex 21.6642 -20.8088 2.7637
endloop
endfacet
facet normal -0.816336 -0.338137 0.468251
outer loop
vertex 20.8070 -19.9302 1.9037
vertex 21.6642 -20.8088 2.7637
vertex 21.2510 -19.8112 2.7637
endloop
endfacet
facet normal -0.701003 -0.537899 0.468251
outer loop
vertex 21.2661 -21.0386 1.9037
vertex 21.9965 -21.9905 1.9037
vertex 22.3215 -21.6654 2.7637
endloop
endfacet
facet normal -0.701003 -0.537899 0.468251
outer loop
vertex 21.2661 -21.0386 1.9037
vertex 22.3215 -21.6654 2.7637
vertex 21.6642 -20.8088 2.7637
endloop
endfacet
facet normal -0.537899 -0.701003 0.468251
outer loop
vertex 21.9965 -21.9905 1.9037
vertex 22.9483 -22.7208 1.9037
vertex 23.1782 -22.3227 2.7637
endloop
endfacet
facet normal -0.537899 -0.701003 0.468251
outer loop
vertex 21.9965 -21.9905 1.9037
vertex 23.1782 -22.3227 2.7637
vertex 22.3215 -21.6654 2.7637
endloop
endfacet
facet normal -0.338137 -0.816336 0.468251
outer loop
vertex 22.9483 -22.7208 1.9037
vertex 24.0568 -23.1800 1.9037
vertex 24.1757 -22.7359 2.7637
endloop
endfacet
facet normal -0.338137 -0.816336 0.468251
outer loop
vertex 22.9483 -22.7208 1.9037
vertex 24.1757 -22.7359 2.7637
vertex 23.1782 -22.3227 2.7637
endloop
endfacet
facet normal -0.115332 -0.876036 0.468251
outer loop
vertex 24.0568 -23.1800 1.9037
vertex 25.2463 -23.3366 1.9037
vertex 25.2463 -22.8769 2.7637
endloop
endfacet
facet normal -0.115332 -0.876036 0.468251
outer loop
vertex 24.0568 -23.1800 1.9037
vertex 25.2463 -22.8769 2.7637
vertex 24.1757 -22.7359 2.7637
endloop
endfacet
facet normal 0.115332 -0.876036 0.468251
outer loop
vertex 25.2463 -23.3366 1.9037
vertex 26.4358 -23.1800 1.9037
vertex 26.3168 -22.7359 2.7637
endloop
endfacet
facet normal 0.115332 -0.876036 0.468251
outer loop
vertex 25.2463 -23.3366 1.9037
vertex 26.3168 -22.7359 2.7637
vertex 25.2463 -22.8769 2.7637
endloop
endfacet
facet normal 0.338137 -0.816336 0.468251
outer loop
vertex 26.4358 -23.1800 1.9037
vertex 27.5442 -22.7208 1.9037
vertex 27.3144 -22.3227 2.7637
endloop
endfacet
facet normal 0.338137 -0.816336 0.468251
outer loop
vertex 26.4358 -23.1800 1.9037
vertex 27.3144 -22.3227 2.7637
vertex 26.3168 -22.7359 2.7637
endloop
endfacet
facet normal 0.537899 -0.701003 0.468251
outer loop
vertex 27.5442 -22.7208 1.9037
vertex 28.4961 -21.9905 1.9037
vertex 28.1710 -21.6654 2.7637
endloop
endfacet
facet normal 0.537899 -0.701003 0.468251
outer loop
vertex 27.5442 -22.7208 1.9037
vertex 28.1710 -21.6654 2.7637
vertex 27.3144 -22.3227 2.7637
endloop
endfacet
facet normal 0.701003 -0.537899 0.468251
outer loop
vertex 28.4961 -21.9905 1.9037
vertex 29.2264 -21.0386 1.9037
vertex 28.8283 -20.8088 2.7637
endloop
endfacet
facet normal 0.701003 -0.537899 0.468251
outer loop
vertex 28.4961 -21.9905 1.9037
vertex 28.8283 -20.8088 2.7637
vertex 28.1710 -21.6654 2.7637
endloop
endfacet
facet normal 0.816336 -0.338137 0.468251
outer loop
vertex 29.2264 -21.0386 1.9037
vertex 29.6856 -19.9302 1.9037
vertex 29.2415 -19.8112 2.7637
endloop
endfacet
facet normal 0.816336 -0.338137 0.468251
outer loop
vertex 29.2264 -21.0386 1.9037
vertex 29.2415 -19.8112 2.7637
vertex 28.8283 -20.8088 2.7637
endloop
endfacet
facet normal 0.876036 -0.115332 0.468251
outer loop
vertex 29.6856 -19.9302 1.9037
vertex 29.8422 -18.7407 1.9037
vertex 29.3825 -18.7407 2.7637
endloop
endfacet
facet normal 0.876036 -0.115332 0.468251
outer loop
vertex 29.6856 -19.9302 1.9037
vertex 29.3825 -18.7407 2.7637
vertex 29.2415 -19.8112 2.7637
endloop
endfacet
facet normal 0.769038 0.101246 0.631133
outer loop
vertex 29.3825 -18.7407 2.7637
vertex 29.2415 -17.6701 2.7637
vertex 28.6440 -17.8302 3.5176
endloop
endfacet
facet normal 0.769038 0.101246 0.631133
outer loop
vertex 29.3825 -18.7407 2.7637
vertex 28.6440 -17.8302 3.5176
vertex 28.7638 -18.7407 3.5176
endloop
endfacet
facet normal 0.716630 0.296838 0.631133
outer loop
vertex 29.2415 -17.6701 2.7637
vertex 28.8283 -16.6726 2.7637
vertex 28.2926 -16.9819 3.5176
endloop
endfacet
facet normal 0.716630 0.296838 0.631133
outer loop
vertex 29.2415 -17.6701 2.7637
vertex 28.2926 -16.9819 3.5176
vertex 28.6440 -17.8302 3.5176
endloop
endfacet
facet normal 0.615384 0.472201 0.631133
outer loop
vertex 28.8283 -16.6726 2.7637
vertex 28.1710 -15.8159 2.7637
vertex 27.7336 -16.2534 3.5176
endloop
endfacet
facet normal 0.615384 0.472201 0.631133
outer loop
vertex 28.8283 -16.6726 2.7637
vertex 27.7336 -16.2534 3.5176
vertex 28.2926 -16.9819 3.5176
endloop
endfacet
facet normal 0.472201 0.615384 0.631133
outer loop
vertex 28.1710 -15.8159 2.7637
vertex 27.3144 -15.1586 2.7637
vertex 27.0050 -15.6944 3.5176
endloop
endfacet
facet normal 0.472201 0.615384 0.631133
outer loop
vertex 28.1710 -15.8159 2.7637
vertex 27.0050 -15.6944 3.5176
vertex 27.7336 -16.2534 3.5176
endloop
endfacet
facet normal 0.296838 0.716630 0.631133
outer loop
vertex 27.3144 -15.1586 2.7637
vertex 26.3168 -14.7454 2.7637
vertex 26.1567 -15.3430 3.5176
endloop
endfacet
facet normal 0.296838 0.716630 0.631133
outer loop
vertex 27.3144 -15.1586 2.7637
vertex 26.1567 -15.3430 3.5176
vertex 27.0050 -15.6944 3.5176
endloop
endfacet
facet normal 0.101246 0.769038 0.631133
outer loop
vertex 26.3168 -14.7454 2.7637
vertex 25.2463 -14.6044 2.7637
vertex 25.2463 -15.2231 3.5176
endloop
endfacet
facet normal 0.101246 0.769038 0.631133
outer loop
vertex 26.3168 -14.7454 2.7637
vertex 25.2463 -15.2231 3.5176
vertex 26.1567 -15.3430 3.5176
endloop
endfacet
facet normal -0.101246 0.769038 0.631133
outer loop
vertex 25.2463 -14.6044 2.7637
vertex 24.1757 -14.7454 2.7637
vertex 24.3359 -15.3430 3.5176
endloop
endfacet
facet normal -0.101246 0.769038 0.631133
outer loop
vertex 25.2463 -14.6044 2.7637
vertex 24.3359 -15.3430 3.5176
vertex 25.2463 -15.2231 3.5176
endloop
endfacet
facet normal -0.296838 0.716630 0.631133
outer loop
vertex 24.1757 -14.7454 2.7637
vertex 23.1782 -15.1586 2.7637
vertex 23.4875 -15.6944 3.5176
endloop
endfacet
facet normal -0.296838 0.716630 0.631133
outer loop
vertex 24.1757 -14.7454 2.7637
vertex 23.4875 -15.6944 3.5176
vertex 24.3359 -15.3430 3.5176
endloop
endfacet
facet normal -0.472201 0.615384 0.631133
outer loop
vertex 23.1782 -15.1586 2.7637
vertex 22.3215 -15.8159 2.7637
vertex 22.7590 -16.2534 3.5176
endloop
endfacet
facet normal -0.472201 0.615384 0.631133
outer loop
vertex 23.1782 -15.1586 2.7637
vertex 22.7590 -16.2534 3.5176
vertex 23.4875 -15.6944 3.5176
endloop
endfacet
facet normal -0.615384 0.472201 0.631133
outer loop
vertex 22.3215 -15.8159 2.7637
vertex 21.6642 -16.6726 2.7637
vertex 22.2000 -16.9819 3.5176
endloop
endfacet
facet normal -0.615384 0.472201 0.631133
outer loop
vertex 22.3215 -15.8159 2.7637
vertex 22.2000 -16.9819 3.5176
vertex 22.7590 -16.2534 3.5176
endloop
endfacet
facet normal -0.716630 0.296838 0.631133
outer loop
vertex 21.6642 -16.6726 2.7637
vertex 21.2510 -17.6701 2.7637
vertex 21.8486 -17.8302 3.5176
endloop
endfacet
facet normal -0.716630 0.296838 0.631133
outer loop
vertex 21.6642 -16.6726 2.7637
vertex 21.8486 -17.8302 3.5176
vertex 22.2000 -16.9819 3.5176
endloop
endfacet
facet normal -0.769038 0.101246 0.631133
outer loop
vertex 21.2510 -17.6701 2.7637
vertex 21.1101 -18.7407 2.7637
vertex 21.7287 -18.7407 3.5176
endloop
endfacet
facet normal -0.769038 0.101246 0.631133
outer loop
vertex 21.2510 -17.6701 2.7637
vertex 21.7287 -18.7407 3.5176
vertex 21.8486 -17.8302 3.5176
endloop
endfacet
facet normal -0.769038 -0.101246 0.631133
outer loop
vertex 21.1101 -18.7407 2.7637
vertex 21.2510 -19.8112 2.7637
vertex 21.8486 -19.6511 3.5176
endloop
endfacet
facet normal -0.769038 -0.101246 0.631133
outer loop
vertex 21.1101 -18.7407 2.7637
vertex 21.8486 -19.6511 3.5176
vertex 21.7287 -18.7407 3.5176
endloop
endfacet
facet normal -0.716630 -0.296838 0.631133
outer loop
vertex 21.2510 -19.8112 2.7637
vertex 21.6642 -20.8088 2.7637
vertex 22.2000 -20.4994 3.5176
endloop
endfacet
facet normal -0.716630 -0.296838 0.631133
outer loop
vertex 21.2510 -19.8112 2.7637
vertex 22.2000 -20.4994 3.5176
vertex 21.8486 -19.6511 3.5176
endloop
endfacet
facet normal -0.615384 -0.472201 0.631133
outer loop
vertex 21.6642 -20.8088 2.7637
vertex 22.3215 -21.6654 2.7637
vertex 22.7590 -21.2279 3.5176
endloop
endfacet
facet normal -0.615384 -0.472201 0.631133
outer loop
vertex 21.6642 -20.8088 2.7637
vertex 22.7590 -21.2279 3.5176
vertex 22.2000 -20.4994 3.5176
endloop
endfacet
facet normal -0.472201 -0.615384 0.631133
outer loop
vertex 22.3215 -21.6654 2.7637
vertex 23.1782 -22.3227 2.7637
vertex 23.4875 -21.7870 3.5176
endloop
endfacet
facet normal -0.472201 -0.615384 0.631133
outer loop
vertex 22.3215 -21.6654 2.7637
vertex 23.4875 -21.7870 3.5176
vertex 22.7590 -21.2279 3.5176
endloop
endfacet
facet normal -0.296838 -0.716630 0.631133
outer loop
vertex 23.1782 -22.3227 2.7637
vertex 24.1757 -22.7359 2.7637
vertex 24.3359 -22.1384 3.5176
endloop
endfacet
facet normal -0.296838 -0.716630 0.631133
outer loop
vertex 23.1782 -22.3227 2.7637
vertex 24.3359 -22.1384 3.5176
vertex 23.4875 -21.7870 3.5176
endloop
endfacet
facet normal -0.101246 -0.769038 0.631133
outer loop
vertex 24.1757 -22.7359 2.7637
vertex 25.2463 -22.8769 2.7637
vertex 25.2463 -22.2582 3.5176
endloop
endfacet
facet normal -0.101246 -0.769038 0.631133
outer loop
vertex 24.1757 -22.7359 2.7637
vertex 25.2463 -22.2582 3.5176
vertex 24.3359 -22.1384 3.5176
endloop
endfacet
facet normal 0.101246 -0.769038 0.631133
outer loop
vertex 25.2463 -22.8769 2.7637
vertex 26.3168 -22.7359 2.7637
vertex 26.1567 -22.1384 3.5176
endloop
endfacet
facet normal 0.101246 -0.769038 0.631133
outer loop
vertex 25.2463 -22.8769 2.7637
vertex 26.1567 -22.1384 3.5176
vertex 25.2463 -22.2582 3.5176
endloop
endfacet
facet normal 0.296838 -0.716630 0.631133
outer loop
vertex 26.3168 -22.7359 2.7637
vertex 27.3144 -22.3227 2.7637
vertex 27.0050 -21.7870 3.5176
endloop
endfacet
facet normal 0.296838 -0.716630 0.631133
outer loop
vertex 26.3168 -22.7359 2.7637
vertex 27.0050 -21.7870 3.5176
vertex 26.1567 -22.1384 3.5176
endloop
endfacet
facet normal 0.472201 -0.615384 0.631133
outer loop
vertex 27.3144 -22.3227 2.7637
vertex 28.1710 -21.6654 2.7637
vertex 27.7336 -21.2279 3.5176
endloop
endfacet
facet normal 0.472201 -0.615384 0.631133
outer loop
vertex 27.3144 -22.3227 2.7637
vertex 27.7336 -21.2279 3.5176
vertex 27.0050 -21.7870 3.5176
endloop
endfacet
facet normal 0.615384 -0.472201 0.631133
outer loop
vertex 28.1710 -21.6654 2.7637
vertex 28.8283 -20.8088 2.7637
vertex 28.2926 -20.4994 3.5176
endloop
endfacet
facet normal 0.615384 -0.472201 0.631133
outer loop
vertex 28.1710 -21.6654 2.7637
vertex 28.2926 -20.4994 3.5176
vertex 27.7336 -21.2279 3.5176
endloop
endfacet
facet normal 0.716630 -0.296838 0.631133
outer loop
vertex 28.8283 -20.8088 2.7637
vertex 29.2415 -19.8112 2.7637
vertex 28.6440 -19.6511 3.5176
endloop
endfacet
facet normal 0.716630 -0.296838 0.631133
outer loop
vertex 28.8283 -20.8088 2.7637
vertex 28.6440 -19.6511 3.5176
vertex 28.2926 -20.4994 3.5176
endloop
endfacet
facet normal 0.769038 -0.101246 0.631133
outer loop
vertex 29.2415 -19.8112 2.7637
vertex 29.3825 -18.7407 2.7637
vertex 28.7638 -18.7407 3.5176
endloop
endfacet
facet normal 0.769038 -0.101246 0.631133
outer loop
vertex 29.2415 -19.8112 2.7637
vertex 28.7638 -18.7407 3.5176
vertex 28.6440 -19.6511 3.5176
endloop
endfacet
facet normal 0.632192 0.083230 0.770328
outer loop
vertex 28.7638 -18.7407 3.5176
vertex 28.6440 -17.8302 3.5176
vertex 27.9158 -18.0254 4.1362
endloop
endfacet
facet normal 0.632192 0.083230 0.770328
outer loop
vertex 28.7638 -18.7407 3.5176
vertex 27.9158 -18.0254 4.1362
vertex 28.0100 -18.7407 4.1362
endloop
endfacet
facet normal 0.589109 0.244017 0.770328
outer loop
vertex 28.6440 -17.8302 3.5176
vertex 28.2926 -16.9819 3.5176
vertex 27.6397 -17.3588 4.1362
endloop
endfacet
facet normal 0.589109 0.244017 0.770328
outer loop
vertex 28.6440 -17.8302 3.5176
vertex 27.6397 -17.3588 4.1362
vertex 27.9158 -18.0254 4.1362
endloop
endfacet
facet normal 0.505880 0.388175 0.770328
outer loop
vertex 28.2926 -16.9819 3.5176
vertex 27.7336 -16.2534 3.5176
vertex 27.2005 -16.7864 4.1362
endloop
endfacet
facet normal 0.505880 0.388175 0.770328
outer loop
vertex 28.2926 -16.9819 3.5176
vertex 27.2005 -16.7864 4.1362
vertex 27.6397 -17.3588 4.1362
endloop
endfacet
facet normal 0.388175 0.505880 0.770328
outer loop
vertex 27.7336 -16.2534 3.5176
vertex 27.0050 -15.6944 3.5176
vertex 26.6281 -16.3472 4.1362
endloop
endfacet
facet normal 0.388175 0.505880 0.770328
outer loop
vertex 27.7336 -16.2534 3.5176
vertex 26.6281 -16.3472 4.1362
vertex 27.2005 -16.7864 4.1362
endloop
endfacet
facet normal 0.244017 0.589109 0.770328
outer loop
vertex 27.0050 -15.6944 3.5176
vertex 26.1567 -15.3430 3.5176
vertex 25.9616 -16.0711 4.1362
endloop
endfacet
facet normal 0.244017 0.589109 0.770328
outer loop
vertex 27.0050 -15.6944 3.5176
vertex 25.9616 -16.0711 4.1362
vertex 26.6281 -16.3472 4.1362
endloop
endfacet
facet normal 0.083230 0.632192 0.770328
outer loop
vertex 26.1567 -15.3430 3.5176
vertex 25.2463 -15.2231 3.5176
vertex 25.2463 -15.9769 4.1362
endloop
endfacet
facet normal 0.083230 0.632192 0.770328
outer loop
vertex 26.1567 -15.3430 3.5176
vertex 25.2463 -15.9769 4.1362
vertex 25.9616 -16.0711 4.1362
endloop
endfacet
facet normal -0.083230 0.632192 0.770328
outer loop
vertex 25.2463 -15.2231 3.5176
vertex 24.3359 -15.3430 3.5176
vertex 24.5310 -16.0711 4.1362
endloop
endfacet
facet normal -0.083230 0.632192 0.770328
outer loop
vertex 25.2463 -15.2231 3.5176
vertex 24.5310 -16.0711 4.1362
vertex 25.2463 -15.9769 4.1362
endloop
endfacet
facet normal -0.244017 0.589109 0.770328
outer loop
vertex 24.3359 -15.3430 3.5176
vertex 23.4875 -15.6944 3.5176
vertex 23.8644 -16.3472 4.1362
endloop
endfacet
facet normal -0.244017 0.589109 0.770328
outer loop
vertex 24.3359 -15.3430 3.5176
vertex 23.8644 -16.3472 4.1362
vertex 24.5310 -16.0711 4.1362
endloop
endfacet
facet normal -0.388175 0.505880 0.770328
outer loop
vertex 23.4875 -15.6944 3.5176
vertex 22.7590 -16.2534 3.5176
vertex 23.2920 -16.7864 4.1362
endloop
endfacet
facet normal -0.388175 0.505880 0.770328
outer loop
vertex 23.4875 -15.6944 3.5176
vertex 23.2920 -16.7864 4.1362
vertex 23.8644 -16.3472 4.1362
endloop
endfacet
facet normal -0.505880 0.388175 0.770328
outer loop
vertex 22.7590 -16.2534 3.5176
vertex 22.2000 -16.9819 3.5176
vertex 22.8528 -17.3588 4.1362
endloop
endfacet
facet normal -0.505880 0.388175 0.770328
outer loop
vertex 22.7590 -16.2534 3.5176
vertex 22.8528 -17.3588 4.1362
vertex 23.2920 -16.7864 4.1362
endloop
endfacet
facet normal -0.589109 0.244017 0.770328
outer loop
vertex 22.2000 -16.9819 3.5176
vertex 21.8486 -17.8302 3.5176
vertex 22.5767 -18.0254 4.1362
endloop
endfacet
facet normal -0.589109 0.244017 0.770328
outer loop
vertex 22.2000 -16.9819 3.5176
vertex 22.5767 -18.0254 4.1362
vertex 22.8528 -17.3588 4.1362
endloop
endfacet
facet normal -0.632192 0.083230 0.770328
outer loop
vertex 21.8486 -17.8302 3.5176
vertex 21.7287 -18.7407 3.5176
vertex 22.4825 -18.7407 4.1362
endloop
endfacet
facet normal -0.632192 0.083230 0.770328
outer loop
vertex 21.8486 -17.8302 3.5176
vertex 22.4825 -18.7407 4.1362
vertex 22.5767 -18.0254 4.1362
endloop
endfacet
facet normal -0.632192 -0.083230 0.770328
outer loop
vertex 21.7287 -18.7407 3.5176
vertex 21.8486 -19.6511 3.5176
vertex 22.5767 -19.4560 4.1362
endloop
endfacet
facet normal -0.632192 -0.083230 0.770328
outer loop
vertex 21.7287 -18.7407 3.5176
vertex 22.5767 -19.4560 4.1362
vertex 22.4825 -18.7407 4.1362
endloop
endfacet
facet normal -0.589109 -0.244017 0.770328
outer loop
vertex 21.8486 -19.6511 3.5176
vertex 22.2000 -20.4994 3.5176
vertex 22.8528 -20.1225 4.1362
endloop
endfacet
facet normal -0.589109 -0.244017 0.770328
outer loop
vertex 21.8486 -19.6511 3.5176
vertex 22.8528 -20.1225 4.1362
vertex 22.5767 -19.4560 4.1362
endloop
endfacet
facet normal -0.505880 -0.388175 0.770328
outer loop
vertex 22.2000 -20.4994 3.5176
vertex 22.7590 -21.2279 3.5176
vertex 23.2920 -20.6949 4.1362
endloop
endfacet
facet normal -0.505880 -0.388175 0.770328
outer loop
vertex 22.2000 -20.4994 3.5176
vertex 23.2920 -20.6949 4.1362
vertex 22.8528 -20.1225 4.1362
endloop
endfacet
facet normal -0.388175 -0.505880 0.770328
outer loop
vertex 22.7590 -21.2279 3.5176
vertex 23.4875 -21.7870 3.5176
vertex 23.8644 -21.1341 4.1362
endloop
endfacet
facet normal -0.388175 -0.505880 0.770328
outer loop
vertex 22.7590 -21.2279 3.5176
vertex 23.8644 -21.1341 4.1362
vertex 23.2920 -20.6949 4.1362
endloop
endfacet
facet normal -0.244017 -0.589109 0.770328
outer loop
vertex 23.4875 -21.7870 3.5176
vertex 24.3359 -22.1384 3.5176
vertex 24.5310 -21.4102 4.1362
endloop
endfacet
facet normal -0.244017 -0.589109 0.770328
outer loop
vertex 23.4875 -21.7870 3.5176
vertex 24.5310 -21.4102 4.1362
vertex 23.8644 -21.1341 4.1362
endloop
endfacet
facet normal -0.083230 -0.632192 0.770328
outer loop
vertex 24.3359 -22.1384 3.5176
vertex 25.2463 -22.2582 3.5176
vertex 25.2463 -21.5044 4.1362
endloop
endfacet
facet normal -0.083230 -0.632192 0.770328
outer loop
vertex 24.3359 -22.1384 3.5176
vertex 25.2463 -21.5044 4.1362
vertex 24.5310 -21.4102 4.1362
endloop
endfacet
facet normal 0.083230 -0.632192 0.770328
outer loop
vertex 25.2463 -22.2582 3.5176
vertex 26.1567 -22.1384 3.5176
vertex 25.9616 -21.4102 4.1362
endloop
endfacet
facet normal 0.083230 -0.632192 0.770328
outer loop
vertex 25.2463 -22.2582 3.5176
vertex 25.9616 -21.4102 4.1362
vertex 25.2463 -21.5044 4.1362
endloop
endfacet
facet normal 0.244017 -0.589109 0.770328
outer loop
vertex 26.1567 -22.1384 3.5176
vertex 27.0050 -21.7870 3.5176
vertex 26.6281 -21.1341 4.1362
endloop
endfacet
facet normal 0.244017 -0.589109 0.770328
outer loop
vertex 26.1567 -22.1384 3.5176
vertex 26.6281 -21.1341 4.1362
vertex 25.9616 -21.4102 4.1362
endloop
endfacet
facet normal 0.388175 -0.505880 0.770328
outer loop
vertex 27.0050 -21.7870 3.5176
vertex 27.7336 -21.2279 3.5176
vertex 27.2005 -20.6949 4.1362
endloop
endfacet
facet normal 0.388175 -0.505880 0.770328
outer loop
vertex 27.0050 -21.7870 3.5176
vertex 27.2005 -20.6949 4.1362
vertex 26.6281 -21.1341 4.1362
endloop
endfacet
facet normal 0.505880 -0.388175 0.770328
outer loop
vertex 27.7336 -21.2279 3.5176
vertex 28.2926 -20.4994 3.5176
vertex 27.6397 -20.1225 4.1362
endloop
endfacet
facet normal 0.505880 -0.388175 0.770328
outer loop
vertex 27.7336 -21.2279 3.5176
vertex 27.6397 -20.1225 4.1362
vertex 27.2005 -20.6949 4.1362
endloop
endfacet
facet normal 0.589109 -0.244017 0.770328
outer loop
vertex 28.2926 -20.4994 3.5176
vertex 28.6440 -19.6511 3.5176
vertex 27.9158 -19.4560 4.1362
endloop
endfacet
facet normal 0.589109 -0.244017 0.770328
outer loop
vertex 28.2926 -20.4994 3.5176
vertex 27.9158 -19.4560 4.1362
vertex 27.6397 -20.1225 4.1362
endloop
endfacet
facet normal 0.632192 -0.083230 0.770328
outer loop
vertex 28.6440 -19.6511 3.5176
vertex 28.7638 -18.7407 3.5176
vertex 28.0100 -18.7407 4.1362
endloop
endfacet
facet normal 0.632192 -0.083230 0.770328
outer loop
vertex 28.6440 -19.6511 3.5176
vertex 28.0100 -18.7407 4.1362
vertex 27.9158 -19.4560 4.1362
endloop
endfacet
facet normal 0.470492 0.061941 0.880228
outer loop
vertex 28.0100 -18.7407 4.1362
vertex 27.9158 -18.0254 4.1362
vertex 27.0851 -18.2479 4.5959
endloop
endfacet
facet normal 0.470492 0.061941 0.880228
outer loop
vertex 28.0100 -18.7407 4.1362
vertex 27.0851 -18.2479 4.5959
vertex 27.1500 -18.7407 4.5959
endloop
endfacet
facet normal 0.438428 0.181603 0.880228
outer loop
vertex 27.9158 -18.0254 4.1362
vertex 27.6397 -17.3588 4.1362
vertex 26.8949 -17.7888 4.5959
endloop
endfacet
facet normal 0.438428 0.181603 0.880228
outer loop
vertex 27.9158 -18.0254 4.1362
vertex 26.8949 -17.7888 4.5959
vertex 27.0851 -18.2479 4.5959
endloop
endfacet
facet normal 0.376487 0.288889 0.880228
outer loop
vertex 27.6397 -17.3588 4.1362
vertex 27.2005 -16.7864 4.1362
vertex 26.5924 -17.3945 4.5959
endloop
endfacet
facet normal 0.376487 0.288889 0.880228
outer loop
vertex 27.6397 -17.3588 4.1362
vertex 26.5924 -17.3945 4.5959
vertex 26.8949 -17.7888 4.5959
endloop
endfacet
facet normal 0.288889 0.376487 0.880228
outer loop
vertex 27.2005 -16.7864 4.1362
vertex 26.6281 -16.3472 4.1362
vertex 26.1981 -17.0920 4.5959
endloop
endfacet
facet normal 0.288889 0.376487 0.880228
outer loop
vertex 27.2005 -16.7864 4.1362
vertex 26.1981 -17.0920 4.5959
vertex 26.5924 -17.3945 4.5959
endloop
endfacet
facet normal 0.181603 0.438428 0.880228
outer loop
vertex 26.6281 -16.3472 4.1362
vertex 25.9616 -16.0711 4.1362
vertex 25.7390 -16.9018 4.5959
endloop
endfacet
facet normal 0.181603 0.438428 0.880228
outer loop
vertex 26.6281 -16.3472 4.1362
vertex 25.7390 -16.9018 4.5959
vertex 26.1981 -17.0920 4.5959
endloop
endfacet
facet normal 0.061941 0.470492 0.880228
outer loop
vertex 25.9616 -16.0711 4.1362
vertex 25.2463 -15.9769 4.1362
vertex 25.2463 -16.8370 4.5959
endloop
endfacet
facet normal 0.061941 0.470492 0.880228
outer loop
vertex 25.9616 -16.0711 4.1362
vertex 25.2463 -16.8370 4.5959
vertex 25.7390 -16.9018 4.5959
endloop
endfacet
facet normal -0.061941 0.470492 0.880228
outer loop
vertex 25.2463 -15.9769 4.1362
vertex 24.5310 -16.0711 4.1362
vertex 24.7536 -16.9018 4.5959
endloop
endfacet
facet normal -0.061941 0.470492 0.880228
outer loop
vertex 25.2463 -15.9769 4.1362
vertex 24.7536 -16.9018 4.5959
vertex 25.2463 -16.8370 4.5959
endloop
endfacet
facet normal -0.181603 0.438428 0.880228
outer loop
vertex 24.5310 -16.0711 4.1362
vertex 23.8644 -16.3472 4.1362
vertex 24.2944 -17.0920 4.5959
endloop
endfacet
facet normal -0.181603 0.438428 0.880228
outer loop
vertex 24.5310 -16.0711 4.1362
vertex 24.2944 -17.0920 4.5959
vertex 24.7536 -16.9018 4.5959
endloop
endfacet
facet normal -0.288889 0.376487 0.880228
outer loop
vertex 23.8644 -16.3472 4.1362
vertex 23.2920 -16.7864 4.1362
vertex 23.9002 -17.3945 4.5959
endloop
endfacet
facet normal -0.288889 0.376487 0.880228
outer loop
vertex 23.8644 -16.3472 4.1362
vertex 23.9002 -17.3945 4.5959
vertex 24.2944 -17.0920 4.5959
endloop
endfacet
facet normal -0.376487 0.288889 0.880228
outer loop
vertex 23.2920 -16.7864 4.1362
vertex 22.8528 -17.3588 4.1362
vertex 23.5976 -17.7888 4.5959
endloop
endfacet
facet normal -0.376487 0.288889 0.880228
outer loop
vertex 23.2920 -16.7864 4.1362
vertex 23.5976 -17.7888 4.5959
vertex 23.9002 -17.3945 4.5959
endloop
endfacet
facet normal -0.438428 0.181603 0.880228
outer loop
vertex 22.8528 -17.3588 4.1362
vertex 22.5767 -18.0254 4.1362
vertex 23.4074 -18.2479 4.5959
endloop
endfacet
facet normal -0.438428 0.181603 0.880228
outer loop
vertex 22.8528 -17.3588 4.1362
vertex 23.4074 -18.2479 4.5959
vertex 23.5976 -17.7888 4.5959
endloop
endfacet
facet normal -0.470492 0.061941 0.880228
outer loop
vertex 22.5767 -18.0254 4.1362
vertex 22.4825 -18.7407 4.1362
vertex 23.3426 -18.7407 4.5959
endloop
endfacet
facet normal -0.470492 0.061941 0.880228
outer loop
vertex 22.5767 -18.0254 4.1362
vertex 23.3426 -18.7407 4.5959
vertex 23.4074 -18.2479 4.5959
endloop
endfacet
facet normal -0.470492 -0.061941 0.880228
outer loop
vertex 22.4825 -18.7407 4.1362
vertex 22.5767 -19.4560 4.1362
vertex 23.4074 -19.2334 4.5959
endloop
endfacet
facet normal -0.470492 -0.061941 0.880228
outer loop
vertex 22.4825 -18.7407 4.1362
vertex 23.4074 -19.2334 4.5959
vertex 23.3426 -18.7407 4.5959
endloop
endfacet
facet normal -0.438428 -0.181603 0.880228
outer loop
vertex 22.5767 -19.4560 4.1362
vertex 22.8528 -20.1225 4.1362
vertex 23.5976 -19.6925 4.5959
endloop
endfacet
facet normal -0.438428 -0.181603 0.880228
outer loop
vertex 22.5767 -19.4560 4.1362
vertex 23.5976 -19.6925 4.5959
vertex 23.4074 -19.2334 4.5959
endloop
endfacet
facet normal -0.376487 -0.288889 0.880228
outer loop
vertex 22.8528 -20.1225 4.1362
vertex 23.2920 -20.6949 4.1362
vertex 23.9002 -20.0868 4.5959
endloop
endfacet
facet normal -0.376487 -0.288889 0.880228
outer loop
vertex 22.8528 -20.1225 4.1362
vertex 23.9002 -20.0868 4.5959
vertex 23.5976 -19.6925 4.5959
endloop
endfacet
facet normal -0.288889 -0.376487 0.880228
outer loop
vertex 23.2920 -20.6949 4.1362
vertex 23.8644 -21.1341 4.1362
vertex 24.2944 -20.3893 4.5959
endloop
endfacet
facet normal -0.288889 -0.376487 0.880228
outer loop
vertex 23.2920 -20.6949 4.1362
vertex 24.2944 -20.3893 4.5959
vertex 23.9002 -20.0868 4.5959
endloop
endfacet
facet normal -0.181603 -0.438428 0.880228
outer loop
vertex 23.8644 -21.1341 4.1362
vertex 24.5310 -21.4102 4.1362
vertex 24.7536 -20.5795 4.5959
endloop
endfacet
facet normal -0.181603 -0.438428 0.880228
outer loop
vertex 23.8644 -21.1341 4.1362
vertex 24.7536 -20.5795 4.5959
vertex 24.2944 -20.3893 4.5959
endloop
endfacet
facet normal -0.061941 -0.470492 0.880228
outer loop
vertex 24.5310 -21.4102 4.1362
vertex 25.2463 -21.5044 4.1362
vertex 25.2463 -20.6443 4.5959
endloop
endfacet
facet normal -0.061941 -0.470492 0.880228
outer loop
vertex 24.5310 -21.4102 4.1362
vertex 25.2463 -20.6443 4.5959
vertex 24.7536 -20.5795 4.5959
endloop
endfacet
facet normal 0.061941 -0.470492 0.880228
outer loop
vertex 25.2463 -21.5044 4.1362
vertex 25.9616 -21.4102 4.1362
vertex 25.7390 -20.5795 4.5959
endloop
endfacet
facet normal 0.061941 -0.470492 0.880228
outer loop
vertex 25.2463 -21.5044 4.1362
vertex 25.7390 -20.5795 4.5959
vertex 25.2463 -20.6443 4.5959
endloop
endfacet
facet normal 0.181603 -0.438428 0.880228
outer loop
vertex 25.9616 -21.4102 4.1362
vertex 26.6281 -21.1341 4.1362
vertex 26.1981 -20.3893 4.5959
endloop
endfacet
facet normal 0.181603 -0.438428 0.880228
outer loop
vertex 25.9616 -21.4102 4.1362
vertex 26.1981 -20.3893 4.5959
vertex 25.7390 -20.5795 4.5959
endloop
endfacet
facet normal 0.288889 -0.376487 0.880228
outer loop
vertex 26.6281 -21.1341 4.1362
vertex 27.2005 -20.6949 4.1362
vertex 26.5924 -20.0868 4.5959
endloop
endfacet
facet normal 0.288889 -0.376487 0.880228
outer loop
vertex 26.6281 -21.1341 4.1362
vertex 26.5924 -20.0868 4.5959
vertex 26.1981 -20.3893 4.5959
endloop
endfacet
facet normal 0.376487 -0.288889 0.880228
outer loop
vertex 27.2005 -20.6949 4.1362
vertex 27.6397 -20.1225 4.1362
vertex 26.8949 -19.6925 4.5959
endloop
endfacet
facet normal 0.376487 -0.288889 0.880228
outer loop
vertex 27.2005 -20.6949 4.1362
vertex 26.8949 -19.6925 4.5959
vertex 26.5924 -20.0868 4.5959
endloop
endfacet
facet normal 0.438428 -0.181603 0.880228
outer loop
vertex 27.6397 -20.1225 4.1362
vertex 27.9158 -19.4560 4.1362
vertex 27.0851 -19.2334 4.5959
endloop
endfacet
facet normal 0.438428 -0.181603 0.880228
outer loop
vertex 27.6397 -20.1225 4.1362
vertex 27.0851 -19.2334 4.5959
vertex 26.8949 -19.6925 4.5959
endloop
endfacet
facet normal 0.470492 -0.061941 0.880228
outer loop
vertex 27.9158 -19.4560 4.1362
vertex 28.0100 -18.7407 4.1362
vertex 27.1500 -18.7407 4.5959
endloop
endfacet
facet normal 0.470492 -0.061941 0.880228
outer loop
vertex 27.9158 -19.4560 4.1362
vertex 27.1500 -18.7407 4.5959
vertex 27.0851 -19.2334 4.5959
endloop
endfacet
facet normal 0.290073 0.038189 0.956242
outer loop
vertex 27.1500 -18.7407 4.5959
vertex 27.0851 -18.2479 4.5959
vertex 26.1837 -18.4895 4.8790
endloop
endfacet
facet normal 0.290073 0.038189 0.956242
outer loop
vertex 27.1500 -18.7407 4.5959
vertex 26.1837 -18.4895 4.8790
vertex 26.2168 -18.7407 4.8790
endloop
endfacet
facet normal 0.270305 0.111964 0.956242
outer loop
vertex 27.0851 -18.2479 4.5959
vertex 26.8949 -17.7888 4.5959
vertex 26.0867 -18.2554 4.8790
endloop
endfacet
facet normal 0.270305 0.111964 0.956242
outer loop
vertex 27.0851 -18.2479 4.5959
vertex 26.0867 -18.2554 4.8790
vertex 26.1837 -18.4895 4.8790
endloop
endfacet
facet normal 0.232116 0.178109 0.956242
outer loop
vertex 26.8949 -17.7888 4.5959
vertex 26.5924 -17.3945 4.5959
vertex 25.9325 -18.0544 4.8790
endloop
endfacet
facet normal 0.232116 0.178109 0.956242
outer loop
vertex 26.8949 -17.7888 4.5959
vertex 25.9325 -18.0544 4.8790
vertex 26.0867 -18.2554 4.8790
endloop
endfacet
facet normal 0.178109 0.232116 0.956242
outer loop
vertex 26.5924 -17.3945 4.5959
vertex 26.1981 -17.0920 4.5959
vertex 25.7315 -17.9002 4.8790
endloop
endfacet
facet normal 0.178109 0.232116 0.956242
outer loop
vertex 26.5924 -17.3945 4.5959
vertex 25.7315 -17.9002 4.8790
vertex 25.9325 -18.0544 4.8790
endloop
endfacet
facet normal 0.111964 0.270305 0.956242
outer loop
vertex 26.1981 -17.0920 4.5959
vertex 25.7390 -16.9018 4.5959
vertex 25.4974 -17.8032 4.8790
endloop
endfacet
facet normal 0.111964 0.270305 0.956242
outer loop
vertex 26.1981 -17.0920 4.5959
vertex 25.4974 -17.8032 4.8790
vertex 25.7315 -17.9002 4.8790
endloop
endfacet
facet normal 0.038189 0.290073 0.956242
outer loop
vertex 25.7390 -16.9018 4.5959
vertex 25.2463 -16.8370 4.5959
vertex 25.2463 -17.7702 4.8790
endloop
endfacet
facet normal 0.038189 0.290073 0.956242
outer loop
vertex 25.7390 -16.9018 4.5959
vertex 25.2463 -17.7702 4.8790
vertex 25.4974 -17.8032 4.8790
endloop
endfacet
facet normal -0.038189 0.290073 0.956242
outer loop
vertex 25.2463 -16.8370 4.5959
vertex 24.7536 -16.9018 4.5959
vertex 24.9951 -17.8032 4.8790
endloop
endfacet
facet normal -0.038189 0.290073 0.956242
outer loop
vertex 25.2463 -16.8370 4.5959
vertex 24.9951 -17.8032 4.8790
vertex 25.2463 -17.7702 4.8790
endloop
endfacet
facet normal -0.111964 0.270305 0.956242
outer loop
vertex 24.7536 -16.9018 4.5959
vertex 24.2944 -17.0920 4.5959
vertex 24.7610 -17.9002 4.8790
endloop
endfacet
facet normal -0.111964 0.270305 0.956242
outer loop
vertex 24.7536 -16.9018 4.5959
vertex 24.7610 -17.9002 4.8790
vertex 24.9951 -17.8032 4.8790
endloop
endfacet
facet normal -0.178109 0.232116 0.956242
outer loop
vertex 24.2944 -17.0920 4.5959
vertex 23.9002 -17.3945 4.5959
vertex 24.5600 -18.0544 4.8790
endloop
endfacet
facet normal -0.178109 0.232116 0.956242
outer loop
vertex 24.2944 -17.0920 4.5959
vertex 24.5600 -18.0544 4.8790
vertex 24.7610 -17.9002 4.8790
endloop
endfacet
facet normal -0.232116 0.178109 0.956242
outer loop
vertex 23.9002 -17.3945 4.5959
vertex 23.5976 -17.7888 4.5959
vertex 24.4058 -18.2554 4.8790
endloop
endfacet
facet normal -0.232116 0.178109 0.956242
outer loop
vertex 23.9002 -17.3945 4.5959
vertex 24.4058 -18.2554 4.8790
vertex 24.5600 -18.0544 4.8790
endloop
endfacet
facet normal -0.270305 0.111964 0.956242
outer loop
vertex 23.5976 -17.7888 4.5959
vertex 23.4074 -18.2479 4.5959
vertex 24.3088 -18.4895 4.8790
endloop
endfacet
facet normal -0.270305 0.111964 0.956242
outer loop
vertex 23.5976 -17.7888 4.5959
vertex 24.3088 -18.4895 4.8790
vertex 24.4058 -18.2554 4.8790
endloop
endfacet
facet normal -0.290073 0.038189 0.956242
outer loop
vertex 23.4074 -18.2479 4.5959
vertex 23.3426 -18.7407 4.5959
vertex 24.2758 -18.7407 4.8790
endloop
endfacet
facet normal -0.290073 0.038189 0.956242
outer loop
vertex 23.4074 -18.2479 4.5959
vertex 24.2758 -18.7407 4.8790
vertex 24.3088 -18.4895 4.8790
endloop
endfacet
facet normal -0.290073 -0.038189 0.956242
outer loop
vertex 23.3426 -18.7407 4.5959
vertex 23.4074 -19.2334 4.5959
vertex 24.3088 -18.9918 4.8790
endloop
endfacet
facet normal -0.290073 -0.038189 0.956242
outer loop
vertex 23.3426 -18.7407 4.5959
vertex 24.3088 -18.9918 4.8790
vertex 24.2758 -18.7407 4.8790
endloop
endfacet
facet normal -0.270305 -0.111964 0.956242
outer loop
vertex 23.4074 -19.2334 4.5959
vertex 23.5976 -19.6925 4.5959
vertex 24.4058 -19.2259 4.8790
endloop
endfacet
facet normal -0.270305 -0.111964 0.956242
outer loop
vertex 23.4074 -19.2334 4.5959
vertex 24.4058 -19.2259 4.8790
vertex 24.3088 -18.9918 4.8790
endloop
endfacet
facet normal -0.232116 -0.178109 0.956242
outer loop
vertex 23.5976 -19.6925 4.5959
vertex 23.9002 -20.0868 4.5959
vertex 24.5600 -19.4269 4.8790
endloop
endfacet
facet normal -0.232116 -0.178109 0.956242
outer loop
vertex 23.5976 -19.6925 4.5959
vertex 24.5600 -19.4269 4.8790
vertex 24.4058 -19.2259 4.8790
endloop
endfacet
facet normal -0.178109 -0.232116 0.956242
outer loop
vertex 23.9002 -20.0868 4.5959
vertex 24.2944 -20.3893 4.5959
vertex 24.7610 -19.5811 4.8790
endloop
endfacet
facet normal -0.178109 -0.232116 0.956242
outer loop
vertex 23.9002 -20.0868 4.5959
vertex 24.7610 -19.5811 4.8790
vertex 24.5600 -19.4269 4.8790
endloop
endfacet
facet normal -0.111964 -0.270305 0.956242
outer loop
vertex 24.2944 -20.3893 4.5959
vertex 24.7536 -20.5795 4.5959
vertex 24.9951 -19.6781 4.8790
endloop
endfacet
facet normal -0.111964 -0.270305 0.956242
outer loop
vertex 24.2944 -20.3893 4.5959
vertex 24.9951 -19.6781 4.8790
vertex 24.7610 -19.5811 4.8790
endloop
endfacet
facet normal -0.038189 -0.290073 0.956242
outer loop
vertex 24.7536 -20.5795 4.5959
vertex 25.2463 -20.6443 4.5959
vertex 25.2463 -19.7112 4.8790
endloop
endfacet
facet normal -0.038189 -0.290073 0.956242
outer loop
vertex 24.7536 -20.5795 4.5959
vertex 25.2463 -19.7112 4.8790
vertex 24.9951 -19.6781 4.8790
endloop
endfacet
facet normal 0.038189 -0.290073 0.956242
outer loop
vertex 25.2463 -20.6443 4.5959
vertex 25.7390 -20.5795 4.5959
vertex 25.4974 -19.6781 4.8790
endloop
endfacet
facet normal 0.038189 -0.290073 0.956242
outer loop
vertex 25.2463 -20.6443 4.5959
vertex 25.4974 -19.6781 4.8790
vertex 25.2463 -19.7112 4.8790
endloop
endfacet
facet normal 0.111964 -0.270305 0.956242
outer loop
vertex 25.7390 -20.5795 4.5959
vertex 26.1981 -20.3893 4.5959
vertex 25.7315 -19.5811 4.8790
endloop
endfacet
facet normal 0.111964 -0.270305 0.956242
outer loop
vertex 25.7390 -20.5795 4.5959
vertex 25.7315 -19.5811 4.8790
vertex 25.4974 -19.6781 4.8790
endloop
endfacet
facet normal 0.178109 -0.232116 0.956242
outer loop
vertex 26.1981 -20.3893 4.5959
vertex 26.5924 -20.0868 4.5959
vertex 25.9325 -19.4269 4.8790
endloop
endfacet
facet normal 0.178109 -0.232116 0.956242
outer loop
vertex 26.1981 -20.3893 4.5959
vertex 25.9325 -19.4269 4.8790
vertex 25.7315 -19.5811 4.8790
endloop
endfacet
facet normal 0.232116 -0.178109 0.956242
outer loop
vertex 26.5924 -20.0868 4.5959
vertex 26.8949 -19.6925 4.5959
vertex 26.0867 -19.2259 4.8790
endloop
endfacet
facet normal 0.232116 -0.178109 0.956242
outer loop
vertex 26.5924 -20.0868 4.5959
vertex 26.0867 -19.2259 4.8790
vertex 25.9325 -19.4269 4.8790
endloop
endfacet
facet normal 0.270305 -0.111964 0.956242
outer loop
vertex 26.8949 -19.6925 4.5959
vertex 27.0851 -19.2334 4.5959
vertex 26.1837 -18.9918 4.8790
endloop
endfacet
facet normal 0.270305 -0.111964 0.956242
outer loop
vertex 26.8949 -19.6925 4.5959
vertex 26.1837 -18.9918 4.8790
vertex 26.0867 -19.2259 4.8790
endloop
endfacet
facet normal 0.290073 -0.038189 0.956242
outer loop
vertex 27.0851 -19.2334 4.5959
vertex 27.1500 -18.7407 4.5959
vertex 26.2168 -18.7407 4.8790
endloop
endfacet
facet normal 0.290073 -0.038189 0.956242
outer loop
vertex 27.0851 -19.2334 4.5959
vertex 26.2168 -18.7407 4.8790
vertex 26.1837 -18.9918 4.8790
endloop
endfacet
facet normal 0.098009 0.012903 0.995102
outer loop
vertex 26.2168 -18.7407 4.8790
vertex 26.1837 -18.4895 4.8790
vertex 25.2463 -18.7407 4.9746
endloop
endfacet
facet normal 0.091330 0.037830 0.995102
outer loop
vertex 26.1837 -18.4895 4.8790
vertex 26.0867 -18.2554 4.8790
vertex 25.2463 -18.7407 4.9746
endloop
endfacet
facet normal 0.078427 0.060179 0.995102
outer loop
vertex 26.0867 -18.2554 4.8790
vertex 25.9325 -18.0544 4.8790
vertex 25.2463 -18.7407 4.9746
endloop
endfacet
facet normal 0.060179 0.078427 0.995102
outer loop
vertex 25.9325 -18.0544 4.8790
vertex 25.7315 -17.9002 4.8790
vertex 25.2463 -18.7407 4.9746
endloop
endfacet
facet normal 0.037830 0.091330 0.995102
outer loop
vertex 25.7315 -17.9002 4.8790
vertex 25.4974 -17.8032 4.8790
vertex 25.2463 -18.7407 4.9746
endloop
endfacet
facet normal 0.012903 0.098009 0.995102
outer loop
vertex 25.4974 -17.8032 4.8790
vertex 25.2463 -17.7702 4.8790
vertex 25.2463 -18.7407 4.9746
endloop
endfacet
facet normal -0.012903 0.098009 0.995102
outer loop
vertex 25.2463 -17.7702 4.8790
vertex 24.9951 -17.8032 4.8790
vertex 25.2463 -18.7407 4.9746
endloop
endfacet
facet normal -0.037830 0.091330 0.995102
outer loop
vertex 24.9951 -17.8032 4.8790
vertex 24.7610 -17.9002 4.8790
vertex 25.2463 -18.7407 4.9746
endloop
endfacet
facet normal -0.060179 0.078427 0.995102
outer loop
vertex 24.7610 -17.9002 4.8790
vertex 24.5600 -18.0544 4.8790
vertex 25.2463 -18.7407 4.9746
endloop
endfacet
facet normal -0.078427 0.060179 0.995102
outer loop
vertex 24.5600 -18.0544 4.8790
vertex 24.4058 -18.2554 4.8790
vertex 25.2463 -18.7407 4.9746
endloop
endfacet
facet normal -0.091330 0.037830 0.995102
outer loop
vertex 24.4058 -18.2554 4.8790
vertex 24.3088 -18.4895 4.8790
vertex 25.2463 -18.7407 4.9746
endloop
endfacet
facet normal -0.098009 0.012903 0.995102
outer loop
vertex 24.3088 -18.4895 4.8790
vertex 24.2758 -18.7407 4.8790
vertex 25.2463 -18.7407 4.9746
endloop
endfacet
facet normal -0.098009 -0.012903 0.995102
outer loop
vertex 24.2758 -18.7407 4.8790
vertex 24.3088 -18.9918 4.8790
vertex 25.2463 -18.7407 4.9746
endloop
endfacet
facet normal -0.091330 -0.037830 0.995102
outer loop
vertex 24.3088 -18.9918 4.8790
vertex 24.4058 -19.2259 4.8790
vertex 25.2463 -18.7407 4.9746
endloop
endfacet
facet normal -0.078427 -0.060179 0.995102
outer loop
vertex 24.4058 -19.2259 4.8790
vertex 24.5600 -19.4269 4.8790
vertex 25.2463 -18.7407 4.9746
endloop
endfacet
facet normal -0.060179 -0.078427 0.995102
outer loop
vertex 24.5600 -19.4269 4.8790
vertex 24.7610 -19.5811 4.8790
vertex 25.2463 -18.7407 4.9746
endloop
endfacet
facet normal -0.037830 -0.091330 0.995102
outer loop
vertex 24.7610 -19.5811 4.8790
vertex 24.9951 -19.6781 4.8790
vertex 25.2463 -18.7407 4.9746
endloop
endfacet
facet normal -0.012903 -0.098009 0.995102
outer loop
vertex 24.9951 -19.6781 4.8790
vertex 25.2463 -19.7112 4.8790
vertex 25.2463 -18.7407 4.9746
endloop
endfacet
facet normal 0.012903 -0.098009 0.995102
outer loop
vertex 25.2463 -19.7112 4.8790
vertex 25.4974 -19.6781 4.8790
vertex 25.2463 -18.7407 4.9746
endloop
endfacet
facet normal 0.037830 -0.091330 0.995102
outer loop
vertex 25.4974 -19.6781 4.8790
vertex 25.7315 -19.5811 4.8790
vertex 25.2463 -18.7407 4.9746
endloop
endfacet
facet normal 0.060179 -0.078427 0.995102
outer loop
vertex 25.7315 -19.5811 4.8790
vertex 25.9325 -19.4269 4.8790
vertex 25.2463 -18.7407 4.9746
endloop
endfacet
facet normal 0.078427 -0.060179 0.995102
outer loop
vertex 25.9325 -19.4269 4.8790
vertex 26.0867 -19.2259 4.8790
vertex 25.2463 -18.7407 4.9746
endloop
endfacet
facet normal 0.091330 -0.037830 0.995102
outer loop
vertex 26.0867 -19.2259 4.8790
vertex 26.1837 -18.9918 4.8790
vertex 25.2463 -18.7407 4.9746
endloop
endfacet
facet normal 0.098009 -0.012903 0.995102
outer loop
vertex 26.1837 -18.9918 4.8790
vertex 26.2168 -18.7407 4.8790
vertex 25.2463 -18.7407 4.9746
endloop
endfacet
facet normal 0.986752 0.129908 0.097187
outer loop
vertex 31.8012 13.1439 0.0000
vertex 31.6521 14.2768 0.0000
vertex 31.5708 14.2550 0.8539
endloop
endfacet
facet normal 0.986752 0.129908 0.097187
outer loop
vertex 31.8012 13.1439 0.0000
vertex 31.5708 14.2550 0.8539
vertex 31.7171 13.1439 0.8539
endloop
endfacet
facet normal 0.919506 0.380872 0.097187
outer loop
vertex 31.6521 14.2768 0.0000
vertex 31.2148 15.3325 0.0000
vertex 31.1420 15.2904 0.8539
endloop
endfacet
facet normal 0.919506 0.380872 0.097187
outer loop
vertex 31.6521 14.2768 0.0000
vertex 31.1420 15.2904 0.8539
vertex 31.5708 14.2550 0.8539
endloop
endfacet
facet normal 0.789598 0.605880 0.097187
outer loop
vertex 31.2148 15.3325 0.0000
vertex 30.5192 16.2390 0.0000
vertex 30.4597 16.1795 0.8539
endloop
endfacet
facet normal 0.789598 0.605880 0.097187
outer loop
vertex 31.2148 15.3325 0.0000
vertex 30.4597 16.1795 0.8539
vertex 31.1420 15.2904 0.8539
endloop
endfacet
facet normal 0.605880 0.789598 0.097187
outer loop
vertex 30.5192 16.2390 0.0000
vertex 29.6127 16.9346 0.0000
vertex 29.5706 16.8618 0.8539
endloop
endfacet
facet normal 0.605880 0.789598 0.097187
outer loop
vertex 30.5192 16.2390 0.0000
vertex 29.5706 16.8618 0.8539
vertex 30.4597 16.1795 0.8539
endloop
endfacet
facet normal 0.380872 0.919506 0.097187
outer loop
vertex 29.6127 16.9346 0.0000
vertex 28.5570 17.3719 0.0000
vertex 28.5352 17.2906 0.8539
endloop
endfacet
facet normal 0.380872 0.919506 0.097187
outer loop
vertex 29.6127 16.9346 0.0000
vertex 28.5352 17.2906 0.8539
vertex 29.5706 16.8618 0.8539
endloop
endfacet
facet normal 0.129908 0.986752 0.097187
outer loop
vertex 28.5570 17.3719 0.0000
vertex 27.4241 17.5210 0.0000
vertex 27.4241 17.4369 0.8539
endloop
endfacet
facet normal 0.129908 0.986752 0.097187
outer loop
vertex 28.5570 17.3719 0.0000
vertex 27.4241 17.4369 0.8539
vertex 28.5352 17.2906 0.8539
endloop
endfacet
facet normal -0.129908 0.986752 0.097187
outer loop
vertex 27.4241 17.5210 0.0000
vertex 26.2913 17.3719 0.0000
vertex 26.3130 17.2906 0.8539
endloop
endfacet
facet normal -0.129908 0.986752 0.097187
outer loop
vertex 27.4241 17.5210 0.0000
vertex 26.3130 17.2906 0.8539
vertex 27.4241 17.4369 0.8539
endloop
endfacet
facet normal -0.380872 0.919506 0.097187
outer loop
vertex 26.2913 17.3719 0.0000
vertex 25.2356 16.9346 0.0000
vertex 25.2776 16.8618 0.8539
endloop
endfacet
facet normal -0.380872 0.919506 0.097187
outer loop
vertex 26.2913 17.3719 0.0000
vertex 25.2776 16.8618 0.8539
vertex 26.3130 17.2906 0.8539
endloop
endfacet
facet normal -0.605880 0.789598 0.097187
outer loop
vertex 25.2356 16.9346 0.0000
vertex 24.3291 16.2390 0.0000
vertex 24.3885 16.1795 0.8539
endloop
endfacet
facet normal -0.605880 0.789598 0.097187
outer loop
vertex 25.2356 16.9346 0.0000
vertex 24.3885 16.1795 0.8539
vertex 25.2776 16.8618 0.8539
endloop
endfacet
facet normal -0.789598 0.605880 0.097187
outer loop
vertex 24.3291 16.2390 0.0000
vertex 23.6335 15.3325 0.0000
vertex 23.7063 15.2904 0.8539
endloop
endfacet
facet normal -0.789598 0.605880 0.097187
outer loop
vertex 24.3291 16.2390 0.0000
vertex 23.7063 15.2904 0.8539
vertex 24.3885 16.1795 0.8539
endloop
endfacet
facet normal -0.919506 0.380872 0.097187
outer loop
vertex 23.6335 15.3325 0.0000
vertex 23.1962 14.2768 0.0000
vertex 23.2774 14.2550 0.8539
endloop
endfacet
facet normal -0.919506 0.380872 0.097187
outer loop
vertex 23.6335 15.3325 0.0000
vertex 23.2774 14.2550 0.8539
vertex 23.7063 15.2904 0.8539
endloop
endfacet
facet normal -0.986752 0.129908 0.097187
outer loop
vertex 23.1962 14.2768 0.0000
vertex 23.0470 13.1439 0.0000
vertex 23.1311 13.1439 0.8539
endloop
endfacet
facet normal -0.986752 0.129908 0.097187
outer loop
vertex 23.1962 14.2768 0.0000
vertex 23.1311 13.1439 0.8539
vertex 23.2774 14.2550 0.8539
endloop
endfacet
facet normal -0.986752 -0.129908 0.097187
outer loop
vertex 23.0470 13.1439 0.0000
vertex 23.1962 12.0111 0.0000
vertex 23.2774 12.0328 0.8539
endloop
endfacet
facet normal -0.986752 -0.129908 0.097187
outer loop
vertex 23.0470 13.1439 0.0000
vertex 23.2774 12.0328 0.8539
vertex 23.1311 13.1439 0.8539
endloop
endfacet
facet normal -0.919506 -0.380872 0.097187
outer loop
vertex 23.1962 12.0111 0.0000
vertex 23.6335 10.9554 0.0000
vertex 23.7063 10.9974 0.8539
endloop
endfacet
facet normal -0.919506 -0.380872 0.097187
outer loop
vertex 23.1962 12.0111 0.0000
vertex 23.7063 10.9974 0.8539
vertex 23.2774 12.0328 0.8539
endloop
endfacet
facet normal -0.789598 -0.605880 0.097187
outer loop
vertex 23.6335 10.9554 0.0000
vertex 24.3291 10.0489 0.0000
vertex 24.3885 10.1083 0.8539
endloop
endfacet
facet normal -0.789598 -0.605880 0.097187
outer loop
vertex 23.6335 10.9554 0.0000
vertex 24.3885 10.1083 0.8539
vertex 23.7063 10.9974 0.8539
endloop
endfacet
facet normal -0.605880 -0.789598 0.097187
outer loop
vertex 24.3291 10.0489 0.0000
vertex 25.2356 9.3533 0.0000
vertex 25.2776 9.4261 0.8539
endloop
endfacet
facet normal -0.605880 -0.789598 0.097187
outer loop
vertex 24.3291 10.0489 0.0000
vertex 25.2776 9.4261 0.8539
vertex 24.3885 10.1083 0.8539
endloop
endfacet
facet normal -0.380872 -0.919506 0.097187
outer loop
vertex 25.2356 9.3533 0.0000
vertex 26.2913 8.9160 0.0000
vertex 26.3130 8.9972 0.8539
endloop
endfacet
facet normal -0.380872 -0.919506 0.097187
outer loop
vertex 25.2356 9.3533 0.0000
vertex 26.3130 8.9972 0.8539
vertex 25.2776 9.4261 0.8539
endloop
endfacet
facet normal -0.129908 -0.986752 0.097187
outer loop
vertex 26.2913 8.9160 0.0000
vertex 27.4241 8.7668 0.0000
vertex 27.4241 8.8509 0.8539
endloop
endfacet
facet normal -0.129908 -0.986752 0.097187
outer loop
vertex 26.2913 8.9160 0.0000
vertex 27.4241 8.8509 0.8539
vertex 26.3130 8.9972 0.8539
endloop
endfacet
facet normal 0.129908 -0.986752 0.097187
outer loop
vertex 27.4241 8.7668 0.0000
vertex 28.5570 8.9160 0.0000
vertex 28.5352 8.9972 0.8539
endloop
endfacet
facet normal 0.129908 -0.986752 0.097187
outer loop
vertex 27.4241 8.7668 0.0000
vertex 28.5352 8.9972 0.8539
vertex 27.4241 8.8509 0.8539
endloop
endfacet
facet normal 0.380872 -0.919506 0.097187
outer loop
vertex 28.5570 8.9160 0.0000
vertex 29.6127 9.3533 0.0000
vertex 29.5706 9.4261 0.8539
endloop
endfacet
facet normal 0.380872 -0.919506 0.097187
outer loop
vertex 28.5570 8.9160 0.0000
vertex 29.5706 9.4261 0.8539
vertex 28.5352 8.9972 0.8539
endloop
endfacet
facet normal 0.605880 -0.789598 0.097187
outer loop
vertex 29.6127 9.3533 0.0000
vertex 30.5192 10.0489 0.0000
vertex 30.4597 10.1083 0.8539
endloop
endfacet
facet normal 0.605880 -0.789598 0.097187
outer loop
vertex 29.6127 9.3533 0.0000
vertex 30.4597 10.1083 0.8539
vertex 29.5706 9.4261 0.8539
endloop
endfacet
facet normal 0.789598 -0.605880 0.097187
outer loop
vertex 30.5192 10.0489 0.0000
vertex 31.2148 10.9554 0.0000
vertex 31.1420 10.9974 0.8539
endloop
endfacet
facet normal 0.789598 -0.605880 0.097187
outer loop
vertex 30.5192 10.0489 0.0000
vertex 31.1420 10.9974 0.8539
vertex 30.4597 10.1083 0.8539
endloop
endfacet
facet normal 0.919506 -0.380872 0.097187
outer loop
vertex 31.2148 10.9554 0.0000
vertex 31.6521 12.0111 0.0000
vertex 31.5708 12.0328 0.8539
endloop
endfacet
facet normal 0.919506 -0.380872 0.097187
outer loop
vertex 31.2148 10.9554 0.0000
vertex 31.5708 12.0328 0.8539
vertex 31.1420 10.9974 0.8539
endloop
endfacet
facet normal 0.986752 -0.129908 0.097187
outer loop
vertex 31.6521 12.0111 0.0000
vertex 31.8012 13.1439 0.0000
vertex 31.7171 13.1439 0.8539
endloop
endfacet
facet normal 0.986752 -0.129908 0.097187
outer loop
vertex 31.6521 12.0111 0.0000
vertex 31.7171 13.1439 0.8539
vertex 31.5708 12.0328 0.8539
endloop
endfacet
facet normal 0.949435 0.124996 0.288008
outer loop
vertex 31.7171 13.1439 0.8539
vertex 31.5708 14.2550 0.8539
vertex 31.3302 14.1906 1.6750
endloop
endfacet
facet normal 0.949435 0.124996 0.288008
outer loop
vertex 31.7171 13.1439 0.8539
vertex 31.3302 14.1906 1.6750
vertex 31.4680 13.1439 1.6750
endloop
endfacet
facet normal 0.884733 0.366468 0.288008
outer loop
vertex 31.5708 14.2550 0.8539
vertex 31.1420 15.2904 0.8539
vertex 30.9263 15.1659 1.6750
endloop
endfacet
facet normal 0.884733 0.366468 0.288008
outer loop
vertex 31.5708 14.2550 0.8539
vertex 30.9263 15.1659 1.6750
vertex 31.3302 14.1906 1.6750
endloop
endfacet
facet normal 0.759737 0.582967 0.288008
outer loop
vertex 31.1420 15.2904 0.8539
vertex 30.4597 16.1795 0.8539
vertex 30.2836 16.0034 1.6750
endloop
endfacet
facet normal 0.759737 0.582967 0.288008
outer loop
vertex 31.1420 15.2904 0.8539
vertex 30.2836 16.0034 1.6750
vertex 30.9263 15.1659 1.6750
endloop
endfacet
facet normal 0.582967 0.759737 0.288008
outer loop
vertex 30.4597 16.1795 0.8539
vertex 29.5706 16.8618 0.8539
vertex 29.4461 16.6460 1.6750
endloop
endfacet
facet normal 0.582967 0.759737 0.288008
outer loop
vertex 30.4597 16.1795 0.8539
vertex 29.4461 16.6460 1.6750
vertex 30.2836 16.0034 1.6750
endloop
endfacet
facet normal 0.366468 0.884733 0.288008
outer loop
vertex 29.5706 16.8618 0.8539
vertex 28.5352 17.2906 0.8539
vertex 28.4708 17.0500 1.6750
endloop
endfacet
facet normal 0.366468 0.884733 0.288008
outer loop
vertex 29.5706 16.8618 0.8539
vertex 28.4708 17.0500 1.6750
vertex 29.4461 16.6460 1.6750
endloop
endfacet
facet normal 0.124996 0.949435 0.288008
outer loop
vertex 28.5352 17.2906 0.8539
vertex 27.4241 17.4369 0.8539
vertex 27.4241 17.1878 1.6750
endloop
endfacet
facet normal 0.124996 0.949435 0.288008
outer loop
vertex 28.5352 17.2906 0.8539
vertex 27.4241 17.1878 1.6750
vertex 28.4708 17.0500 1.6750
endloop
endfacet
facet normal -0.124996 0.949435 0.288008
outer loop
vertex 27.4241 17.4369 0.8539
vertex 26.3130 17.2906 0.8539
vertex 26.3775 17.0500 1.6750
endloop
endfacet
facet normal -0.124996 0.949435 0.288008
outer loop
vertex 27.4241 17.4369 0.8539
vertex 26.3775 17.0500 1.6750
vertex 27.4241 17.1878 1.6750
endloop
endfacet
facet normal -0.366468 0.884733 0.288008
outer loop
vertex 26.3130 17.2906 0.8539
vertex 25.2776 16.8618 0.8539
vertex 25.4022 16.6460 1.6750
endloop
endfacet
facet normal -0.366468 0.884733 0.288008
outer loop
vertex 26.3130 17.2906 0.8539
vertex 25.4022 16.6460 1.6750
vertex 26.3775 17.0500 1.6750
endloop
endfacet
facet normal -0.582967 0.759737 0.288008
outer loop
vertex 25.2776 16.8618 0.8539
vertex 24.3885 16.1795 0.8539
vertex 24.5647 16.0034 1.6750
endloop
endfacet
facet normal -0.582967 0.759737 0.288008
outer loop
vertex 25.2776 16.8618 0.8539
vertex 24.5647 16.0034 1.6750
vertex 25.4022 16.6460 1.6750
endloop
endfacet
facet normal -0.759737 0.582967 0.288008
outer loop
vertex 24.3885 16.1795 0.8539
vertex 23.7063 15.2904 0.8539
vertex 23.9220 15.1659 1.6750
endloop
endfacet
facet normal -0.759737 0.582967 0.288008
outer loop
vertex 24.3885 16.1795 0.8539
vertex 23.9220 15.1659 1.6750
vertex 24.5647 16.0034 1.6750
endloop
endfacet
facet normal -0.884733 0.366468 0.288008
outer loop
vertex 23.7063 15.2904 0.8539
vertex 23.2774 14.2550 0.8539
vertex 23.5180 14.1906 1.6750
endloop
endfacet
facet normal -0.884733 0.366468 0.288008
outer loop
vertex 23.7063 15.2904 0.8539
vertex 23.5180 14.1906 1.6750
vertex 23.9220 15.1659 1.6750
endloop
endfacet
facet normal -0.949435 0.124996 0.288008
outer loop
vertex 23.2774 14.2550 0.8539
vertex 23.1311 13.1439 0.8539
vertex 23.3802 13.1439 1.6750
endloop
endfacet
facet normal -0.949435 0.124996 0.288008
outer loop
vertex 23.2774 14.2550 0.8539
vertex 23.3802 13.1439 1.6750
vertex 23.5180 14.1906 1.6750
endloop
endfacet
facet normal -0.949435 -0.124996 0.288008
outer loop
vertex 23.1311 13.1439 0.8539
vertex 23.2774 12.0328 0.8539
vertex 23.5180 12.0973 1.6750
endloop
endfacet
facet normal -0.949435 -0.124996 0.288008
outer loop
vertex 23.1311 13.1439 0.8539
vertex 23.5180 12.0973 1.6750
vertex 23.3802 13.1439 1.6750
endloop
endfacet
facet normal -0.884733 -0.366468 0.288008
outer loop
vertex 23.2774 12.0328 0.8539
vertex 23.7063 10.9974 0.8539
vertex 23.9220 11.1220 1.6750
endloop
endfacet
facet normal -0.884733 -0.366468 0.288008
outer loop
vertex 23.2774 12.0328 0.8539
vertex 23.9220 11.1220 1.6750
vertex 23.5180 12.0973 1.6750
endloop
endfacet
facet normal -0.759737 -0.582967 0.288008
outer loop
vertex 23.7063 10.9974 0.8539
vertex 24.3885 10.1083 0.8539
vertex 24.5647 10.2845 1.6750
endloop
endfacet
facet normal -0.759737 -0.582967 0.288008
outer loop
vertex 23.7063 10.9974 0.8539
vertex 24.5647 10.2845 1.6750
vertex 23.9220 11.1220 1.6750
endloop
endfacet
facet normal -0.582967 -0.759737 0.288008
outer loop
vertex 24.3885 10.1083 0.8539
vertex 25.2776 9.4261 0.8539
vertex 25.4022 9.6418 1.6750
endloop
endfacet
facet normal -0.582967 -0.759737 0.288008
outer loop
vertex 24.3885 10.1083 0.8539
vertex 25.4022 9.6418 1.6750
vertex 24.5647 10.2845 1.6750
endloop
endfacet
facet normal -0.366468 -0.884733 0.288008
outer loop
vertex 25.2776 9.4261 0.8539
vertex 26.3130 8.9972 0.8539
vertex 26.3775 9.2378 1.6750
endloop
endfacet
facet normal -0.366468 -0.884733 0.288008
outer loop
vertex 25.2776 9.4261 0.8539
vertex 26.3775 9.2378 1.6750
vertex 25.4022 9.6418 1.6750
endloop
endfacet
facet normal -0.124996 -0.949435 0.288008
outer loop
vertex 26.3130 8.9972 0.8539
vertex 27.4241 8.8509 0.8539
vertex 27.4241 9.1000 1.6750
endloop
endfacet
facet normal -0.124996 -0.949435 0.288008
outer loop
vertex 26.3130 8.9972 0.8539
vertex 27.4241 9.1000 1.6750
vertex 26.3775 9.2378 1.6750
endloop
endfacet
facet normal 0.124996 -0.949435 0.288008
outer loop
vertex 27.4241 8.8509 0.8539
vertex 28.5352 8.9972 0.8539
vertex 28.4708 9.2378 1.6750
endloop
endfacet
facet normal 0.124996 -0.949435 0.288008
outer loop
vertex 27.4241 8.8509 0.8539
vertex 28.4708 9.2378 1.6750
vertex 27.4241 9.1000 1.6750
endloop
endfacet
facet normal 0.366468 -0.884733 0.288008
outer loop
vertex 28.5352 8.9972 0.8539
vertex 29.5706 9.4261 0.8539
vertex 29.4461 9.6418 1.6750
endloop
endfacet
facet normal 0.366468 -0.884733 0.288008
outer loop
vertex 28.5352 8.9972 0.8539
vertex 29.4461 9.6418 1.6750
vertex 28.4708 9.2378 1.6750
endloop
endfacet
facet normal 0.582967 -0.759737 0.288008
outer loop
vertex 29.5706 9.4261 0.8539
vertex 30.4597 10.1083 0.8539
vertex 30.2836 10.2845 1.6750
endloop
endfacet
facet normal 0.582967 -0.759737 0.288008
outer loop
vertex 29.5706 9.4261 0.8539
vertex 30.2836 10.2845 1.6750
vertex 29.4461 9.6418 1.6750
endloop
endfacet
facet normal 0.759737 -0.582967 0.288008
outer loop
vertex 30.4597 10.1083 0.8539
vertex 31.1420 10.9974 0.8539
vertex 30.9263 11.1220 1.6750
endloop
endfacet
facet normal 0.759737 -0.582967 0.288008
outer loop
vertex 30.4597 10.1083 0.8539
vertex 30.9263 11.1220 1.6750
vertex 30.2836 10.2845 1.6750
endloop
endfacet
facet normal 0.884733 -0.366468 0.288008
outer loop
vertex 31.1420 10.9974 0.8539
vertex 31.5708 12.0328 0.8539
vertex 31.3302 12.0973 1.6750
endloop
endfacet
facet normal 0.884733 -0.366468 0.288008
outer loop
vertex 31.1420 10.9974 0.8539
vertex 31.3302 12.0973 1.6750
vertex 30.9263 11.1220 1.6750
endloop
endfacet
facet normal 0.949435 -0.124996 0.288008
outer loop
vertex 31.5708 12.0328 0.8539
vertex 31.7171 13.1439 0.8539
vertex 31.4680 13.1439 1.6750
endloop
endfacet
facet normal 0.949435 -0.124996 0.288008
outer loop
vertex 31.5708 12.0328 0.8539
vertex 31.4680 13.1439 1.6750
vertex 31.3302 12.0973 1.6750
endloop
endfacet
facet normal 0.876036 0.115332 0.468251
outer loop
vertex 31.4680 13.1439 1.6750
vertex 31.3302 14.1906 1.6750
vertex 30.9395 14.0859 2.4318
endloop
endfacet
facet normal 0.876036 0.115332 0.468251
outer loop
vertex 31.4680 13.1439 1.6750
vertex 30.9395 14.0859 2.4318
vertex 31.0635 13.1439 2.4318
endloop
endfacet
facet normal 0.816336 0.338137 0.468251
outer loop
vertex 31.3302 14.1906 1.6750
vertex 30.9263 15.1659 1.6750
vertex 30.5760 14.9636 2.4318
endloop
endfacet
facet normal 0.816336 0.338137 0.468251
outer loop
vertex 31.3302 14.1906 1.6750
vertex 30.5760 14.9636 2.4318
vertex 30.9395 14.0859 2.4318
endloop
endfacet
facet normal 0.701003 0.537899 0.468251
outer loop
vertex 30.9263 15.1659 1.6750
vertex 30.2836 16.0034 1.6750
vertex 29.9976 15.7174 2.4318
endloop
endfacet
facet normal 0.701003 0.537899 0.468251
outer loop
vertex 30.9263 15.1659 1.6750
vertex 29.9976 15.7174 2.4318
vertex 30.5760 14.9636 2.4318
endloop
endfacet
facet normal 0.537899 0.701003 0.468251
outer loop
vertex 30.2836 16.0034 1.6750
vertex 29.4461 16.6460 1.6750
vertex 29.2438 16.2958 2.4318
endloop
endfacet
facet normal 0.537899 0.701003 0.468251
outer loop
vertex 30.2836 16.0034 1.6750
vertex 29.2438 16.2958 2.4318
vertex 29.9976 15.7174 2.4318
endloop
endfacet
facet normal 0.338137 0.816336 0.468251
outer loop
vertex 29.4461 16.6460 1.6750
vertex 28.4708 17.0500 1.6750
vertex 28.3661 16.6593 2.4318
endloop
endfacet
facet normal 0.338137 0.816336 0.468251
outer loop
vertex 29.4461 16.6460 1.6750
vertex 28.3661 16.6593 2.4318
vertex 29.2438 16.2958 2.4318
endloop
endfacet
facet normal 0.115332 0.876036 0.468251
outer loop
vertex 28.4708 17.0500 1.6750
vertex 27.4241 17.1878 1.6750
vertex 27.4241 16.7833 2.4318
endloop
endfacet
facet normal 0.115332 0.876036 0.468251
outer loop
vertex 28.4708 17.0500 1.6750
vertex 27.4241 16.7833 2.4318
vertex 28.3661 16.6593 2.4318
endloop
endfacet
facet normal -0.115332 0.876036 0.468251
outer loop
vertex 27.4241 17.1878 1.6750
vertex 26.3775 17.0500 1.6750
vertex 26.4822 16.6593 2.4318
endloop
endfacet
facet normal -0.115332 0.876036 0.468251
outer loop
vertex 27.4241 17.1878 1.6750
vertex 26.4822 16.6593 2.4318
vertex 27.4241 16.7833 2.4318
endloop
endfacet
facet normal -0.338137 0.816336 0.468251
outer loop
vertex 26.3775 17.0500 1.6750
vertex 25.4022 16.6460 1.6750
vertex 25.6044 16.2958 2.4318
endloop
endfacet
facet normal -0.338137 0.816336 0.468251
outer loop
vertex 26.3775 17.0500 1.6750
vertex 25.6044 16.2958 2.4318
vertex 26.4822 16.6593 2.4318
endloop
endfacet
facet normal -0.537899 0.701003 0.468251
outer loop
vertex 25.4022 16.6460 1.6750
vertex 24.5647 16.0034 1.6750
vertex 24.8507 15.7174 2.4318
endloop
endfacet
facet normal -0.537899 0.701003 0.468251
outer loop
vertex 25.4022 16.6460 1.6750
vertex 24.8507 15.7174 2.4318
vertex 25.6044 16.2958 2.4318
endloop
endfacet
facet normal -0.701003 0.537899 0.468251
outer loop
vertex 24.5647 16.0034 1.6750
vertex 23.9220 15.1659 1.6750
vertex 24.2723 14.9636 2.4318
endloop
endfacet
facet normal -0.701003 0.537899 0.468251
outer loop
vertex 24.5647 16.0034 1.6750
vertex 24.2723 14.9636 2.4318
vertex 24.8507 15.7174 2.4318
endloop
endfacet
facet normal -0.816336 0.338137 0.468251
outer loop
vertex 23.9220 15.1659 1.6750
vertex 23.5180 14.1906 1.6750
vertex 23.9087 14.0859 2.4318
endloop
endfacet
facet normal -0.816336 0.338137 0.468251
outer loop
vertex 23.9220 15.1659 1.6750
vertex 23.9087 14.0859 2.4318
vertex 24.2723 14.9636 2.4318
endloop
endfacet
facet normal -0.876036 0.115332 0.468251
outer loop
vertex 23.5180 14.1906 1.6750
vertex 23.3802 13.1439 1.6750
vertex 23.7847 13.1439 2.4318
endloop
endfacet
facet normal -0.876036 0.115332 0.468251
outer loop
vertex 23.5180 14.1906 1.6750
vertex 23.7847 13.1439 2.4318
vertex 23.9087 14.0859 2.4318
endloop
endfacet
facet normal -0.876036 -0.115332 0.468251
outer loop
vertex 23.3802 13.1439 1.6750
vertex 23.5180 12.0973 1.6750
vertex 23.9087 12.2020 2.4318
endloop
endfacet
facet normal -0.876036 -0.115332 0.468251
outer loop
vertex 23.3802 13.1439 1.6750
vertex 23.9087 12.2020 2.4318
vertex 23.7847 13.1439 2.4318
endloop
endfacet
facet normal -0.816336 -0.338137 0.468251
outer loop
vertex 23.5180 12.0973 1.6750
vertex 23.9220 11.1220 1.6750
vertex 24.2723 11.3242 2.4318
endloop
endfacet
facet normal -0.816336 -0.338137 0.468251
outer loop
vertex 23.5180 12.0973 1.6750
vertex 24.2723 11.3242 2.4318
vertex 23.9087 12.2020 2.4318
endloop
endfacet
facet normal -0.701003 -0.537899 0.468251
outer loop
vertex 23.9220 11.1220 1.6750
vertex 24.5647 10.2845 1.6750
vertex 24.8507 10.5705 2.4318
endloop
endfacet
facet normal -0.701003 -0.537899 0.468251
outer loop
vertex 23.9220 11.1220 1.6750
vertex 24.8507 10.5705 2.4318
vertex 24.2723 11.3242 2.4318
endloop
endfacet
facet normal -0.537899 -0.701003 0.468251
outer loop
vertex 24.5647 10.2845 1.6750
vertex 25.4022 9.6418 1.6750
vertex 25.6044 9.9921 2.4318
endloop
endfacet
facet normal -0.537899 -0.701003 0.468251
outer loop
vertex 24.5647 10.2845 1.6750
vertex 25.6044 9.9921 2.4318
vertex 24.8507 10.5705 2.4318
endloop
endfacet
facet normal -0.338137 -0.816336 0.468251
outer loop
vertex 25.4022 9.6418 1.6750
vertex 26.3775 9.2378 1.6750
vertex 26.4822 9.6285 2.4318
endloop
endfacet
facet normal -0.338137 -0.816336 0.468251
outer loop
vertex 25.4022 9.6418 1.6750
vertex 26.4822 9.6285 2.4318
vertex 25.6044 9.9921 2.4318
endloop
endfacet
facet normal -0.115332 -0.876036 0.468251
outer loop
vertex 26.3775 9.2378 1.6750
vertex 27.4241 9.1000 1.6750
vertex 27.4241 9.5045 2.4318
endloop
endfacet
facet normal -0.115332 -0.876036 0.468251
outer loop
vertex 26.3775 9.2378 1.6750
vertex 27.4241 9.5045 2.4318
vertex 26.4822 9.6285 2.4318
endloop
endfacet
facet normal 0.115332 -0.876036 0.468251
outer loop
vertex 27.4241 9.1000 1.6750
vertex 28.4708 9.2378 1.6750
vertex 28.3661 9.6285 2.4318
endloop
endfacet
facet normal 0.115332 -0.876036 0.468251
outer loop
vertex 27.4241 9.1000 1.6750
vertex 28.3661 9.6285 2.4318
vertex 27.4241 9.5045 2.4318
endloop
endfacet
facet normal 0.338137 -0.816336 0.468251
outer loop
vertex 28.4708 9.2378 1.6750
vertex 29.4461 9.6418 1.6750
vertex 29.2438 9.9921 2.4318
endloop
endfacet
facet normal 0.338137 -0.816336 0.468251
outer loop
vertex 28.4708 9.2378 1.6750
vertex 29.2438 9.9921 2.4318
vertex 28.3661 9.6285 2.4318
endloop
endfacet
facet normal 0.537899 -0.701003 0.468251
outer loop
vertex 29.4461 9.6418 1.6750
vertex 30.2836 10.2845 1.6750
vertex 29.9976 10.5705 2.4318
endloop
endfacet
facet normal 0.537899 -0.701003 0.468251
outer loop
vertex 29.4461 9.6418 1.6750
vertex 29.9976 10.5705 2.4318
vertex 29.2438 9.9921 2.4318
endloop
endfacet
facet normal 0.701003 -0.537899 0.468251
outer loop
vertex 30.2836 10.2845 1.6750
vertex 30.9263 11.1220 1.6750
vertex 30.5760 11.3242 2.4318
endloop
endfacet
facet normal 0.701003 -0.537899 0.468251
outer loop
vertex 30.2836 10.2845 1.6750
vertex 30.5760 11.3242 2.4318
vertex 29.9976 10.5705 2.4318
endloop
endfacet
facet normal 0.816336 -0.338137 0.468251
outer loop
vertex 30.9263 11.1220 1.6750
vertex 31.3302 12.0973 1.6750
vertex 30.9395 12.2020 2.4318
endloop
endfacet
facet normal 0.816336 -0.338137 0.468251
outer loop
vertex 30.9263 11.1220 1.6750
vertex 30.9395 12.2020 2.4318
vertex 30.5760 11.3242 2.4318
endloop
endfacet
facet normal 0.876036 -0.115332 0.468251
outer loop
vertex 31.3302 12.0973 1.6750
vertex 31.4680 13.1439 1.6750
vertex 31.0635 13.1439 2.4318
endloop
endfacet
facet normal 0.876036 -0.115332 0.468251
outer loop
vertex 31.3302 12.0973 1.6750
vertex 31.0635 13.1439 2.4318
vertex 30.9395 12.2020 2.4318
endloop
endfacet
facet normal 0.769038 0.101246 0.631133
outer loop
vertex 31.0635 13.1439 2.4318
vertex 30.9395 14.0859 2.4318
vertex 30.4137 13.9450 3.0951
endloop
endfacet
facet normal 0.769038 0.101246 0.631133
outer loop
vertex 31.0635 13.1439 2.4318
vertex 30.4137 13.9450 3.0951
vertex 30.5192 13.1439 3.0951
endloop
endfacet
facet normal 0.716630 0.296838 0.631133
outer loop
vertex 30.9395 14.0859 2.4318
vertex 30.5760 14.9636 2.4318
vertex 30.1045 14.6915 3.0951
endloop
endfacet
facet normal 0.716630 0.296838 0.631133
outer loop
vertex 30.9395 14.0859 2.4318
vertex 30.1045 14.6915 3.0951
vertex 30.4137 13.9450 3.0951
endloop
endfacet
facet normal 0.615384 0.472201 0.631133
outer loop
vertex 30.5760 14.9636 2.4318
vertex 29.9976 15.7174 2.4318
vertex 29.6127 15.3325 3.0951
endloop
endfacet
facet normal 0.615384 0.472201 0.631133
outer loop
vertex 30.5760 14.9636 2.4318
vertex 29.6127 15.3325 3.0951
vertex 30.1045 14.6915 3.0951
endloop
endfacet
facet normal 0.472201 0.615384 0.631133
outer loop
vertex 29.9976 15.7174 2.4318
vertex 29.2438 16.2958 2.4318
vertex 28.9717 15.8243 3.0951
endloop
endfacet
facet normal 0.472201 0.615384 0.631133
outer loop
vertex 29.9976 15.7174 2.4318
vertex 28.9717 15.8243 3.0951
vertex 29.6127 15.3325 3.0951
endloop
endfacet
facet normal 0.296838 0.716630 0.631133
outer loop
vertex 29.2438 16.2958 2.4318
vertex 28.3661 16.6593 2.4318
vertex 28.2252 16.1335 3.0951
endloop
endfacet
facet normal 0.296838 0.716630 0.631133
outer loop
vertex 29.2438 16.2958 2.4318
vertex 28.2252 16.1335 3.0951
vertex 28.9717 15.8243 3.0951
endloop
endfacet
facet normal 0.101246 0.769038 0.631133
outer loop
vertex 28.3661 16.6593 2.4318
vertex 27.4241 16.7833 2.4318
vertex 27.4241 16.2390 3.0951
endloop
endfacet
facet normal 0.101246 0.769038 0.631133
outer loop
vertex 28.3661 16.6593 2.4318
vertex 27.4241 16.2390 3.0951
vertex 28.2252 16.1335 3.0951
endloop
endfacet
facet normal -0.101246 0.769038 0.631133
outer loop
vertex 27.4241 16.7833 2.4318
vertex 26.4822 16.6593 2.4318
vertex 26.6231 16.1335 3.0951
endloop
endfacet
facet normal -0.101246 0.769038 0.631133
outer loop
vertex 27.4241 16.7833 2.4318
vertex 26.6231 16.1335 3.0951
vertex 27.4241 16.2390 3.0951
endloop
endfacet
facet normal -0.296838 0.716630 0.631133
outer loop
vertex 26.4822 16.6593 2.4318
vertex 25.6044 16.2958 2.4318
vertex 25.8766 15.8243 3.0951
endloop
endfacet
facet normal -0.296838 0.716630 0.631133
outer loop
vertex 26.4822 16.6593 2.4318
vertex 25.8766 15.8243 3.0951
vertex 26.6231 16.1335 3.0951
endloop
endfacet
facet normal -0.472201 0.615384 0.631133
outer loop
vertex 25.6044 16.2958 2.4318
vertex 24.8507 15.7174 2.4318
vertex 25.2356 15.3325 3.0951
endloop
endfacet
facet normal -0.472201 0.615384 0.631133
outer loop
vertex 25.6044 16.2958 2.4318
vertex 25.2356 15.3325 3.0951
vertex 25.8766 15.8243 3.0951
endloop
endfacet
facet normal -0.615384 0.472201 0.631133
outer loop
vertex 24.8507 15.7174 2.4318
vertex 24.2723 14.9636 2.4318
vertex 24.7437 14.6915 3.0951
endloop
endfacet
facet normal -0.615384 0.472201 0.631133
outer loop
vertex 24.8507 15.7174 2.4318
vertex 24.7437 14.6915 3.0951
vertex 25.2356 15.3325 3.0951
endloop
endfacet
facet normal -0.716630 0.296838 0.631133
outer loop
vertex 24.2723 14.9636 2.4318
vertex 23.9087 14.0859 2.4318
vertex 24.4345 13.9450 3.0951
endloop
endfacet
facet normal -0.716630 0.296838 0.631133
outer loop
vertex 24.2723 14.9636 2.4318
vertex 24.4345 13.9450 3.0951
vertex 24.7437 14.6915 3.0951
endloop
endfacet
facet normal -0.769038 0.101246 0.631133
outer loop
vertex 23.9087 14.0859 2.4318
vertex 23.7847 13.1439 2.4318
vertex 24.3291 13.1439 3.0951
endloop
endfacet
facet normal -0.769038 0.101246 0.631133
outer loop
vertex 23.9087 14.0859 2.4318
vertex 24.3291 13.1439 3.0951
vertex 24.4345 13.9450 3.0951
endloop
endfacet
facet normal -0.769038 -0.101246 0.631133
outer loop
vertex 23.7847 13.1439 2.4318
vertex 23.9087 12.2020 2.4318
vertex 24.4345 12.3429 3.0951
endloop
endfacet
facet normal -0.769038 -0.101246 0.631133
outer loop
vertex 23.7847 13.1439 2.4318
vertex 24.4345 12.3429 3.0951
vertex 24.3291 13.1439 3.0951
endloop
endfacet
facet normal -0.716630 -0.296838 0.631133
outer loop
vertex 23.9087 12.2020 2.4318
vertex 24.2723 11.3242 2.4318
vertex 24.7437 11.5964 3.0951
endloop
endfacet
facet normal -0.716630 -0.296838 0.631133
outer loop
vertex 23.9087 12.2020 2.4318
vertex 24.7437 11.5964 3.0951
vertex 24.4345 12.3429 3.0951
endloop
endfacet
facet normal -0.615384 -0.472201 0.631133
outer loop
vertex 24.2723 11.3242 2.4318
vertex 24.8507 10.5705 2.4318
vertex 25.2356 10.9554 3.0951
endloop
endfacet
facet normal -0.615384 -0.472201 0.631133
outer loop
vertex 24.2723 11.3242 2.4318
vertex 25.2356 10.9554 3.0951
vertex 24.7437 11.5964 3.0951
endloop
endfacet
facet normal -0.472201 -0.615384 0.631133
outer loop
vertex 24.8507 10.5705 2.4318
vertex 25.6044 9.9921 2.4318
vertex 25.8766 10.4635 3.0951
endloop
endfacet
facet normal -0.472201 -0.615384 0.631133
outer loop
vertex 24.8507 10.5705 2.4318
vertex 25.8766 10.4635 3.0951
vertex 25.2356 10.9554 3.0951
endloop
endfacet
facet normal -0.296838 -0.716630 0.631133
outer loop
vertex 25.6044 9.9921 2.4318
vertex 26.4822 9.6285 2.4318
vertex 26.6231 10.1543 3.0951
endloop
endfacet
facet normal -0.296838 -0.716630 0.631133
outer loop
vertex 25.6044 9.9921 2.4318
vertex 26.6231 10.1543 3.0951
vertex 25.8766 10.4635 3.0951
endloop
endfacet
facet normal -0.101246 -0.769038 0.631133
outer loop
vertex 26.4822 9.6285 2.4318
vertex 27.4241 9.5045 2.4318
vertex 27.4241 10.0489 3.0951
endloop
endfacet
facet normal -0.101246 -0.769038 0.631133
outer loop
vertex 26.4822 9.6285 2.4318
vertex 27.4241 10.0489 3.0951
vertex 26.6231 10.1543 3.0951
endloop
endfacet
facet normal 0.101246 -0.769038 0.631133
outer loop
vertex 27.4241 9.5045 2.4318
vertex 28.3661 9.6285 2.4318
vertex 28.2252 10.1543 3.0951
endloop
endfacet
facet normal 0.101246 -0.769038 0.631133
outer loop
vertex 27.4241 9.5045 2.4318
vertex 28.2252 10.1543 3.0951
vertex 27.4241 10.0489 3.0951
endloop
endfacet
facet normal 0.296838 -0.716630 0.631133
outer loop
vertex 28.3661 9.6285 2.4318
vertex 29.2438 9.9921 2.4318
vertex 28.9717 10.4635 3.0951
endloop
endfacet
facet normal 0.296838 -0.716630 0.631133
outer loop
vertex 28.3661 9.6285 2.4318
vertex 28.9717 10.4635 3.0951
vertex 28.2252 10.1543 3.0951
endloop
endfacet
facet normal 0.472201 -0.615384 0.631133
outer loop
vertex 29.2438 9.9921 2.4318
vertex 29.9976 10.5705 2.4318
vertex 29.6127 10.9554 3.0951
endloop
endfacet
facet normal 0.472201 -0.615384 0.631133
outer loop
vertex 29.2438 9.9921 2.4318
vertex 29.6127 10.9554 3.0951
vertex 28.9717 10.4635 3.0951
endloop
endfacet
facet normal 0.615384 -0.472201 0.631133
outer loop
vertex 29.9976 10.5705 2.4318
vertex 30.5760 11.3242 2.4318
vertex 30.1045 11.5964 3.0951
endloop
endfacet
facet normal 0.615384 -0.472201 0.631133
outer loop
vertex 29.9976 10.5705 2.4318
vertex 30.1045 11.5964 3.0951
vertex 29.6127 10.9554 3.0951
endloop
endfacet
facet normal 0.716630 -0.296838 0.631133
outer loop
vertex 30.5760 11.3242 2.4318
vertex 30.9395 12.2020 2.4318
vertex 30.4137 12.3429 3.0951
endloop
endfacet
facet normal 0.716630 -0.296838 0.631133
outer loop
vertex 30.5760 11.3242 2.4318
vertex 30.4137 12.3429 3.0951
vertex 30.1045 11.5964 3.0951
endloop
endfacet
facet normal 0.769038 -0.101246 0.631133
outer loop
vertex 30.9395 12.2020 2.4318
vertex 31.0635 13.1439 2.4318
vertex 30.5192 13.1439 3.0951
endloop
endfacet
facet normal 0.769038 -0.101246 0.631133
outer loop
vertex 30.9395 12.2020 2.4318
vertex 30.5192 13.1439 3.0951
vertex 30.4137 12.3429 3.0951
endloop
endfacet
facet normal 0.632192 0.083230 0.770328
outer loop
vertex 30.5192 13.1439 3.0951
vertex 30.4137 13.9450 3.0951
vertex 29.7731 13.7733 3.6394
endloop
endfacet
facet normal 0.632192 0.083230 0.770328
outer loop
vertex 30.5192 13.1439 3.0951
vertex 29.7731 13.7733 3.6394
vertex 29.8559 13.1439 3.6394
endloop
endfacet
facet normal 0.589109 0.244017 0.770328
outer loop
vertex 30.4137 13.9450 3.0951
vertex 30.1045 14.6915 3.0951
vertex 29.5301 14.3598 3.6394
endloop
endfacet
facet normal 0.589109 0.244017 0.770328
outer loop
vertex 30.4137 13.9450 3.0951
vertex 29.5301 14.3598 3.6394
vertex 29.7731 13.7733 3.6394
endloop
endfacet
facet normal 0.505880 0.388175 0.770328
outer loop
vertex 30.1045 14.6915 3.0951
vertex 29.6127 15.3325 3.0951
vertex 29.1437 14.8635 3.6394
endloop
endfacet
facet normal 0.505880 0.388175 0.770328
outer loop
vertex 30.1045 14.6915 3.0951
vertex 29.1437 14.8635 3.6394
vertex 29.5301 14.3598 3.6394
endloop
endfacet
facet normal 0.388175 0.505880 0.770328
outer loop
vertex 29.6127 15.3325 3.0951
vertex 28.9717 15.8243 3.0951
vertex 28.6400 15.2499 3.6394
endloop
endfacet
facet normal 0.388175 0.505880 0.770328
outer loop
vertex 29.6127 15.3325 3.0951
vertex 28.6400 15.2499 3.6394
vertex 29.1437 14.8635 3.6394
endloop
endfacet
facet normal 0.244017 0.589109 0.770328
outer loop
vertex 28.9717 15.8243 3.0951
vertex 28.2252 16.1335 3.0951
vertex 28.0535 15.4928 3.6394
endloop
endfacet
facet normal 0.244017 0.589109 0.770328
outer loop
vertex 28.9717 15.8243 3.0951
vertex 28.0535 15.4928 3.6394
vertex 28.6400 15.2499 3.6394
endloop
endfacet
facet normal 0.083230 0.632192 0.770328
outer loop
vertex 28.2252 16.1335 3.0951
vertex 27.4241 16.2390 3.0951
vertex 27.4241 15.5757 3.6394
endloop
endfacet
facet normal 0.083230 0.632192 0.770328
outer loop
vertex 28.2252 16.1335 3.0951
vertex 27.4241 15.5757 3.6394
vertex 28.0535 15.4928 3.6394
endloop
endfacet
facet normal -0.083230 0.632192 0.770328
outer loop
vertex 27.4241 16.2390 3.0951
vertex 26.6231 16.1335 3.0951
vertex 26.7947 15.4928 3.6394
endloop
endfacet
facet normal -0.083230 0.632192 0.770328
outer loop
vertex 27.4241 16.2390 3.0951
vertex 26.7947 15.4928 3.6394
vertex 27.4241 15.5757 3.6394
endloop
endfacet
facet normal -0.244017 0.589109 0.770328
outer loop
vertex 26.6231 16.1335 3.0951
vertex 25.8766 15.8243 3.0951
vertex 26.2082 15.2499 3.6394
endloop
endfacet
facet normal -0.244017 0.589109 0.770328
outer loop
vertex 26.6231 16.1335 3.0951
vertex 26.2082 15.2499 3.6394
vertex 26.7947 15.4928 3.6394
endloop
endfacet
facet normal -0.388175 0.505880 0.770328
outer loop
vertex 25.8766 15.8243 3.0951
vertex 25.2356 15.3325 3.0951
vertex 25.7046 14.8635 3.6394
endloop
endfacet
facet normal -0.388175 0.505880 0.770328
outer loop
vertex 25.8766 15.8243 3.0951
vertex 25.7046 14.8635 3.6394
vertex 26.2082 15.2499 3.6394
endloop
endfacet
facet normal -0.505880 0.388175 0.770328
outer loop
vertex 25.2356 15.3325 3.0951
vertex 24.7437 14.6915 3.0951
vertex 25.3181 14.3598 3.6394
endloop
endfacet
facet normal -0.505880 0.388175 0.770328
outer loop
vertex 25.2356 15.3325 3.0951
vertex 25.3181 14.3598 3.6394
vertex 25.7046 14.8635 3.6394
endloop
endfacet
facet normal -0.589109 0.244017 0.770328
outer loop
vertex 24.7437 14.6915 3.0951
vertex 24.4345 13.9450 3.0951
vertex 25.0752 13.7733 3.6394
endloop
endfacet
facet normal -0.589109 0.244017 0.770328
outer loop
vertex 24.7437 14.6915 3.0951
vertex 25.0752 13.7733 3.6394
vertex 25.3181 14.3598 3.6394
endloop
endfacet
facet normal -0.632192 0.083230 0.770328
outer loop
vertex 24.4345 13.9450 3.0951
vertex 24.3291 13.1439 3.0951
vertex 24.9924 13.1439 3.6394
endloop
endfacet
facet normal -0.632192 0.083230 0.770328
outer loop
vertex 24.4345 13.9450 3.0951
vertex 24.9924 13.1439 3.6394
vertex 25.0752 13.7733 3.6394
endloop
endfacet
facet normal -0.632192 -0.083230 0.770328
outer loop
vertex 24.3291 13.1439 3.0951
vertex 24.4345 12.3429 3.0951
vertex 25.0752 12.5145 3.6394
endloop
endfacet
facet normal -0.632192 -0.083230 0.770328
outer loop
vertex 24.3291 13.1439 3.0951
vertex 25.0752 12.5145 3.6394
vertex 24.9924 13.1439 3.6394
endloop
endfacet
facet normal -0.589109 -0.244017 0.770328
outer loop
vertex 24.4345 12.3429 3.0951
vertex 24.7437 11.5964 3.0951
vertex 25.3181 11.9280 3.6394
endloop
endfacet
facet normal -0.589109 -0.244017 0.770328
outer loop
vertex 24.4345 12.3429 3.0951
vertex 25.3181 11.9280 3.6394
vertex 25.0752 12.5145 3.6394
endloop
endfacet
facet normal -0.505880 -0.388175 0.770328
outer loop
vertex 24.7437 11.5964 3.0951
vertex 25.2356 10.9554 3.0951
vertex 25.7046 11.4244 3.6394
endloop
endfacet
facet normal -0.505880 -0.388175 0.770328
outer loop
vertex 24.7437 11.5964 3.0951
vertex 25.7046 11.4244 3.6394
vertex 25.3181 11.9280 3.6394
endloop
endfacet
facet normal -0.388175 -0.505880 0.770328
outer loop
vertex 25.2356 10.9554 3.0951
vertex 25.8766 10.4635 3.0951
vertex 26.2082 11.0379 3.6394
endloop
endfacet
facet normal -0.388175 -0.505880 0.770328
outer loop
vertex 25.2356 10.9554 3.0951
vertex 26.2082 11.0379 3.6394
vertex 25.7046 11.4244 3.6394
endloop
endfacet
facet normal -0.244017 -0.589109 0.770328
outer loop
vertex 25.8766 10.4635 3.0951
vertex 26.6231 10.1543 3.0951
vertex 26.7947 10.7950 3.6394
endloop
endfacet
facet normal -0.244017 -0.589109 0.770328
outer loop
vertex 25.8766 10.4635 3.0951
vertex 26.7947 10.7950 3.6394
vertex 26.2082 11.0379 3.6394
endloop
endfacet
facet normal -0.083230 -0.632192 0.770328
outer loop
vertex 26.6231 10.1543 3.0951
vertex 27.4241 10.0489 3.0951
vertex 27.4241 10.7121 3.6394
endloop
endfacet
facet normal -0.083230 -0.632192 0.770328
outer loop
vertex 26.6231 10.1543 3.0951
vertex 27.4241 10.7121 3.6394
vertex 26.7947 10.7950 3.6394
endloop
endfacet
facet normal 0.083230 -0.632192 0.770328
outer loop
vertex 27.4241 10.0489 3.0951
vertex 28.2252 10.1543 3.0951
vertex 28.0535 10.7950 3.6394
endloop
endfacet
facet normal 0.083230 -0.632192 0.770328
outer loop
vertex 27.4241 10.0489 3.0951
vertex 28.0535 10.7950 3.6394
vertex 27.4241 10.7121 3.6394
endloop
endfacet
facet normal 0.244017 -0.589109 0.770328
outer loop
vertex 28.2252 10.1543 3.0951
vertex 28.9717 10.4635 3.0951
vertex 28.6400 11.0379 3.6394
endloop
endfacet
facet normal 0.244017 -0.589109 0.770328
outer loop
vertex 28.2252 10.1543 3.0951
vertex 28.6400 11.0379 3.6394
vertex 28.0535 10.7950 3.6394
endloop
endfacet
facet normal 0.388175 -0.505880 0.770328
outer loop
vertex 28.9717 10.4635 3.0951
vertex 29.6127 10.9554 3.0951
vertex 29.1437 11.4244 3.6394
endloop
endfacet
facet normal 0.388175 -0.505880 0.770328
outer loop
vertex 28.9717 10.4635 3.0951
vertex 29.1437 11.4244 3.6394
vertex 28.6400 11.0379 3.6394
endloop
endfacet
facet normal 0.505880 -0.388175 0.770328
outer loop
vertex 29.6127 10.9554 3.0951
vertex 30.1045 11.5964 3.0951
vertex 29.5301 11.9280 3.6394
endloop
endfacet
facet normal 0.505880 -0.388175 0.770328
outer loop
vertex 29.6127 10.9554 3.0951
vertex 29.5301 11.9280 3.6394
vertex 29.1437 11.4244 3.6394
endloop
endfacet
facet normal 0.589109 -0.244017 0.770328
outer loop
vertex 30.1045 11.5964 3.0951
vertex 30.4137 12.3429 3.0951
vertex 29.7731 12.5145 3.6394
endloop
endfacet
facet normal 0.589109 -0.244017 0.770328
outer loop
vertex 30.1045 11.5964 3.0951
vertex 29.7731 12.5145 3.6394
vertex 29.5301 11.9280 3.6394
endloop
endfacet
facet normal 0.632192 -0.083230 0.770328
outer loop
vertex 30.4137 12.3429 3.0951
vertex 30.5192 13.1439 3.0951
vertex 29.8559 13.1439 3.6394
endloop
endfacet
facet normal 0.632192 -0.083230 0.770328
outer loop
vertex 30.4137 12.3429 3.0951
vertex 29.8559 13.1439 3.6394
vertex 29.7731 12.5145 3.6394
endloop
endfacet
facet normal 0.470492 0.061941 0.880228
outer loop
vertex 29.8559 13.1439 3.6394
vertex 29.7731 13.7733 3.6394
vertex 29.0421 13.5775 4.0439
endloop
endfacet
facet normal 0.470492 0.061941 0.880228
outer loop
vertex 29.8559 13.1439 3.6394
vertex 29.0421 13.5775 4.0439
vertex 29.0992 13.1439 4.0439
endloop
endfacet
facet normal 0.438428 0.181603 0.880228
outer loop
vertex 29.7731 13.7733 3.6394
vertex 29.5301 14.3598 3.6394
vertex 28.8748 13.9814 4.0439
endloop
endfacet
facet normal 0.438428 0.181603 0.880228
outer loop
vertex 29.7731 13.7733 3.6394
vertex 28.8748 13.9814 4.0439
vertex 29.0421 13.5775 4.0439
endloop
endfacet
facet normal 0.376487 0.288889 0.880228
outer loop
vertex 29.5301 14.3598 3.6394
vertex 29.1437 14.8635 3.6394
vertex 28.6086 14.3284 4.0439
endloop
endfacet
facet normal 0.376487 0.288889 0.880228
outer loop
vertex 29.5301 14.3598 3.6394
vertex 28.6086 14.3284 4.0439
vertex 28.8748 13.9814 4.0439
endloop
endfacet
facet normal 0.288889 0.376487 0.880228
outer loop
vertex 29.1437 14.8635 3.6394
vertex 28.6400 15.2499 3.6394
vertex 28.2617 14.5946 4.0439
endloop
endfacet
facet normal 0.288889 0.376487 0.880228
outer loop
vertex 29.1437 14.8635 3.6394
vertex 28.2617 14.5946 4.0439
vertex 28.6086 14.3284 4.0439
endloop
endfacet
facet normal 0.181603 0.438428 0.880228
outer loop
vertex 28.6400 15.2499 3.6394
vertex 28.0535 15.4928 3.6394
vertex 27.8577 14.7619 4.0439
endloop
endfacet
facet normal 0.181603 0.438428 0.880228
outer loop
vertex 28.6400 15.2499 3.6394
vertex 27.8577 14.7619 4.0439
vertex 28.2617 14.5946 4.0439
endloop
endfacet
facet normal 0.061941 0.470492 0.880228
outer loop
vertex 28.0535 15.4928 3.6394
vertex 27.4241 15.5757 3.6394
vertex 27.4241 14.8190 4.0439
endloop
endfacet
facet normal 0.061941 0.470492 0.880228
outer loop
vertex 28.0535 15.4928 3.6394
vertex 27.4241 14.8190 4.0439
vertex 27.8577 14.7619 4.0439
endloop
endfacet
facet normal -0.061941 0.470492 0.880228
outer loop
vertex 27.4241 15.5757 3.6394
vertex 26.7947 15.4928 3.6394
vertex 26.9906 14.7619 4.0439
endloop
endfacet
facet normal -0.061941 0.470492 0.880228
outer loop
vertex 27.4241 15.5757 3.6394
vertex 26.9906 14.7619 4.0439
vertex 27.4241 14.8190 4.0439
endloop
endfacet
facet normal -0.181603 0.438428 0.880228
outer loop
vertex 26.7947 15.4928 3.6394
vertex 26.2082 15.2499 3.6394
vertex 26.5866 14.5946 4.0439
endloop
endfacet
facet normal -0.181603 0.438428 0.880228
outer loop
vertex 26.7947 15.4928 3.6394
vertex 26.5866 14.5946 4.0439
vertex 26.9906 14.7619 4.0439
endloop
endfacet
facet normal -0.288889 0.376487 0.880228
outer loop
vertex 26.2082 15.2499 3.6394
vertex 25.7046 14.8635 3.6394
vertex 26.2397 14.3284 4.0439
endloop
endfacet
facet normal -0.288889 0.376487 0.880228
outer loop
vertex 26.2082 15.2499 3.6394
vertex 26.2397 14.3284 4.0439
vertex 26.5866 14.5946 4.0439
endloop
endfacet
facet normal -0.376487 0.288889 0.880228
outer loop
vertex 25.7046 14.8635 3.6394
vertex 25.3181 14.3598 3.6394
vertex 25.9735 13.9814 4.0439
endloop
endfacet
facet normal -0.376487 0.288889 0.880228
outer loop
vertex 25.7046 14.8635 3.6394
vertex 25.9735 13.9814 4.0439
vertex 26.2397 14.3284 4.0439
endloop
endfacet
facet normal -0.438428 0.181603 0.880228
outer loop
vertex 25.3181 14.3598 3.6394
vertex 25.0752 13.7733 3.6394
vertex 25.8062 13.5775 4.0439
endloop
endfacet
facet normal -0.438428 0.181603 0.880228
outer loop
vertex 25.3181 14.3598 3.6394
vertex 25.8062 13.5775 4.0439
vertex 25.9735 13.9814 4.0439
endloop
endfacet
facet normal -0.470492 0.061941 0.880228
outer loop
vertex 25.0752 13.7733 3.6394
vertex 24.9924 13.1439 3.6394
vertex 25.7491 13.1439 4.0439
endloop
endfacet
facet normal -0.470492 0.061941 0.880228
outer loop
vertex 25.0752 13.7733 3.6394
vertex 25.7491 13.1439 4.0439
vertex 25.8062 13.5775 4.0439
endloop
endfacet
facet normal -0.470492 -0.061941 0.880228
outer loop
vertex 24.9924 13.1439 3.6394
vertex 25.0752 12.5145 3.6394
vertex 25.8062 12.7104 4.0439
endloop
endfacet
facet normal -0.470492 -0.061941 0.880228
outer loop
vertex 24.9924 13.1439 3.6394
vertex 25.8062 12.7104 4.0439
vertex 25.7491 13.1439 4.0439
endloop
endfacet
facet normal -0.438428 -0.181603 0.880228
outer loop
vertex 25.0752 12.5145 3.6394
vertex 25.3181 11.9280 3.6394
vertex 25.9735 12.3064 4.0439
endloop
endfacet
facet normal -0.438428 -0.181603 0.880228
outer loop
vertex 25.0752 12.5145 3.6394
vertex 25.9735 12.3064 4.0439
vertex 25.8062 12.7104 4.0439
endloop
endfacet
facet normal -0.376487 -0.288889 0.880228
outer loop
vertex 25.3181 11.9280 3.6394
vertex 25.7046 11.4244 3.6394
vertex 26.2397 11.9595 4.0439
endloop
endfacet
facet normal -0.376487 -0.288889 0.880228
outer loop
vertex 25.3181 11.9280 3.6394
vertex 26.2397 11.9595 4.0439
vertex 25.9735 12.3064 4.0439
endloop
endfacet
facet normal -0.288889 -0.376487 0.880228
outer loop
vertex 25.7046 11.4244 3.6394
vertex 26.2082 11.0379 3.6394
vertex 26.5866 11.6933 4.0439
endloop
endfacet
facet normal -0.288889 -0.376487 0.880228
outer loop
vertex 25.7046 11.4244 3.6394
vertex 26.5866 11.6933 4.0439
vertex 26.2397 11.9595 4.0439
endloop
endfacet
facet normal -0.181603 -0.438428 0.880228
outer loop
vertex 26.2082 11.0379 3.6394
vertex 26.7947 10.7950 3.6394
vertex 26.9906 11.5260 4.0439
endloop
endfacet
facet normal -0.181603 -0.438428 0.880228
outer loop
vertex 26.2082 11.0379 3.6394
vertex 26.9906 11.5260 4.0439
vertex 26.5866 11.6933 4.0439
endloop
endfacet
facet normal -0.061941 -0.470492 0.880228
outer loop
vertex 26.7947 10.7950 3.6394
vertex 27.4241 10.7121 3.6394
vertex 27.4241 11.4689 4.0439
endloop
endfacet
facet normal -0.061941 -0.470492 0.880228
outer loop
vertex 26.7947 10.7950 3.6394
vertex 27.4241 11.4689 4.0439
vertex 26.9906 11.5260 4.0439
endloop
endfacet
facet normal 0.061941 -0.470492 0.880228
outer loop
vertex 27.4241 10.7121 3.6394
vertex 28.0535 10.7950 3.6394
vertex 27.8577 11.5260 4.0439
endloop
endfacet
facet normal 0.061941 -0.470492 0.880228
outer loop
vertex 27.4241 10.7121 3.6394
vertex 27.8577 11.5260 4.0439
vertex 27.4241 11.4689 4.0439
endloop
endfacet
facet normal 0.181603 -0.438428 0.880228
outer loop
vertex 28.0535 10.7950 3.6394
vertex 28.6400 11.0379 3.6394
vertex 28.2617 11.6933 4.0439
endloop
endfacet
facet normal 0.181603 -0.438428 0.880228
outer loop
vertex 28.0535 10.7950 3.6394
vertex 28.2617 11.6933 4.0439
vertex 27.8577 11.5260 4.0439
endloop
endfacet
facet normal 0.288889 -0.376487 0.880228
outer loop
vertex 28.6400 11.0379 3.6394
vertex 29.1437 11.4244 3.6394
vertex 28.6086 11.9595 4.0439
endloop
endfacet
facet normal 0.288889 -0.376487 0.880228
outer loop
vertex 28.6400 11.0379 3.6394
vertex 28.6086 11.9595 4.0439
vertex 28.2617 11.6933 4.0439
endloop
endfacet
facet normal 0.376487 -0.288889 0.880228
outer loop
vertex 29.1437 11.4244 3.6394
vertex 29.5301 11.9280 3.6394
vertex 28.8748 12.3064 4.0439
endloop
endfacet
facet normal 0.376487 -0.288889 0.880228
outer loop
vertex 29.1437 11.4244 3.6394
vertex 28.8748 12.3064 4.0439
vertex 28.6086 11.9595 4.0439
endloop
endfacet
facet normal 0.438428 -0.181603 0.880228
outer loop
vertex 29.5301 11.9280 3.6394
vertex 29.7731 12.5145 3.6394
vertex 29.0421 12.7104 4.0439
endloop
endfacet
facet normal 0.438428 -0.181603 0.880228
outer loop
vertex 29.5301 11.9280 3.6394
vertex 29.0421 12.7104 4.0439
vertex 28.8748 12.3064 4.0439
endloop
endfacet
facet normal 0.470492 -0.061941 0.880228
outer loop
vertex 29.7731 12.5145 3.6394
vertex 29.8559 13.1439 3.6394
vertex 29.0992 13.1439 4.0439
endloop
endfacet
facet normal 0.470492 -0.061941 0.880228
outer loop
vertex 29.7731 12.5145 3.6394
vertex 29.0992 13.1439 4.0439
vertex 29.0421 12.7104 4.0439
endloop
endfacet
facet normal 0.290073 0.038189 0.956242
outer loop
vertex 29.0992 13.1439 4.0439
vertex 29.0421 13.5775 4.0439
vertex 28.2490 13.3649 4.2930
endloop
endfacet
facet normal 0.290073 0.038189 0.956242
outer loop
vertex 29.0992 13.1439 4.0439
vertex 28.2490 13.3649 4.2930
vertex 28.2781 13.1439 4.2930
endloop
endfacet
facet normal 0.270305 0.111964 0.956242
outer loop
vertex 29.0421 13.5775 4.0439
vertex 28.8748 13.9814 4.0439
vertex 28.1637 13.5709 4.2930
endloop
endfacet
facet normal 0.270305 0.111964 0.956242
outer loop
vertex 29.0421 13.5775 4.0439
vertex 28.1637 13.5709 4.2930
vertex 28.2490 13.3649 4.2930
endloop
endfacet
facet normal 0.232116 0.178109 0.956242
outer loop
vertex 28.8748 13.9814 4.0439
vertex 28.6086 14.3284 4.0439
vertex 28.0280 13.7477 4.2930
endloop
endfacet
facet normal 0.232116 0.178109 0.956242
outer loop
vertex 28.8748 13.9814 4.0439
vertex 28.0280 13.7477 4.2930
vertex 28.1637 13.5709 4.2930
endloop
endfacet
facet normal 0.178109 0.232116 0.956242
outer loop
vertex 28.6086 14.3284 4.0439
vertex 28.2617 14.5946 4.0439
vertex 27.8511 13.8834 4.2930
endloop
endfacet
facet normal 0.178109 0.232116 0.956242
outer loop
vertex 28.6086 14.3284 4.0439
vertex 27.8511 13.8834 4.2930
vertex 28.0280 13.7477 4.2930
endloop
endfacet
facet normal 0.111964 0.270305 0.956242
outer loop
vertex 28.2617 14.5946 4.0439
vertex 27.8577 14.7619 4.0439
vertex 27.6451 13.9688 4.2930
endloop
endfacet
facet normal 0.111964 0.270305 0.956242
outer loop
vertex 28.2617 14.5946 4.0439
vertex 27.6451 13.9688 4.2930
vertex 27.8511 13.8834 4.2930
endloop
endfacet
facet normal 0.038189 0.290073 0.956242
outer loop
vertex 27.8577 14.7619 4.0439
vertex 27.4241 14.8190 4.0439
vertex 27.4241 13.9979 4.2930
endloop
endfacet
facet normal 0.038189 0.290073 0.956242
outer loop
vertex 27.8577 14.7619 4.0439
vertex 27.4241 13.9979 4.2930
vertex 27.6451 13.9688 4.2930
endloop
endfacet
facet normal -0.038189 0.290073 0.956242
outer loop
vertex 27.4241 14.8190 4.0439
vertex 26.9906 14.7619 4.0439
vertex 27.2031 13.9688 4.2930
endloop
endfacet
facet normal -0.038189 0.290073 0.956242
outer loop
vertex 27.4241 14.8190 4.0439
vertex 27.2031 13.9688 4.2930
vertex 27.4241 13.9979 4.2930
endloop
endfacet
facet normal -0.111964 0.270305 0.956242
outer loop
vertex 26.9906 14.7619 4.0439
vertex 26.5866 14.5946 4.0439
vertex 26.9972 13.8834 4.2930
endloop
endfacet
facet normal -0.111964 0.270305 0.956242
outer loop
vertex 26.9906 14.7619 4.0439
vertex 26.9972 13.8834 4.2930
vertex 27.2031 13.9688 4.2930
endloop
endfacet
facet normal -0.178109 0.232116 0.956242
outer loop
vertex 26.5866 14.5946 4.0439
vertex 26.2397 14.3284 4.0439
vertex 26.8203 13.7477 4.2930
endloop
endfacet
facet normal -0.178109 0.232116 0.956242
outer loop
vertex 26.5866 14.5946 4.0439
vertex 26.8203 13.7477 4.2930
vertex 26.9972 13.8834 4.2930
endloop
endfacet
facet normal -0.232116 0.178109 0.956242
outer loop
vertex 26.2397 14.3284 4.0439
vertex 25.9735 13.9814 4.0439
vertex 26.6846 13.5709 4.2930
endloop
endfacet
facet normal -0.232116 0.178109 0.956242
outer loop
vertex 26.2397 14.3284 4.0439
vertex 26.6846 13.5709 4.2930
vertex 26.8203 13.7477 4.2930
endloop
endfacet
facet normal -0.270305 0.111964 0.956242
outer loop
vertex 25.9735 13.9814 4.0439
vertex 25.8062 13.5775 4.0439
vertex 26.5993 13.3649 4.2930
endloop
endfacet
facet normal -0.270305 0.111964 0.956242
outer loop
vertex 25.9735 13.9814 4.0439
vertex 26.5993 13.3649 4.2930
vertex 26.6846 13.5709 4.2930
endloop
endfacet
facet normal -0.290073 0.038189 0.956242
outer loop
vertex 25.8062 13.5775 4.0439
vertex 25.7491 13.1439 4.0439
vertex 26.5702 13.1439 4.2930
endloop
endfacet
facet normal -0.290073 0.038189 0.956242
outer loop
vertex 25.8062 13.5775 4.0439
vertex 26.5702 13.1439 4.2930
vertex 26.5993 13.3649 4.2930
endloop
endfacet
facet normal -0.290073 -0.038189 0.956242
outer loop
vertex 25.7491 13.1439 4.0439
vertex 25.8062 12.7104 4.0439
vertex 26.5993 12.9229 4.2930
endloop
endfacet
facet normal -0.290073 -0.038189 0.956242
outer loop
vertex 25.7491 13.1439 4.0439
vertex 26.5993 12.9229 4.2930
vertex 26.5702 13.1439 4.2930
endloop
endfacet
facet normal -0.270305 -0.111964 0.956242
outer loop
vertex 25.8062 12.7104 4.0439
vertex 25.9735 12.3064 4.0439
vertex 26.6846 12.7170 4.2930
endloop
endfacet
facet normal -0.270305 -0.111964 0.956242
outer loop
vertex 25.8062 12.7104 4.0439
vertex 26.6846 12.7170 4.2930
vertex 26.5993 12.9229 4.2930
endloop
endfacet
facet normal -0.232116 -0.178109 0.956242
outer loop
vertex 25.9735 12.3064 4.0439
vertex 26.2397 11.9595 4.0439
vertex 26.8203 12.5401 4.2930
endloop
endfacet
facet normal -0.232116 -0.178109 0.956242
outer loop
vertex 25.9735 12.3064 4.0439
vertex 26.8203 12.5401 4.2930
vertex 26.6846 12.7170 4.2930
endloop
endfacet
facet normal -0.178109 -0.232116 0.956242
outer loop
vertex 26.2397 11.9595 4.0439
vertex 26.5866 11.6933 4.0439
vertex 26.9972 12.4044 4.2930
endloop
endfacet
facet normal -0.178109 -0.232116 0.956242
outer loop
vertex 26.2397 11.9595 4.0439
vertex 26.9972 12.4044 4.2930
vertex 26.8203 12.5401 4.2930
endloop
endfacet
facet normal -0.111964 -0.270305 0.956242
outer loop
vertex 26.5866 11.6933 4.0439
vertex 26.9906 11.5260 4.0439
vertex 27.2031 12.3191 4.2930
endloop
endfacet
facet normal -0.111964 -0.270305 0.956242
outer loop
vertex 26.5866 11.6933 4.0439
vertex 27.2031 12.3191 4.2930
vertex 26.9972 12.4044 4.2930
endloop
endfacet
facet normal -0.038189 -0.290073 0.956242
outer loop
vertex 26.9906 11.5260 4.0439
vertex 27.4241 11.4689 4.0439
vertex 27.4241 12.2900 4.2930
endloop
endfacet
facet normal -0.038189 -0.290073 0.956242
outer loop
vertex 26.9906 11.5260 4.0439
vertex 27.4241 12.2900 4.2930
vertex 27.2031 12.3191 4.2930
endloop
endfacet
facet normal 0.038189 -0.290073 0.956242
outer loop
vertex 27.4241 11.4689 4.0439
vertex 27.8577 11.5260 4.0439
vertex 27.6451 12.3191 4.2930
endloop
endfacet
facet normal 0.038189 -0.290073 0.956242
outer loop
vertex 27.4241 11.4689 4.0439
vertex 27.6451 12.3191 4.2930
vertex 27.4241 12.2900 4.2930
endloop
endfacet
facet normal 0.111964 -0.270305 0.956242
outer loop
vertex 27.8577 11.5260 4.0439
vertex 28.2617 11.6933 4.0439
vertex 27.8511 12.4044 4.2930
endloop
endfacet
facet normal 0.111964 -0.270305 0.956242
outer loop
vertex 27.8577 11.5260 4.0439
vertex 27.8511 12.4044 4.2930
vertex 27.6451 12.3191 4.2930
endloop
endfacet
facet normal 0.178109 -0.232116 0.956242
outer loop
vertex 28.2617 11.6933 4.0439
vertex 28.6086 11.9595 4.0439
vertex 28.0280 12.5401 4.2930
endloop
endfacet
facet normal 0.178109 -0.232116 0.956242
outer loop
vertex 28.2617 11.6933 4.0439
vertex 28.0280 12.5401 4.2930
vertex 27.8511 12.4044 4.2930
endloop
endfacet
facet normal 0.232116 -0.178109 0.956242
outer loop
vertex 28.6086 11.9595 4.0439
vertex 28.8748 12.3064 4.0439
vertex 28.1637 12.7170 4.2930
endloop
endfacet
facet normal 0.232116 -0.178109 0.956242
outer loop
vertex 28.6086 11.9595 4.0439
vertex 28.1637 12.7170 4.2930
vertex 28.0280 12.5401 4.2930
endloop
endfacet
facet normal 0.270305 -0.111964 0.956242
outer loop
vertex 28.8748 12.3064 4.0439
vertex 29.0421 12.7104 4.0439
vertex 28.2490 12.9229 4.2930
endloop
endfacet
facet normal 0.270305 -0.111964 0.956242
outer loop
vertex 28.8748 12.3064 4.0439
vertex 28.2490 12.9229 4.2930
vertex 28.1637 12.7170 4.2930
endloop
endfacet
facet normal 0.290073 -0.038189 0.956242
outer loop
vertex 29.0421 12.7104 4.0439
vertex 29.0992 13.1439 4.0439
vertex 28.2781 13.1439 4.2930
endloop
endfacet
facet normal 0.290073 -0.038189 0.956242
outer loop
vertex 29.0421 12.7104 4.0439
vertex 28.2781 13.1439 4.2930
vertex 28.2490 12.9229 4.2930
endloop
endfacet
facet normal 0.098009 0.012903 0.995102
outer loop
vertex 28.2781 13.1439 4.2930
vertex 28.2490 13.3649 4.2930
vertex 27.4241 13.1439 4.3771
endloop
endfacet
facet normal 0.091330 0.037830 0.995102
outer loop
vertex 28.2490 13.3649 4.2930
vertex 28.1637 13.5709 4.2930
vertex 27.4241 13.1439 4.3771
endloop
endfacet
facet normal 0.078427 0.060179 0.995102
outer loop
vertex 28.1637 13.5709 4.2930
vertex 28.0280 13.7477 4.2930
vertex 27.4241 13.1439 4.3771
endloop
endfacet
facet normal 0.060179 0.078427 0.995102
outer loop
vertex 28.0280 13.7477 4.2930
vertex 27.8511 13.8834 4.2930
vertex 27.4241 13.1439 4.3771
endloop
endfacet
facet normal 0.037830 0.091330 0.995102
outer loop
vertex 27.8511 13.8834 4.2930
vertex 27.6451 13.9688 4.2930
vertex 27.4241 13.1439 4.3771
endloop
endfacet
facet normal 0.012903 0.098009 0.995102
outer loop
vertex 27.6451 13.9688 4.2930
vertex 27.4241 13.9979 4.2930
vertex 27.4241 13.1439 4.3771
endloop
endfacet
facet normal -0.012903 0.098009 0.995102
outer loop
vertex 27.4241 13.9979 4.2930
vertex 27.2031 13.9688 4.2930
vertex 27.4241 13.1439 4.3771
endloop
endfacet
facet normal -0.037830 0.091330 0.995102
outer loop
vertex 27.2031 13.9688 4.2930
vertex 26.9972 13.8834 4.2930
vertex 27.4241 13.1439 4.3771
endloop
endfacet
facet normal -0.060179 0.078427 0.995102
outer loop
vertex 26.9972 13.8834 4.2930
vertex 26.8203 13.7477 4.2930
vertex 27.4241 13.1439 4.3771
endloop
endfacet
facet normal -0.078427 0.060179 0.995102
outer loop
vertex 26.8203 13.7477 4.2930
vertex 26.6846 13.5709 4.2930
vertex 27.4241 13.1439 4.3771
endloop
endfacet
facet normal -0.091330 0.037830 0.995102
outer loop
vertex 26.6846 13.5709 4.2930
vertex 26.5993 13.3649 4.2930
vertex 27.4241 13.1439 4.3771
endloop
endfacet
facet normal -0.098009 0.012903 0.995102
outer loop
vertex 26.5993 13.3649 4.2930
vertex 26.5702 13.1439 4.2930
vertex 27.4241 13.1439 4.3771
endloop
endfacet
facet normal -0.098009 -0.012903 0.995102
outer loop
vertex 26.5702 13.1439 4.2930
vertex 26.5993 12.9229 4.2930
vertex 27.4241 13.1439 4.3771
endloop
endfacet
facet normal -0.091330 -0.037830 0.995102
outer loop
vertex 26.5993 12.9229 4.2930
vertex 26.6846 12.7170 4.2930
vertex 27.4241 13.1439 4.3771
endloop
endfacet
facet normal -0.078427 -0.060179 0.995102
outer loop
vertex 26.6846 12.7170 4.2930
vertex 26.8203 12.5401 4.2930
vertex 27.4241 13.1439 4.3771
endloop
endfacet
facet normal -0.060179 -0.078427 0.995102
outer loop
vertex 26.8203 12.5401 4.2930
vertex 26.9972 12.4044 4.2930
vertex 27.4241 13.1439 4.3771
endloop
endfacet
facet normal -0.037830 -0.091330 0.995102
outer loop
vertex 26.9972 12.4044 4.2930
vertex 27.2031 12.3191 4.2930
vertex 27.4241 13.1439 4.3771
endloop
endfacet
facet normal -0.012903 -0.098009 0.995102
outer loop
vertex 27.2031 12.3191 4.2930
vertex 27.4241 12.2900 4.2930
vertex 27.4241 13.1439 4.3771
endloop
endfacet
facet normal 0.012903 -0.098009 0.995102
outer loop
vertex 27.4241 12.2900 4.2930
vertex 27.6451 12.3191 4.2930
vertex 27.4241 13.1439 4.3771
endloop
endfacet
facet normal 0.037830 -0.091330 0.995102
outer loop
vertex 27.6451 12.3191 4.2930
vertex 27.8511 12.4044 4.2930
vertex 27.4241 13.1439 4.3771
endloop
endfacet
facet normal 0.060179 -0.078427 0.995102
outer loop
vertex 27.8511 12.4044 4.2930
vertex 28.0280 12.5401 4.2930
vertex 27.4241 13.1439 4.3771
endloop
endfacet
facet normal 0.078427 -0.060179 0.995102
outer loop
vertex 28.0280 12.5401 4.2930
vertex 28.1637 12.7170 4.2930
vertex 27.4241 13.1439 4.3771
endloop
endfacet
facet normal 0.091330 -0.037830 0.995102
outer loop
vertex 28.1637 12.7170 4.2930
vertex 28.2490 12.9229 4.2930
vertex 27.4241 13.1439 4.3771
endloop
endfacet
facet normal 0.098009 -0.012903 0.995102
outer loop
vertex 28.2490 12.9229 4.2930
vertex 28.2781 13.1439 4.2930
vertex 27.4241 13.1439 4.3771
endloop
endfacet
facet normal 0.991445 0.130526 0.000000
outer loop
vertex -18.2692 -37.0049 0.0000
vertex -18.3357 -36.4997 0.0000
vertex -18.3357 -36.4997 12.8478
endloop
endfacet
facet normal 0.991445 0.130526 -0.000000
outer loop
vertex -18.2692 -37.0049 0.0000
vertex -18.3357 -36.4997 12.8478
vertex -18.2692 -37.0049 12.8478
endloop
endfacet
facet normal 0.000000 0.000000 1.000000
outer loop
vertex -20.2211 -37.0049 12.8478
vertex -18.2692 -37.0049 12.8478
vertex -18.3357 -36.4997 12.8478
endloop
endfacet
facet normal 0.000000 0.000000 -1.000000
outer loop
vertex -20.2211 -37.0049 0.0000
vertex -18.3357 -36.4997 0.0000
vertex -18.2692 -37.0049 0.0000
endloop
endfacet
facet normal 0.923880 0.382683 0.000000
outer loop
vertex -18.3357 -36.4997 0.0000
vertex -18.5307 -36.0289 0.0000
vertex -18.5307 -36.0289 12.8478
endloop
endfacet
facet normal 0.923880 0.382683 -0.000000
outer loop
vertex -18.3357 -36.4997 0.0000
vertex -18.5307 -36.0289 12.8478
vertex -18.3357 -36.4997 12.8478
endloop
endfacet
facet normal 0.000000 0.000000 1.000000
outer loop
vertex -20.2211 -37.0049 12.8478
vertex -18.3357 -36.4997 12.8478
vertex -18.5307 -36.0289 12.8478
endloop
endfacet
facet normal 0.000000 0.000000 -1.000000
outer loop
vertex -20.2211 -37.0049 0.0000
vertex -18.5307 -36.0289 0.0000
vertex -18.3357 -36.4997 0.0000
endloop
endfacet
facet normal 0.793353 0.608761 0.000000
outer loop
vertex -18.5307 -36.0289 0.0000
vertex -18.8409 -35.6246 0.0000
vertex -18.8409 -35.6246 12.8478
endloop
endfacet
facet normal 0.793353 0.608761 -0.000000
outer loop
vertex -18.5307 -36.0289 0.0000
vertex -18.8409 -35.6246 12.8478
vertex -18.5307 -36.0289 12.8478
endloop
endfacet
facet normal 0.000000 0.000000 1.000000
outer loop
vertex -20.2211 -37.0049 12.8478
vertex -18.5307 -36.0289 12.8478
vertex -18.8409 -35.6246 12.8478
endloop
endfacet
facet normal 0.000000 0.000000 -1.000000
outer loop
vertex -20.2211 -37.0049 0.0000
vertex -18.8409 -35.6246 0.0000
vertex -18.5307 -36.0289 0.0000
endloop
endfacet
facet normal 0.608761 0.793353 0.000000
outer loop
vertex -18.8409 -35.6246 0.0000
vertex -19.2451 -35.3144 0.0000
vertex -19.2451 -35.3144 12.8478
endloop
endfacet
facet normal 0.608761 0.793353 -0.000000
outer loop
vertex -18.8409 -35.6246 0.0000
vertex -19.2451 -35.3144 12.8478
vertex -18.8409 -35.6246 12.8478
endloop
endfacet
facet normal 0.000000 0.000000 1.000000
outer loop
vertex -20.2211 -37.0049 12.8478
vertex -18.8409 -35.6246 12.8478
vertex -19.2451 -35.3144 12.8478
endloop
endfacet
facet normal 0.000000 0.000000 -1.000000
outer loop
vertex -20.2211 -37.0049 0.0000
vertex -19.2451 -35.3144 0.0000
vertex -18.8409 -35.6246 0.0000
endloop
endfacet
facet normal 0.382683 0.923880 0.000000
outer loop
vertex -19.2451 -35.3144 0.0000
vertex -19.7159 -35.1194 0.0000
vertex -19.7159 -35.1194 12.8478
endloop
endfacet
facet normal 0.382683 0.923880 -0.000000
outer loop
vertex -19.2451 -35.3144 0.0000
vertex -19.7159 -35.1194 12.8478
vertex -19.2451 -35.3144 12.8478
endloop
endfacet
facet normal 0.000000 0.000000 1.000000
outer loop
vertex -20.2211 -37.0049 12.8478
vertex -19.2451 -35.3144 12.8478
vertex -19.7159 -35.1194 12.8478
endloop
endfacet
facet normal 0.000000 0.000000 -1.000000
outer loop
vertex -20.2211 -37.0049 0.0000
vertex -19.7159 -35.1194 0.0000
vertex -19.2451 -35.3144 0.0000
endloop
endfacet
facet normal 0.130526 0.991445 0.000000
outer loop
vertex -19.7159 -35.1194 0.0000
vertex -20.2211 -35.0529 0.0000
vertex -20.2211 -35.0529 12.8478
endloop
endfacet
facet normal 0.130526 0.991445 -0.000000
outer loop
vertex -19.7159 -35.1194 0.0000
vertex -20.2211 -35.0529 12.8478
vertex -19.7159 -35.1194 12.8478
endloop
endfacet
facet normal 0.000000 0.000000 1.000000
outer loop
vertex -20.2211 -37.0049 12.8478
vertex -19.7159 -35.1194 12.8478
vertex -20.2211 -35.0529 12.8478
endloop
endfacet
facet normal 0.000000 0.000000 -1.000000
outer loop
vertex -20.2211 -37.0049 0.0000
vertex -20.2211 -35.0529 0.0000
vertex -19.7159 -35.1194 0.0000
endloop
endfacet
facet normal -0.130526 0.991445 0.000000
outer loop
vertex -20.2211 -35.0529 0.0000
vertex -20.7264 -35.1194 0.0000
vertex -20.7264 -35.1194 12.8478
endloop
endfacet
facet normal -0.130526 0.991445 0.000000
outer loop
vertex -20.2211 -35.0529 0.0000
vertex -20.7264 -35.1194 12.8478
vertex -20.2211 -35.0529 12.8478
endloop
endfacet
facet normal 0.000000 -0.000000 1.000000
outer loop
vertex -20.2211 -37.0049 12.8478
vertex -20.2211 -35.0529 12.8478
vertex -20.7264 -35.1194 12.8478
endloop
endfacet
facet normal 0.000000 0.000000 -1.000000
outer loop
vertex -20.2211 -37.0049 0.0000
vertex -20.7264 -35.1194 0.0000
vertex -20.2211 -35.0529 0.0000
endloop
endfacet
facet normal -0.382683 0.923880 0.000000
outer loop
vertex -20.7264 -35.1194 0.0000
vertex -21.1971 -35.3144 0.0000
vertex -21.1971 -35.3144 12.8478
endloop
endfacet
facet normal -0.382683 0.923880 0.000000
outer loop
vertex -20.7264 -35.1194 0.0000
vertex -21.1971 -35.3144 12.8478
vertex -20.7264 -35.1194 12.8478
endloop
endfacet
facet normal 0.000000 0.000000 1.000000
outer loop
vertex -20.2211 -37.0049 12.8478
vertex -20.7264 -35.1194 12.8478
vertex -21.1971 -35.3144 12.8478
endloop
endfacet
facet normal 0.000000 0.000000 -1.000000
outer loop
vertex -20.2211 -37.0049 0.0000
vertex -21.1971 -35.3144 0.0000
vertex -20.7264 -35.1194 0.0000
endloop
endfacet
facet normal -0.608761 0.793353 0.000000
outer loop
vertex -21.1971 -35.3144 0.0000
vertex -21.6014 -35.6246 0.0000
vertex -21.6014 -35.6246 12.8478
endloop
endfacet
facet normal -0.608761 0.793353 0.000000
outer loop
vertex -21.1971 -35.3144 0.0000
vertex -21.6014 -35.6246 12.8478
vertex -21.1971 -35.3144 12.8478
endloop
endfacet
facet normal 0.000000 0.000000 1.000000
outer loop
vertex -20.2211 -37.0049 12.8478
vertex -21.1971 -35.3144 12.8478
vertex -21.6014 -35.6246 12.8478
endloop
endfacet
facet normal 0.000000 0.000000 -1.000000
outer loop
vertex -20.2211 -37.0049 0.0000
vertex -21.6014 -35.6246 0.0000
vertex -21.1971 -35.3144 0.0000
endloop
endfacet
facet normal -0.793353 0.608761 0.000000
outer loop
vertex -21.6014 -35.6246 0.0000
vertex -21.9116 -36.0289 0.0000
vertex -21.9116 -36.0289 12.8478
endloop
endfacet
facet normal -0.793353 0.608761 0.000000
outer loop
vertex -21.6014 -35.6246 0.0000
vertex -21.9116 -36.0289 12.8478
vertex -21.6014 -35.6246 12.8478
endloop
endfacet
facet normal 0.000000 0.000000 1.000000
outer loop
vertex -20.2211 -37.0049 12.8478
vertex -21.6014 -35.6246 12.8478
vertex -21.9116 -36.0289 12.8478
endloop
endfacet
facet normal 0.000000 0.000000 -1.000000
outer loop
vertex -20.2211 -37.0049 0.0000
vertex -21.9116 -36.0289 0.0000
vertex -21.6014 -35.6246 0.0000
endloop
endfacet
facet normal -0.923880 0.382683 0.000000
outer loop
vertex -21.9116 -36.0289 0.0000
vertex -22.1066 -36.4997 0.0000
vertex -22.1066 -36.4997 12.8478
endloop
endfacet
facet normal -0.923880 0.382683 0.000000
outer loop
vertex -21.9116 -36.0289 0.0000
vertex -22.1066 -36.4997 12.8478
vertex -21.9116 -36.0289 12.8478
endloop
endfacet
facet normal 0.000000 0.000000 1.000000
outer loop
vertex -20.2211 -37.0049 12.8478
vertex -21.9116 -36.0289 12.8478
vertex -22.1066 -36.4997 12.8478
endloop
endfacet
facet normal 0.000000 0.000000 -1.000000
outer loop
vertex -20.2211 -37.0049 0.0000
vertex -22.1066 -36.4997 0.0000
vertex -21.9116 -36.0289 0.0000
endloop
endfacet
facet normal -0.991445 0.130526 0.000000
outer loop
vertex -22.1066 -36.4997 0.0000
vertex -22.1731 -37.0049 0.0000
vertex -22.1731 -37.0049 12.8478
endloop
endfacet
facet normal -0.991445 0.130526 0.000000
outer loop
vertex -22.1066 -36.4997 0.0000
vertex -22.1731 -37.0049 12.8478
vertex -22.1066 -36.4997 12.8478
endloop
endfacet
facet normal 0.000000 0.000000 1.000000
outer loop
vertex -20.2211 -37.0049 12.8478
vertex -22.1066 -36.4997 12.8478
vertex -22.1731 -37.0049 12.8478
endloop
endfacet
facet normal 0.000000 0.000000 -1.000000
outer loop
vertex -20.2211 -37.0049 0.0000
vertex -22.1731 -37.0049 0.0000
vertex -22.1066 -36.4997 0.0000
endloop
endfacet
facet normal -0.991445 -0.130526 0.000000
outer loop
vertex -22.1731 -37.0049 0.0000
vertex -22.1066 -37.5101 0.0000
vertex -22.1066 -37.5101 12.8478
endloop
endfacet
facet normal -0.991445 -0.130526 0.000000
outer loop
vertex -22.1731 -37.0049 0.0000
vertex -22.1066 -37.5101 12.8478
vertex -22.1731 -37.0049 12.8478
endloop
endfacet
facet normal 0.000000 0.000000 1.000000
outer loop
vertex -20.2211 -37.0049 12.8478
vertex -22.1731 -37.0049 12.8478
vertex -22.1066 -37.5101 12.8478
endloop
endfacet
facet normal -0.000000 0.000000 -1.000000
outer loop
vertex -20.2211 -37.0049 0.0000
vertex -22.1066 -37.5101 0.0000
vertex -22.1731 -37.0049 0.0000
endloop
endfacet
facet normal -0.923880 -0.382683 0.000000
outer loop
vertex -22.1066 -37.5101 0.0000
vertex -21.9116 -37.9809 0.0000
vertex -21.9116 -37.9809 12.8478
endloop
endfacet
facet normal -0.923880 -0.382683 0.000000
outer loop
vertex -22.1066 -37.5101 0.0000
vertex -21.9116 -37.9809 12.8478
vertex -22.1066 -37.5101 12.8478
endloop
endfacet
facet normal 0.000000 0.000000 1.000000
outer loop
vertex -20.2211 -37.0049 12.8478
vertex -22.1066 -37.5101 12.8478
vertex -21.9116 -37.9809 12.8478
endloop
endfacet
facet normal 0.000000 0.000000 -1.000000
outer loop
vertex -20.2211 -37.0049 0.0000
vertex -21.9116 -37.9809 0.0000
vertex -22.1066 -37.5101 0.0000
endloop
endfacet
facet normal -0.793353 -0.608761 0.000000
outer loop
vertex -21.9116 -37.9809 0.0000
vertex -21.6014 -38.3852 0.0000
vertex -21.6014 -38.3852 12.8478
endloop
endfacet
facet normal -0.793353 -0.608761 0.000000
outer loop
vertex -21.9116 -37.9809 0.0000
vertex -21.6014 -38.3852 12.8478
vertex -21.9116 -37.9809 12.8478
endloop
endfacet
facet normal 0.000000 0.000000 1.000000
outer loop
vertex -20.2211 -37.0049 12.8478
vertex -21.9116 -37.9809 12.8478
vertex -21.6014 -38.3852 12.8478
endloop
endfacet
facet normal 0.000000 0.000000 -1.000000
outer loop
vertex -20.2211 -37.0049 0.0000
vertex -21.6014 -38.3852 0.0000
vertex -21.9116 -37.9809 0.0000
endloop
endfacet
facet normal -0.608761 -0.793353 0.000000
outer loop
vertex -21.6014 -38.3852 0.0000
vertex -21.1971 -38.6954 0.0000
vertex -21.1971 -38.6954 12.8478
endloop
endfacet
facet normal -0.608761 -0.793353 0.000000
outer loop
vertex -21.6014 -38.3852 0.0000
vertex -21.1971 -38.6954 12.8478
vertex -21.6014 -38.3852 12.8478
endloop
endfacet
facet normal 0.000000 0.000000 1.000000
outer loop
vertex -20.2211 -37.0049 12.8478
vertex -21.6014 -38.3852 12.8478
vertex -21.1971 -38.6954 12.8478
endloop
endfacet
facet normal 0.000000 0.000000 -1.000000
outer loop
vertex -20.2211 -37.0049 0.0000
vertex -21.1971 -38.6954 0.0000
vertex -21.6014 -38.3852 0.0000
endloop
endfacet
facet normal -0.382683 -0.923880 0.000000
outer loop
vertex -21.1971 -38.6954 0.0000
vertex -20.7264 -38.8904 0.0000
vertex -20.7264 -38.8904 12.8478
endloop
endfacet
facet normal -0.382683 -0.923880 0.000000
outer loop
vertex -21.1971 -38.6954 0.0000
vertex -20.7264 -38.8904 12.8478
vertex -21.1971 -38.6954 12.8478
endloop
endfacet
facet normal 0.000000 0.000000 1.000000
outer loop
vertex -20.2211 -37.0049 12.8478
vertex -21.1971 -38.6954 12.8478
vertex -20.7264 -38.8904 12.8478
endloop
endfacet
facet normal 0.000000 0.000000 -1.000000
outer loop
vertex -20.2211 -37.0049 0.0000
vertex -20.7264 -38.8904 0.0000
vertex -21.1971 -38.6954 0.0000
endloop
endfacet
facet normal -0.130526 -0.991445 0.000000
outer loop
vertex -20.7264 -38.8904 0.0000
vertex -20.2211 -38.9569 0.0000
vertex -20.2211 -38.9569 12.8478
endloop
endfacet
facet normal -0.130526 -0.991445 0.000000
outer loop
vertex -20.7264 -38.8904 0.0000
vertex -20.2211 -38.9569 12.8478
vertex -20.7264 -38.8904 12.8478
endloop
endfacet
facet normal 0.000000 0.000000 1.000000
outer loop
vertex -20.2211 -37.0049 12.8478
vertex -20.7264 -38.8904 12.8478
vertex -20.2211 -38.9569 12.8478
endloop
endfacet
facet normal 0.000000 -0.000000 -1.000000
outer loop
vertex -20.2211 -37.0049 0.0000
vertex -20.2211 -38.9569 0.0000
vertex -20.7264 -38.8904 0.0000
endloop
endfacet
facet normal 0.130526 -0.991445 0.000000
outer loop
vertex -20.2211 -38.9569 0.0000
vertex -19.7159 -38.8904 0.0000
vertex -19.7159 -38.8904 12.8478
endloop
endfacet
facet normal 0.130526 -0.991445 0.000000
outer loop
vertex -20.2211 -38.9569 0.0000
vertex -19.7159 -38.8904 12.8478
vertex -20.2211 -38.9569 12.8478
endloop
endfacet
facet normal 0.000000 0.000000 1.000000
outer loop
vertex -20.2211 -37.0049 12.8478
vertex -20.2211 -38.9569 12.8478
vertex -19.7159 -38.8904 12.8478
endloop
endfacet
facet normal 0.000000 0.000000 -1.000000
outer loop
vertex -20.2211 -37.0049 0.0000
vertex -19.7159 -38.8904 0.0000
vertex -20.2211 -38.9569 0.0000
endloop
endfacet
facet normal 0.382683 -0.923880 0.000000
outer loop
vertex -19.7159 -38.8904 0.0000
vertex -19.2451 -38.6954 0.0000
vertex -19.2451 -38.6954 12.8478
endloop
endfacet
facet normal 0.382683 -0.923880 0.000000
outer loop
vertex -19.7159 -38.8904 0.0000
vertex -19.2451 -38.6954 12.8478
vertex -19.7159 -38.8904 12.8478
endloop
endfacet
facet normal 0.000000 0.000000 1.000000
outer loop
vertex -20.2211 -37.0049 12.8478
vertex -19.7159 -38.8904 12.8478
vertex -19.2451 -38.6954 12.8478
endloop
endfacet
facet normal 0.000000 0.000000 -1.000000
outer loop
vertex -20.2211 -37.0049 0.0000
vertex -19.2451 -38.6954 0.0000
vertex -19.7159 -38.8904 0.0000
endloop
endfacet
facet normal 0.608761 -0.793353 0.000000
outer loop
vertex -19.2451 -38.6954 0.0000
vertex -18.8409 -38.3852 0.0000
vertex -18.8409 -38.3852 12.8478
endloop
endfacet
facet normal 0.608761 -0.793353 0.000000
outer loop
vertex -19.2451 -38.6954 0.0000
vertex -18.8409 -38.3852 12.8478
vertex -19.2451 -38.6954 12.8478
endloop
endfacet
facet normal 0.000000 0.000000 1.000000
outer loop
vertex -20.2211 -37.0049 12.8478
vertex -19.2451 -38.6954 12.8478
vertex -18.8409 -38.3852 12.8478
endloop
endfacet
facet normal 0.000000 0.000000 -1.000000
outer loop
vertex -20.2211 -37.0049 0.0000
vertex -18.8409 -38.3852 0.0000
vertex -19.2451 -38.6954 0.0000
endloop
endfacet
facet normal 0.793353 -0.608761 0.000000
outer loop
vertex -18.8409 -38.3852 0.0000
vertex -18.5307 -37.9809 0.0000
vertex -18.5307 -37.9809 12.8478
endloop
endfacet
facet normal 0.793353 -0.608761 0.000000
outer loop
vertex -18.8409 -38.3852 0.0000
vertex -18.5307 -37.9809 12.8478
vertex -18.8409 -38.3852 12.8478
endloop
endfacet
facet normal 0.000000 0.000000 1.000000
outer loop
vertex -20.2211 -37.0049 12.8478
vertex -18.8409 -38.3852 12.8478
vertex -18.5307 -37.9809 12.8478
endloop
endfacet
facet normal 0.000000 0.000000 -1.000000
outer loop
vertex -20.2211 -37.0049 0.0000
vertex -18.5307 -37.9809 0.0000
vertex -18.8409 -38.3852 0.0000
endloop
endfacet
facet normal 0.923880 -0.382683 0.000000
outer loop
vertex -18.5307 -37.9809 0.0000
vertex -18.3357 -37.5101 0.0000
vertex -18.3357 -37.5101 12.8478
endloop
endfacet
facet normal 0.923880 -0.382683 0.000000
outer loop
vertex -18.5307 -37.9809 0.0000
vertex -18.3357 -37.5101 12.8478
vertex -18.5307 -37.9809 12.8478
endloop
endfacet
facet normal 0.000000 0.000000 1.000000
outer loop
vertex -20.2211 -37.0049 12.8478
vertex -18.5307 -37.9809 12.8478
vertex -18.3357 -37.5101 12.8478
endloop
endfacet
facet normal 0.000000 0.000000 -1.000000
outer loop
vertex -20.2211 -37.0049 0.0000
vertex -18.3357 -37.5101 0.0000
vertex -18.5307 -37.9809 0.0000
endloop
endfacet
facet normal 0.991445 -0.130526 0.000000
outer loop
vertex -18.3357 -37.5101 0.0000
vertex -18.2692 -37.0049 0.0000
vertex -18.2692 -37.0049 12.8478
endloop
endfacet
facet normal 0.991445 -0.130526 0.000000
outer loop
vertex -18.3357 -37.5101 0.0000
vertex -18.2692 -37.0049 12.8478
vertex -18.3357 -37.5101 12.8478
endloop
endfacet
facet normal -0.000000 0.000000 1.000000
outer loop
vertex -20.2211 -37.0049 12.8478
vertex -18.3357 -37.5101 12.8478
vertex -18.2692 -37.0049 12.8478
endloop
endfacet
facet normal 0.000000 0.000000 -1.000000
outer loop
vertex -20.2211 -37.0049 0.0000
vertex -18.2692 -37.0049 0.0000
vertex -18.3357 -37.5101 0.0000
endloop
endfacet
facet normal 0.000000 0.000000 -1.000000
outer loop
vertex -25.4922 -26.1551 0.0000
vertex -25.4922 -20.9929 0.0000
vertex -17.1790 -20.9929 0.0000
endloop
endfacet
facet normal 0.000000 0.000000 -1.000000
outer loop
vertex -25.4922 -26.1551 0.0000
vertex -17.1790 -20.9929 0.0000
vertex -17.1790 -26.1551 0.0000
endloop
endfacet
facet normal 0.000000 0.000000 1.000000
outer loop
vertex -25.4922 -26.1551 15.9829
vertex -17.1790 -26.1551 15.9829
vertex -17.1790 -20.9929 15.9829
endloop
endfacet
facet normal 0.000000 0.000000 1.000000
outer loop
vertex -25.4922 -26.1551 15.9829
vertex -17.1790 -20.9929 15.9829
vertex -25.4922 -20.9929 15.9829
endloop
endfacet
facet normal 0.000000 -1.000000 0.000000
outer loop
vertex -25.4922 -26.1551 0.0000
vertex -17.1790 -26.1551 0.0000
vertex -17.1790 -26.1551 15.9829
endloop
endfacet
facet normal 0.000000 -1.000000 0.000000
outer loop
vertex -25.4922 -26.1551 0.0000
vertex -17.1790 -26.1551 15.9829
vertex -25.4922 -26.1551 15.9829
endloop
endfacet
facet normal 1.000000 0.000000 0.000000
outer loop
vertex -17.1790 -26.1551 0.0000
vertex -17.1790 -20.9929 0.0000
vertex -17.1790 -20.9929 15.9829
endloop
endfacet
facet normal 1.000000 0.000000 0.000000
outer loop
vertex -17.1790 -26.1551 0.0000
vertex -17.1790 -20.9929 15.9829
vertex -17.1790 -26.1551 15.9829
endloop
endfacet
facet normal 0.000000 1.000000 0.000000
outer loop
vertex -17.1790 -20.9929 0.0000
vertex -25.4922 -20.9929 0.0000
vertex -25.4922 -20.9929 15.9829
endloop
endfacet
facet normal 0.000000 1.000000 -0.000000
outer loop
vertex -17.1790 -20.9929 0.0000
vertex -25.4922 -20.9929 15.9829
vertex -17.1790 -20.9929 15.9829
endloop
endfacet
facet normal -1.000000 0.000000 0.000000
outer loop
vertex -25.4922 -20.9929 0.0000
vertex -25.4922 -26.1551 0.0000
vertex -25.4922 -26.1551 15.9829
endloop
endfacet
facet normal -1.000000 0.000000 0.000000
outer loop
vertex -25.4922 -20.9929 0.0000
vertex -25.4922 -26.1551 15.9829
vertex -25.4922 -20.9929 15.9829
endloop
endfacet
facet normal 0.986752 0.129908 0.097187
outer loop
vertex -12.9298 1.6064 0.0000
vertex -13.0504 2.5227 0.0000
vertex -13.1162 2.5051 0.6907
endloop
endfacet
facet normal 0.986752 0.129908 0.097187
outer loop
vertex -12.9298 1.6064 0.0000
vertex -13.1162 2.5051 0.6907
vertex -12.9978 1.6064 0.6907
endloop
endfacet
facet normal 0.919506 0.380872 0.097187
outer loop
vertex -13.0504 2.5227 0.0000
vertex -13.4041 3.3766 0.0000
vertex -13.4631 3.3426 0.6907
endloop
endfacet
facet normal 0.919506 0.380872 0.097187
outer loop
vertex -13.0504 2.5227 0.0000
vertex -13.4631 3.3426 0.6907
vertex -13.1162 2.5051 0.6907
endloop
endfacet
facet normal 0.789598 0.605880 0.097187
outer loop
vertex -13.4041 3.3766 0.0000
vertex -13.9668 4.1099 0.0000
vertex -14.0149 4.0618 0.6907
endloop
endfacet
facet normal 0.789598 0.605880 0.097187
outer loop
vertex -13.4041 3.3766 0.0000
vertex -14.0149 4.0618 0.6907
vertex -13.4631 3.3426 0.6907
endloop
endfacet
facet normal 0.605880 0.789598 0.097187
outer loop
vertex -13.9668 4.1099 0.0000
vertex -14.7000 4.6725 0.0000
vertex -14.7340 4.6136 0.6907
endloop
endfacet
facet normal 0.605880 0.789598 0.097187
outer loop
vertex -13.9668 4.1099 0.0000
vertex -14.7340 4.6136 0.6907
vertex -14.0149 4.0618 0.6907
endloop
endfacet
facet normal 0.380872 0.919506 0.097187
outer loop
vertex -14.7000 4.6725 0.0000
vertex -15.5539 5.0262 0.0000
vertex -15.5715 4.9605 0.6907
endloop
endfacet
facet normal 0.380872 0.919506 0.097187
outer loop
vertex -14.7000 4.6725 0.0000
vertex -15.5715 4.9605 0.6907
vertex -14.7340 4.6136 0.6907
endloop
endfacet
facet normal 0.129908 0.986752 0.097187
outer loop
vertex -15.5539 5.0262 0.0000
vertex -16.4703 5.1469 0.0000
vertex -16.4703 5.0788 0.6907
endloop
endfacet
facet normal 0.129908 0.986752 0.097187
outer loop
vertex -15.5539 5.0262 0.0000
vertex -16.4703 5.0788 0.6907
vertex -15.5715 4.9605 0.6907
endloop
endfacet
facet normal -0.129908 0.986752 0.097187
outer loop
vertex -16.4703 5.1469 0.0000
vertex -17.3866 5.0262 0.0000
vertex -17.3690 4.9605 0.6907
endloop
endfacet
facet normal -0.129908 0.986752 0.097187
outer loop
vertex -16.4703 5.1469 0.0000
vertex -17.3690 4.9605 0.6907
vertex -16.4703 5.0788 0.6907
endloop
endfacet
facet normal -0.380872 0.919506 0.097187
outer loop
vertex -17.3866 5.0262 0.0000
vertex -18.2405 4.6725 0.0000
vertex -18.2065 4.6136 0.6907
endloop
endfacet
facet normal -0.380872 0.919506 0.097187
outer loop
vertex -17.3866 5.0262 0.0000
vertex -18.2065 4.6136 0.6907
vertex -17.3690 4.9605 0.6907
endloop
endfacet
facet normal -0.605880 0.789598 0.097187
outer loop
vertex -18.2405 4.6725 0.0000
vertex -18.9737 4.1099 0.0000
vertex -18.9256 4.0618 0.6907
endloop
endfacet
facet normal -0.605880 0.789598 0.097187
outer loop
vertex -18.2405 4.6725 0.0000
vertex -18.9256 4.0618 0.6907
vertex -18.2065 4.6136 0.6907
endloop
endfacet
facet normal -0.789598 0.605880 0.097187
outer loop
vertex -18.9737 4.1099 0.0000
vertex -19.5364 3.3766 0.0000
vertex -19.4775 3.3426 0.6907
endloop
endfacet
facet normal -0.789598 0.605880 0.097187
outer loop
vertex -18.9737 4.1099 0.0000
vertex -19.4775 3.3426 0.6907
vertex -18.9256 4.0618 0.6907
endloop
endfacet
facet normal -0.919506 0.380872 0.097187
outer loop
vertex -19.5364 3.3766 0.0000
vertex -19.8901 2.5227 0.0000
vertex -19.8244 2.5051 0.6907
endloop
endfacet
facet normal -0.919506 0.380872 0.097187
outer loop
vertex -19.5364 3.3766 0.0000
vertex -19.8244 2.5051 0.6907
vertex -19.4775 3.3426 0.6907
endloop
endfacet
facet normal -0.986752 0.129908 0.097187
outer loop
vertex -19.8901 2.5227 0.0000
vertex -20.0107 1.6064 0.0000
vertex -19.9427 1.6064 0.6907
endloop
endfacet
facet normal -0.986752 0.129908 0.097187
outer loop
vertex -19.8901 2.5227 0.0000
vertex -19.9427 1.6064 0.6907
vertex -19.8244 2.5051 0.6907
endloop
endfacet
facet normal -0.986752 -0.129908 0.097187
outer loop
vertex -20.0107 1.6064 0.0000
vertex -19.8901 0.6901 0.0000
vertex -19.8244 0.7077 0.6907
endloop
endfacet
facet normal -0.986752 -0.129908 0.097187
outer loop
vertex -20.0107 1.6064 0.0000
vertex -19.8244 0.7077 0.6907
vertex -19.9427 1.6064 0.6907
endloop
endfacet
facet normal -0.919506 -0.380872 0.097187
outer loop
vertex -19.8901 0.6901 0.0000
vertex -19.5364 -0.1638 0.0000
vertex -19.4775 -0.1298 0.6907
endloop
endfacet
facet normal -0.919506 -0.380872 0.097187
outer loop
vertex -19.8901 0.6901 0.0000
vertex -19.4775 -0.1298 0.6907
vertex -19.8244 0.7077 0.6907
endloop
endfacet
facet normal -0.789598 -0.605880 0.097187
outer loop
vertex -19.5364 -0.1638 0.0000
vertex -18.9737 -0.8971 0.0000
vertex -18.9256 -0.8490 0.6907
endloop
endfacet
facet normal -0.789598 -0.605880 0.097187
outer loop
vertex -19.5364 -0.1638 0.0000
vertex -18.9256 -0.8490 0.6907
vertex -19.4775 -0.1298 0.6907
endloop
endfacet
facet normal -0.605880 -0.789598 0.097187
outer loop
vertex -18.9737 -0.8971 0.0000
vertex -18.2405 -1.4597 0.0000
vertex -18.2065 -1.4008 0.6907
endloop
endfacet
facet normal -0.605880 -0.789598 0.097187
outer loop
vertex -18.9737 -0.8971 0.0000
vertex -18.2065 -1.4008 0.6907
vertex -18.9256 -0.8490 0.6907
endloop
endfacet
facet normal -0.380872 -0.919506 0.097187
outer loop
vertex -18.2405 -1.4597 0.0000
vertex -17.3866 -1.8134 0.0000
vertex -17.3690 -1.7477 0.6907
endloop
endfacet
facet normal -0.380872 -0.919506 0.097187
outer loop
vertex -18.2405 -1.4597 0.0000
vertex -17.3690 -1.7477 0.6907
vertex -18.2065 -1.4008 0.6907
endloop
endfacet
facet normal -0.129908 -0.986752 0.097187
outer loop
vertex -17.3866 -1.8134 0.0000
vertex -16.4703 -1.9340 0.0000
vertex -16.4703 -1.8660 0.6907
endloop
endfacet
facet normal -0.129908 -0.986752 0.097187
outer loop
vertex -17.3866 -1.8134 0.0000
vertex -16.4703 -1.8660 0.6907
vertex -17.3690 -1.7477 0.6907
endloop
endfacet
facet normal 0.129908 -0.986752 0.097187
outer loop
vertex -16.4703 -1.9340 0.0000
vertex -15.5539 -1.8134 0.0000
vertex -15.5715 -1.7477 0.6907
endloop
endfacet
facet normal 0.129908 -0.986752 0.097187
outer loop
vertex -16.4703 -1.9340 0.0000
vertex -15.5715 -1.7477 0.6907
vertex -16.4703 -1.8660 0.6907
endloop
endfacet
facet normal 0.380872 -0.919506 0.097187
outer loop
vertex -15.5539 -1.8134 0.0000
vertex -14.7000 -1.4597 0.0000
vertex -14.7340 -1.4008 0.6907
endloop
endfacet
facet normal 0.380872 -0.919506 0.097187
outer loop
vertex -15.5539 -1.8134 0.0000
vertex -14.7340 -1.4008 0.6907
vertex -15.5715 -1.7477 0.6907
endloop
endfacet
facet normal 0.605880 -0.789598 0.097187
outer loop
vertex -14.7000 -1.4597 0.0000
vertex -13.9668 -0.8971 0.0000
vertex -14.0149 -0.8490 0.6907
endloop
endfacet
facet normal 0.605880 -0.789598 0.097187
outer loop
vertex -14.7000 -1.4597 0.0000
vertex -14.0149 -0.8490 0.6907
vertex -14.7340 -1.4008 0.6907
endloop
endfacet
facet normal 0.789598 -0.605880 0.097187
outer loop
vertex -13.9668 -0.8971 0.0000
vertex -13.4041 -0.1638 0.0000
vertex -13.4631 -0.1298 0.6907
endloop
endfacet
facet normal 0.789598 -0.605880 0.097187
outer loop
vertex -13.9668 -0.8971 0.0000
vertex -13.4631 -0.1298 0.6907
vertex -14.0149 -0.8490 0.6907
endloop
endfacet
facet normal 0.919506 -0.380872 0.097187
outer loop
vertex -13.4041 -0.1638 0.0000
vertex -13.0504 0.6901 0.0000
vertex -13.1162 0.7077 0.6907
endloop
endfacet
facet normal 0.919506 -0.380872 0.097187
outer loop
vertex -13.4041 -0.1638 0.0000
vertex -13.1162 0.7077 0.6907
vertex -13.4631 -0.1298 0.6907
endloop
endfacet
facet normal 0.986752 -0.129908 0.097187
outer loop
vertex -13.0504 0.6901 0.0000
vertex -12.9298 1.6064 0.0000
vertex -12.9978 1.6064 0.6907
endloop
endfacet
facet normal 0.986752 -0.129908 0.097187
outer loop
vertex -13.0504 0.6901 0.0000
vertex -12.9978 1.6064 0.6907
vertex -13.1162 0.7077 0.6907
endloop
endfacet
facet normal 0.949435 0.124996 0.288008
outer loop
vertex -12.9978 1.6064 0.6907
vertex -13.1162 2.5051 0.6907
vertex -13.3108 2.4530 1.3549
endloop
endfacet
facet normal 0.949435 0.124996 0.288008
outer loop
vertex -12.9978 1.6064 0.6907
vertex -13.3108 2.4530 1.3549
vertex -13.1993 1.6064 1.3549
endloop
endfacet
facet normal 0.884733 0.366468 0.288008
outer loop
vertex -13.1162 2.5051 0.6907
vertex -13.4631 3.3426 0.6907
vertex -13.6375 3.2419 1.3549
endloop
endfacet
facet normal 0.884733 0.366468 0.288008
outer loop
vertex -13.1162 2.5051 0.6907
vertex -13.6375 3.2419 1.3549
vertex -13.3108 2.4530 1.3549
endloop
endfacet
facet normal 0.759737 0.582967 0.288008
outer loop
vertex -13.4631 3.3426 0.6907
vertex -14.0149 4.0618 0.6907
vertex -14.1573 3.9193 1.3549
endloop
endfacet
facet normal 0.759737 0.582967 0.288008
outer loop
vertex -13.4631 3.3426 0.6907
vertex -14.1573 3.9193 1.3549
vertex -13.6375 3.2419 1.3549
endloop
endfacet
facet normal 0.582967 0.759737 0.288008
outer loop
vertex -14.0149 4.0618 0.6907
vertex -14.7340 4.6136 0.6907
vertex -14.8348 4.4391 1.3549
endloop
endfacet
facet normal 0.582967 0.759737 0.288008
outer loop
vertex -14.0149 4.0618 0.6907
vertex -14.8348 4.4391 1.3549
vertex -14.1573 3.9193 1.3549
endloop
endfacet
facet normal 0.366468 0.884733 0.288008
outer loop
vertex -14.7340 4.6136 0.6907
vertex -15.5715 4.9605 0.6907
vertex -15.6237 4.7659 1.3549
endloop
endfacet
facet normal 0.366468 0.884733 0.288008
outer loop
vertex -14.7340 4.6136 0.6907
vertex -15.6237 4.7659 1.3549
vertex -14.8348 4.4391 1.3549
endloop
endfacet
facet normal 0.124996 0.949435 0.288008
outer loop
vertex -15.5715 4.9605 0.6907
vertex -16.4703 5.0788 0.6907
vertex -16.4703 4.8774 1.3549
endloop
endfacet
facet normal 0.124996 0.949435 0.288008
outer loop
vertex -15.5715 4.9605 0.6907
vertex -16.4703 4.8774 1.3549
vertex -15.6237 4.7659 1.3549
endloop
endfacet
facet normal -0.124996 0.949435 0.288008
outer loop
vertex -16.4703 5.0788 0.6907
vertex -17.3690 4.9605 0.6907
vertex -17.3168 4.7659 1.3549
endloop
endfacet
facet normal -0.124996 0.949435 0.288008
outer loop
vertex -16.4703 5.0788 0.6907
vertex -17.3168 4.7659 1.3549
vertex -16.4703 4.8774 1.3549
endloop
endfacet
facet normal -0.366468 0.884733 0.288008
outer loop
vertex -17.3690 4.9605 0.6907
vertex -18.2065 4.6136 0.6907
vertex -18.1057 4.4391 1.3549
endloop
endfacet
facet normal -0.366468 0.884733 0.288008
outer loop
vertex -17.3690 4.9605 0.6907
vertex -18.1057 4.4391 1.3549
vertex -17.3168 4.7659 1.3549
endloop
endfacet
facet normal -0.582967 0.759737 0.288008
outer loop
vertex -18.2065 4.6136 0.6907
vertex -18.9256 4.0618 0.6907
vertex -18.7832 3.9193 1.3549
endloop
endfacet
facet normal -0.582967 0.759737 0.288008
outer loop
vertex -18.2065 4.6136 0.6907
vertex -18.7832 3.9193 1.3549
vertex -18.1057 4.4391 1.3549
endloop
endfacet
facet normal -0.759737 0.582967 0.288008
outer loop
vertex -18.9256 4.0618 0.6907
vertex -19.4775 3.3426 0.6907
vertex -19.3030 3.2419 1.3549
endloop
endfacet
facet normal -0.759737 0.582967 0.288008
outer loop
vertex -18.9256 4.0618 0.6907
vertex -19.3030 3.2419 1.3549
vertex -18.7832 3.9193 1.3549
endloop
endfacet
facet normal -0.884733 0.366468 0.288008
outer loop
vertex -19.4775 3.3426 0.6907
vertex -19.8244 2.5051 0.6907
vertex -19.6298 2.4530 1.3549
endloop
endfacet
facet normal -0.884733 0.366468 0.288008
outer loop
vertex -19.4775 3.3426 0.6907
vertex -19.6298 2.4530 1.3549
vertex -19.3030 3.2419 1.3549
endloop
endfacet
facet normal -0.949435 0.124996 0.288008
outer loop
vertex -19.8244 2.5051 0.6907
vertex -19.9427 1.6064 0.6907
vertex -19.7412 1.6064 1.3549
endloop
endfacet
facet normal -0.949435 0.124996 0.288008
outer loop
vertex -19.8244 2.5051 0.6907
vertex -19.7412 1.6064 1.3549
vertex -19.6298 2.4530 1.3549
endloop
endfacet
facet normal -0.949435 -0.124996 0.288008
outer loop
vertex -19.9427 1.6064 0.6907
vertex -19.8244 0.7077 0.6907
vertex -19.6298 0.7598 1.3549
endloop
endfacet
facet normal -0.949435 -0.124996 0.288008
outer loop
vertex -19.9427 1.6064 0.6907
vertex -19.6298 0.7598 1.3549
vertex -19.7412 1.6064 1.3549
endloop
endfacet
facet normal -0.884733 -0.366468 0.288008
outer loop
vertex -19.8244 0.7077 0.6907
vertex -19.4775 -0.1298 0.6907
vertex -19.3030 -0.0291 1.3549
endloop
endfacet
facet normal -0.884733 -0.366468 0.288008
outer loop
vertex -19.8244 0.7077 0.6907
vertex -19.3030 -0.0291 1.3549
vertex -19.6298 0.7598 1.3549
endloop
endfacet
facet normal -0.759737 -0.582967 0.288008
outer loop
vertex -19.4775 -0.1298 0.6907
vertex -18.9256 -0.8490 0.6907
vertex -18.7832 -0.7065 1.3549
endloop
endfacet
facet normal -0.759737 -0.582967 0.288008
outer loop
vertex -19.4775 -0.1298 0.6907
vertex -18.7832 -0.7065 1.3549
vertex -19.3030 -0.0291 1.3549
endloop
endfacet
facet normal -0.582967 -0.759737 0.288008
outer loop
vertex -18.9256 -0.8490 0.6907
vertex -18.2065 -1.4008 0.6907
vertex -18.1057 -1.2263 1.3549
endloop
endfacet
facet normal -0.582967 -0.759737 0.288008
outer loop
vertex -18.9256 -0.8490 0.6907
vertex -18.1057 -1.2263 1.3549
vertex -18.7832 -0.7065 1.3549
endloop
endfacet
facet normal -0.366468 -0.884733 0.288008
outer loop
vertex -18.2065 -1.4008 0.6907
vertex -17.3690 -1.7477 0.6907
vertex -17.3168 -1.5531 1.3549
endloop
endfacet
facet normal -0.366468 -0.884733 0.288008
outer loop
vertex -18.2065 -1.4008 0.6907
vertex -17.3168 -1.5531 1.3549
vertex -18.1057 -1.2263 1.3549
endloop
endfacet
facet normal -0.124996 -0.949435 0.288008
outer loop
vertex -17.3690 -1.7477 0.6907
vertex -16.4703 -1.8660 0.6907
vertex -16.4703 -1.6645 1.3549
endloop
endfacet
facet normal -0.124996 -0.949435 0.288008
outer loop
vertex -17.3690 -1.7477 0.6907
vertex -16.4703 -1.6645 1.3549
vertex -17.3168 -1.5531 1.3549
endloop
endfacet
facet normal 0.124996 -0.949435 0.288008
outer loop
vertex -16.4703 -1.8660 0.6907
vertex -15.5715 -1.7477 0.6907
vertex -15.6237 -1.5531 1.3549
endloop
endfacet
facet normal 0.124996 -0.949435 0.288008
outer loop
vertex -16.4703 -1.8660 0.6907
vertex -15.6237 -1.5531 1.3549
vertex -16.4703 -1.6645 1.3549
endloop
endfacet
facet normal 0.366468 -0.884733 0.288008
outer loop
vertex -15.5715 -1.7477 0.6907
vertex -14.7340 -1.4008 0.6907
vertex -14.8348 -1.2263 1.3549
endloop
endfacet
facet normal 0.366468 -0.884733 0.288008
outer loop
vertex -15.5715 -1.7477 0.6907
vertex -14.8348 -1.2263 1.3549
vertex -15.6237 -1.5531 1.3549
endloop
endfacet
facet normal 0.582967 -0.759737 0.288008
outer loop
vertex -14.7340 -1.4008 0.6907
vertex -14.0149 -0.8490 0.6907
vertex -14.1573 -0.7065 1.3549
endloop
endfacet
facet normal 0.582967 -0.759737 0.288008
outer loop
vertex -14.7340 -1.4008 0.6907
vertex -14.1573 -0.7065 1.3549
vertex -14.8348 -1.2263 1.3549
endloop
endfacet
facet normal 0.759737 -0.582967 0.288008
outer loop
vertex -14.0149 -0.8490 0.6907
vertex -13.4631 -0.1298 0.6907
vertex -13.6375 -0.0291 1.3549
endloop
endfacet
facet normal 0.759737 -0.582967 0.288008
outer loop
vertex -14.0149 -0.8490 0.6907
vertex -13.6375 -0.0291 1.3549
vertex -14.1573 -0.7065 1.3549
endloop
endfacet
facet normal 0.884733 -0.366468 0.288008
outer loop
vertex -13.4631 -0.1298 0.6907
vertex -13.1162 0.7077 0.6907
vertex -13.3108 0.7598 1.3549
endloop
endfacet
facet normal 0.884733 -0.366468 0.288008
outer loop
vertex -13.4631 -0.1298 0.6907
vertex -13.3108 0.7598 1.3549
vertex -13.6375 -0.0291 1.3549
endloop
endfacet
facet normal 0.949435 -0.124996 0.288008
outer loop
vertex -13.1162 0.7077 0.6907
vertex -12.9978 1.6064 0.6907
vertex -13.1993 1.6064 1.3549
endloop
endfacet
facet normal 0.949435 -0.124996 0.288008
outer loop
vertex -13.1162 0.7077 0.6907
vertex -13.1993 1.6064 1.3549
vertex -13.3108 0.7598 1.3549
endloop
endfacet
facet normal 0.876036 0.115332 0.468251
outer loop
vertex -13.1993 1.6064 1.3549
vertex -13.3108 2.4530 1.3549
vertex -13.6268 2.3683 1.9670
endloop
endfacet
facet normal 0.876036 0.115332 0.468251
outer loop
vertex -13.1993 1.6064 1.3549
vertex -13.6268 2.3683 1.9670
vertex -13.5265 1.6064 1.9670
endloop
endfacet
facet normal 0.816336 0.338137 0.468251
outer loop
vertex -13.3108 2.4530 1.3549
vertex -13.6375 3.2419 1.3549
vertex -13.9209 3.0783 1.9670
endloop
endfacet
facet normal 0.816336 0.338137 0.468251
outer loop
vertex -13.3108 2.4530 1.3549
vertex -13.9209 3.0783 1.9670
vertex -13.6268 2.3683 1.9670
endloop
endfacet
facet normal 0.701003 0.537899 0.468251
outer loop
vertex -13.6375 3.2419 1.3549
vertex -14.1573 3.9193 1.3549
vertex -14.3887 3.6880 1.9670
endloop
endfacet
facet normal 0.701003 0.537899 0.468251
outer loop
vertex -13.6375 3.2419 1.3549
vertex -14.3887 3.6880 1.9670
vertex -13.9209 3.0783 1.9670
endloop
endfacet
facet normal 0.537899 0.701003 0.468251
outer loop
vertex -14.1573 3.9193 1.3549
vertex -14.8348 4.4391 1.3549
vertex -14.9984 4.1558 1.9670
endloop
endfacet
facet normal 0.537899 0.701003 0.468251
outer loop
vertex -14.1573 3.9193 1.3549
vertex -14.9984 4.1558 1.9670
vertex -14.3887 3.6880 1.9670
endloop
endfacet
facet normal 0.338137 0.816336 0.468251
outer loop
vertex -14.8348 4.4391 1.3549
vertex -15.6237 4.7659 1.3549
vertex -15.7084 4.4499 1.9670
endloop
endfacet
facet normal 0.338137 0.816336 0.468251
outer loop
vertex -14.8348 4.4391 1.3549
vertex -15.7084 4.4499 1.9670
vertex -14.9984 4.1558 1.9670
endloop
endfacet
facet normal 0.115332 0.876036 0.468251
outer loop
vertex -15.6237 4.7659 1.3549
vertex -16.4703 4.8774 1.3549
vertex -16.4703 4.5502 1.9670
endloop
endfacet
facet normal 0.115332 0.876036 0.468251
outer loop
vertex -15.6237 4.7659 1.3549
vertex -16.4703 4.5502 1.9670
vertex -15.7084 4.4499 1.9670
endloop
endfacet
facet normal -0.115332 0.876036 0.468251
outer loop
vertex -16.4703 4.8774 1.3549
vertex -17.3168 4.7659 1.3549
vertex -17.2322 4.4499 1.9670
endloop
endfacet
facet normal -0.115332 0.876036 0.468251
outer loop
vertex -16.4703 4.8774 1.3549
vertex -17.2322 4.4499 1.9670
vertex -16.4703 4.5502 1.9670
endloop
endfacet
facet normal -0.338137 0.816336 0.468251
outer loop
vertex -17.3168 4.7659 1.3549
vertex -18.1057 4.4391 1.3549
vertex -17.9421 4.1558 1.9670
endloop
endfacet
facet normal -0.338137 0.816336 0.468251
outer loop
vertex -17.3168 4.7659 1.3549
vertex -17.9421 4.1558 1.9670
vertex -17.2322 4.4499 1.9670
endloop
endfacet
facet normal -0.537899 0.701003 0.468251
outer loop
vertex -18.1057 4.4391 1.3549
vertex -18.7832 3.9193 1.3549
vertex -18.5518 3.6880 1.9670
endloop
endfacet
facet normal -0.537899 0.701003 0.468251
outer loop
vertex -18.1057 4.4391 1.3549
vertex -18.5518 3.6880 1.9670
vertex -17.9421 4.1558 1.9670
endloop
endfacet
facet normal -0.701003 0.537899 0.468251
outer loop
vertex -18.7832 3.9193 1.3549
vertex -19.3030 3.2419 1.3549
vertex -19.0196 3.0783 1.9670
endloop
endfacet
facet normal -0.701003 0.537899 0.468251
outer loop
vertex -18.7832 3.9193 1.3549
vertex -19.0196 3.0783 1.9670
vertex -18.5518 3.6880 1.9670
endloop
endfacet
facet normal -0.816336 0.338137 0.468251
outer loop
vertex -19.3030 3.2419 1.3549
vertex -19.6298 2.4530 1.3549
vertex -19.3137 2.3683 1.9670
endloop
endfacet
facet normal -0.816336 0.338137 0.468251
outer loop
vertex -19.3030 3.2419 1.3549
vertex -19.3137 2.3683 1.9670
vertex -19.0196 3.0783 1.9670
endloop
endfacet
facet normal -0.876036 0.115332 0.468251
outer loop
vertex -19.6298 2.4530 1.3549
vertex -19.7412 1.6064 1.3549
vertex -19.4140 1.6064 1.9670
endloop
endfacet
facet normal -0.876036 0.115332 0.468251
outer loop
vertex -19.6298 2.4530 1.3549
vertex -19.4140 1.6064 1.9670
vertex -19.3137 2.3683 1.9670
endloop
endfacet
facet normal -0.876036 -0.115332 0.468251
outer loop
vertex -19.7412 1.6064 1.3549
vertex -19.6298 0.7598 1.3549
vertex -19.3137 0.8445 1.9670
endloop
endfacet
facet normal -0.876036 -0.115332 0.468251
outer loop
vertex -19.7412 1.6064 1.3549
vertex -19.3137 0.8445 1.9670
vertex -19.4140 1.6064 1.9670
endloop
endfacet
facet normal -0.816336 -0.338137 0.468251
outer loop
vertex -19.6298 0.7598 1.3549
vertex -19.3030 -0.0291 1.3549
vertex -19.0196 0.1345 1.9670
endloop
endfacet
facet normal -0.816336 -0.338137 0.468251
outer loop
vertex -19.6298 0.7598 1.3549
vertex -19.0196 0.1345 1.9670
vertex -19.3137 0.8445 1.9670
endloop
endfacet
facet normal -0.701003 -0.537899 0.468251
outer loop
vertex -19.3030 -0.0291 1.3549
vertex -18.7832 -0.7065 1.3549
vertex -18.5518 -0.4752 1.9670
endloop
endfacet
facet normal -0.701003 -0.537899 0.468251
outer loop
vertex -19.3030 -0.0291 1.3549
vertex -18.5518 -0.4752 1.9670
vertex -19.0196 0.1345 1.9670
endloop
endfacet
facet normal -0.537899 -0.701003 0.468251
outer loop
vertex -18.7832 -0.7065 1.3549
vertex -18.1057 -1.2263 1.3549
vertex -17.9421 -0.9430 1.9670
endloop
endfacet
facet normal -0.537899 -0.701003 0.468251
outer loop
vertex -18.7832 -0.7065 1.3549
vertex -17.9421 -0.9430 1.9670
vertex -18.5518 -0.4752 1.9670
endloop
endfacet
facet normal -0.338137 -0.816336 0.468251
outer loop
vertex -18.1057 -1.2263 1.3549
vertex -17.3168 -1.5531 1.3549
vertex -17.2322 -1.2371 1.9670
endloop
endfacet
facet normal -0.338137 -0.816336 0.468251
outer loop
vertex -18.1057 -1.2263 1.3549
vertex -17.2322 -1.2371 1.9670
vertex -17.9421 -0.9430 1.9670
endloop
endfacet
facet normal -0.115332 -0.876036 0.468251
outer loop
vertex -17.3168 -1.5531 1.3549
vertex -16.4703 -1.6645 1.3549
vertex -16.4703 -1.3374 1.9670
endloop
endfacet
facet normal -0.115332 -0.876036 0.468251
outer loop
vertex -17.3168 -1.5531 1.3549
vertex -16.4703 -1.3374 1.9670
vertex -17.2322 -1.2371 1.9670
endloop
endfacet
facet normal 0.115332 -0.876036 0.468251
outer loop
vertex -16.4703 -1.6645 1.3549
vertex -15.6237 -1.5531 1.3549
vertex -15.7084 -1.2371 1.9670
endloop
endfacet
facet normal 0.115332 -0.876036 0.468251
outer loop
vertex -16.4703 -1.6645 1.3549
vertex -15.7084 -1.2371 1.9670
vertex -16.4703 -1.3374 1.9670
endloop
endfacet
facet normal 0.338137 -0.816336 0.468251
outer loop
vertex -15.6237 -1.5531 1.3549
vertex -14.8348 -1.2263 1.3549
vertex -14.9984 -0.9430 1.9670
endloop
endfacet
facet normal 0.338137 -0.816336 0.468251
outer loop
vertex -15.6237 -1.5531 1.3549
vertex -14.9984 -0.9430 1.9670
vertex -15.7084 -1.2371 1.9670
endloop
endfacet
facet normal 0.537899 -0.701003 0.468251
outer loop
vertex -14.8348 -1.2263 1.3549
vertex -14.1573 -0.7065 1.3549
vertex -14.3887 -0.4752 1.9670
endloop
endfacet
facet normal 0.537899 -0.701003 0.468251
outer loop
vertex -14.8348 -1.2263 1.3549
vertex -14.3887 -0.4752 1.9670
vertex -14.9984 -0.9430 1.9670
endloop
endfacet
facet normal 0.701003 -0.537899 0.468251
outer loop
vertex -14.1573 -0.7065 1.3549
vertex -13.6375 -0.0291 1.3549
vertex -13.9209 0.1345 1.9670
endloop
endfacet
facet normal 0.701003 -0.537899 0.468251
outer loop
vertex -14.1573 -0.7065 1.3549
vertex -13.9209 0.1345 1.9670
vertex -14.3887 -0.4752 1.9670
endloop
endfacet
facet normal 0.816336 -0.338137 0.468251
outer loop
vertex -13.6375 -0.0291 1.3549
vertex -13.3108 0.7598 1.3549
vertex -13.6268 0.8445 1.9670
endloop
endfacet
facet normal 0.816336 -0.338137 0.468251
outer loop
vertex -13.6375 -0.0291 1.3549
vertex -13.6268 0.8445 1.9670
vertex -13.9209 0.1345 1.9670
endloop
endfacet
facet normal 0.876036 -0.115332 0.468251
outer loop
vertex -13.3108 0.7598 1.3549
vertex -13.1993 1.6064 1.3549
vertex -13.5265 1.6064 1.9670
endloop
endfacet
facet normal 0.876036 -0.115332 0.468251
outer loop
vertex -13.3108 0.7598 1.3549
vertex -13.5265 1.6064 1.9670
vertex -13.6268 0.8445 1.9670
endloop
endfacet
facet normal 0.769038 0.101246 0.631133
outer loop
vertex -13.5265 1.6064 1.9670
vertex -13.6268 2.3683 1.9670
vertex -14.0521 2.2544 2.5035
endloop
endfacet
facet normal 0.769038 0.101246 0.631133
outer loop
vertex -13.5265 1.6064 1.9670
vertex -14.0521 2.2544 2.5035
vertex -13.9668 1.6064 2.5035
endloop
endfacet
facet normal 0.716630 0.296838 0.631133
outer loop
vertex -13.6268 2.3683 1.9670
vertex -13.9209 3.0783 1.9670
vertex -14.3022 2.8581 2.5035
endloop
endfacet
facet normal 0.716630 0.296838 0.631133
outer loop
vertex -13.6268 2.3683 1.9670
vertex -14.3022 2.8581 2.5035
vertex -14.0521 2.2544 2.5035
endloop
endfacet
facet normal 0.615384 0.472201 0.631133
outer loop
vertex -13.9209 3.0783 1.9670
vertex -14.3887 3.6880 1.9670
vertex -14.7000 3.3766 2.5035
endloop
endfacet
facet normal 0.615384 0.472201 0.631133
outer loop
vertex -13.9209 3.0783 1.9670
vertex -14.7000 3.3766 2.5035
vertex -14.3022 2.8581 2.5035
endloop
endfacet
facet normal 0.472201 0.615384 0.631133
outer loop
vertex -14.3887 3.6880 1.9670
vertex -14.9984 4.1558 1.9670
vertex -15.2185 3.7745 2.5035
endloop
endfacet
facet normal 0.472201 0.615384 0.631133
outer loop
vertex -14.3887 3.6880 1.9670
vertex -15.2185 3.7745 2.5035
vertex -14.7000 3.3766 2.5035
endloop
endfacet
facet normal 0.296838 0.716630 0.631133
outer loop
vertex -14.9984 4.1558 1.9670
vertex -15.7084 4.4499 1.9670
vertex -15.8223 4.0246 2.5035
endloop
endfacet
facet normal 0.296838 0.716630 0.631133
outer loop
vertex -14.9984 4.1558 1.9670
vertex -15.8223 4.0246 2.5035
vertex -15.2185 3.7745 2.5035
endloop
endfacet
facet normal 0.101246 0.769038 0.631133
outer loop
vertex -15.7084 4.4499 1.9670
vertex -16.4703 4.5502 1.9670
vertex -16.4703 4.1099 2.5035
endloop
endfacet
facet normal 0.101246 0.769038 0.631133
outer loop
vertex -15.7084 4.4499 1.9670
vertex -16.4703 4.1099 2.5035
vertex -15.8223 4.0246 2.5035
endloop
endfacet
facet normal -0.101246 0.769038 0.631133
outer loop
vertex -16.4703 4.5502 1.9670
vertex -17.2322 4.4499 1.9670
vertex -17.1182 4.0246 2.5035
endloop
endfacet
facet normal -0.101246 0.769038 0.631133
outer loop
vertex -16.4703 4.5502 1.9670
vertex -17.1182 4.0246 2.5035
vertex -16.4703 4.1099 2.5035
endloop
endfacet
facet normal -0.296838 0.716630 0.631133
outer loop
vertex -17.2322 4.4499 1.9670
vertex -17.9421 4.1558 1.9670
vertex -17.7220 3.7745 2.5035
endloop
endfacet
facet normal -0.296838 0.716630 0.631133
outer loop
vertex -17.2322 4.4499 1.9670
vertex -17.7220 3.7745 2.5035
vertex -17.1182 4.0246 2.5035
endloop
endfacet
facet normal -0.472201 0.615384 0.631133
outer loop
vertex -17.9421 4.1558 1.9670
vertex -18.5518 3.6880 1.9670
vertex -18.2405 3.3766 2.5035
endloop
endfacet
facet normal -0.472201 0.615384 0.631133
outer loop
vertex -17.9421 4.1558 1.9670
vertex -18.2405 3.3766 2.5035
vertex -17.7220 3.7745 2.5035
endloop
endfacet
facet normal -0.615384 0.472201 0.631133
outer loop
vertex -18.5518 3.6880 1.9670
vertex -19.0196 3.0783 1.9670
vertex -18.6383 2.8581 2.5035
endloop
endfacet
facet normal -0.615384 0.472201 0.631133
outer loop
vertex -18.5518 3.6880 1.9670
vertex -18.6383 2.8581 2.5035
vertex -18.2405 3.3766 2.5035
endloop
endfacet
facet normal -0.716630 0.296838 0.631133
outer loop
vertex -19.0196 3.0783 1.9670
vertex -19.3137 2.3683 1.9670
vertex -18.8884 2.2544 2.5035
endloop
endfacet
facet normal -0.716630 0.296838 0.631133
outer loop
vertex -19.0196 3.0783 1.9670
vertex -18.8884 2.2544 2.5035
vertex -18.6383 2.8581 2.5035
endloop
endfacet
facet normal -0.769038 0.101246 0.631133
outer loop
vertex -19.3137 2.3683 1.9670
vertex -19.4140 1.6064 1.9670
vertex -18.9737 1.6064 2.5035
endloop
endfacet
facet normal -0.769038 0.101246 0.631133
outer loop
vertex -19.3137 2.3683 1.9670
vertex -18.9737 1.6064 2.5035
vertex -18.8884 2.2544 2.5035
endloop
endfacet
facet normal -0.769038 -0.101246 0.631133
outer loop
vertex -19.4140 1.6064 1.9670
vertex -19.3137 0.8445 1.9670
vertex -18.8884 0.9585 2.5035
endloop
endfacet
facet normal -0.769038 -0.101246 0.631133
outer loop
vertex -19.4140 1.6064 1.9670
vertex -18.8884 0.9585 2.5035
vertex -18.9737 1.6064 2.5035
endloop
endfacet
facet normal -0.716630 -0.296838 0.631133
outer loop
vertex -19.3137 0.8445 1.9670
vertex -19.0196 0.1345 1.9670
vertex -18.6383 0.3547 2.5035
endloop
endfacet
facet normal -0.716630 -0.296838 0.631133
outer loop
vertex -19.3137 0.8445 1.9670
vertex -18.6383 0.3547 2.5035
vertex -18.8884 0.9585 2.5035
endloop
endfacet
facet normal -0.615384 -0.472201 0.631133
outer loop
vertex -19.0196 0.1345 1.9670
vertex -18.5518 -0.4752 1.9670
vertex -18.2405 -0.1638 2.5035
endloop
endfacet
facet normal -0.615384 -0.472201 0.631133
outer loop
vertex -19.0196 0.1345 1.9670
vertex -18.2405 -0.1638 2.5035
vertex -18.6383 0.3547 2.5035
endloop
endfacet
facet normal -0.472201 -0.615384 0.631133
outer loop
vertex -18.5518 -0.4752 1.9670
vertex -17.9421 -0.9430 1.9670
vertex -17.7220 -0.5617 2.5035
endloop
endfacet
facet normal -0.472201 -0.615384 0.631133
outer loop
vertex -18.5518 -0.4752 1.9670
vertex -17.7220 -0.5617 2.5035
vertex -18.2405 -0.1638 2.5035
endloop
endfacet
facet normal -0.296838 -0.716630 0.631133
outer loop
vertex -17.9421 -0.9430 1.9670
vertex -17.2322 -1.2371 1.9670
vertex -17.1182 -0.8118 2.5035
endloop
endfacet
facet normal -0.296838 -0.716630 0.631133
outer loop
vertex -17.9421 -0.9430 1.9670
vertex -17.1182 -0.8118 2.5035
vertex -17.7220 -0.5617 2.5035
endloop
endfacet
facet normal -0.101246 -0.769038 0.631133
outer loop
vertex -17.2322 -1.2371 1.9670
vertex -16.4703 -1.3374 1.9670
vertex -16.4703 -0.8971 2.5035
endloop
endfacet
facet normal -0.101246 -0.769038 0.631133
outer loop
vertex -17.2322 -1.2371 1.9670
vertex -16.4703 -0.8971 2.5035
vertex -17.1182 -0.8118 2.5035
endloop
endfacet
facet normal 0.101246 -0.769038 0.631133
outer loop
vertex -16.4703 -1.3374 1.9670
vertex -15.7084 -1.2371 1.9670
vertex -15.8223 -0.8118 2.5035
endloop
endfacet
facet normal 0.101246 -0.769038 0.631133
outer loop
vertex -16.4703 -1.3374 1.9670
vertex -15.8223 -0.8118 2.5035
vertex -16.4703 -0.8971 2.5035
endloop
endfacet
facet normal 0.296838 -0.716630 0.631133
outer loop
vertex -15.7084 -1.2371 1.9670
vertex -14.9984 -0.9430 1.9670
vertex -15.2185 -0.5617 2.5035
endloop
endfacet
facet normal 0.296838 -0.716630 0.631133
outer loop
vertex -15.7084 -1.2371 1.9670
vertex -15.2185 -0.5617 2.5035
vertex -15.8223 -0.8118 2.5035
endloop
endfacet
facet normal 0.472201 -0.615384 0.631133
outer loop
vertex -14.9984 -0.9430 1.9670
vertex -14.3887 -0.4752 1.9670
vertex -14.7000 -0.1638 2.5035
endloop
endfacet
facet normal 0.472201 -0.615384 0.631133
outer loop
vertex -14.9984 -0.9430 1.9670
vertex -14.7000 -0.1638 2.5035
vertex -15.2185 -0.5617 2.5035
endloop
endfacet
facet normal 0.615384 -0.472201 0.631133
outer loop
vertex -14.3887 -0.4752 1.9670
vertex -13.9209 0.1345 1.9670
vertex -14.3022 0.3547 2.5035
endloop
endfacet
facet normal 0.615384 -0.472201 0.631133
outer loop
vertex -14.3887 -0.4752 1.9670
vertex -14.3022 0.3547 2.5035
vertex -14.7000 -0.1638 2.5035
endloop
endfacet
facet normal 0.716630 -0.296838 0.631133
outer loop
vertex -13.9209 0.1345 1.9670
vertex -13.6268 0.8445 1.9670
vertex -14.0521 0.9585 2.5035
endloop
endfacet
facet normal 0.716630 -0.296838 0.631133
outer loop
vertex -13.9209 0.1345 1.9670
vertex -14.0521 0.9585 2.5035
vertex -14.3022 0.3547 2.5035
endloop
endfacet
facet normal 0.769038 -0.101246 0.631133
outer loop
vertex -13.6268 0.8445 1.9670
vertex -13.5265 1.6064 1.9670
vertex -13.9668 1.6064 2.5035
endloop
endfacet
facet normal 0.769038 -0.101246 0.631133
outer loop
vertex -13.6268 0.8445 1.9670
vertex -13.9668 1.6064 2.5035
vertex -14.0521 0.9585 2.5035
endloop
endfacet
facet normal 0.632192 0.083230 0.770328
outer loop
vertex -13.9668 1.6064 2.5035
vertex -14.0521 2.2544 2.5035
vertex -14.5703 2.1155 2.9438
endloop
endfacet
facet normal 0.632192 0.083230 0.770328
outer loop
vertex -13.9668 1.6064 2.5035
vertex -14.5703 2.1155 2.9438
vertex -14.5033 1.6064 2.9438
endloop
endfacet
facet normal 0.589109 0.244017 0.770328
outer loop
vertex -14.0521 2.2544 2.5035
vertex -14.3022 2.8581 2.5035
vertex -14.7668 2.5899 2.9438
endloop
endfacet
facet normal 0.589109 0.244017 0.770328
outer loop
vertex -14.0521 2.2544 2.5035
vertex -14.7668 2.5899 2.9438
vertex -14.5703 2.1155 2.9438
endloop
endfacet
facet normal 0.505880 0.388175 0.770328
outer loop
vertex -14.3022 2.8581 2.5035
vertex -14.7000 3.3766 2.5035
vertex -15.0794 2.9973 2.9438
endloop
endfacet
facet normal 0.505880 0.388175 0.770328
outer loop
vertex -14.3022 2.8581 2.5035
vertex -15.0794 2.9973 2.9438
vertex -14.7668 2.5899 2.9438
endloop
endfacet
facet normal 0.388175 0.505880 0.770328
outer loop
vertex -14.7000 3.3766 2.5035
vertex -15.2185 3.7745 2.5035
vertex -15.4868 3.3099 2.9438
endloop
endfacet
facet normal 0.388175 0.505880 0.770328
outer loop
vertex -14.7000 3.3766 2.5035
vertex -15.4868 3.3099 2.9438
vertex -15.0794 2.9973 2.9438
endloop
endfacet
facet normal 0.244017 0.589109 0.770328
outer loop
vertex -15.2185 3.7745 2.5035
vertex -15.8223 4.0246 2.5035
vertex -15.9612 3.5064 2.9438
endloop
endfacet
facet normal 0.244017 0.589109 0.770328
outer loop
vertex -15.2185 3.7745 2.5035
vertex -15.9612 3.5064 2.9438
vertex -15.4868 3.3099 2.9438
endloop
endfacet
facet normal 0.083230 0.632192 0.770328
outer loop
vertex -15.8223 4.0246 2.5035
vertex -16.4703 4.1099 2.5035
vertex -16.4703 3.5734 2.9438
endloop
endfacet
facet normal 0.083230 0.632192 0.770328
outer loop
vertex -15.8223 4.0246 2.5035
vertex -16.4703 3.5734 2.9438
vertex -15.9612 3.5064 2.9438
endloop
endfacet
facet normal -0.083230 0.632192 0.770328
outer loop
vertex -16.4703 4.1099 2.5035
vertex -17.1182 4.0246 2.5035
vertex -16.9793 3.5064 2.9438
endloop
endfacet
facet normal -0.083230 0.632192 0.770328
outer loop
vertex -16.4703 4.1099 2.5035
vertex -16.9793 3.5064 2.9438
vertex -16.4703 3.5734 2.9438
endloop
endfacet
facet normal -0.244017 0.589109 0.770328
outer loop
vertex -17.1182 4.0246 2.5035
vertex -17.7220 3.7745 2.5035
vertex -17.4537 3.3099 2.9438
endloop
endfacet
facet normal -0.244017 0.589109 0.770328
outer loop
vertex -17.1182 4.0246 2.5035
vertex -17.4537 3.3099 2.9438
vertex -16.9793 3.5064 2.9438
endloop
endfacet
facet normal -0.388175 0.505880 0.770328
outer loop
vertex -17.7220 3.7745 2.5035
vertex -18.2405 3.3766 2.5035
vertex -17.8611 2.9973 2.9438
endloop
endfacet
facet normal -0.388175 0.505880 0.770328
outer loop
vertex -17.7220 3.7745 2.5035
vertex -17.8611 2.9973 2.9438
vertex -17.4537 3.3099 2.9438
endloop
endfacet
facet normal -0.505880 0.388175 0.770328
outer loop
vertex -18.2405 3.3766 2.5035
vertex -18.6383 2.8581 2.5035
vertex -18.1737 2.5899 2.9438
endloop
endfacet
facet normal -0.505880 0.388175 0.770328
outer loop
vertex -18.2405 3.3766 2.5035
vertex -18.1737 2.5899 2.9438
vertex -17.8611 2.9973 2.9438
endloop
endfacet
facet normal -0.589109 0.244017 0.770328
outer loop
vertex -18.6383 2.8581 2.5035
vertex -18.8884 2.2544 2.5035
vertex -18.3702 2.1155 2.9438
endloop
endfacet
facet normal -0.589109 0.244017 0.770328
outer loop
vertex -18.6383 2.8581 2.5035
vertex -18.3702 2.1155 2.9438
vertex -18.1737 2.5899 2.9438
endloop
endfacet
facet normal -0.632192 0.083230 0.770328
outer loop
vertex -18.8884 2.2544 2.5035
vertex -18.9737 1.6064 2.5035
vertex -18.4372 1.6064 2.9438
endloop
endfacet
facet normal -0.632192 0.083230 0.770328
outer loop
vertex -18.8884 2.2544 2.5035
vertex -18.4372 1.6064 2.9438
vertex -18.3702 2.1155 2.9438
endloop
endfacet
facet normal -0.632192 -0.083230 0.770328
outer loop
vertex -18.9737 1.6064 2.5035
vertex -18.8884 0.9585 2.5035
vertex -18.3702 1.0973 2.9438
endloop
endfacet
facet normal -0.632192 -0.083230 0.770328
outer loop
vertex -18.9737 1.6064 2.5035
vertex -18.3702 1.0973 2.9438
vertex -18.4372 1.6064 2.9438
endloop
endfacet
facet normal -0.589109 -0.244017 0.770328
outer loop
vertex -18.8884 0.9585 2.5035
vertex -18.6383 0.3547 2.5035
vertex -18.1737 0.6229 2.9438
endloop
endfacet
facet normal -0.589109 -0.244017 0.770328
outer loop
vertex -18.8884 0.9585 2.5035
vertex -18.1737 0.6229 2.9438
vertex -18.3702 1.0973 2.9438
endloop
endfacet
facet normal -0.505880 -0.388175 0.770328
outer loop
vertex -18.6383 0.3547 2.5035
vertex -18.2405 -0.1638 2.5035
vertex -17.8611 0.2155 2.9438
endloop
endfacet
facet normal -0.505880 -0.388175 0.770328
outer loop
vertex -18.6383 0.3547 2.5035
vertex -17.8611 0.2155 2.9438
vertex -18.1737 0.6229 2.9438
endloop
endfacet
facet normal -0.388175 -0.505880 0.770328
outer loop
vertex -18.2405 -0.1638 2.5035
vertex -17.7220 -0.5617 2.5035
vertex -17.4537 -0.0970 2.9438
endloop
endfacet
facet normal -0.388175 -0.505880 0.770328
outer loop
vertex -18.2405 -0.1638 2.5035
vertex -17.4537 -0.0970 2.9438
vertex -17.8611 0.2155 2.9438
endloop
endfacet
facet normal -0.244017 -0.589109 0.770328
outer loop
vertex -17.7220 -0.5617 2.5035
vertex -17.1182 -0.8118 2.5035
vertex -16.9793 -0.2935 2.9438
endloop
endfacet
facet normal -0.244017 -0.589109 0.770328
outer loop
vertex -17.7220 -0.5617 2.5035
vertex -16.9793 -0.2935 2.9438
vertex -17.4537 -0.0970 2.9438
endloop
endfacet
facet normal -0.083230 -0.632192 0.770328
outer loop
vertex -17.1182 -0.8118 2.5035
vertex -16.4703 -0.8971 2.5035
vertex -16.4703 -0.3606 2.9438
endloop
endfacet
facet normal -0.083230 -0.632192 0.770328
outer loop
vertex -17.1182 -0.8118 2.5035
vertex -16.4703 -0.3606 2.9438
vertex -16.9793 -0.2935 2.9438
endloop
endfacet
facet normal 0.083230 -0.632192 0.770328
outer loop
vertex -16.4703 -0.8971 2.5035
vertex -15.8223 -0.8118 2.5035
vertex -15.9612 -0.2935 2.9438
endloop
endfacet
facet normal 0.083230 -0.632192 0.770328
outer loop
vertex -16.4703 -0.8971 2.5035
vertex -15.9612 -0.2935 2.9438
vertex -16.4703 -0.3606 2.9438
endloop
endfacet
facet normal 0.244017 -0.589109 0.770328
outer loop
vertex -15.8223 -0.8118 2.5035
vertex -15.2185 -0.5617 2.5035
vertex -15.4868 -0.0970 2.9438
endloop
endfacet
facet normal 0.244017 -0.589109 0.770328
outer loop
vertex -15.8223 -0.8118 2.5035
vertex -15.4868 -0.0970 2.9438
vertex -15.9612 -0.2935 2.9438
endloop
endfacet
facet normal 0.388175 -0.505880 0.770328
outer loop
vertex -15.2185 -0.5617 2.5035
vertex -14.7000 -0.1638 2.5035
vertex -15.0794 0.2155 2.9438
endloop
endfacet
facet normal 0.388175 -0.505880 0.770328
outer loop
vertex -15.2185 -0.5617 2.5035
vertex -15.0794 0.2155 2.9438
vertex -15.4868 -0.0970 2.9438
endloop
endfacet
facet normal 0.505880 -0.388175 0.770328
outer loop
vertex -14.7000 -0.1638 2.5035
vertex -14.3022 0.3547 2.5035
vertex -14.7668 0.6229 2.9438
endloop
endfacet
facet normal 0.505880 -0.388175 0.770328
outer loop
vertex -14.7000 -0.1638 2.5035
vertex -14.7668 0.6229 2.9438
vertex -15.0794 0.2155 2.9438
endloop
endfacet
facet normal 0.589109 -0.244017 0.770328
outer loop
vertex -14.3022 0.3547 2.5035
vertex -14.0521 0.9585 2.5035
vertex -14.5703 1.0973 2.9438
endloop
endfacet
facet normal 0.589109 -0.244017 0.770328
outer loop
vertex -14.3022 0.3547 2.5035
vertex -14.5703 1.0973 2.9438
vertex -14.7668 0.6229 2.9438
endloop
endfacet
facet normal 0.632192 -0.083230 0.770328
outer loop
vertex -14.0521 0.9585 2.5035
vertex -13.9668 1.6064 2.5035
vertex -14.5033 1.6064 2.9438
endloop
endfacet
facet normal 0.632192 -0.083230 0.770328
outer loop
vertex -14.0521 0.9585 2.5035
vertex -14.5033 1.6064 2.9438
vertex -14.5703 1.0973 2.9438
endloop
endfacet
facet normal 0.470492 0.061941 0.880228
outer loop
vertex -14.5033 1.6064 2.9438
vertex -14.5703 2.1155 2.9438
vertex -15.1616 1.9571 3.2710
endloop
endfacet
facet normal 0.470492 0.061941 0.880228
outer loop
vertex -14.5033 1.6064 2.9438
vertex -15.1616 1.9571 3.2710
vertex -15.1154 1.6064 3.2710
endloop
endfacet
facet normal 0.438428 0.181603 0.880228
outer loop
vertex -14.5703 2.1155 2.9438
vertex -14.7668 2.5899 2.9438
vertex -15.2969 2.2838 3.2710
endloop
endfacet
facet normal 0.438428 0.181603 0.880228
outer loop
vertex -14.5703 2.1155 2.9438
vertex -15.2969 2.2838 3.2710
vertex -15.1616 1.9571 3.2710
endloop
endfacet
facet normal 0.376487 0.288889 0.880228
outer loop
vertex -14.7668 2.5899 2.9438
vertex -15.0794 2.9973 2.9438
vertex -15.5122 2.5644 3.2710
endloop
endfacet
facet normal 0.376487 0.288889 0.880228
outer loop
vertex -14.7668 2.5899 2.9438
vertex -15.5122 2.5644 3.2710
vertex -15.2969 2.2838 3.2710
endloop
endfacet
facet normal 0.288889 0.376487 0.880228
outer loop
vertex -15.0794 2.9973 2.9438
vertex -15.4868 3.3099 2.9438
vertex -15.7928 2.7798 3.2710
endloop
endfacet
facet normal 0.288889 0.376487 0.880228
outer loop
vertex -15.0794 2.9973 2.9438
vertex -15.7928 2.7798 3.2710
vertex -15.5122 2.5644 3.2710
endloop
endfacet
facet normal 0.181603 0.438428 0.880228
outer loop
vertex -15.4868 3.3099 2.9438
vertex -15.9612 3.5064 2.9438
vertex -16.1196 2.9151 3.2710
endloop
endfacet
facet normal 0.181603 0.438428 0.880228
outer loop
vertex -15.4868 3.3099 2.9438
vertex -16.1196 2.9151 3.2710
vertex -15.7928 2.7798 3.2710
endloop
endfacet
facet normal 0.061941 0.470492 0.880228
outer loop
vertex -15.9612 3.5064 2.9438
vertex -16.4703 3.5734 2.9438
vertex -16.4703 2.9613 3.2710
endloop
endfacet
facet normal 0.061941 0.470492 0.880228
outer loop
vertex -15.9612 3.5064 2.9438
vertex -16.4703 2.9613 3.2710
vertex -16.1196 2.9151 3.2710
endloop
endfacet
facet normal -0.061941 0.470492 0.880228
outer loop
vertex -16.4703 3.5734 2.9438
vertex -16.9793 3.5064 2.9438
vertex -16.8209 2.9151 3.2710
endloop
endfacet
facet normal -0.061941 0.470492 0.880228
outer loop
vertex -16.4703 3.5734 2.9438
vertex -16.8209 2.9151 3.2710
vertex -16.4703 2.9613 3.2710
endloop
endfacet
facet normal -0.181603 0.438428 0.880228
outer loop
vertex -16.9793 3.5064 2.9438
vertex -17.4537 3.3099 2.9438
vertex -17.1477 2.7798 3.2710
endloop
endfacet
facet normal -0.181603 0.438428 0.880228
outer loop
vertex -16.9793 3.5064 2.9438
vertex -17.1477 2.7798 3.2710
vertex -16.8209 2.9151 3.2710
endloop
endfacet
facet normal -0.288889 0.376487 0.880228
outer loop
vertex -17.4537 3.3099 2.9438
vertex -17.8611 2.9973 2.9438
vertex -17.4283 2.5644 3.2710
endloop
endfacet
facet normal -0.288889 0.376487 0.880228
outer loop
vertex -17.4537 3.3099 2.9438
vertex -17.4283 2.5644 3.2710
vertex -17.1477 2.7798 3.2710
endloop
endfacet
facet normal -0.376487 0.288889 0.880228
outer loop
vertex -17.8611 2.9973 2.9438
vertex -18.1737 2.5899 2.9438
vertex -17.6436 2.2838 3.2710
endloop
endfacet
facet normal -0.376487 0.288889 0.880228
outer loop
vertex -17.8611 2.9973 2.9438
vertex -17.6436 2.2838 3.2710
vertex -17.4283 2.5644 3.2710
endloop
endfacet
facet normal -0.438428 0.181603 0.880228
outer loop
vertex -18.1737 2.5899 2.9438
vertex -18.3702 2.1155 2.9438
vertex -17.7790 1.9571 3.2710
endloop
endfacet
facet normal -0.438428 0.181603 0.880228
outer loop
vertex -18.1737 2.5899 2.9438
vertex -17.7790 1.9571 3.2710
vertex -17.6436 2.2838 3.2710
endloop
endfacet
facet normal -0.470492 0.061941 0.880228
outer loop
vertex -18.3702 2.1155 2.9438
vertex -18.4372 1.6064 2.9438
vertex -17.8251 1.6064 3.2710
endloop
endfacet
facet normal -0.470492 0.061941 0.880228
outer loop
vertex -18.3702 2.1155 2.9438
vertex -17.8251 1.6064 3.2710
vertex -17.7790 1.9571 3.2710
endloop
endfacet
facet normal -0.470492 -0.061941 0.880228
outer loop
vertex -18.4372 1.6064 2.9438
vertex -18.3702 1.0973 2.9438
vertex -17.7790 1.2557 3.2710
endloop
endfacet
facet normal -0.470492 -0.061941 0.880228
outer loop
vertex -18.4372 1.6064 2.9438
vertex -17.7790 1.2557 3.2710
vertex -17.8251 1.6064 3.2710
endloop
endfacet
facet normal -0.438428 -0.181603 0.880228
outer loop
vertex -18.3702 1.0973 2.9438
vertex -18.1737 0.6229 2.9438
vertex -17.6436 0.9290 3.2710
endloop
endfacet
facet normal -0.438428 -0.181603 0.880228
outer loop
vertex -18.3702 1.0973 2.9438
vertex -17.6436 0.9290 3.2710
vertex -17.7790 1.2557 3.2710
endloop
endfacet
facet normal -0.376487 -0.288889 0.880228
outer loop
vertex -18.1737 0.6229 2.9438
vertex -17.8611 0.2155 2.9438
vertex -17.4283 0.6484 3.2710
endloop
endfacet
facet normal -0.376487 -0.288889 0.880228
outer loop
vertex -18.1737 0.6229 2.9438
vertex -17.4283 0.6484 3.2710
vertex -17.6436 0.9290 3.2710
endloop
endfacet
facet normal -0.288889 -0.376487 0.880228
outer loop
vertex -17.8611 0.2155 2.9438
vertex -17.4537 -0.0970 2.9438
vertex -17.1477 0.4331 3.2710
endloop
endfacet
facet normal -0.288889 -0.376487 0.880228
outer loop
vertex -17.8611 0.2155 2.9438
vertex -17.1477 0.4331 3.2710
vertex -17.4283 0.6484 3.2710
endloop
endfacet
facet normal -0.181603 -0.438428 0.880228
outer loop
vertex -17.4537 -0.0970 2.9438
vertex -16.9793 -0.2935 2.9438
vertex -16.8209 0.2977 3.2710
endloop
endfacet
facet normal -0.181603 -0.438428 0.880228
outer loop
vertex -17.4537 -0.0970 2.9438
vertex -16.8209 0.2977 3.2710
vertex -17.1477 0.4331 3.2710
endloop
endfacet
facet normal -0.061941 -0.470492 0.880228
outer loop
vertex -16.9793 -0.2935 2.9438
vertex -16.4703 -0.3606 2.9438
vertex -16.4703 0.2515 3.2710
endloop
endfacet
facet normal -0.061941 -0.470492 0.880228
outer loop
vertex -16.9793 -0.2935 2.9438
vertex -16.4703 0.2515 3.2710
vertex -16.8209 0.2977 3.2710
endloop
endfacet
facet normal 0.061941 -0.470492 0.880228
outer loop
vertex -16.4703 -0.3606 2.9438
vertex -15.9612 -0.2935 2.9438
vertex -16.1196 0.2977 3.2710
endloop
endfacet
facet normal 0.061941 -0.470492 0.880228
outer loop
vertex -16.4703 -0.3606 2.9438
vertex -16.1196 0.2977 3.2710
vertex -16.4703 0.2515 3.2710
endloop
endfacet
facet normal 0.181603 -0.438428 0.880228
outer loop
vertex -15.9612 -0.2935 2.9438
vertex -15.4868 -0.0970 2.9438
vertex -15.7928 0.4331 3.2710
endloop
endfacet
facet normal 0.181603 -0.438428 0.880228
outer loop
vertex -15.9612 -0.2935 2.9438
vertex -15.7928 0.4331 3.2710
vertex -16.1196 0.2977 3.2710
endloop
endfacet
facet normal 0.288889 -0.376487 0.880228
outer loop
vertex -15.4868 -0.0970 2.9438
vertex -15.0794 0.2155 2.9438
vertex -15.5122 0.6484 3.2710
endloop
endfacet
facet normal 0.288889 -0.376487 0.880228
outer loop
vertex -15.4868 -0.0970 2.9438
vertex -15.5122 0.6484 3.2710
vertex -15.7928 0.4331 3.2710
endloop
endfacet
facet normal 0.376487 -0.288889 0.880228
outer loop
vertex -15.0794 0.2155 2.9438
vertex -14.7668 0.6229 2.9438
vertex -15.2969 0.9290 3.2710
endloop
endfacet
facet normal 0.376487 -0.288889 0.880228
outer loop
vertex -15.0794 0.2155 2.9438
vertex -15.2969 0.9290 3.2710
vertex -15.5122 0.6484 3.2710
endloop
endfacet
facet normal 0.438428 -0.181603 0.880228
outer loop
vertex -14.7668 0.6229 2.9438
vertex -14.5703 1.0973 2.9438
vertex -15.1616 1.2557 3.2710
endloop
endfacet
facet normal 0.438428 -0.181603 0.880228
outer loop
vertex -14.7668 0.6229 2.9438
vertex -15.1616 1.2557 3.2710
vertex -15.2969 0.9290 3.2710
endloop
endfacet
facet normal 0.470492 -0.061941 0.880228
outer loop
vertex -14.5703 1.0973 2.9438
vertex -14.5033 1.6064 2.9438
vertex -15.1154 1.6064 3.2710
endloop
endfacet
facet normal 0.470492 -0.061941 0.880228
outer loop
vertex -14.5703 1.0973 2.9438
vertex -15.1154 1.6064 3.2710
vertex -15.1616 1.2557 3.2710
endloop
endfacet
facet normal 0.290073 0.038189 0.956242
outer loop
vertex -15.1154 1.6064 3.2710
vertex -15.1616 1.9571 3.2710
vertex -15.8031 1.7852 3.4724
endloop
endfacet
facet normal 0.290073 0.038189 0.956242
outer loop
vertex -15.1154 1.6064 3.2710
vertex -15.8031 1.7852 3.4724
vertex -15.7795 1.6064 3.4724
endloop
endfacet
facet normal 0.270305 0.111964 0.956242
outer loop
vertex -15.1616 1.9571 3.2710
vertex -15.2969 2.2838 3.2710
vertex -15.8721 1.9518 3.4724
endloop
endfacet
facet normal 0.270305 0.111964 0.956242
outer loop
vertex -15.1616 1.9571 3.2710
vertex -15.8721 1.9518 3.4724
vertex -15.8031 1.7852 3.4724
endloop
endfacet
facet normal 0.232116 0.178109 0.956242
outer loop
vertex -15.2969 2.2838 3.2710
vertex -15.5122 2.5644 3.2710
vertex -15.9819 2.0948 3.4724
endloop
endfacet
facet normal 0.232116 0.178109 0.956242
outer loop
vertex -15.2969 2.2838 3.2710
vertex -15.9819 2.0948 3.4724
vertex -15.8721 1.9518 3.4724
endloop
endfacet
facet normal 0.178109 0.232116 0.956242
outer loop
vertex -15.5122 2.5644 3.2710
vertex -15.7928 2.7798 3.2710
vertex -16.1249 2.2046 3.4724
endloop
endfacet
facet normal 0.178109 0.232116 0.956242
outer loop
vertex -15.5122 2.5644 3.2710
vertex -16.1249 2.2046 3.4724
vertex -15.9819 2.0948 3.4724
endloop
endfacet
facet normal 0.111964 0.270305 0.956242
outer loop
vertex -15.7928 2.7798 3.2710
vertex -16.1196 2.9151 3.2710
vertex -16.2915 2.2736 3.4724
endloop
endfacet
facet normal 0.111964 0.270305 0.956242
outer loop
vertex -15.7928 2.7798 3.2710
vertex -16.2915 2.2736 3.4724
vertex -16.1249 2.2046 3.4724
endloop
endfacet
facet normal 0.038189 0.290073 0.956242
outer loop
vertex -16.1196 2.9151 3.2710
vertex -16.4703 2.9613 3.2710
vertex -16.4703 2.2971 3.4724
endloop
endfacet
facet normal 0.038189 0.290073 0.956242
outer loop
vertex -16.1196 2.9151 3.2710
vertex -16.4703 2.2971 3.4724
vertex -16.2915 2.2736 3.4724
endloop
endfacet
facet normal -0.038189 0.290073 0.956242
outer loop
vertex -16.4703 2.9613 3.2710
vertex -16.8209 2.9151 3.2710
vertex -16.6490 2.2736 3.4724
endloop
endfacet
facet normal -0.038189 0.290073 0.956242
outer loop
vertex -16.4703 2.9613 3.2710
vertex -16.6490 2.2736 3.4724
vertex -16.4703 2.2971 3.4724
endloop
endfacet
facet normal -0.111964 0.270305 0.956242
outer loop
vertex -16.8209 2.9151 3.2710
vertex -17.1477 2.7798 3.2710
vertex -16.8156 2.2046 3.4724
endloop
endfacet
facet normal -0.111964 0.270305 0.956242
outer loop
vertex -16.8209 2.9151 3.2710
vertex -16.8156 2.2046 3.4724
vertex -16.6490 2.2736 3.4724
endloop
endfacet
facet normal -0.178109 0.232116 0.956242
outer loop
vertex -17.1477 2.7798 3.2710
vertex -17.4283 2.5644 3.2710
vertex -16.9587 2.0948 3.4724
endloop
endfacet
facet normal -0.178109 0.232116 0.956242
outer loop
vertex -17.1477 2.7798 3.2710
vertex -16.9587 2.0948 3.4724
vertex -16.8156 2.2046 3.4724
endloop
endfacet
facet normal -0.232116 0.178109 0.956242
outer loop
vertex -17.4283 2.5644 3.2710
vertex -17.6436 2.2838 3.2710
vertex -17.0684 1.9518 3.4724
endloop
endfacet
facet normal -0.232116 0.178109 0.956242
outer loop
vertex -17.4283 2.5644 3.2710
vertex -17.0684 1.9518 3.4724
vertex -16.9587 2.0948 3.4724
endloop
endfacet
facet normal -0.270305 0.111964 0.956242
outer loop
vertex -17.6436 2.2838 3.2710
vertex -17.7790 1.9571 3.2710
vertex -17.1374 1.7852 3.4724
endloop
endfacet
facet normal -0.270305 0.111964 0.956242
outer loop
vertex -17.6436 2.2838 3.2710
vertex -17.1374 1.7852 3.4724
vertex -17.0684 1.9518 3.4724
endloop
endfacet
facet normal -0.290073 0.038189 0.956242
outer loop
vertex -17.7790 1.9571 3.2710
vertex -17.8251 1.6064 3.2710
vertex -17.1610 1.6064 3.4724
endloop
endfacet
facet normal -0.290073 0.038189 0.956242
outer loop
vertex -17.7790 1.9571 3.2710
vertex -17.1610 1.6064 3.4724
vertex -17.1374 1.7852 3.4724
endloop
endfacet
facet normal -0.290073 -0.038189 0.956242
outer loop
vertex -17.8251 1.6064 3.2710
vertex -17.7790 1.2557 3.2710
vertex -17.1374 1.4276 3.4724
endloop
endfacet
facet normal -0.290073 -0.038189 0.956242
outer loop
vertex -17.8251 1.6064 3.2710
vertex -17.1374 1.4276 3.4724
vertex -17.1610 1.6064 3.4724
endloop
endfacet
facet normal -0.270305 -0.111964 0.956242
outer loop
vertex -17.7790 1.2557 3.2710
vertex -17.6436 0.9290 3.2710
vertex -17.0684 1.2611 3.4724
endloop
endfacet
facet normal -0.270305 -0.111964 0.956242
outer loop
vertex -17.7790 1.2557 3.2710
vertex -17.0684 1.2611 3.4724
vertex -17.1374 1.4276 3.4724
endloop
endfacet
facet normal -0.232116 -0.178109 0.956242
outer loop
vertex -17.6436 0.9290 3.2710
vertex -17.4283 0.6484 3.2710
vertex -16.9587 1.1180 3.4724
endloop
endfacet
facet normal -0.232116 -0.178109 0.956242
outer loop
vertex -17.6436 0.9290 3.2710
vertex -16.9587 1.1180 3.4724
vertex -17.0684 1.2611 3.4724
endloop
endfacet
facet normal -0.178109 -0.232116 0.956242
outer loop
vertex -17.4283 0.6484 3.2710
vertex -17.1477 0.4331 3.2710
vertex -16.8156 1.0082 3.4724
endloop
endfacet
facet normal -0.178109 -0.232116 0.956242
outer loop
vertex -17.4283 0.6484 3.2710
vertex -16.8156 1.0082 3.4724
vertex -16.9587 1.1180 3.4724
endloop
endfacet
facet normal -0.111964 -0.270305 0.956242
outer loop
vertex -17.1477 0.4331 3.2710
vertex -16.8209 0.2977 3.2710
vertex -16.6490 0.9392 3.4724
endloop
endfacet
facet normal -0.111964 -0.270305 0.956242
outer loop
vertex -17.1477 0.4331 3.2710
vertex -16.6490 0.9392 3.4724
vertex -16.8156 1.0082 3.4724
endloop
endfacet
facet normal -0.038189 -0.290073 0.956242
outer loop
vertex -16.8209 0.2977 3.2710
vertex -16.4703 0.2515 3.2710
vertex -16.4703 0.9157 3.4724
endloop
endfacet
facet normal -0.038189 -0.290073 0.956242
outer loop
vertex -16.8209 0.2977 3.2710
vertex -16.4703 0.9157 3.4724
vertex -16.6490 0.9392 3.4724
endloop
endfacet
facet normal 0.038189 -0.290073 0.956242
outer loop
vertex -16.4703 0.2515 3.2710
vertex -16.1196 0.2977 3.2710
vertex -16.2915 0.9392 3.4724
endloop
endfacet
facet normal 0.038189 -0.290073 0.956242
outer loop
vertex -16.4703 0.2515 3.2710
vertex -16.2915 0.9392 3.4724
vertex -16.4703 0.9157 3.4724
endloop
endfacet
facet normal 0.111964 -0.270305 0.956242
outer loop
vertex -16.1196 0.2977 3.2710
vertex -15.7928 0.4331 3.2710
vertex -16.1249 1.0082 3.4724
endloop
endfacet
facet normal 0.111964 -0.270305 0.956242
outer loop
vertex -16.1196 0.2977 3.2710
vertex -16.1249 1.0082 3.4724
vertex -16.2915 0.9392 3.4724
endloop
endfacet
facet normal 0.178109 -0.232116 0.956242
outer loop
vertex -15.7928 0.4331 3.2710
vertex -15.5122 0.6484 3.2710
vertex -15.9819 1.1180 3.4724
endloop
endfacet
facet normal 0.178109 -0.232116 0.956242
outer loop
vertex -15.7928 0.4331 3.2710
vertex -15.9819 1.1180 3.4724
vertex -16.1249 1.0082 3.4724
endloop
endfacet
facet normal 0.232116 -0.178109 0.956242
outer loop
vertex -15.5122 0.6484 3.2710
vertex -15.2969 0.9290 3.2710
vertex -15.8721 1.2611 3.4724
endloop
endfacet
facet normal 0.232116 -0.178109 0.956242
outer loop
vertex -15.5122 0.6484 3.2710
vertex -15.8721 1.2611 3.4724
vertex -15.9819 1.1180 3.4724
endloop
endfacet
facet normal 0.270305 -0.111964 0.956242
outer loop
vertex -15.2969 0.9290 3.2710
vertex -15.1616 1.2557 3.2710
vertex -15.8031 1.4276 3.4724
endloop
endfacet
facet normal 0.270305 -0.111964 0.956242
outer loop
vertex -15.2969 0.9290 3.2710
vertex -15.8031 1.4276 3.4724
vertex -15.8721 1.2611 3.4724
endloop
endfacet
facet normal 0.290073 -0.038189 0.956242
outer loop
vertex -15.1616 1.2557 3.2710
vertex -15.1154 1.6064 3.2710
vertex -15.7795 1.6064 3.4724
endloop
endfacet
facet normal 0.290073 -0.038189 0.956242
outer loop
vertex -15.1616 1.2557 3.2710
vertex -15.7795 1.6064 3.4724
vertex -15.8031 1.4276 3.4724
endloop
endfacet
facet normal 0.098009 0.012903 0.995102
outer loop
vertex -15.7795 1.6064 3.4724
vertex -15.8031 1.7852 3.4724
vertex -16.4703 1.6064 3.5405
endloop
endfacet
facet normal 0.091330 0.037830 0.995102
outer loop
vertex -15.8031 1.7852 3.4724
vertex -15.8721 1.9518 3.4724
vertex -16.4703 1.6064 3.5405
endloop
endfacet
facet normal 0.078427 0.060179 0.995102
outer loop
vertex -15.8721 1.9518 3.4724
vertex -15.9819 2.0948 3.4724
vertex -16.4703 1.6064 3.5405
endloop
endfacet
facet normal 0.060179 0.078427 0.995102
outer loop
vertex -15.9819 2.0948 3.4724
vertex -16.1249 2.2046 3.4724
vertex -16.4703 1.6064 3.5405
endloop
endfacet
facet normal 0.037830 0.091330 0.995102
outer loop
vertex -16.1249 2.2046 3.4724
vertex -16.2915 2.2736 3.4724
vertex -16.4703 1.6064 3.5405
endloop
endfacet
facet normal 0.012903 0.098009 0.995102
outer loop
vertex -16.2915 2.2736 3.4724
vertex -16.4703 2.2971 3.4724
vertex -16.4703 1.6064 3.5405
endloop
endfacet
facet normal -0.012903 0.098009 0.995102
outer loop
vertex -16.4703 2.2971 3.4724
vertex -16.6490 2.2736 3.4724
vertex -16.4703 1.6064 3.5405
endloop
endfacet
facet normal -0.037830 0.091330 0.995102
outer loop
vertex -16.6490 2.2736 3.4724
vertex -16.8156 2.2046 3.4724
vertex -16.4703 1.6064 3.5405
endloop
endfacet
facet normal -0.060179 0.078427 0.995102
outer loop
vertex -16.8156 2.2046 3.4724
vertex -16.9587 2.0948 3.4724
vertex -16.4703 1.6064 3.5405
endloop
endfacet
facet normal -0.078427 0.060179 0.995102
outer loop
vertex -16.9587 2.0948 3.4724
vertex -17.0684 1.9518 3.4724
vertex -16.4703 1.6064 3.5405
endloop
endfacet
facet normal -0.091330 0.037830 0.995102
outer loop
vertex -17.0684 1.9518 3.4724
vertex -17.1374 1.7852 3.4724
vertex -16.4703 1.6064 3.5405
endloop
endfacet
facet normal -0.098009 0.012903 0.995102
outer loop
vertex -17.1374 1.7852 3.4724
vertex -17.1610 1.6064 3.4724
vertex -16.4703 1.6064 3.5405
endloop
endfacet
facet normal -0.098009 -0.012903 0.995102
outer loop
vertex -17.1610 1.6064 3.4724
vertex -17.1374 1.4276 3.4724
vertex -16.4703 1.6064 3.5405
endloop
endfacet
facet normal -0.091330 -0.037830 0.995102
outer loop
vertex -17.1374 1.4276 3.4724
vertex -17.0684 1.2611 3.4724
vertex -16.4703 1.6064 3.5405
endloop
endfacet
facet normal -0.078427 -0.060179 0.995102
outer loop
vertex -17.0684 1.2611 3.4724
vertex -16.9587 1.1180 3.4724
vertex -16.4703 1.6064 3.5405
endloop
endfacet
facet normal -0.060179 -0.078427 0.995102
outer loop
vertex -16.9587 1.1180 3.4724
vertex -16.8156 1.0082 3.4724
vertex -16.4703 1.6064 3.5405
endloop
endfacet
facet normal -0.037830 -0.091330 0.995102
outer loop
vertex -16.8156 1.0082 3.4724
vertex -16.6490 0.9392 3.4724
vertex -16.4703 1.6064 3.5405
endloop
endfacet
facet normal -0.012903 -0.098009 0.995102
outer loop
vertex -16.6490 0.9392 3.4724
vertex -16.4703 0.9157 3.4724
vertex -16.4703 1.6064 3.5405
endloop
endfacet
facet normal 0.012903 -0.098009 0.995102
outer loop
vertex -16.4703 0.9157 3.4724
vertex -16.2915 0.9392 3.4724
vertex -16.4703 1.6064 3.5405
endloop
endfacet
facet normal 0.037830 -0.091330 0.995102
outer loop
vertex -16.2915 0.9392 3.4724
vertex -16.1249 1.0082 3.4724
vertex -16.4703 1.6064 3.5405
endloop
endfacet
facet normal 0.060179 -0.078427 0.995102
outer loop
vertex -16.1249 1.0082 3.4724
vertex -15.9819 1.1180 3.4724
vertex -16.4703 1.6064 3.5405
endloop
endfacet
facet normal 0.078427 -0.060179 0.995102
outer loop
vertex -15.9819 1.1180 3.4724
vertex -15.8721 1.2611 3.4724
vertex -16.4703 1.6064 3.5405
endloop
endfacet
facet normal 0.091330 -0.037830 0.995102
outer loop
vertex -15.8721 1.2611 3.4724
vertex -15.8031 1.4276 3.4724
vertex -16.4703 1.6064 3.5405
endloop
endfacet
facet normal 0.098009 -0.012903 0.995102
outer loop
vertex -15.8031 1.4276 3.4724
vertex -15.7795 1.6064 3.4724
vertex -16.4703 1.6064 3.5405
endloop
endfacet
facet normal 0.000000 0.000000 -1.000000
outer loop
vertex 21.7442 29.8505 0.0000
vertex 21.7442 39.9176 0.0000
vertex 32.5794 39.9176 0.0000
endloop
endfacet
facet normal 0.000000 0.000000 -1.000000
outer loop
vertex 21.7442 29.8505 0.0000
vertex 32.5794 39.9176 0.0000
vertex 32.5794 29.8505 0.0000
endloop
endfacet
facet normal 0.000000 0.000000 1.000000
outer loop
vertex 21.7442 29.8505 10.3953
vertex 32.5794 29.8505 10.3953
vertex 32.5794 39.9176 10.3953
endloop
endfacet
facet normal 0.000000 0.000000 1.000000
outer loop
vertex 21.7442 29.8505 10.3953
vertex 32.5794 39.9176 10.3953
vertex 21.7442 39.9176 10.3953
endloop
endfacet
facet normal 0.000000 -1.000000 0.000000
outer loop
vertex 21.7442 29.8505 0.0000
vertex 32.5794 29.8505 0.0000
vertex 32.5794 29.8505 10.3953
endloop
endfacet
facet normal 0.000000 -1.000000 0.000000
outer loop
vertex 21.7442 29.8505 0.0000
vertex 32.5794 29.8505 10.3953
vertex 21.7442 29.8505 10.3953
endloop
endfacet
facet normal 1.000000 0.000000 0.000000
outer loop
vertex 32.5794 29.8505 0.0000
vertex 32.5794 39.9176 0.0000
vertex 32.5794 39.9176 10.3953
endloop
endfacet
facet normal 1.000000 0.000000 0.000000
outer loop
vertex 32.5794 29.8505 0.0000
vertex 32.5794 39.9176 10.3953
vertex 32.5794 29.8505 10.3953
endloop
endfacet
facet normal 0.000000 1.000000 0.000000
outer loop
vertex 32.5794 39.9176 0.0000
vertex 21.7442 39.9176 0.0000
vertex 21.7442 39.9176 10.3953
endloop
endfacet
facet normal 0.000000 1.000000 -0.000000
outer loop
vertex 32.5794 39.9176 0.0000
vertex 21.7442 39.9176 10.3953
vertex 32.5794 39.9176 10.3953
endloop
endfacet
facet normal -1.000000 0.000000 0.000000
outer loop
vertex 21.7442 39.9176 0.0000
vertex 21.7442 29.8505 0.0000
vertex 21.7442 29.8505 10.3953
endloop
endfacet
facet normal -1.000000 0.000000 0.000000
outer loop
vertex 21.7442 39.9176 0.0000
vertex 21.7442 29.8505 10.3953
vertex 21.7442 39.9176 10.3953
endloop
endfacet
facet normal 0.991445 0.130526 0.000000
outer loop
vertex 27.9246 -37.8172 0.0000
vertex 27.8643 -37.3587 0.0000
vertex 27.8643 -37.3587 8.7796
endloop
endfacet
facet normal 0.991445 0.130526 -0.000000
outer loop
vertex 27.9246 -37.8172 0.0000
vertex 27.8643 -37.3587 8.7796
vertex 27.9246 -37.8172 8.7796
endloop
endfacet
facet normal 0.000000 0.000000 1.000000
outer loop
vertex 26.1531 -37.8172 8.7796
vertex 27.9246 -37.8172 8.7796
vertex 27.8643 -37.3587 8.7796
endloop
endfacet
facet normal 0.000000 0.000000 -1.000000
outer loop
vertex 26.1531 -37.8172 0.0000
vertex 27.8643 -37.3587 0.0000
vertex 27.9246 -37.8172 0.0000
endloop
endfacet
facet normal 0.923880 0.382683 0.000000
outer loop
vertex 27.8643 -37.3587 0.0000
vertex 27.6873 -36.9314 0.0000
vertex 27.6873 -36.9314 8.7796
endloop
endfacet
facet normal 0.923880 0.382683 -0.000000
outer loop
vertex 27.8643 -37.3587 0.0000
vertex 27.6873 -36.9314 8.7796
vertex 27.8643 -37.3587 8.7796
endloop
endfacet
facet normal 0.000000 0.000000 1.000000
outer loop
vertex 26.1531 -37.8172 8.7796
vertex 27.8643 -37.3587 8.7796
vertex 27.6873 -36.9314 8.7796
endloop
endfacet
facet normal 0.000000 0.000000 -1.000000
outer loop
vertex 26.1531 -37.8172 0.0000
vertex 27.6873 -36.9314 0.0000
vertex 27.8643 -37.3587 0.0000
endloop
endfacet
facet normal 0.793353 0.608761 0.000000
outer loop
vertex 27.6873 -36.9314 0.0000
vertex 27.4058 -36.5645 0.0000
vertex 27.4058 -36.5645 8.7796
endloop
endfacet
facet normal 0.793353 0.608761 -0.000000
outer loop
vertex 27.6873 -36.9314 0.0000
vertex 27.4058 -36.5645 8.7796
vertex 27.6873 -36.9314 8.7796
endloop
endfacet
facet normal 0.000000 0.000000 1.000000
outer loop
vertex 26.1531 -37.8172 8.7796
vertex 27.6873 -36.9314 8.7796
vertex 27.4058 -36.5645 8.7796
endloop
endfacet
facet normal 0.000000 0.000000 -1.000000
outer loop
vertex 26.1531 -37.8172 0.0000
vertex 27.4058 -36.5645 0.0000
vertex 27.6873 -36.9314 0.0000
endloop
endfacet
facet normal 0.608761 0.793353 0.000000
outer loop
vertex 27.4058 -36.5645 0.0000
vertex 27.0389 -36.2830 0.0000
vertex 27.0389 -36.2830 8.7796
endloop
endfacet
facet normal 0.608761 0.793353 -0.000000
outer loop
vertex 27.4058 -36.5645 0.0000
vertex 27.0389 -36.2830 8.7796
vertex 27.4058 -36.5645 8.7796
endloop
endfacet
facet normal 0.000000 0.000000 1.000000
outer loop
vertex 26.1531 -37.8172 8.7796
vertex 27.4058 -36.5645 8.7796
vertex 27.0389 -36.2830 8.7796
endloop
endfacet
facet normal 0.000000 0.000000 -1.000000
outer loop
vertex 26.1531 -37.8172 0.0000
vertex 27.0389 -36.2830 0.0000
vertex 27.4058 -36.5645 0.0000
endloop
endfacet
facet normal 0.382683 0.923880 0.000000
outer loop
vertex 27.0389 -36.2830 0.0000
vertex 26.6116 -36.1060 0.0000
vertex 26.6116 -36.1060 8.7796
endloop
endfacet
facet normal 0.382683 0.923880 -0.000000
outer loop
vertex 27.0389 -36.2830 0.0000
vertex 26.6116 -36.1060 8.7796
vertex 27.0389 -36.2830 8.7796
endloop
endfacet
facet normal 0.000000 0.000000 1.000000
outer loop
vertex 26.1531 -37.8172 8.7796
vertex 27.0389 -36.2830 8.7796
vertex 26.6116 -36.1060 8.7796
endloop
endfacet
facet normal 0.000000 0.000000 -1.000000
outer loop
vertex 26.1531 -37.8172 0.0000
vertex 26.6116 -36.1060 0.0000
vertex 27.0389 -36.2830 0.0000
endloop
endfacet
facet normal 0.130526 0.991445 0.000000
outer loop
vertex 26.6116 -36.1060 0.0000
vertex 26.1531 -36.0457 0.0000
vertex 26.1531 -36.0457 8.7796
endloop
endfacet
facet normal 0.130526 0.991445 -0.000000
outer loop
vertex 26.6116 -36.1060 0.0000
vertex 26.1531 -36.0457 8.7796
vertex 26.6116 -36.1060 8.7796
endloop
endfacet
facet normal 0.000000 0.000000 1.000000
outer loop
vertex 26.1531 -37.8172 8.7796
vertex 26.6116 -36.1060 8.7796
vertex 26.1531 -36.0457 8.7796
endloop
endfacet
facet normal 0.000000 0.000000 -1.000000
outer loop
vertex 26.1531 -37.8172 0.0000
vertex 26.1531 -36.0457 0.0000
vertex 26.6116 -36.1060 0.0000
endloop
endfacet
facet normal -0.130526 0.991445 0.000000
outer loop
vertex 26.1531 -36.0457 0.0000
vertex 25.6946 -36.1060 0.0000
vertex 25.6946 -36.1060 8.7796
endloop
endfacet
facet normal -0.130526 0.991445 0.000000
outer loop
vertex 26.1531 -36.0457 0.0000
vertex 25.6946 -36.1060 8.7796
vertex 26.1531 -36.0457 8.7796
endloop
endfacet
facet normal 0.000000 -0.000000 1.000000
outer loop
vertex 26.1531 -37.8172 8.7796
vertex 26.1531 -36.0457 8.7796
vertex 25.6946 -36.1060 8.7796
endloop
endfacet
facet normal 0.000000 0.000000 -1.000000
outer loop
vertex 26.1531 -37.8172 0.0000
vertex 25.6946 -36.1060 0.0000
vertex 26.1531 -36.0457 0.0000
endloop
endfacet
facet normal -0.382683 0.923880 0.000000
outer loop
vertex 25.6946 -36.1060 0.0000
vertex 25.2674 -36.2830 0.0000
vertex 25.2674 -36.2830 8.7796
endloop
endfacet
facet normal -0.382683 0.923880 0.000000
outer loop
vertex 25.6946 -36.1060 0.0000
vertex 25.2674 -36.2830 8.7796
vertex 25.6946 -36.1060 8.7796
endloop
endfacet
facet normal 0.000000 0.000000 1.000000
outer loop
vertex 26.1531 -37.8172 8.7796
vertex 25.6946 -36.1060 8.7796
vertex 25.2674 -36.2830 8.7796
endloop
endfacet
facet normal 0.000000 0.000000 -1.000000
outer loop
vertex 26.1531 -37.8172 0.0000
vertex 25.2674 -36.2830 0.0000
vertex 25.6946 -36.1060 0.0000
endloop
endfacet
facet normal -0.608761 0.793353 0.000000
outer loop
vertex 25.2674 -36.2830 0.0000
vertex 24.9005 -36.5645 0.0000
vertex 24.9005 -36.5645 8.7796
endloop
endfacet
facet normal -0.608761 0.793353 0.000000
outer loop
vertex 25.2674 -36.2830 0.0000
vertex 24.9005 -36.5645 8.7796
vertex 25.2674 -36.2830 8.7796
endloop
endfacet
facet normal 0.000000 0.000000 1.000000
outer loop
vertex 26.1531 -37.8172 8.7796
vertex 25.2674 -36.2830 8.7796
vertex 24.9005 -36.5645 8.7796
endloop
endfacet
facet normal 0.000000 0.000000 -1.000000
outer loop
vertex 26.1531 -37.8172 0.0000
vertex 24.9005 -36.5645 0.0000
vertex 25.2674 -36.2830 0.0000
endloop
endfacet
facet normal -0.793353 0.608761 0.000000
outer loop
vertex 24.9005 -36.5645 0.0000
vertex 24.6190 -36.9314 0.0000
vertex 24.6190 -36.9314 8.7796
endloop
endfacet
facet normal -0.793353 0.608761 0.000000
outer loop
vertex 24.9005 -36.5645 0.0000
vertex 24.6190 -36.9314 8.7796
vertex 24.9005 -36.5645 8.7796
endloop
endfacet
facet normal 0.000000 0.000000 1.000000
outer loop
vertex 26.1531 -37.8172 8.7796
vertex 24.9005 -36.5645 8.7796
vertex 24.6190 -36.9314 8.7796
endloop
endfacet
facet normal 0.000000 0.000000 -1.000000
outer loop
vertex 26.1531 -37.8172 0.0000
vertex 24.6190 -36.9314 0.0000
vertex 24.9005 -36.5645 0.0000
endloop
endfacet
facet normal -0.923880 0.382683 0.000000
outer loop
vertex 24.6190 -36.9314 0.0000
vertex 24.4420 -37.3587 0.0000
vertex 24.4420 -37.3587 8.7796
endloop
endfacet
facet normal -0.923880 0.382683 0.000000
outer loop
vertex 24.6190 -36.9314 0.0000
vertex 24.4420 -37.3587 8.7796
vertex 24.6190 -36.9314 8.7796
endloop
endfacet
facet normal 0.000000 0.000000 1.000000
outer loop
vertex 26.1531 -37.8172 8.7796
vertex 24.6190 -36.9314 8.7796
vertex 24.4420 -37.3587 8.7796
endloop
endfacet
facet normal 0.000000 0.000000 -1.000000
outer loop
vertex 26.1531 -37.8172 0.0000
vertex 24.4420 -37.3587 0.0000
vertex 24.6190 -36.9314 0.0000
endloop
endfacet
facet normal -0.991445 0.130526 0.000000
outer loop
vertex 24.4420 -37.3587 0.0000
vertex 24.3816 -37.8172 0.0000
vertex 24.3816 -37.8172 8.7796
endloop
endfacet
facet normal -0.991445 0.130526 0.000000
outer loop
vertex 24.4420 -37.3587 0.0000
vertex 24.3816 -37.8172 8.7796
vertex 24.4420 -37.3587 8.7796
endloop
endfacet
facet normal 0.000000 0.000000 1.000000
outer loop
vertex 26.1531 -37.8172 8.7796
vertex 24.4420 -37.3587 8.7796
vertex 24.3816 -37.8172 8.7796
endloop
endfacet
facet normal 0.000000 0.000000 -1.000000
outer loop
vertex 26.1531 -37.8172 0.0000
vertex 24.3816 -37.8172 0.0000
vertex 24.4420 -37.3587 0.0000
endloop
endfacet
facet normal -0.991445 -0.130526 0.000000
outer loop
vertex 24.3816 -37.8172 0.0000
vertex 24.4420 -38.2757 0.0000
vertex 24.4420 -38.2757 8.7796
endloop
endfacet
facet normal -0.991445 -0.130526 0.000000
outer loop
vertex 24.3816 -37.8172 0.0000
vertex 24.4420 -38.2757 8.7796
vertex 24.3816 -37.8172 8.7796
endloop
endfacet
facet normal 0.000000 0.000000 1.000000
outer loop
vertex 26.1531 -37.8172 8.7796
vertex 24.3816 -37.8172 8.7796
vertex 24.4420 -38.2757 8.7796
endloop
endfacet
facet normal -0.000000 0.000000 -1.000000
outer loop
vertex 26.1531 -37.8172 0.0000
vertex 24.4420 -38.2757 0.0000
vertex 24.3816 -37.8172 0.0000
endloop
endfacet
facet normal -0.923880 -0.382683 0.000000
outer loop
vertex 24.4420 -38.2757 0.0000
vertex 24.6190 -38.7029 0.0000
vertex 24.6190 -38.7029 8.7796
endloop
endfacet
facet normal -0.923880 -0.382683 0.000000
outer loop
vertex 24.4420 -38.2757 0.0000
vertex 24.6190 -38.7029 8.7796
vertex 24.4420 -38.2757 8.7796
endloop
endfacet
facet normal 0.000000 0.000000 1.000000
outer loop
vertex 26.1531 -37.8172 8.7796
vertex 24.4420 -38.2757 8.7796
vertex 24.6190 -38.7029 8.7796
endloop
endfacet
facet normal 0.000000 0.000000 -1.000000
outer loop
vertex 26.1531 -37.8172 0.0000
vertex 24.6190 -38.7029 0.0000
vertex 24.4420 -38.2757 0.0000
endloop
endfacet
facet normal -0.793353 -0.608761 0.000000
outer loop
vertex 24.6190 -38.7029 0.0000
vertex 24.9005 -39.0698 0.0000
vertex 24.9005 -39.0698 8.7796
endloop
endfacet
facet normal -0.793353 -0.608761 0.000000
outer loop
vertex 24.6190 -38.7029 0.0000
vertex 24.9005 -39.0698 8.7796
vertex 24.6190 -38.7029 8.7796
endloop
endfacet
facet normal 0.000000 0.000000 1.000000
outer loop
vertex 26.1531 -37.8172 8.7796
vertex 24.6190 -38.7029 8.7796
vertex 24.9005 -39.0698 8.7796
endloop
endfacet
facet normal 0.000000 0.000000 -1.000000
outer loop
vertex 26.1531 -37.8172 0.0000
vertex 24.9005 -39.0698 0.0000
vertex 24.6190 -38.7029 0.0000
endloop
endfacet
facet normal -0.608761 -0.793353 0.000000
outer loop
vertex 24.9005 -39.0698 0.0000
vertex 25.2674 -39.3513 0.0000
vertex 25.2674 -39.3513 8.7796
endloop
endfacet
facet normal -0.608761 -0.793353 0.000000
outer loop
vertex 24.9005 -39.0698 0.0000
vertex 25.2674 -39.3513 8.7796
vertex 24.9005 -39.0698 8.7796
endloop
endfacet
facet normal 0.000000 0.000000 1.000000
outer loop
vertex 26.1531 -37.8172 8.7796
vertex 24.9005 -39.0698 8.7796
vertex 25.2674 -39.3513 8.7796
endloop
endfacet
facet normal 0.000000 0.000000 -1.000000
outer loop
vertex 26.1531 -37.8172 0.0000
vertex 25.2674 -39.3513 0.0000
vertex 24.9005 -39.0698 0.0000
endloop
endfacet
facet normal -0.382683 -0.923880 0.000000
outer loop
vertex 25.2674 -39.3513 0.0000
vertex 25.6946 -39.5283 0.0000
vertex 25.6946 -39.5283 8.7796
endloop
endfacet
facet normal -0.382683 -0.923880 0.000000
outer loop
vertex 25.2674 -39.3513 0.0000
vertex 25.6946 -39.5283 8.7796
vertex 25.2674 -39.3513 8.7796
endloop
endfacet
facet normal 0.000000 0.000000 1.000000
outer loop
vertex 26.1531 -37.8172 8.7796
vertex 25.2674 -39.3513 8.7796
vertex 25.6946 -39.5283 8.7796
endloop
endfacet
facet normal 0.000000 0.000000 -1.000000
outer loop
vertex 26.1531 -37.8172 0.0000
vertex 25.6946 -39.5283 0.0000
vertex 25.2674 -39.3513 0.0000
endloop
endfacet
facet normal -0.130526 -0.991445 0.000000
outer loop
vertex 25.6946 -39.5283 0.0000
vertex 26.1531 -39.5887 0.0000
vertex 26.1531 -39.5887 8.7796
endloop
endfacet
facet normal -0.130526 -0.991445 0.000000
outer loop
vertex 25.6946 -39.5283 0.0000
vertex 26.1531 -39.5887 8.7796
vertex 25.6946 -39.5283 8.7796
endloop
endfacet
facet normal 0.000000 0.000000 1.000000
outer loop
vertex 26.1531 -37.8172 8.7796
vertex 25.6946 -39.5283 8.7796
vertex 26.1531 -39.5887 8.7796
endloop
endfacet
facet normal 0.000000 -0.000000 -1.000000
outer loop
vertex 26.1531 -37.8172 0.0000
vertex 26.1531 -39.5887 0.0000
vertex 25.6946 -39.5283 0.0000
endloop
endfacet
facet normal 0.130526 -0.991445 0.000000
outer loop
vertex 26.1531 -39.5887 0.0000
vertex 26.6116 -39.5283 0.0000
vertex 26.6116 -39.5283 8.7796
endloop
endfacet
facet normal 0.130526 -0.991445 0.000000
outer loop
vertex 26.1531 -39.5887 0.0000
vertex 26.6116 -39.5283 8.7796
vertex 26.1531 -39.5887 8.7796
endloop
endfacet
facet normal 0.000000 0.000000 1.000000
outer loop
vertex 26.1531 -37.8172 8.7796
vertex 26.1531 -39.5887 8.7796
vertex 26.6116 -39.5283 8.7796
endloop
endfacet
facet normal 0.000000 0.000000 -1.000000
outer loop
vertex 26.1531 -37.8172 0.0000
vertex 26.6116 -39.5283 0.0000
vertex 26.1531 -39.5887 0.0000
endloop
endfacet
facet normal 0.382683 -0.923880 0.000000
outer loop
vertex 26.6116 -39.5283 0.0000
vertex 27.0389 -39.3513 0.0000
vertex 27.0389 -39.3513 8.7796
endloop
endfacet
facet normal 0.382683 -0.923880 0.000000
outer loop
vertex 26.6116 -39.5283 0.0000
vertex 27.0389 -39.3513 8.7796
vertex 26.6116 -39.5283 8.7796
endloop
endfacet
facet normal 0.000000 0.000000 1.000000
outer loop
vertex 26.1531 -37.8172 8.7796
vertex 26.6116 -39.5283 8.7796
vertex 27.0389 -39.3513 8.7796
endloop
endfacet
facet normal 0.000000 0.000000 -1.000000
outer loop
vertex 26.1531 -37.8172 0.0000
vertex 27.0389 -39.3513 0.0000
vertex 26.6116 -39.5283 0.0000
endloop
endfacet
facet normal 0.608761 -0.793353 0.000000
outer loop
vertex 27.0389 -39.3513 0.0000
vertex 27.4058 -39.0698 0.0000
vertex 27.4058 -39.0698 8.7796
endloop
endfacet
facet normal 0.608761 -0.793353 0.000000
outer loop
vertex 27.0389 -39.3513 0.0000
vertex 27.4058 -39.0698 8.7796
vertex 27.0389 -39.3513 8.7796
endloop
endfacet
facet normal 0.000000 0.000000 1.000000
outer loop
vertex 26.1531 -37.8172 8.7796
vertex 27.0389 -39.3513 8.7796
vertex 27.4058 -39.0698 8.7796
endloop
endfacet
facet normal 0.000000 0.000000 -1.000000
outer loop
vertex 26.1531 -37.8172 0.0000
vertex 27.4058 -39.0698 0.0000
vertex 27.0389 -39.3513 0.0000
endloop
endfacet
facet normal 0.793353 -0.608761 0.000000
outer loop
vertex 27.4058 -39.0698 0.0000
vertex 27.6873 -38.7029 0.0000
vertex 27.6873 -38.7029 8.7796
endloop
endfacet
facet normal 0.793353 -0.608761 0.000000
outer loop
vertex 27.4058 -39.0698 0.0000
vertex 27.6873 -38.7029 8.7796
vertex 27.4058 -39.0698 8.7796
endloop
endfacet
facet normal 0.000000 0.000000 1.000000
outer loop
vertex 26.1531 -37.8172 8.7796
vertex 27.4058 -39.0698 8.7796
vertex 27.6873 -38.7029 8.7796
endloop
endfacet
facet normal 0.000000 0.000000 -1.000000
outer loop
vertex 26.1531 -37.8172 0.0000
vertex 27.6873 -38.7029 0.0000
vertex 27.4058 -39.0698 0.0000
endloop
endfacet
facet normal 0.923880 -0.382683 0.000000
outer loop
vertex 27.6873 -38.7029 0.0000
vertex 27.8643 -38.2757 0.0000
vertex 27.8643 -38.2757 8.7796
endloop
endfacet
facet normal 0.923880 -0.382683 0.000000
outer loop
vertex 27.6873 -38.7029 0.0000
vertex 27.8643 -38.2757 8.7796
vertex 27.6873 -38.7029 8.7796
endloop
endfacet
facet normal 0.000000 0.000000 1.000000
outer loop
vertex 26.1531 -37.8172 8.7796
vertex 27.6873 -38.7029 8.7796
vertex 27.8643 -38.2757 8.7796
endloop
endfacet
facet normal 0.000000 0.000000 -1.000000
outer loop
vertex 26.1531 -37.8172 0.0000
vertex 27.8643 -38.2757 0.0000
vertex 27.6873 -38.7029 0.0000
endloop
endfacet
facet normal 0.991445 -0.130526 0.000000
outer loop
vertex 27.8643 -38.2757 0.0000
vertex 27.9246 -37.8172 0.0000
vertex 27.9246 -37.8172 8.7796
endloop
endfacet
facet normal 0.991445 -0.130526 0.000000
outer loop
vertex 27.8643 -38.2757 0.0000
vertex 27.9246 -37.8172 8.7796
vertex 27.8643 -38.2757 8.7796
endloop
endfacet
facet normal -0.000000 0.000000 1.000000
outer loop
vertex 26.1531 -37.8172 8.7796
vertex 27.8643 -38.2757 8.7796
vertex 27.9246 -37.8172 8.7796
endloop
endfacet
facet normal 0.000000 0.000000 -1.000000
outer loop
vertex 26.1531 -37.8172 0.0000
vertex 27.9246 -37.8172 0.0000
vertex 27.8643 -38.2757 0.0000
endloop
endfacet
facet normal 0.991445 0.130526 0.000000
outer loop
vertex -24.8022 -4.8087 0.0000
vertex -24.8819 -4.2037 0.0000
vertex -24.8819 -4.2037 13.4227
endloop
endfacet
facet normal 0.991445 0.130526 -0.000000
outer loop
vertex -24.8022 -4.8087 0.0000
vertex -24.8819 -4.2037 13.4227
vertex -24.8022 -4.8087 13.4227
endloop
endfacet
facet normal 0.000000 0.000000 1.000000
outer loop
vertex -27.1399 -4.8087 13.4227
vertex -24.8022 -4.8087 13.4227
vertex -24.8819 -4.2037 13.4227
endloop
endfacet
facet normal 0.000000 0.000000 -1.000000
outer loop
vertex -27.1399 -4.8087 0.0000
vertex -24.8819 -4.2037 0.0000
vertex -24.8022 -4.8087 0.0000
endloop
endfacet
facet normal 0.923880 0.382683 0.000000
outer loop
vertex -24.8819 -4.2037 0.0000
vertex -25.1154 -3.6399 0.0000
vertex -25.1154 -3.6399 13.4227
endloop
endfacet
facet normal 0.923880 0.382683 -0.000000
outer loop
vertex -24.8819 -4.2037 0.0000
vertex -25.1154 -3.6399 13.4227
vertex -24.8819 -4.2037 13.4227
endloop
endfacet
facet normal 0.000000 0.000000 1.000000
outer loop
vertex -27.1399 -4.8087 13.4227
vertex -24.8819 -4.2037 13.4227
vertex -25.1154 -3.6399 13.4227
endloop
endfacet
facet normal 0.000000 0.000000 -1.000000
outer loop
vertex -27.1399 -4.8087 0.0000
vertex -25.1154 -3.6399 0.0000
vertex -24.8819 -4.2037 0.0000
endloop
endfacet
facet normal 0.793353 0.608761 0.000000
outer loop
vertex -25.1154 -3.6399 0.0000
vertex -25.4869 -3.1558 0.0000
vertex -25.4869 -3.1558 13.4227
endloop
endfacet
facet normal 0.793353 0.608761 -0.000000
outer loop
vertex -25.1154 -3.6399 0.0000
vertex -25.4869 -3.1558 13.4227
vertex -25.1154 -3.6399 13.4227
endloop
endfacet
facet normal 0.000000 0.000000 1.000000
outer loop
vertex -27.1399 -4.8087 13.4227
vertex -25.1154 -3.6399 13.4227
vertex -25.4869 -3.1558 13.4227
endloop
endfacet
facet normal 0.000000 0.000000 -1.000000
outer loop
vertex -27.1399 -4.8087 0.0000
vertex -25.4869 -3.1558 0.0000
vertex -25.1154 -3.6399 0.0000
endloop
endfacet
facet normal 0.608761 0.793353 0.000000
outer loop
vertex -25.4869 -3.1558 0.0000
vertex -25.9710 -2.7843 0.0000
vertex -25.9710 -2.7843 13.4227
endloop
endfacet
facet normal 0.608761 0.793353 -0.000000
outer loop
vertex -25.4869 -3.1558 0.0000
vertex -25.9710 -2.7843 13.4227
vertex -25.4869 -3.1558 13.4227
endloop
endfacet
facet normal 0.000000 0.000000 1.000000
outer loop
vertex -27.1399 -4.8087 13.4227
vertex -25.4869 -3.1558 13.4227
vertex -25.9710 -2.7843 13.4227
endloop
endfacet
facet normal 0.000000 0.000000 -1.000000
outer loop
vertex -27.1399 -4.8087 0.0000
vertex -25.9710 -2.7843 0.0000
vertex -25.4869 -3.1558 0.0000
endloop
endfacet
facet normal 0.382683 0.923880 0.000000
outer loop
vertex -25.9710 -2.7843 0.0000
vertex -26.5348 -2.5507 0.0000
vertex -26.5348 -2.5507 13.4227
endloop
endfacet
facet normal 0.382683 0.923880 -0.000000
outer loop
vertex -25.9710 -2.7843 0.0000
vertex -26.5348 -2.5507 13.4227
vertex -25.9710 -2.7843 13.4227
endloop
endfacet
facet normal 0.000000 0.000000 1.000000
outer loop
vertex -27.1399 -4.8087 13.4227
vertex -25.9710 -2.7843 13.4227
vertex -26.5348 -2.5507 13.4227
endloop
endfacet
facet normal 0.000000 0.000000 -1.000000
outer loop
vertex -27.1399 -4.8087 0.0000
vertex -26.5348 -2.5507 0.0000
vertex -25.9710 -2.7843 0.0000
endloop
endfacet
facet normal 0.130526 0.991445 0.000000
outer loop
vertex -26.5348 -2.5507 0.0000
vertex -27.1399 -2.4711 0.0000
vertex -27.1399 -2.4711 13.4227
endloop
endfacet
facet normal 0.130526 0.991445 -0.000000
outer loop
vertex -26.5348 -2.5507 0.0000
vertex -27.1399 -2.4711 13.4227
vertex -26.5348 -2.5507 13.4227
endloop
endfacet
facet normal 0.000000 0.000000 1.000000
outer loop
vertex -27.1399 -4.8087 13.4227
vertex -26.5348 -2.5507 13.4227
vertex -27.1399 -2.4711 13.4227
endloop
endfacet
facet normal 0.000000 0.000000 -1.000000
outer loop
vertex -27.1399 -4.8087 0.0000
vertex -27.1399 -2.4711 0.0000
vertex -26.5348 -2.5507 0.0000
endloop
endfacet
facet normal -0.130526 0.991445 0.000000
outer loop
vertex -27.1399 -2.4711 0.0000
vertex -27.7449 -2.5507 0.0000
vertex -27.7449 -2.5507 13.4227
endloop
endfacet
facet normal -0.130526 0.991445 0.000000
outer loop
vertex -27.1399 -2.4711 0.0000
vertex -27.7449 -2.5507 13.4227
vertex -27.1399 -2.4711 13.4227
endloop
endfacet
facet normal 0.000000 -0.000000 1.000000
outer loop
vertex -27.1399 -4.8087 13.4227
vertex -27.1399 -2.4711 13.4227
vertex -27.7449 -2.5507 13.4227
endloop
endfacet
facet normal 0.000000 0.000000 -1.000000
outer loop
vertex -27.1399 -4.8087 0.0000
vertex -27.7449 -2.5507 0.0000
vertex -27.1399 -2.4711 0.0000
endloop
endfacet
facet normal -0.382683 0.923880 0.000000
outer loop
vertex -27.7449 -2.5507 0.0000
vertex -28.3087 -2.7843 0.0000
vertex -28.3087 -2.7843 13.4227
endloop
endfacet
facet normal -0.382683 0.923880 0.000000
outer loop
vertex -27.7449 -2.5507 0.0000
vertex -28.3087 -2.7843 13.4227
vertex -27.7449 -2.5507 13.4227
endloop
endfacet
facet normal 0.000000 0.000000 1.000000
outer loop
vertex -27.1399 -4.8087 13.4227
vertex -27.7449 -2.5507 13.4227
vertex -28.3087 -2.7843 13.4227
endloop
endfacet
facet normal 0.000000 0.000000 -1.000000
outer loop
vertex -27.1399 -4.8087 0.0000
vertex -28.3087 -2.7843 0.0000
vertex -27.7449 -2.5507 0.0000
endloop
endfacet
facet normal -0.608761 0.793353 0.000000
outer loop
vertex -28.3087 -2.7843 0.0000
vertex -28.7928 -3.1558 0.0000
vertex -28.7928 -3.1558 13.4227
endloop
endfacet
facet normal -0.608761 0.793353 0.000000
outer loop
vertex -28.3087 -2.7843 0.0000
vertex -28.7928 -3.1558 13.4227
vertex -28.3087 -2.7843 13.4227
endloop
endfacet
facet normal 0.000000 0.000000 1.000000
outer loop
vertex -27.1399 -4.8087 13.4227
vertex -28.3087 -2.7843 13.4227
vertex -28.7928 -3.1558 13.4227
endloop
endfacet
facet normal 0.000000 0.000000 -1.000000
outer loop
vertex -27.1399 -4.8087 0.0000
vertex -28.7928 -3.1558 0.0000
vertex -28.3087 -2.7843 0.0000
endloop
endfacet
facet normal -0.793353 0.608761 0.000000
outer loop
vertex -28.7928 -3.1558 0.0000
vertex -29.1643 -3.6399 0.0000
vertex -29.1643 -3.6399 13.4227
endloop
endfacet
facet normal -0.793353 0.608761 0.000000
outer loop
vertex -28.7928 -3.1558 0.0000
vertex -29.1643 -3.6399 13.4227
vertex -28.7928 -3.1558 13.4227
endloop
endfacet
facet normal 0.000000 0.000000 1.000000
outer loop
vertex -27.1399 -4.8087 13.4227
vertex -28.7928 -3.1558 13.4227
vertex -29.1643 -3.6399 13.4227
endloop
endfacet
facet normal 0.000000 0.000000 -1.000000
outer loop
vertex -27.1399 -4.8087 0.0000
vertex -29.1643 -3.6399 0.0000
vertex -28.7928 -3.1558 0.0000
endloop
endfacet
facet normal -0.923880 0.382683 0.000000
outer loop
vertex -29.1643 -3.6399 0.0000
vertex -29.3978 -4.2037 0.0000
vertex -29.3978 -4.2037 13.4227
endloop
endfacet
facet normal -0.923880 0.382683 0.000000
outer loop
vertex -29.1643 -3.6399 0.0000
vertex -29.3978 -4.2037 13.4227
vertex -29.1643 -3.6399 13.4227
endloop
endfacet
facet normal 0.000000 0.000000 1.000000
outer loop
vertex -27.1399 -4.8087 13.4227
vertex -29.1643 -3.6399 13.4227
vertex -29.3978 -4.2037 13.4227
endloop
endfacet
facet normal 0.000000 0.000000 -1.000000
outer loop
vertex -27.1399 -4.8087 0.0000
vertex -29.3978 -4.2037 0.0000
vertex -29.1643 -3.6399 0.0000
endloop
endfacet
facet normal -0.991445 0.130526 0.000000
outer loop
vertex -29.3978 -4.2037 0.0000
vertex -29.4775 -4.8087 0.0000
vertex -29.4775 -4.8087 13.4227
endloop
endfacet
facet normal -0.991445 0.130526 0.000000
outer loop
vertex -29.3978 -4.2037 0.0000
vertex -29.4775 -4.8087 13.4227
vertex -29.3978 -4.2037 13.4227
endloop
endfacet
facet normal 0.000000 0.000000 1.000000
outer loop
vertex -27.1399 -4.8087 13.4227
vertex -29.3978 -4.2037 13.4227
vertex -29.4775 -4.8087 13.4227
endloop
endfacet
facet normal 0.000000 0.000000 -1.000000
outer loop
vertex -27.1399 -4.8087 0.0000
vertex -29.4775 -4.8087 0.0000
vertex -29.3978 -4.2037 0.0000
endloop
endfacet
facet normal -0.991445 -0.130526 0.000000
outer loop
vertex -29.4775 -4.8087 0.0000
vertex -29.3978 -5.4137 0.0000
vertex -29.3978 -5.4137 13.4227
endloop
endfacet
facet normal -0.991445 -0.130526 0.000000
outer loop
vertex -29.4775 -4.8087 0.0000
vertex -29.3978 -5.4137 13.4227
vertex -29.4775 -4.8087 13.4227
endloop
endfacet
facet normal 0.000000 0.000000 1.000000
outer loop
vertex -27.1399 -4.8087 13.4227
vertex -29.4775 -4.8087 13.4227
vertex -29.3978 -5.4137 13.4227
endloop
endfacet
facet normal -0.000000 0.000000 -1.000000
outer loop
vertex -27.1399 -4.8087 0.0000
vertex -29.3978 -5.4137 0.0000
vertex -29.4775 -4.8087 0.0000
endloop
endfacet
facet normal -0.923880 -0.382683 0.000000
outer loop
vertex -29.3978 -5.4137 0.0000
vertex -29.1643 -5.9775 0.0000
vertex -29.1643 -5.9775 13.4227
endloop
endfacet
facet normal -0.923880 -0.382683 0.000000
outer loop
vertex -29.3978 -5.4137 0.0000
vertex -29.1643 -5.9775 13.4227
vertex -29.3978 -5.4137 13.4227
endloop
endfacet
facet normal 0.000000 0.000000 1.000000
outer loop
vertex -27.1399 -4.8087 13.4227
vertex -29.3978 -5.4137 13.4227
vertex -29.1643 -5.9775 13.4227
endloop
endfacet
facet normal 0.000000 0.000000 -1.000000
outer loop
vertex -27.1399 -4.8087 0.0000
vertex -29.1643 -5.9775 0.0000
vertex -29.3978 -5.4137 0.0000
endloop
endfacet
facet normal -0.793353 -0.608761 0.000000
outer loop
vertex -29.1643 -5.9775 0.0000
vertex -28.7928 -6.4616 0.0000
vertex -28.7928 -6.4616 13.4227
endloop
endfacet
facet normal -0.793353 -0.608761 0.000000
outer loop
vertex -29.1643 -5.9775 0.0000
vertex -28.7928 -6.4616 13.4227
vertex -29.1643 -5.9775 13.4227
endloop
endfacet
facet normal 0.000000 0.000000 1.000000
outer loop
vertex -27.1399 -4.8087 13.4227
vertex -29.1643 -5.9775 13.4227
vertex -28.7928 -6.4616 13.4227
endloop
endfacet
facet normal 0.000000 0.000000 -1.000000
outer loop
vertex -27.1399 -4.8087 0.0000
vertex -28.7928 -6.4616 0.0000
vertex -29.1643 -5.9775 0.0000
endloop
endfacet
facet normal -0.608761 -0.793353 0.000000
outer loop
vertex -28.7928 -6.4616 0.0000
vertex -28.3087 -6.8331 0.0000
vertex -28.3087 -6.8331 13.4227
endloop
endfacet
facet normal -0.608761 -0.793353 0.000000
outer loop
vertex -28.7928 -6.4616 0.0000
vertex -28.3087 -6.8331 13.4227
vertex -28.7928 -6.4616 13.4227
endloop
endfacet
facet normal 0.000000 0.000000 1.000000
outer loop
vertex -27.1399 -4.8087 13.4227
vertex -28.7928 -6.4616 13.4227
vertex -28.3087 -6.8331 13.4227
endloop
endfacet
facet normal 0.000000 0.000000 -1.000000
outer loop
vertex -27.1399 -4.8087 0.0000
vertex -28.3087 -6.8331 0.0000
vertex -28.7928 -6.4616 0.0000
endloop
endfacet
facet normal -0.382683 -0.923880 0.000000
outer loop
vertex -28.3087 -6.8331 0.0000
vertex -27.7449 -7.0667 0.0000
vertex -27.7449 -7.0667 13.4227
endloop
endfacet
facet normal -0.382683 -0.923880 0.000000
outer loop
vertex -28.3087 -6.8331 0.0000
vertex -27.7449 -7.0667 13.4227
vertex -28.3087 -6.8331 13.4227
endloop
endfacet
facet normal 0.000000 0.000000 1.000000
outer loop
vertex -27.1399 -4.8087 13.4227
vertex -28.3087 -6.8331 13.4227
vertex -27.7449 -7.0667 13.4227
endloop
endfacet
facet normal 0.000000 0.000000 -1.000000
outer loop
vertex -27.1399 -4.8087 0.0000
vertex -27.7449 -7.0667 0.0000
vertex -28.3087 -6.8331 0.0000
endloop
endfacet
facet normal -0.130526 -0.991445 0.000000
outer loop
vertex -27.7449 -7.0667 0.0000
vertex -27.1399 -7.1463 0.0000
vertex -27.1399 -7.1463 13.4227
endloop
endfacet
facet normal -0.130526 -0.991445 0.000000
outer loop
vertex -27.7449 -7.0667 0.0000
vertex -27.1399 -7.1463 13.4227
vertex -27.7449 -7.0667 13.4227
endloop
endfacet
facet normal 0.000000 0.000000 1.000000
outer loop
vertex -27.1399 -4.8087 13.4227
vertex -27.7449 -7.0667 13.4227
vertex -27.1399 -7.1463 13.4227
endloop
endfacet
facet normal 0.000000 -0.000000 -1.000000
outer loop
vertex -27.1399 -4.8087 0.0000
vertex -27.1399 -7.1463 0.0000
vertex -27.7449 -7.0667 0.0000
endloop
endfacet
facet normal 0.130526 -0.991445 0.000000
outer loop
vertex -27.1399 -7.1463 0.0000
vertex -26.5348 -7.0667 0.0000
vertex -26.5348 -7.0667 13.4227
endloop
endfacet
facet normal 0.130526 -0.991445 0.000000
outer loop
vertex -27.1399 -7.1463 0.0000
vertex -26.5348 -7.0667 13.4227
vertex -27.1399 -7.1463 13.4227
endloop
endfacet
facet normal 0.000000 0.000000 1.000000
outer loop
vertex -27.1399 -4.8087 13.4227
vertex -27.1399 -7.1463 13.4227
vertex -26.5348 -7.0667 13.4227
endloop
endfacet
facet normal 0.000000 0.000000 -1.000000
outer loop
vertex -27.1399 -4.8087 0.0000
vertex -26.5348 -7.0667 0.0000
vertex -27.1399 -7.1463 0.0000
endloop
endfacet
facet normal 0.382683 -0.923880 0.000000
outer loop
vertex -26.5348 -7.0667 0.0000
vertex -25.9710 -6.8331 0.0000
vertex -25.9710 -6.8331 13.4227
endloop
endfacet
facet normal 0.382683 -0.923880 0.000000
outer loop
vertex -26.5348 -7.0667 0.0000
vertex -25.9710 -6.8331 13.4227
vertex -26.5348 -7.0667 13.4227
endloop
endfacet
facet normal 0.000000 0.000000 1.000000
outer loop
vertex -27.1399 -4.8087 13.4227
vertex -26.5348 -7.0667 13.4227
vertex -25.9710 -6.8331 13.4227
endloop
endfacet
facet normal 0.000000 0.000000 -1.000000
outer loop
vertex -27.1399 -4.8087 0.0000
vertex -25.9710 -6.8331 0.0000
vertex -26.5348 -7.0667 0.0000
endloop
endfacet
facet normal 0.608761 -0.793353 0.000000
outer loop
vertex -25.9710 -6.8331 0.0000
vertex -25.4869 -6.4616 0.0000
vertex -25.4869 -6.4616 13.4227
endloop
endfacet
facet normal 0.608761 -0.793353 0.000000
outer loop
vertex -25.9710 -6.8331 0.0000
vertex -25.4869 -6.4616 13.4227
vertex -25.9710 -6.8331 13.4227
endloop
endfacet
facet normal 0.000000 0.000000 1.000000
outer loop
vertex -27.1399 -4.8087 13.4227
vertex -25.9710 -6.8331 13.4227
vertex -25.4869 -6.4616 13.4227
endloop
endfacet
facet normal 0.000000 0.000000 -1.000000
outer loop
vertex -27.1399 -4.8087 0.0000
vertex -25.4869 -6.4616 0.0000
vertex -25.9710 -6.8331 0.0000
endloop
endfacet
facet normal 0.793353 -0.608761 0.000000
outer loop
vertex -25.4869 -6.4616 0.0000
vertex -25.1154 -5.9775 0.0000
vertex -25.1154 -5.9775 13.4227
endloop
endfacet
facet normal 0.793353 -0.608761 0.000000
outer loop
vertex -25.4869 -6.4616 0.0000
vertex -25.1154 -5.9775 13.4227
vertex -25.4869 -6.4616 13.4227
endloop
endfacet
facet normal 0.000000 0.000000 1.000000
outer loop
vertex -27.1399 -4.8087 13.4227
vertex -25.4869 -6.4616 13.4227
vertex -25.1154 -5.9775 13.4227
endloop
endfacet
facet normal 0.000000 0.000000 -1.000000
outer loop
vertex -27.1399 -4.8087 0.0000
vertex -25.1154 -5.9775 0.0000
vertex -25.4869 -6.4616 0.0000
endloop
endfacet
facet normal 0.923880 -0.382683 0.000000
outer loop
vertex -25.1154 -5.9775 0.0000
vertex -24.8819 -5.4137 0.0000
vertex -24.8819 -5.4137 13.4227
endloop
endfacet
facet normal 0.923880 -0.382683 0.000000
outer loop
vertex -25.1154 -5.9775 0.0000
vertex -24.8819 -5.4137 13.4227
vertex -25.1154 -5.9775 13.4227
endloop
endfacet
facet normal 0.000000 0.000000 1.000000
outer loop
vertex -27.1399 -4.8087 13.4227
vertex -25.1154 -5.9775 13.4227
vertex -24.8819 -5.4137 13.4227
endloop
endfacet
facet normal 0.000000 0.000000 -1.000000
outer loop
vertex -27.1399 -4.8087 0.0000
vertex -24.8819 -5.4137 0.0000
vertex -25.1154 -5.9775 0.0000
endloop
endfacet
facet normal 0.991445 -0.130526 0.000000
outer loop
vertex -24.8819 -5.4137 0.0000
vertex -24.8022 -4.8087 0.0000
vertex -24.8022 -4.8087 13.4227
endloop
endfacet
facet normal 0.991445 -0.130526 0.000000
outer loop
vertex -24.8819 -5.4137 0.0000
vertex -24.8022 -4.8087 13.4227
vertex -24.8819 -5.4137 13.4227
endloop
endfacet
facet normal 0.000000 0.000000 1.000000
outer loop
vertex -27.1399 -4.8087 13.4227
vertex -24.8819 -5.4137 13.4227
vertex -24.8022 -4.8087 13.4227
endloop
endfacet
facet normal 0.000000 0.000000 -1.000000
outer loop
vertex -27.1399 -4.8087 0.0000
vertex -24.8022 -4.8087 0.0000
vertex -24.8819 -5.4137 0.0000
endloop
endfacet
facet normal 0.991445 0.130526 0.000000
outer loop
vertex -3.4584 15.6976 0.0000
vertex -3.5429 16.3391 0.0000
vertex -3.5429 16.3391 13.8688
endloop
endfacet
facet normal 0.991445 0.130526 -0.000000
outer loop
vertex -3.4584 15.6976 0.0000
vertex -3.5429 16.3391 13.8688
vertex -3.4584 15.6976 13.8688
endloop
endfacet
facet normal 0.000000 0.000000 1.000000
outer loop
vertex -5.9369 15.6976 13.8688
vertex -3.4584 15.6976 13.8688
vertex -3.5429 16.3391 13.8688
endloop
endfacet
facet normal 0.000000 0.000000 -1.000000
outer loop
vertex -5.9369 15.6976 0.0000
vertex -3.5429 16.3391 0.0000
vertex -3.4584 15.6976 0.0000
endloop
endfacet
facet normal 0.923880 0.382683 0.000000
outer loop
vertex -3.5429 16.3391 0.0000
vertex -3.7905 16.9368 0.0000
vertex -3.7905 16.9368 13.8688
endloop
endfacet
facet normal 0.923880 0.382683 -0.000000
outer loop
vertex -3.5429 16.3391 0.0000
vertex -3.7905 16.9368 13.8688
vertex -3.5429 16.3391 13.8688
endloop
endfacet
facet normal 0.000000 0.000000 1.000000
outer loop
vertex -5.9369 15.6976 13.8688
vertex -3.5429 16.3391 13.8688
vertex -3.7905 16.9368 13.8688
endloop
endfacet
facet normal 0.000000 0.000000 -1.000000
outer loop
vertex -5.9369 15.6976 0.0000
vertex -3.7905 16.9368 0.0000
vertex -3.5429 16.3391 0.0000
endloop
endfacet
facet normal 0.793353 0.608761 0.000000
outer loop
vertex -3.7905 16.9368 0.0000
vertex -4.1844 17.4502 0.0000
vertex -4.1844 17.4502 13.8688
endloop
endfacet
facet normal 0.793353 0.608761 -0.000000
outer loop
vertex -3.7905 16.9368 0.0000
vertex -4.1844 17.4502 13.8688
vertex -3.7905 16.9368 13.8688
endloop
endfacet
facet normal 0.000000 0.000000 1.000000
outer loop
vertex -5.9369 15.6976 13.8688
vertex -3.7905 16.9368 13.8688
vertex -4.1844 17.4502 13.8688
endloop
endfacet
facet normal 0.000000 0.000000 -1.000000
outer loop
vertex -5.9369 15.6976 0.0000
vertex -4.1844 17.4502 0.0000
vertex -3.7905 16.9368 0.0000
endloop
endfacet
facet normal 0.608761 0.793353 0.000000
outer loop
vertex -4.1844 17.4502 0.0000
vertex -4.6977 17.8440 0.0000
vertex -4.6977 17.8440 13.8688
endloop
endfacet
facet normal 0.608761 0.793353 -0.000000
outer loop
vertex -4.1844 17.4502 0.0000
vertex -4.6977 17.8440 13.8688
vertex -4.1844 17.4502 13.8688
endloop
endfacet
facet normal 0.000000 0.000000 1.000000
outer loop
vertex -5.9369 15.6976 13.8688
vertex -4.1844 17.4502 13.8688
vertex -4.6977 17.8440 13.8688
endloop
endfacet
facet normal 0.000000 0.000000 -1.000000
outer loop
vertex -5.9369 15.6976 0.0000
vertex -4.6977 17.8440 0.0000
vertex -4.1844 17.4502 0.0000
endloop
endfacet
facet normal 0.382683 0.923880 0.000000
outer loop
vertex -4.6977 17.8440 0.0000
vertex -5.2954 18.0916 0.0000
vertex -5.2954 18.0916 13.8688
endloop
endfacet
facet normal 0.382683 0.923880 -0.000000
outer loop
vertex -4.6977 17.8440 0.0000
vertex -5.2954 18.0916 13.8688
vertex -4.6977 17.8440 13.8688
endloop
endfacet
facet normal 0.000000 0.000000 1.000000
outer loop
vertex -5.9369 15.6976 13.8688
vertex -4.6977 17.8440 13.8688
vertex -5.2954 18.0916 13.8688
endloop
endfacet
facet normal 0.000000 0.000000 -1.000000
outer loop
vertex -5.9369 15.6976 0.0000
vertex -5.2954 18.0916 0.0000
vertex -4.6977 17.8440 0.0000
endloop
endfacet
facet normal 0.130526 0.991445 0.000000
outer loop
vertex -5.2954 18.0916 0.0000
vertex -5.9369 18.1761 0.0000
vertex -5.9369 18.1761 13.8688
endloop
endfacet
facet normal 0.130526 0.991445 -0.000000
outer loop
vertex -5.2954 18.0916 0.0000
vertex -5.9369 18.1761 13.8688
vertex -5.2954 18.0916 13.8688
endloop
endfacet
facet normal 0.000000 0.000000 1.000000
outer loop
vertex -5.9369 15.6976 13.8688
vertex -5.2954 18.0916 13.8688
vertex -5.9369 18.1761 13.8688
endloop
endfacet
facet normal 0.000000 0.000000 -1.000000
outer loop
vertex -5.9369 15.6976 0.0000
vertex -5.9369 18.1761 0.0000
vertex -5.2954 18.0916 0.0000
endloop
endfacet
facet normal -0.130526 0.991445 0.000000
outer loop
vertex -5.9369 18.1761 0.0000
vertex -6.5784 18.0916 0.0000
vertex -6.5784 18.0916 13.8688
endloop
endfacet
facet normal -0.130526 0.991445 0.000000
outer loop
vertex -5.9369 18.1761 0.0000
vertex -6.5784 18.0916 13.8688
vertex -5.9369 18.1761 13.8688
endloop
endfacet
facet normal 0.000000 -0.000000 1.000000
outer loop
vertex -5.9369 15.6976 13.8688
vertex -5.9369 18.1761 13.8688
vertex -6.5784 18.0916 13.8688
endloop
endfacet
facet normal 0.000000 0.000000 -1.000000
outer loop
vertex -5.9369 15.6976 0.0000
vertex -6.5784 18.0916 0.0000
vertex -5.9369 18.1761 0.0000
endloop
endfacet
facet normal -0.382683 0.923880 0.000000
outer loop
vertex -6.5784 18.0916 0.0000
vertex -7.1762 17.8440 0.0000
vertex -7.1762 17.8440 13.8688
endloop
endfacet
facet normal -0.382683 0.923880 0.000000
outer loop
vertex -6.5784 18.0916 0.0000
vertex -7.1762 17.8440 13.8688
vertex -6.5784 18.0916 13.8688
endloop
endfacet
facet normal 0.000000 0.000000 1.000000
outer loop
vertex -5.9369 15.6976 13.8688
vertex -6.5784 18.0916 13.8688
vertex -7.1762 17.8440 13.8688
endloop
endfacet
facet normal 0.000000 0.000000 -1.000000
outer loop
vertex -5.9369 15.6976 0.0000
vertex -7.1762 17.8440 0.0000
vertex -6.5784 18.0916 0.0000
endloop
endfacet
facet normal -0.608761 0.793353 0.000000
outer loop
vertex -7.1762 17.8440 0.0000
vertex -7.6895 17.4502 0.0000
vertex -7.6895 17.4502 13.8688
endloop
endfacet
facet normal -0.608761 0.793353 0.000000
outer loop
vertex -7.1762 17.8440 0.0000
vertex -7.6895 17.4502 13.8688
vertex -7.1762 17.8440 13.8688
endloop
endfacet
facet normal 0.000000 0.000000 1.000000
outer loop
vertex -5.9369 15.6976 13.8688
vertex -7.1762 17.8440 13.8688
vertex -7.6895 17.4502 13.8688
endloop
endfacet
facet normal 0.000000 0.000000 -1.000000
outer loop
vertex -5.9369 15.6976 0.0000
vertex -7.6895 17.4502 0.0000
vertex -7.1762 17.8440 0.0000
endloop
endfacet
facet normal -0.793353 0.608761 0.000000
outer loop
vertex -7.6895 17.4502 0.0000
vertex -8.0834 16.9368 0.0000
vertex -8.0834 16.9368 13.8688
endloop
endfacet
facet normal -0.793353 0.608761 0.000000
outer loop
vertex -7.6895 17.4502 0.0000
vertex -8.0834 16.9368 13.8688
vertex -7.6895 17.4502 13.8688
endloop
endfacet
facet normal 0.000000 0.000000 1.000000
outer loop
vertex -5.9369 15.6976 13.8688
vertex -7.6895 17.4502 13.8688
vertex -8.0834 16.9368 13.8688
endloop
endfacet
facet normal 0.000000 0.000000 -1.000000
outer loop
vertex -5.9369 15.6976 0.0000
vertex -8.0834 16.9368 0.0000
vertex -7.6895 17.4502 0.0000
endloop
endfacet
facet normal -0.923880 0.382683 0.000000
outer loop
vertex -8.0834 16.9368 0.0000
vertex -8.3310 16.3391 0.0000
vertex -8.3310 16.3391 13.8688
endloop
endfacet
facet normal -0.923880 0.382683 0.000000
outer loop
vertex -8.0834 16.9368 0.0000
vertex -8.3310 16.3391 13.8688
vertex -8.0834 16.9368 13.8688
endloop
endfacet
facet normal 0.000000 0.000000 1.000000
outer loop
vertex -5.9369 15.6976 13.8688
vertex -8.0834 16.9368 13.8688
vertex -8.3310 16.3391 13.8688
endloop
endfacet
facet normal 0.000000 0.000000 -1.000000
outer loop
vertex -5.9369 15.6976 0.0000
vertex -8.3310 16.3391 0.0000
vertex -8.0834 16.9368 0.0000
endloop
endfacet
facet normal -0.991445 0.130526 0.000000
outer loop
vertex -8.3310 16.3391 0.0000
vertex -8.4154 15.6976 0.0000
vertex -8.4154 15.6976 13.8688
endloop
endfacet
facet normal -0.991445 0.130526 0.000000
outer loop
vertex -8.3310 16.3391 0.0000
vertex -8.4154 15.6976 13.8688
vertex -8.3310 16.3391 13.8688
endloop
endfacet
facet normal 0.000000 0.000000 1.000000
outer loop
vertex -5.9369 15.6976 13.8688
vertex -8.3310 16.3391 13.8688
vertex -8.4154 15.6976 13.8688
endloop
endfacet
facet normal 0.000000 0.000000 -1.000000
outer loop
vertex -5.9369 15.6976 0.0000
vertex -8.4154 15.6976 0.0000
vertex -8.3310 16.3391 0.0000
endloop
endfacet
facet normal -0.991445 -0.130526 0.000000
outer loop
vertex -8.4154 15.6976 0.0000
vertex -8.3310 15.0561 0.0000
vertex -8.3310 15.0561 13.8688
endloop
endfacet
facet normal -0.991445 -0.130526 0.000000
outer loop
vertex -8.4154 15.6976 0.0000
vertex -8.3310 15.0561 13.8688
vertex -8.4154 15.6976 13.8688
endloop
endfacet
facet normal 0.000000 0.000000 1.000000
outer loop
vertex -5.9369 15.6976 13.8688
vertex -8.4154 15.6976 13.8688
vertex -8.3310 15.0561 13.8688
endloop
endfacet
facet normal -0.000000 0.000000 -1.000000
outer loop
vertex -5.9369 15.6976 0.0000
vertex -8.3310 15.0561 0.0000
vertex -8.4154 15.6976 0.0000
endloop
endfacet
facet normal -0.923880 -0.382683 0.000000
outer loop
vertex -8.3310 15.0561 0.0000
vertex -8.0834 14.4583 0.0000
vertex -8.0834 14.4583 13.8688
endloop
endfacet
facet normal -0.923880 -0.382683 0.000000
outer loop
vertex -8.3310 15.0561 0.0000
vertex -8.0834 14.4583 13.8688
vertex -8.3310 15.0561 13.8688
endloop
endfacet
facet normal 0.000000 0.000000 1.000000
outer loop
vertex -5.9369 15.6976 13.8688
vertex -8.3310 15.0561 13.8688
vertex -8.0834 14.4583 13.8688
endloop
endfacet
facet normal 0.000000 0.000000 -1.000000
outer loop
vertex -5.9369 15.6976 0.0000
vertex -8.0834 14.4583 0.0000
vertex -8.3310 15.0561 0.0000
endloop
endfacet
facet normal -0.793353 -0.608761 0.000000
outer loop
vertex -8.0834 14.4583 0.0000
vertex -7.6895 13.9450 0.0000
vertex -7.6895 13.9450 13.8688
endloop
endfacet
facet normal -0.793353 -0.608761 0.000000
outer loop
vertex -8.0834 14.4583 0.0000
vertex -7.6895 13.9450 13.8688
vertex -8.0834 14.4583 13.8688
endloop
endfacet
facet normal 0.000000 0.000000 1.000000
outer loop
vertex -5.9369 15.6976 13.8688
vertex -8.0834 14.4583 13.8688
vertex -7.6895 13.9450 13.8688
endloop
endfacet
facet normal 0.000000 0.000000 -1.000000
outer loop
vertex -5.9369 15.6976 0.0000
vertex -7.6895 13.9450 0.0000
vertex -8.0834 14.4583 0.0000
endloop
endfacet
facet normal -0.608761 -0.793353 0.000000
outer loop
vertex -7.6895 13.9450 0.0000
vertex -7.1762 13.5511 0.0000
vertex -7.1762 13.5511 13.8688
endloop
endfacet
facet normal -0.608761 -0.793353 0.000000
outer loop
vertex -7.6895 13.9450 0.0000
vertex -7.1762 13.5511 13.8688
vertex -7.6895 13.9450 13.8688
endloop
endfacet
facet normal 0.000000 0.000000 1.000000
outer loop
vertex -5.9369 15.6976 13.8688
vertex -7.6895 13.9450 13.8688
vertex -7.1762 13.5511 13.8688
endloop
endfacet
facet normal 0.000000 0.000000 -1.000000
outer loop
vertex -5.9369 15.6976 0.0000
vertex -7.1762 13.5511 0.0000
vertex -7.6895 13.9450 0.0000
endloop
endfacet
facet normal -0.382683 -0.923880 0.000000
outer loop
vertex -7.1762 13.5511 0.0000
vertex -6.5784 13.3035 0.0000
vertex -6.5784 13.3035 13.8688
endloop
endfacet
facet normal -0.382683 -0.923880 0.000000
outer loop
vertex -7.1762 13.5511 0.0000
vertex -6.5784 13.3035 13.8688
vertex -7.1762 13.5511 13.8688
endloop
endfacet
facet normal 0.000000 0.000000 1.000000
outer loop
vertex -5.9369 15.6976 13.8688
vertex -7.1762 13.5511 13.8688
vertex -6.5784 13.3035 13.8688
endloop
endfacet
facet normal 0.000000 0.000000 -1.000000
outer loop
vertex -5.9369 15.6976 0.0000
vertex -6.5784 13.3035 0.0000
vertex -7.1762 13.5511 0.0000
endloop
endfacet
facet normal -0.130526 -0.991445 0.000000
outer loop
vertex -6.5784 13.3035 0.0000
vertex -5.9369 13.2191 0.0000
vertex -5.9369 13.2191 13.8688
endloop
endfacet
facet normal -0.130526 -0.991445 0.000000
outer loop
vertex -6.5784 13.3035 0.0000
vertex -5.9369 13.2191 13.8688
vertex -6.5784 13.3035 13.8688
endloop
endfacet
facet normal 0.000000 0.000000 1.000000
outer loop
vertex -5.9369 15.6976 13.8688
vertex -6.5784 13.3035 13.8688
vertex -5.9369 13.2191 13.8688
endloop
endfacet
facet normal 0.000000 0.000000 -1.000000
outer loop
vertex -5.9369 15.6976 0.0000
vertex -5.9369 13.2191 0.0000
vertex -6.5784 13.3035 0.0000
endloop
endfacet
facet normal 0.130526 -0.991445 0.000000
outer loop
vertex -5.9369 13.2191 0.0000
vertex -5.2954 13.3035 0.0000
vertex -5.2954 13.3035 13.8688
endloop
endfacet
facet normal 0.130526 -0.991445 0.000000
outer loop
vertex -5.9369 13.2191 0.0000
vertex -5.2954 13.3035 13.8688
vertex -5.9369 13.2191 13.8688
endloop
endfacet
facet normal 0.000000 0.000000 1.000000
outer loop
vertex -5.9369 15.6976 13.8688
vertex -5.9369 13.2191 13.8688
vertex -5.2954 13.3035 13.8688
endloop
endfacet
facet normal 0.000000 -0.000000 -1.000000
outer loop
vertex -5.9369 15.6976 0.0000
vertex -5.2954 13.3035 0.0000
vertex -5.9369 13.2191 0.0000
endloop
endfacet
facet normal 0.382683 -0.923880 0.000000
outer loop
vertex -5.2954 13.3035 0.0000
vertex -4.6977 13.5511 0.0000
vertex -4.6977 13.5511 13.8688
endloop
endfacet
facet normal 0.382683 -0.923880 0.000000
outer loop
vertex -5.2954 13.3035 0.0000
vertex -4.6977 13.5511 13.8688
vertex -5.2954 13.3035 13.8688
endloop
endfacet
facet normal 0.000000 0.000000 1.000000
outer loop
vertex -5.9369 15.6976 13.8688
vertex -5.2954 13.3035 13.8688
vertex -4.6977 13.5511 13.8688
endloop
endfacet
facet normal 0.000000 0.000000 -1.000000
outer loop
vertex -5.9369 15.6976 0.0000
vertex -4.6977 13.5511 0.0000
vertex -5.2954 13.3035 0.0000
endloop
endfacet
facet normal 0.608761 -0.793353 0.000000
outer loop
vertex -4.6977 13.5511 0.0000
vertex -4.1844 13.9450 0.0000
vertex -4.1844 13.9450 13.8688
endloop
endfacet
facet normal 0.608761 -0.793353 0.000000
outer loop
vertex -4.6977 13.5511 0.0000
vertex -4.1844 13.9450 13.8688
vertex -4.6977 13.5511 13.8688
endloop
endfacet
facet normal 0.000000 0.000000 1.000000
outer loop
vertex -5.9369 15.6976 13.8688
vertex -4.6977 13.5511 13.8688
vertex -4.1844 13.9450 13.8688
endloop
endfacet
facet normal 0.000000 0.000000 -1.000000
outer loop
vertex -5.9369 15.6976 0.0000
vertex -4.1844 13.9450 0.0000
vertex -4.6977 13.5511 0.0000
endloop
endfacet
facet normal 0.793353 -0.608761 0.000000
outer loop
vertex -4.1844 13.9450 0.0000
vertex -3.7905 14.4583 0.0000
vertex -3.7905 14.4583 13.8688
endloop
endfacet
facet normal 0.793353 -0.608761 0.000000
outer loop
vertex -4.1844 13.9450 0.0000
vertex -3.7905 14.4583 13.8688
vertex -4.1844 13.9450 13.8688
endloop
endfacet
facet normal 0.000000 0.000000 1.000000
outer loop
vertex -5.9369 15.6976 13.8688
vertex -4.1844 13.9450 13.8688
vertex -3.7905 14.4583 13.8688
endloop
endfacet
facet normal 0.000000 0.000000 -1.000000
outer loop
vertex -5.9369 15.6976 0.0000
vertex -3.7905 14.4583 0.0000
vertex -4.1844 13.9450 0.0000
endloop
endfacet
facet normal 0.923880 -0.382683 0.000000
outer loop
vertex -3.7905 14.4583 0.0000
vertex -3.5429 15.0561 0.0000
vertex -3.5429 15.0561 13.8688
endloop
endfacet
facet normal 0.923880 -0.382683 0.000000
outer loop
vertex -3.7905 14.4583 0.0000
vertex -3.5429 15.0561 13.8688
vertex -3.7905 14.4583 13.8688
endloop
endfacet
facet normal 0.000000 0.000000 1.000000
outer loop
vertex -5.9369 15.6976 13.8688
vertex -3.7905 14.4583 13.8688
vertex -3.5429 15.0561 13.8688
endloop
endfacet
facet normal 0.000000 0.000000 -1.000000
outer loop
vertex -5.9369 15.6976 0.0000
vertex -3.5429 15.0561 0.0000
vertex -3.7905 14.4583 0.0000
endloop
endfacet
facet normal 0.991445 -0.130526 0.000000
outer loop
vertex -3.5429 15.0561 0.0000
vertex -3.4584 15.6976 0.0000
vertex -3.4584 15.6976 13.8688
endloop
endfacet
facet normal 0.991445 -0.130526 0.000000
outer loop
vertex -3.5429 15.0561 0.0000
vertex -3.4584 15.6976 13.8688
vertex -3.5429 15.0561 13.8688
endloop
endfacet
facet normal -0.000000 0.000000 1.000000
outer loop
vertex -5.9369 15.6976 13.8688
vertex -3.5429 15.0561 13.8688
vertex -3.4584 15.6976 13.8688
endloop
endfacet
facet normal 0.000000 0.000000 -1.000000
outer loop
vertex -5.9369 15.6976 0.0000
vertex -3.4584 15.6976 0.0000
vertex -3.5429 15.0561 0.0000
endloop
endfacet
facet normal 0.991445 0.130526 0.000000
outer loop
vertex 14.7544 6.1136 0.0000
vertex 14.6861 6.6319 0.0000
vertex 14.6861 6.6319 11.3653
endloop
endfacet
facet normal 0.991445 0.130526 -0.000000
outer loop
vertex 14.7544 6.1136 0.0000
vertex 14.6861 6.6319 11.3653
vertex 14.7544 6.1136 11.3653
endloop
endfacet
facet normal 0.000000 0.000000 1.000000
outer loop
vertex 12.7517 6.1136 11.3653
vertex 14.7544 6.1136 11.3653
vertex 14.6861 6.6319 11.3653
endloop
endfacet
facet normal 0.000000 0.000000 -1.000000
outer loop
vertex 12.7517 6.1136 0.0000
vertex 14.6861 6.6319 0.0000
vertex 14.7544 6.1136 0.0000
endloop
endfacet
facet normal 0.923880 0.382683 0.000000
outer loop
vertex 14.6861 6.6319 0.0000
vertex 14.4860 7.1150 0.0000
vertex 14.4860 7.1150 11.3653
endloop
endfacet
facet normal 0.923880 0.382683 -0.000000
outer loop
vertex 14.6861 6.6319 0.0000
vertex 14.4860 7.1150 11.3653
vertex 14.6861 6.6319 11.3653
endloop
endfacet
facet normal 0.000000 0.000000 1.000000
outer loop
vertex 12.7517 6.1136 11.3653
vertex 14.6861 6.6319 11.3653
vertex 14.4860 7.1150 11.3653
endloop
endfacet
facet normal 0.000000 0.000000 -1.000000
outer loop
vertex 12.7517 6.1136 0.0000
vertex 14.4860 7.1150 0.0000
vertex 14.6861 6.6319 0.0000
endloop
endfacet
facet normal 0.793353 0.608761 0.000000
outer loop
vertex 14.4860 7.1150 0.0000
vertex 14.1678 7.5297 0.0000
vertex 14.1678 7.5297 11.3653
endloop
endfacet
facet normal 0.793353 0.608761 -0.000000
outer loop
vertex 14.4860 7.1150 0.0000
vertex 14.1678 7.5297 11.3653
vertex 14.4860 7.1150 11.3653
endloop
endfacet
facet normal 0.000000 0.000000 1.000000
outer loop
vertex 12.7517 6.1136 11.3653
vertex 14.4860 7.1150 11.3653
vertex 14.1678 7.5297 11.3653
endloop
endfacet
facet normal 0.000000 0.000000 -1.000000
outer loop
vertex 12.7517 6.1136 0.0000
vertex 14.1678 7.5297 0.0000
vertex 14.4860 7.1150 0.0000
endloop
endfacet
facet normal 0.608761 0.793353 0.000000
outer loop
vertex 14.1678 7.5297 0.0000
vertex 13.7530 7.8480 0.0000
vertex 13.7530 7.8480 11.3653
endloop
endfacet
facet normal 0.608761 0.793353 -0.000000
outer loop
vertex 14.1678 7.5297 0.0000
vertex 13.7530 7.8480 11.3653
vertex 14.1678 7.5297 11.3653
endloop
endfacet
facet normal 0.000000 0.000000 1.000000
outer loop
vertex 12.7517 6.1136 11.3653
vertex 14.1678 7.5297 11.3653
vertex 13.7530 7.8480 11.3653
endloop
endfacet
facet normal 0.000000 0.000000 -1.000000
outer loop
vertex 12.7517 6.1136 0.0000
vertex 13.7530 7.8480 0.0000
vertex 14.1678 7.5297 0.0000
endloop
endfacet
facet normal 0.382683 0.923880 0.000000
outer loop
vertex 13.7530 7.8480 0.0000
vertex 13.2700 8.0481 0.0000
vertex 13.2700 8.0481 11.3653
endloop
endfacet
facet normal 0.382683 0.923880 -0.000000
outer loop
vertex 13.7530 7.8480 0.0000
vertex 13.2700 8.0481 11.3653
vertex 13.7530 7.8480 11.3653
endloop
endfacet
facet normal 0.000000 0.000000 1.000000
outer loop
vertex 12.7517 6.1136 11.3653
vertex 13.7530 7.8480 11.3653
vertex 13.2700 8.0481 11.3653
endloop
endfacet
facet normal 0.000000 0.000000 -1.000000
outer loop
vertex 12.7517 6.1136 0.0000
vertex 13.2700 8.0481 0.0000
vertex 13.7530 7.8480 0.0000
endloop
endfacet
facet normal 0.130526 0.991445 0.000000
outer loop
vertex 13.2700 8.0481 0.0000
vertex 12.7517 8.1163 0.0000
vertex 12.7517 8.1163 11.3653
endloop
endfacet
facet normal 0.130526 0.991445 -0.000000
outer loop
vertex 13.2700 8.0481 0.0000
vertex 12.7517 8.1163 11.3653
vertex 13.2700 8.0481 11.3653
endloop
endfacet
facet normal 0.000000 0.000000 1.000000
outer loop
vertex 12.7517 6.1136 11.3653
vertex 13.2700 8.0481 11.3653
vertex 12.7517 8.1163 11.3653
endloop
endfacet
facet normal 0.000000 0.000000 -1.000000
outer loop
vertex 12.7517 6.1136 0.0000
vertex 12.7517 8.1163 0.0000
vertex 13.2700 8.0481 0.0000
endloop
endfacet
facet normal -0.130526 0.991445 0.000000
outer loop
vertex 12.7517 8.1163 0.0000
vertex 12.2333 8.0481 0.0000
vertex 12.2333 8.0481 11.3653
endloop
endfacet
facet normal -0.130526 0.991445 0.000000
outer loop
vertex 12.7517 8.1163 0.0000
vertex 12.2333 8.0481 11.3653
vertex 12.7517 8.1163 11.3653
endloop
endfacet
facet normal 0.000000 -0.000000 1.000000
outer loop
vertex 12.7517 6.1136 11.3653
vertex 12.7517 8.1163 11.3653
vertex 12.2333 8.0481 11.3653
endloop
endfacet
facet normal 0.000000 0.000000 -1.000000
outer loop
vertex 12.7517 6.1136 0.0000
vertex 12.2333 8.0481 0.0000
vertex 12.7517 8.1163 0.0000
endloop
endfacet
facet normal -0.382683 0.923880 0.000000
outer loop
vertex 12.2333 8.0481 0.0000
vertex 11.7503 7.8480 0.0000
vertex 11.7503 7.8480 11.3653
endloop
endfacet
facet normal -0.382683 0.923880 0.000000
outer loop
vertex 12.2333 8.0481 0.0000
vertex 11.7503 7.8480 11.3653
vertex 12.2333 8.0481 11.3653
endloop
endfacet
facet normal 0.000000 0.000000 1.000000
outer loop
vertex 12.7517 6.1136 11.3653
vertex 12.2333 8.0481 11.3653
vertex 11.7503 7.8480 11.3653
endloop
endfacet
facet normal 0.000000 0.000000 -1.000000
outer loop
vertex 12.7517 6.1136 0.0000
vertex 11.7503 7.8480 0.0000
vertex 12.2333 8.0481 0.0000
endloop
endfacet
facet normal -0.608761 0.793353 0.000000
outer loop
vertex 11.7503 7.8480 0.0000
vertex 11.3355 7.5297 0.0000
vertex 11.3355 7.5297 11.3653
endloop
endfacet
facet normal -0.608761 0.793353 0.000000
outer loop
vertex 11.7503 7.8480 0.0000
vertex 11.3355 7.5297 11.3653
vertex 11.7503 7.8480 11.3653
endloop
endfacet
facet normal 0.000000 0.000000 1.000000
outer loop
vertex 12.7517 6.1136 11.3653
vertex 11.7503 7.8480 11.3653
vertex 11.3355 7.5297 11.3653
endloop
endfacet
facet normal 0.000000 0.000000 -1.000000
outer loop
vertex 12.7517 6.1136 0.0000
vertex 11.3355 7.5297 0.0000
vertex 11.7503 7.8480 0.0000
endloop
endfacet
facet normal -0.793353 0.608761 0.000000
outer loop
vertex 11.3355 7.5297 0.0000
vertex 11.0173 7.1150 0.0000
vertex 11.0173 7.1150 11.3653
endloop
endfacet
facet normal -0.793353 0.608761 0.000000
outer loop
vertex 11.3355 7.5297 0.0000
vertex 11.0173 7.1150 11.3653
vertex 11.3355 7.5297 11.3653
endloop
endfacet
facet normal 0.000000 0.000000 1.000000
outer loop
vertex 12.7517 6.1136 11.3653
vertex 11.3355 7.5297 11.3653
vertex 11.0173 7.1150 11.3653
endloop
endfacet
facet normal 0.000000 0.000000 -1.000000
outer loop
vertex 12.7517 6.1136 0.0000
vertex 11.0173 7.1150 0.0000
vertex 11.3355 7.5297 0.0000
endloop
endfacet
facet normal -0.923880 0.382683 0.000000
outer loop
vertex 11.0173 7.1150 0.0000
vertex 10.8172 6.6319 0.0000
vertex 10.8172 6.6319 11.3653
endloop
endfacet
facet normal -0.923880 0.382683 0.000000
outer loop
vertex 11.0173 7.1150 0.0000
vertex 10.8172 6.6319 11.3653
vertex 11.0173 7.1150 11.3653
endloop
endfacet
facet normal 0.000000 0.000000 1.000000
outer loop
vertex 12.7517 6.1136 11.3653
vertex 11.0173 7.1150 11.3653
vertex 10.8172 6.6319 11.3653
endloop
endfacet
facet normal 0.000000 0.000000 -1.000000
outer loop
vertex 12.7517 6.1136 0.0000
vertex 10.8172 6.6319 0.0000
vertex 11.0173 7.1150 0.0000
endloop
endfacet
facet normal -0.991445 0.130526 0.000000
outer loop
vertex 10.8172 6.6319 0.0000
vertex 10.7490 6.1136 0.0000
vertex 10.7490 6.1136 11.3653
endloop
endfacet
facet normal -0.991445 0.130526 0.000000
outer loop
vertex 10.8172 6.6319 0.0000
vertex 10.7490 6.1136 11.3653
vertex 10.8172 6.6319 11.3653
endloop
endfacet
facet normal 0.000000 0.000000 1.000000
outer loop
vertex 12.7517 6.1136 11.3653
vertex 10.8172 6.6319 11.3653
vertex 10.7490 6.1136 11.3653
endloop
endfacet
facet normal 0.000000 0.000000 -1.000000
outer loop
vertex 12.7517 6.1136 0.0000
vertex 10.7490 6.1136 0.0000
vertex 10.8172 6.6319 0.0000
endloop
endfacet
facet normal -0.991445 -0.130526 0.000000
outer loop
vertex 10.7490 6.1136 0.0000
vertex 10.8172 5.5953 0.0000
vertex 10.8172 5.5953 11.3653
endloop
endfacet
facet normal -0.991445 -0.130526 0.000000
outer loop
vertex 10.7490 6.1136 0.0000
vertex 10.8172 5.5953 11.3653
vertex 10.7490 6.1136 11.3653
endloop
endfacet
facet normal 0.000000 0.000000 1.000000
outer loop
vertex 12.7517 6.1136 11.3653
vertex 10.7490 6.1136 11.3653
vertex 10.8172 5.5953 11.3653
endloop
endfacet
facet normal -0.000000 0.000000 -1.000000
outer loop
vertex 12.7517 6.1136 0.0000
vertex 10.8172 5.5953 0.0000
vertex 10.7490 6.1136 0.0000
endloop
endfacet
facet normal -0.923880 -0.382683 0.000000
outer loop
vertex 10.8172 5.5953 0.0000
vertex 11.0173 5.1123 0.0000
vertex 11.0173 5.1123 11.3653
endloop
endfacet
facet normal -0.923880 -0.382683 0.000000
outer loop
vertex 10.8172 5.5953 0.0000
vertex 11.0173 5.1123 11.3653
vertex 10.8172 5.5953 11.3653
endloop
endfacet
facet normal 0.000000 0.000000 1.000000
outer loop
vertex 12.7517 6.1136 11.3653
vertex 10.8172 5.5953 11.3653
vertex 11.0173 5.1123 11.3653
endloop
endfacet
facet normal 0.000000 0.000000 -1.000000
outer loop
vertex 12.7517 6.1136 0.0000
vertex 11.0173 5.1123 0.0000
vertex 10.8172 5.5953 0.0000
endloop
endfacet
facet normal -0.793353 -0.608761 0.000000
outer loop
vertex 11.0173 5.1123 0.0000
vertex 11.3355 4.6975 0.0000
vertex 11.3355 4.6975 11.3653
endloop
endfacet
facet normal -0.793353 -0.608761 0.000000
outer loop
vertex 11.0173 5.1123 0.0000
vertex 11.3355 4.6975 11.3653
vertex 11.0173 5.1123 11.3653
endloop
endfacet
facet normal 0.000000 0.000000 1.000000
outer loop
vertex 12.7517 6.1136 11.3653
vertex 11.0173 5.1123 11.3653
vertex 11.3355 4.6975 11.3653
endloop
endfacet
facet normal 0.000000 0.000000 -1.000000
outer loop
vertex 12.7517 6.1136 0.0000
vertex 11.3355 4.6975 0.0000
vertex 11.0173 5.1123 0.0000
endloop
endfacet
facet normal -0.608761 -0.793353 0.000000
outer loop
vertex 11.3355 4.6975 0.0000
vertex 11.7503 4.3792 0.0000
vertex 11.7503 4.3792 11.3653
endloop
endfacet
facet normal -0.608761 -0.793353 0.000000
outer loop
vertex 11.3355 4.6975 0.0000
vertex 11.7503 4.3792 11.3653
vertex 11.3355 4.6975 11.3653
endloop
endfacet
facet normal 0.000000 0.000000 1.000000
outer loop
vertex 12.7517 6.1136 11.3653
vertex 11.3355 4.6975 11.3653
vertex 11.7503 4.3792 11.3653
endloop
endfacet
facet normal 0.000000 0.000000 -1.000000
outer loop
vertex 12.7517 6.1136 0.0000
vertex 11.7503 4.3792 0.0000
vertex 11.3355 4.6975 0.0000
endloop
endfacet
facet normal -0.382683 -0.923880 0.000000
outer loop
vertex 11.7503 4.3792 0.0000
vertex 12.2333 4.1791 0.0000
vertex 12.2333 4.1791 11.3653
endloop
endfacet
facet normal -0.382683 -0.923880 0.000000
outer loop
vertex 11.7503 4.3792 0.0000
vertex 12.2333 4.1791 11.3653
vertex 11.7503 4.3792 11.3653
endloop
endfacet
facet normal 0.000000 0.000000 1.000000
outer loop
vertex 12.7517 6.1136 11.3653
vertex 11.7503 4.3792 11.3653
vertex 12.2333 4.1791 11.3653
endloop
endfacet
facet normal 0.000000 0.000000 -1.000000
outer loop
vertex 12.7517 6.1136 0.0000
vertex 12.2333 4.1791 0.0000
vertex 11.7503 4.3792 0.0000
endloop
endfacet
facet normal -0.130526 -0.991445 0.000000
outer loop
vertex 12.2333 4.1791 0.0000
vertex 12.7517 4.1109 0.0000
vertex 12.7517 4.1109 11.3653
endloop
endfacet
facet normal -0.130526 -0.991445 0.000000
outer loop
vertex 12.2333 4.1791 0.0000
vertex 12.7517 4.1109 11.3653
vertex 12.2333 4.1791 11.3653
endloop
endfacet
facet normal 0.000000 0.000000 1.000000
outer loop
vertex 12.7517 6.1136 11.3653
vertex 12.2333 4.1791 11.3653
vertex 12.7517 4.1109 11.3653
endloop
endfacet
facet normal 0.000000 -0.000000 -1.000000
outer loop
vertex 12.7517 6.1136 0.0000
vertex 12.7517 4.1109 0.0000
vertex 12.2333 4.1791 0.0000
endloop
endfacet
facet normal 0.130526 -0.991445 0.000000
outer loop
vertex 12.7517 4.1109 0.0000
vertex 13.2700 4.1791 0.0000
vertex 13.2700 4.1791 11.3653
endloop
endfacet
facet normal 0.130526 -0.991445 0.000000
outer loop
vertex 12.7517 4.1109 0.0000
vertex 13.2700 4.1791 11.3653
vertex 12.7517 4.1109 11.3653
endloop
endfacet
facet normal 0.000000 0.000000 1.000000
outer loop
vertex 12.7517 6.1136 11.3653
vertex 12.7517 4.1109 11.3653
vertex 13.2700 4.1791 11.3653
endloop
endfacet
facet normal 0.000000 0.000000 -1.000000
outer loop
vertex 12.7517 6.1136 0.0000
vertex 13.2700 4.1791 0.0000
vertex 12.7517 4.1109 0.0000
endloop
endfacet
facet normal 0.382683 -0.923880 0.000000
outer loop
vertex 13.2700 4.1791 0.0000
vertex 13.7530 4.3792 0.0000
vertex 13.7530 4.3792 11.3653
endloop
endfacet
facet normal 0.382683 -0.923880 0.000000
outer loop
vertex 13.2700 4.1791 0.0000
vertex 13.7530 4.3792 11.3653
vertex 13.2700 4.1791 11.3653
endloop
endfacet
facet normal 0.000000 0.000000 1.000000
outer loop
vertex 12.7517 6.1136 11.3653
vertex 13.2700 4.1791 11.3653
vertex 13.7530 4.3792 11.3653
endloop
endfacet
facet normal 0.000000 0.000000 -1.000000
outer loop
vertex 12.7517 6.1136 0.0000
vertex 13.7530 4.3792 0.0000
vertex 13.2700 4.1791 0.0000
endloop
endfacet
facet normal 0.608761 -0.793353 0.000000
outer loop
vertex 13.7530 4.3792 0.0000
vertex 14.1678 4.6975 0.0000
vertex 14.1678 4.6975 11.3653
endloop
endfacet
facet normal 0.608761 -0.793353 0.000000
outer loop
vertex 13.7530 4.3792 0.0000
vertex 14.1678 4.6975 11.3653
vertex 13.7530 4.3792 11.3653
endloop
endfacet
facet normal 0.000000 0.000000 1.000000
outer loop
vertex 12.7517 6.1136 11.3653
vertex 13.7530 4.3792 11.3653
vertex 14.1678 4.6975 11.3653
endloop
endfacet
facet normal 0.000000 0.000000 -1.000000
outer loop
vertex 12.7517 6.1136 0.0000
vertex 14.1678 4.6975 0.0000
vertex 13.7530 4.3792 0.0000
endloop
endfacet
facet normal 0.793353 -0.608761 0.000000
outer loop
vertex 14.1678 4.6975 0.0000
vertex 14.4860 5.1123 0.0000
vertex 14.4860 5.1123 11.3653
endloop
endfacet
facet normal 0.793353 -0.608761 0.000000
outer loop
vertex 14.1678 4.6975 0.0000
vertex 14.4860 5.1123 11.3653
vertex 14.1678 4.6975 11.3653
endloop
endfacet
facet normal 0.000000 0.000000 1.000000
outer loop
vertex 12.7517 6.1136 11.3653
vertex 14.1678 4.6975 11.3653
vertex 14.4860 5.1123 11.3653
endloop
endfacet
facet normal 0.000000 0.000000 -1.000000
outer loop
vertex 12.7517 6.1136 0.0000
vertex 14.4860 5.1123 0.0000
vertex 14.1678 4.6975 0.0000
endloop
endfacet
facet normal 0.923880 -0.382683 0.000000
outer loop
vertex 14.4860 5.1123 0.0000
vertex 14.6861 5.5953 0.0000
vertex 14.6861 5.5953 11.3653
endloop
endfacet
facet normal 0.923880 -0.382683 0.000000
outer loop
vertex 14.4860 5.1123 0.0000
vertex 14.6861 5.5953 11.3653
vertex 14.4860 5.1123 11.3653
endloop
endfacet
facet normal 0.000000 0.000000 1.000000
outer loop
vertex 12.7517 6.1136 11.3653
vertex 14.4860 5.1123 11.3653
vertex 14.6861 5.5953 11.3653
endloop
endfacet
facet normal 0.000000 0.000000 -1.000000
outer loop
vertex 12.7517 6.1136 0.0000
vertex 14.6861 5.5953 0.0000
vertex 14.4860 5.1123 0.0000
endloop
endfacet
facet normal 0.991445 -0.130526 0.000000
outer loop
vertex 14.6861 5.5953 0.0000
vertex 14.7544 6.1136 0.0000
vertex 14.7544 6.1136 11.3653
endloop
endfacet
facet normal 0.991445 -0.130526 0.000000
outer loop
vertex 14.6861 5.5953 0.0000
vertex 14.7544 6.1136 11.3653
vertex 14.6861 5.5953 11.3653
endloop
endfacet
facet normal 0.000000 0.000000 1.000000
outer loop
vertex 12.7517 6.1136 11.3653
vertex 14.6861 5.5953 11.3653
vertex 14.7544 6.1136 11.3653
endloop
endfacet
facet normal 0.000000 0.000000 -1.000000
outer loop
vertex 12.7517 6.1136 0.0000
vertex 14.7544 6.1136 0.0000
vertex 14.6861 5.5953 0.0000
endloop
endfacet
facet normal 0.991445 0.130526 0.000000
outer loop
vertex 13.0043 -11.0344 0.0000
vertex 12.9389 -10.5380 0.0000
vertex 12.9389 -10.5380 22.9940
endloop
endfacet
facet normal 0.991445 0.130526 -0.000000
outer loop
vertex 13.0043 -11.0344 0.0000
vertex 12.9389 -10.5380 22.9940
vertex 13.0043 -11.0344 22.9940
endloop
endfacet
facet normal 0.000000 0.000000 1.000000
outer loop
vertex 11.0864 -11.0344 22.9940
vertex 13.0043 -11.0344 22.9940
vertex 12.9389 -10.5380 22.9940
endloop
endfacet
facet normal 0.000000 0.000000 -1.000000
outer loop
vertex 11.0864 -11.0344 0.0000
vertex 12.9389 -10.5380 0.0000
vertex 13.0043 -11.0344 0.0000
endloop
endfacet
facet normal 0.923880 0.382683 0.000000
outer loop
vertex 12.9389 -10.5380 0.0000
vertex 12.7473 -10.0754 0.0000
vertex 12.7473 -10.0754 22.9940
endloop
endfacet
facet normal 0.923880 0.382683 -0.000000
outer loop
vertex 12.9389 -10.5380 0.0000
vertex 12.7473 -10.0754 22.9940
vertex 12.9389 -10.5380 22.9940
endloop
endfacet
facet normal 0.000000 0.000000 1.000000
outer loop
vertex 11.0864 -11.0344 22.9940
vertex 12.9389 -10.5380 22.9940
vertex 12.7473 -10.0754 22.9940
endloop
endfacet
facet normal 0.000000 0.000000 -1.000000
outer loop
vertex 11.0864 -11.0344 0.0000
vertex 12.7473 -10.0754 0.0000
vertex 12.9389 -10.5380 0.0000
endloop
endfacet
facet normal 0.793353 0.608761 0.000000
outer loop
vertex 12.7473 -10.0754 0.0000
vertex 12.4425 -9.6782 0.0000
vertex 12.4425 -9.6782 22.9940
endloop
endfacet
facet normal 0.793353 0.608761 -0.000000
outer loop
vertex 12.7473 -10.0754 0.0000
vertex 12.4425 -9.6782 22.9940
vertex 12.7473 -10.0754 22.9940
endloop
endfacet
facet normal 0.000000 0.000000 1.000000
outer loop
vertex 11.0864 -11.0344 22.9940
vertex 12.7473 -10.0754 22.9940
vertex 12.4425 -9.6782 22.9940
endloop
endfacet
facet normal 0.000000 0.000000 -1.000000
outer loop
vertex 11.0864 -11.0344 0.0000
vertex 12.4425 -9.6782 0.0000
vertex 12.7473 -10.0754 0.0000
endloop
endfacet
facet normal 0.608761 0.793353 0.000000
outer loop
vertex 12.4425 -9.6782 0.0000
vertex 12.0453 -9.3734 0.0000
vertex 12.0453 -9.3734 22.9940
endloop
endfacet
facet normal 0.608761 0.793353 -0.000000
outer loop
vertex 12.4425 -9.6782 0.0000
vertex 12.0453 -9.3734 22.9940
vertex 12.4425 -9.6782 22.9940
endloop
endfacet
facet normal 0.000000 0.000000 1.000000
outer loop
vertex 11.0864 -11.0344 22.9940
vertex 12.4425 -9.6782 22.9940
vertex 12.0453 -9.3734 22.9940
endloop
endfacet
facet normal 0.000000 0.000000 -1.000000
outer loop
vertex 11.0864 -11.0344 0.0000
vertex 12.0453 -9.3734 0.0000
vertex 12.4425 -9.6782 0.0000
endloop
endfacet
facet normal 0.382683 0.923880 0.000000
outer loop
vertex 12.0453 -9.3734 0.0000
vertex 11.5828 -9.1818 0.0000
vertex 11.5828 -9.1818 22.9940
endloop
endfacet
facet normal 0.382683 0.923880 -0.000000
outer loop
vertex 12.0453 -9.3734 0.0000
vertex 11.5828 -9.1818 22.9940
vertex 12.0453 -9.3734 22.9940
endloop
endfacet
facet normal 0.000000 0.000000 1.000000
outer loop
vertex 11.0864 -11.0344 22.9940
vertex 12.0453 -9.3734 22.9940
vertex 11.5828 -9.1818 22.9940
endloop
endfacet
facet normal 0.000000 0.000000 -1.000000
outer loop
vertex 11.0864 -11.0344 0.0000
vertex 11.5828 -9.1818 0.0000
vertex 12.0453 -9.3734 0.0000
endloop
endfacet
facet normal 0.130526 0.991445 0.000000
outer loop
vertex 11.5828 -9.1818 0.0000
vertex 11.0864 -9.1165 0.0000
vertex 11.0864 -9.1165 22.9940
endloop
endfacet
facet normal 0.130526 0.991445 -0.000000
outer loop
vertex 11.5828 -9.1818 0.0000
vertex 11.0864 -9.1165 22.9940
vertex 11.5828 -9.1818 22.9940
endloop
endfacet
facet normal 0.000000 0.000000 1.000000
outer loop
vertex 11.0864 -11.0344 22.9940
vertex 11.5828 -9.1818 22.9940
vertex 11.0864 -9.1165 22.9940
endloop
endfacet
facet normal 0.000000 0.000000 -1.000000
outer loop
vertex 11.0864 -11.0344 0.0000
vertex 11.0864 -9.1165 0.0000
vertex 11.5828 -9.1818 0.0000
endloop
endfacet
facet normal -0.130526 0.991445 0.000000
outer loop
vertex 11.0864 -9.1165 0.0000
vertex 10.5900 -9.1818 0.0000
vertex 10.5900 -9.1818 22.9940
endloop
endfacet
facet normal -0.130526 0.991445 0.000000
outer loop
vertex 11.0864 -9.1165 0.0000
vertex 10.5900 -9.1818 22.9940
vertex 11.0864 -9.1165 22.9940
endloop
endfacet
facet normal 0.000000 -0.000000 1.000000
outer loop
vertex 11.0864 -11.0344 22.9940
vertex 11.0864 -9.1165 22.9940
vertex 10.5900 -9.1818 22.9940
endloop
endfacet
facet normal 0.000000 0.000000 -1.000000
outer loop
vertex 11.0864 -11.0344 0.0000
vertex 10.5900 -9.1818 0.0000
vertex 11.0864 -9.1165 0.0000
endloop
endfacet
facet normal -0.382683 0.923880 0.000000
outer loop
vertex 10.5900 -9.1818 0.0000
vertex 10.1274 -9.3734 0.0000
vertex 10.1274 -9.3734 22.9940
endloop
endfacet
facet normal -0.382683 0.923880 0.000000
outer loop
vertex 10.5900 -9.1818 0.0000
vertex 10.1274 -9.3734 22.9940
vertex 10.5900 -9.1818 22.9940
endloop
endfacet
facet normal 0.000000 0.000000 1.000000
outer loop
vertex 11.0864 -11.0344 22.9940
vertex 10.5900 -9.1818 22.9940
vertex 10.1274 -9.3734 22.9940
endloop
endfacet
facet normal 0.000000 0.000000 -1.000000
outer loop
vertex 11.0864 -11.0344 0.0000
vertex 10.1274 -9.3734 0.0000
vertex 10.5900 -9.1818 0.0000
endloop
endfacet
facet normal -0.608761 0.793353 0.000000
outer loop
vertex 10.1274 -9.3734 0.0000
vertex 9.7302 -9.6782 0.0000
vertex 9.7302 -9.6782 22.9940
endloop
endfacet
facet normal -0.608761 0.793353 0.000000
outer loop
vertex 10.1274 -9.3734 0.0000
vertex 9.7302 -9.6782 22.9940
vertex 10.1274 -9.3734 22.9940
endloop
endfacet
facet normal 0.000000 0.000000 1.000000
outer loop
vertex 11.0864 -11.0344 22.9940
vertex 10.1274 -9.3734 22.9940
vertex 9.7302 -9.6782 22.9940
endloop
endfacet
facet normal 0.000000 0.000000 -1.000000
outer loop
vertex 11.0864 -11.0344 0.0000
vertex 9.7302 -9.6782 0.0000
vertex 10.1274 -9.3734 0.0000
endloop
endfacet
facet normal -0.793353 0.608761 0.000000
outer loop
vertex 9.7302 -9.6782 0.0000
vertex 9.4254 -10.0754 0.0000
vertex 9.4254 -10.0754 22.9940
endloop
endfacet
facet normal -0.793353 0.608761 0.000000
outer loop
vertex 9.7302 -9.6782 0.0000
vertex 9.4254 -10.0754 22.9940
vertex 9.7302 -9.6782 22.9940
endloop
endfacet
facet normal 0.000000 0.000000 1.000000
outer loop
vertex 11.0864 -11.0344 22.9940
vertex 9.7302 -9.6782 22.9940
vertex 9.4254 -10.0754 22.9940
endloop
endfacet
facet normal 0.000000 0.000000 -1.000000
outer loop
vertex 11.0864 -11.0344 0.0000
vertex 9.4254 -10.0754 0.0000
vertex 9.7302 -9.6782 0.0000
endloop
endfacet
facet normal -0.923880 0.382683 0.000000
outer loop
vertex 9.4254 -10.0754 0.0000
vertex 9.2338 -10.5380 0.0000
vertex 9.2338 -10.5380 22.9940
endloop
endfacet
facet normal -0.923880 0.382683 0.000000
outer loop
vertex 9.4254 -10.0754 0.0000
vertex 9.2338 -10.5380 22.9940
vertex 9.4254 -10.0754 22.9940
endloop
endfacet
facet normal 0.000000 0.000000 1.000000
outer loop
vertex 11.0864 -11.0344 22.9940
vertex 9.4254 -10.0754 22.9940
vertex 9.2338 -10.5380 22.9940
endloop
endfacet
facet normal 0.000000 0.000000 -1.000000
outer loop
vertex 11.0864 -11.0344 0.0000
vertex 9.2338 -10.5380 0.0000
vertex 9.4254 -10.0754 0.0000
endloop
endfacet
facet normal -0.991445 0.130526 0.000000
outer loop
vertex 9.2338 -10.5380 0.0000
vertex 9.1685 -11.0344 0.0000
vertex 9.1685 -11.0344 22.9940
endloop
endfacet
facet normal -0.991445 0.130526 0.000000
outer loop
vertex 9.2338 -10.5380 0.0000
vertex 9.1685 -11.0344 22.9940
vertex 9.2338 -10.5380 22.9940
endloop
endfacet
facet normal 0.000000 0.000000 1.000000
outer loop
vertex 11.0864 -11.0344 22.9940
vertex 9.2338 -10.5380 22.9940
vertex 9.1685 -11.0344 22.9940
endloop
endfacet
facet normal 0.000000 0.000000 -1.000000
outer loop
vertex 11.0864 -11.0344 0.0000
vertex 9.1685 -11.0344 0.0000
vertex 9.2338 -10.5380 0.0000
endloop
endfacet
facet normal -0.991445 -0.130526 0.000000
outer loop
vertex 9.1685 -11.0344 0.0000
vertex 9.2338 -11.5308 0.0000
vertex 9.2338 -11.5308 22.9940
endloop
endfacet
facet normal -0.991445 -0.130526 0.000000
outer loop
vertex 9.1685 -11.0344 0.0000
vertex 9.2338 -11.5308 22.9940
vertex 9.1685 -11.0344 22.9940
endloop
endfacet
facet normal 0.000000 0.000000 1.000000
outer loop
vertex 11.0864 -11.0344 22.9940
vertex 9.1685 -11.0344 22.9940
vertex 9.2338 -11.5308 22.9940
endloop
endfacet
facet normal -0.000000 0.000000 -1.000000
outer loop
vertex 11.0864 -11.0344 0.0000
vertex 9.2338 -11.5308 0.0000
vertex 9.1685 -11.0344 0.0000
endloop
endfacet
facet normal -0.923880 -0.382683 0.000000
outer loop
vertex 9.2338 -11.5308 0.0000
vertex 9.4254 -11.9933 0.0000
vertex 9.4254 -11.9933 22.9940
endloop
endfacet
facet normal -0.923880 -0.382683 0.000000
outer loop
vertex 9.2338 -11.5308 0.0000
vertex 9.4254 -11.9933 22.9940
vertex 9.2338 -11.5308 22.9940
endloop
endfacet
facet normal 0.000000 0.000000 1.000000
outer loop
vertex 11.0864 -11.0344 22.9940
vertex 9.2338 -11.5308 22.9940
vertex 9.4254 -11.9933 22.9940
endloop
endfacet
facet normal 0.000000 0.000000 -1.000000
outer loop
vertex 11.0864 -11.0344 0.0000
vertex 9.4254 -11.9933 0.0000
vertex 9.2338 -11.5308 0.0000
endloop
endfacet
facet normal -0.793353 -0.608761 0.000000
outer loop
vertex 9.4254 -11.9933 0.0000
vertex 9.7302 -12.3905 0.0000
vertex 9.7302 -12.3905 22.9940
endloop
endfacet
facet normal -0.793353 -0.608761 0.000000
outer loop
vertex 9.4254 -11.9933 0.0000
vertex 9.7302 -12.3905 22.9940
vertex 9.4254 -11.9933 22.9940
endloop
endfacet
facet normal 0.000000 0.000000 1.000000
outer loop
vertex 11.0864 -11.0344 22.9940
vertex 9.4254 -11.9933 22.9940
vertex 9.7302 -12.3905 22.9940
endloop
endfacet
facet normal 0.000000 0.000000 -1.000000
outer loop
vertex 11.0864 -11.0344 0.0000
vertex 9.7302 -12.3905 0.0000
vertex 9.4254 -11.9933 0.0000
endloop
endfacet
facet normal -0.608761 -0.793353 0.000000
outer loop
vertex 9.7302 -12.3905 0.0000
vertex 10.1274 -12.6953 0.0000
vertex 10.1274 -12.6953 22.9940
endloop
endfacet
facet normal -0.608761 -0.793353 0.000000
outer loop
vertex 9.7302 -12.3905 0.0000
vertex 10.1274 -12.6953 22.9940
vertex 9.7302 -12.3905 22.9940
endloop
endfacet
facet normal 0.000000 0.000000 1.000000
outer loop
vertex 11.0864 -11.0344 22.9940
vertex 9.7302 -12.3905 22.9940
vertex 10.1274 -12.6953 22.9940
endloop
endfacet
facet normal 0.000000 0.000000 -1.000000
outer loop
vertex 11.0864 -11.0344 0.0000
vertex 10.1274 -12.6953 0.0000
vertex 9.7302 -12.3905 0.0000
endloop
endfacet
facet normal -0.382683 -0.923880 0.000000
outer loop
vertex 10.1274 -12.6953 0.0000
vertex 10.5900 -12.8869 0.0000
vertex 10.5900 -12.8869 22.9940
endloop
endfacet
facet normal -0.382683 -0.923880 0.000000
outer loop
vertex 10.1274 -12.6953 0.0000
vertex 10.5900 -12.8869 22.9940
vertex 10.1274 -12.6953 22.9940
endloop
endfacet
facet normal 0.000000 0.000000 1.000000
outer loop
vertex 11.0864 -11.0344 22.9940
vertex 10.1274 -12.6953 22.9940
vertex 10.5900 -12.8869 22.9940
endloop
endfacet
facet normal 0.000000 0.000000 -1.000000
outer loop
vertex 11.0864 -11.0344 0.0000
vertex 10.5900 -12.8869 0.0000
vertex 10.1274 -12.6953 0.0000
endloop
endfacet
facet normal -0.130526 -0.991445 0.000000
outer loop
vertex 10.5900 -12.8869 0.0000
vertex 11.0864 -12.9523 0.0000
vertex 11.0864 -12.9523 22.9940
endloop
endfacet
facet normal -0.130526 -0.991445 0.000000
outer loop
vertex 10.5900 -12.8869 0.0000
vertex 11.0864 -12.9523 22.9940
vertex 10.5900 -12.8869 22.9940
endloop
endfacet
facet normal 0.000000 0.000000 1.000000
outer loop
vertex 11.0864 -11.0344 22.9940
vertex 10.5900 -12.8869 22.9940
vertex 11.0864 -12.9523 22.9940
endloop
endfacet
facet normal 0.000000 -0.000000 -1.000000
outer loop
vertex 11.0864 -11.0344 0.0000
vertex 11.0864 -12.9523 0.0000
vertex 10.5900 -12.8869 0.0000
endloop
endfacet
facet normal 0.130526 -0.991445 0.000000
outer loop
vertex 11.0864 -12.9523 0.0000
vertex 11.5828 -12.8869 0.0000
vertex 11.5828 -12.8869 22.9940
endloop
endfacet
facet normal 0.130526 -0.991445 0.000000
outer loop
vertex 11.0864 -12.9523 0.0000
vertex 11.5828 -12.8869 22.9940
vertex 11.0864 -12.9523 22.9940
endloop
endfacet
facet normal 0.000000 0.000000 1.000000
outer loop
vertex 11.0864 -11.0344 22.9940
vertex 11.0864 -12.9523 22.9940
vertex 11.5828 -12.8869 22.9940
endloop
endfacet
facet normal 0.000000 0.000000 -1.000000
outer loop
vertex 11.0864 -11.0344 0.0000
vertex 11.5828 -12.8869 0.0000
vertex 11.0864 -12.9523 0.0000
endloop
endfacet
facet normal 0.382683 -0.923880 0.000000
outer loop
vertex 11.5828 -12.8869 0.0000
vertex 12.0453 -12.6953 0.0000
vertex 12.0453 -12.6953 22.9940
endloop
endfacet
facet normal 0.382683 -0.923880 0.000000
outer loop
vertex 11.5828 -12.8869 0.0000
vertex 12.0453 -12.6953 22.9940
vertex 11.5828 -12.8869 22.9940
endloop
endfacet
facet normal 0.000000 0.000000 1.000000
outer loop
vertex 11.0864 -11.0344 22.9940
vertex 11.5828 -12.8869 22.9940
vertex 12.0453 -12.6953 22.9940
endloop
endfacet
facet normal 0.000000 0.000000 -1.000000
outer loop
vertex 11.0864 -11.0344 0.0000
vertex 12.0453 -12.6953 0.0000
vertex 11.5828 -12.8869 0.0000
endloop
endfacet
facet normal 0.608761 -0.793353 0.000000
outer loop
vertex 12.0453 -12.6953 0.0000
vertex 12.4425 -12.3905 0.0000
vertex 12.4425 -12.3905 22.9940
endloop
endfacet
facet normal 0.608761 -0.793353 0.000000
outer loop
vertex 12.0453 -12.6953 0.0000
vertex 12.4425 -12.3905 22.9940
vertex 12.0453 -12.6953 22.9940
endloop
endfacet
facet normal 0.000000 0.000000 1.000000
outer loop
vertex 11.0864 -11.0344 22.9940
vertex 12.0453 -12.6953 22.9940
vertex 12.4425 -12.3905 22.9940
endloop
endfacet
facet normal 0.000000 0.000000 -1.000000
outer loop
vertex 11.0864 -11.0344 0.0000
vertex 12.4425 -12.3905 0.0000
vertex 12.0453 -12.6953 0.0000
endloop
endfacet
facet normal 0.793353 -0.608761 0.000000
outer loop
vertex 12.4425 -12.3905 0.0000
vertex 12.7473 -11.9933 0.0000
vertex 12.7473 -11.9933 22.9940
endloop
endfacet
facet normal 0.793353 -0.608761 0.000000
outer loop
vertex 12.4425 -12.3905 0.0000
vertex 12.7473 -11.9933 22.9940
vertex 12.4425 -12.3905 22.9940
endloop
endfacet
facet normal 0.000000 0.000000 1.000000
outer loop
vertex 11.0864 -11.0344 22.9940
vertex 12.4425 -12.3905 22.9940
vertex 12.7473 -11.9933 22.9940
endloop
endfacet
facet normal 0.000000 0.000000 -1.000000
outer loop
vertex 11.0864 -11.0344 0.0000
vertex 12.7473 -11.9933 0.0000
vertex 12.4425 -12.3905 0.0000
endloop
endfacet
facet normal 0.923880 -0.382683 0.000000
outer loop
vertex 12.7473 -11.9933 0.0000
vertex 12.9389 -11.5308 0.0000
vertex 12.9389 -11.5308 22.9940
endloop
endfacet
facet normal 0.923880 -0.382683 0.000000
outer loop
vertex 12.7473 -11.9933 0.0000
vertex 12.9389 -11.5308 22.9940
vertex 12.7473 -11.9933 22.9940
endloop
endfacet
facet normal 0.000000 0.000000 1.000000
outer loop
vertex 11.0864 -11.0344 22.9940
vertex 12.7473 -11.9933 22.9940
vertex 12.9389 -11.5308 22.9940
endloop
endfacet
facet normal 0.000000 0.000000 -1.000000
outer loop
vertex 11.0864 -11.0344 0.0000
vertex 12.9389 -11.5308 0.0000
vertex 12.7473 -11.9933 0.0000
endloop
endfacet
facet normal 0.991445 -0.130526 0.000000
outer loop
vertex 12.9389 -11.5308 0.0000
vertex 13.0043 -11.0344 0.0000
vertex 13.0043 -11.0344 22.9940
endloop
endfacet
facet normal 0.991445 -0.130526 0.000000
outer loop
vertex 12.9389 -11.5308 0.0000
vertex 13.0043 -11.0344 22.9940
vertex 12.9389 -11.5308 22.9940
endloop
endfacet
facet normal -0.000000 0.000000 1.000000
outer loop
vertex 11.0864 -11.0344 22.9940
vertex 12.9389 -11.5308 22.9940
vertex 13.0043 -11.0344 22.9940
endloop
endfacet
facet normal 0.000000 0.000000 -1.000000
outer loop
vertex 11.0864 -11.0344 0.0000
vertex 13.0043 -11.0344 0.0000
vertex 12.9389 -11.5308 0.0000
endloop
endfacet
facet normal 0.000000 0.000000 -1.000000
outer loop
vertex -11.6057 -14.4769 0.0000
vertex -11.6057 -9.7233 0.0000
vertex -5.7293 -9.7233 0.0000
endloop
endfacet
facet normal 0.000000 0.000000 -1.000000
outer loop
vertex -11.6057 -14.4769 0.0000
vertex -5.7293 -9.7233 0.0000
vertex -5.7293 -14.4769 0.0000
endloop
endfacet
facet normal 0.000000 0.000000 1.000000
outer loop
vertex -11.6057 -14.4769 11.8718
vertex -5.7293 -14.4769 11.8718
vertex -5.7293 -9.7233 11.8718
endloop
endfacet
facet normal 0.000000 0.000000 1.000000
outer loop
vertex -11.6057 -14.4769 11.8718
vertex -5.7293 -9.7233 11.8718
vertex -11.6057 -9.7233 11.8718
endloop
endfacet
facet normal 0.000000 -1.000000 0.000000
outer loop
vertex -11.6057 -14.4769 0.0000
vertex -5.7293 -14.4769 0.0000
vertex -5.7293 -14.4769 11.8718
endloop
endfacet
facet normal 0.000000 -1.000000 0.000000
outer loop
vertex -11.6057 -14.4769 0.0000
vertex -5.7293 -14.4769 11.8718
vertex -11.6057 -14.4769 11.8718
endloop
endfacet
facet normal 1.000000 0.000000 0.000000
outer loop
vertex -5.7293 -14.4769 0.0000
vertex -5.7293 -9.7233 0.0000
vertex -5.7293 -9.7233 11.8718
endloop
endfacet
facet normal 1.000000 0.000000 0.000000
outer loop
vertex -5.7293 -14.4769 0.0000
vertex -5.7293 -9.7233 11.8718
vertex -5.7293 -14.4769 11.8718
endloop
endfacet
facet normal 0.000000 1.000000 0.000000
outer loop
vertex -5.7293 -9.7233 0.0000
vertex -11.6057 -9.7233 0.0000
vertex -11.6057 -9.7233 11.8718
endloop
endfacet
facet normal 0.000000 1.000000 -0.000000
outer loop
vertex -5.7293 -9.7233 0.0000
vertex -11.6057 -9.7233 11.8718
vertex -5.7293 -9.7233 11.8718
endloop
endfacet
facet normal -1.000000 0.000000 0.000000
outer loop
vertex -11.6057 -9.7233 0.0000
vertex -11.6057 -14.4769 0.0000
vertex -11.6057 -14.4769 11.8718
endloop
endfacet
facet normal -1.000000 0.000000 0.000000
outer loop
vertex -11.6057 -9.7233 0.0000
vertex -11.6057 -14.4769 11.8718
vertex -11.6057 -9.7233 11.8718
endloop
endfacet
facet normal 0.991445 0.130526 0.000000
outer loop
vertex -7.1901 -24.1450 0.0000
vertex -7.2575 -23.6330 0.0000
vertex -7.2575 -23.6330 13.0192
endloop
endfacet
facet normal 0.991445 0.130526 -0.000000
outer loop
vertex -7.1901 -24.1450 0.0000
vertex -7.2575 -23.6330 13.0192
vertex -7.1901 -24.1450 13.0192
endloop
endfacet
facet normal 0.000000 0.000000 1.000000
outer loop
vertex -9.1685 -24.1450 13.0192
vertex -7.1901 -24.1450 13.0192
vertex -7.2575 -23.6330 13.0192
endloop
endfacet
facet normal 0.000000 0.000000 -1.000000
outer loop
vertex -9.1685 -24.1450 0.0000
vertex -7.2575 -23.6330 0.0000
vertex -7.1901 -24.1450 0.0000
endloop
endfacet
facet normal 0.923880 0.382683 0.000000
outer loop
vertex -7.2575 -23.6330 0.0000
vertex -7.4552 -23.1559 0.0000
vertex -7.4552 -23.1559 13.0192
endloop
endfacet
facet normal 0.923880 0.382683 -0.000000
outer loop
vertex -7.2575 -23.6330 0.0000
vertex -7.4552 -23.1559 13.0192
vertex -7.2575 -23.6330 13.0192
endloop
endfacet
facet normal 0.000000 0.000000 1.000000
outer loop
vertex -9.1685 -24.1450 13.0192
vertex -7.2575 -23.6330 13.0192
vertex -7.4552 -23.1559 13.0192
endloop
endfacet
facet normal 0.000000 0.000000 -1.000000
outer loop
vertex -9.1685 -24.1450 0.0000
vertex -7.4552 -23.1559 0.0000
vertex -7.2575 -23.6330 0.0000
endloop
endfacet
facet normal 0.793353 0.608761 0.000000
outer loop
vertex -7.4552 -23.1559 0.0000
vertex -7.7695 -22.7461 0.0000
vertex -7.7695 -22.7461 13.0192
endloop
endfacet
facet normal 0.793353 0.608761 -0.000000
outer loop
vertex -7.4552 -23.1559 0.0000
vertex -7.7695 -22.7461 13.0192
vertex -7.4552 -23.1559 13.0192
endloop
endfacet
facet normal 0.000000 0.000000 1.000000
outer loop
vertex -9.1685 -24.1450 13.0192
vertex -7.4552 -23.1559 13.0192
vertex -7.7695 -22.7461 13.0192
endloop
endfacet
facet normal 0.000000 0.000000 -1.000000
outer loop
vertex -9.1685 -24.1450 0.0000
vertex -7.7695 -22.7461 0.0000
vertex -7.4552 -23.1559 0.0000
endloop
endfacet
facet normal 0.608761 0.793353 0.000000
outer loop
vertex -7.7695 -22.7461 0.0000
vertex -8.1793 -22.4317 0.0000
vertex -8.1793 -22.4317 13.0192
endloop
endfacet
facet normal 0.608761 0.793353 -0.000000
outer loop
vertex -7.7695 -22.7461 0.0000
vertex -8.1793 -22.4317 13.0192
vertex -7.7695 -22.7461 13.0192
endloop
endfacet
facet normal 0.000000 0.000000 1.000000
outer loop
vertex -9.1685 -24.1450 13.0192
vertex -7.7695 -22.7461 13.0192
vertex -8.1793 -22.4317 13.0192
endloop
endfacet
facet normal 0.000000 0.000000 -1.000000
outer loop
vertex -9.1685 -24.1450 0.0000
vertex -8.1793 -22.4317 0.0000
vertex -7.7695 -22.7461 0.0000
endloop
endfacet
facet normal 0.382683 0.923880 0.000000
outer loop
vertex -8.1793 -22.4317 0.0000
vertex -8.6564 -22.2341 0.0000
vertex -8.6564 -22.2341 13.0192
endloop
endfacet
facet normal 0.382683 0.923880 -0.000000
outer loop
vertex -8.1793 -22.4317 0.0000
vertex -8.6564 -22.2341 13.0192
vertex -8.1793 -22.4317 13.0192
endloop
endfacet
facet normal 0.000000 0.000000 1.000000
outer loop
vertex -9.1685 -24.1450 13.0192
vertex -8.1793 -22.4317 13.0192
vertex -8.6564 -22.2341 13.0192
endloop
endfacet
facet normal 0.000000 0.000000 -1.000000
outer loop
vertex -9.1685 -24.1450 0.0000
vertex -8.6564 -22.2341 0.0000
vertex -8.1793 -22.4317 0.0000
endloop
endfacet
facet normal 0.130526 0.991445 0.000000
outer loop
vertex -8.6564 -22.2341 0.0000
vertex -9.1685 -22.1667 0.0000
vertex -9.1685 -22.1667 13.0192
endloop
endfacet
facet normal 0.130526 0.991445 -0.000000
outer loop
vertex -8.6564 -22.2341 0.0000
vertex -9.1685 -22.1667 13.0192
vertex -8.6564 -22.2341 13.0192
endloop
endfacet
facet normal 0.000000 0.000000 1.000000
outer loop
vertex -9.1685 -24.1450 13.0192
vertex -8.6564 -22.2341 13.0192
vertex -9.1685 -22.1667 13.0192
endloop
endfacet
facet normal 0.000000 0.000000 -1.000000
outer loop
vertex -9.1685 -24.1450 0.0000
vertex -9.1685 -22.1667 0.0000
vertex -8.6564 -22.2341 0.0000
endloop
endfacet
facet normal -0.130526 0.991445 0.000000
outer loop
vertex -9.1685 -22.1667 0.0000
vertex -9.6805 -22.2341 0.0000
vertex -9.6805 -22.2341 13.0192
endloop
endfacet
facet normal -0.130526 0.991445 0.000000
outer loop
vertex -9.1685 -22.1667 0.0000
vertex -9.6805 -22.2341 13.0192
vertex -9.1685 -22.1667 13.0192
endloop
endfacet
facet normal 0.000000 -0.000000 1.000000
outer loop
vertex -9.1685 -24.1450 13.0192
vertex -9.1685 -22.1667 13.0192
vertex -9.6805 -22.2341 13.0192
endloop
endfacet
facet normal 0.000000 0.000000 -1.000000
outer loop
vertex -9.1685 -24.1450 0.0000
vertex -9.6805 -22.2341 0.0000
vertex -9.1685 -22.1667 0.0000
endloop
endfacet
facet normal -0.382683 0.923880 0.000000
outer loop
vertex -9.6805 -22.2341 0.0000
vertex -10.1576 -22.4317 0.0000
vertex -10.1576 -22.4317 13.0192
endloop
endfacet
facet normal -0.382683 0.923880 0.000000
outer loop
vertex -9.6805 -22.2341 0.0000
vertex -10.1576 -22.4317 13.0192
vertex -9.6805 -22.2341 13.0192
endloop
endfacet
facet normal 0.000000 0.000000 1.000000
outer loop
vertex -9.1685 -24.1450 13.0192
vertex -9.6805 -22.2341 13.0192
vertex -10.1576 -22.4317 13.0192
endloop
endfacet
facet normal 0.000000 0.000000 -1.000000
outer loop
vertex -9.1685 -24.1450 0.0000
vertex -10.1576 -22.4317 0.0000
vertex -9.6805 -22.2341 0.0000
endloop
endfacet
facet normal -0.608761 0.793353 0.000000
outer loop
vertex -10.1576 -22.4317 0.0000
vertex -10.5674 -22.7461 0.0000
vertex -10.5674 -22.7461 13.0192
endloop
endfacet
facet normal -0.608761 0.793353 0.000000
outer loop
vertex -10.1576 -22.4317 0.0000
vertex -10.5674 -22.7461 13.0192
vertex -10.1576 -22.4317 13.0192
endloop
endfacet
facet normal 0.000000 0.000000 1.000000
outer loop
vertex -9.1685 -24.1450 13.0192
vertex -10.1576 -22.4317 13.0192
vertex -10.5674 -22.7461 13.0192
endloop
endfacet
facet normal 0.000000 0.000000 -1.000000
outer loop
vertex -9.1685 -24.1450 0.0000
vertex -10.5674 -22.7461 0.0000
vertex -10.1576 -22.4317 0.0000
endloop
endfacet
facet normal -0.793353 0.608761 0.000000
outer loop
vertex -10.5674 -22.7461 0.0000
vertex -10.8818 -23.1559 0.0000
vertex -10.8818 -23.1559 13.0192
endloop
endfacet
facet normal -0.793353 0.608761 0.000000
outer loop
vertex -10.5674 -22.7461 0.0000
vertex -10.8818 -23.1559 13.0192
vertex -10.5674 -22.7461 13.0192
endloop
endfacet
facet normal 0.000000 0.000000 1.000000
outer loop
vertex -9.1685 -24.1450 13.0192
vertex -10.5674 -22.7461 13.0192
vertex -10.8818 -23.1559 13.0192
endloop
endfacet
facet normal 0.000000 0.000000 -1.000000
outer loop
vertex -9.1685 -24.1450 0.0000
vertex -10.8818 -23.1559 0.0000
vertex -10.5674 -22.7461 0.0000
endloop
endfacet
facet normal -0.923880 0.382683 0.000000
outer loop
vertex -10.8818 -23.1559 0.0000
vertex -11.0794 -23.6330 0.0000
vertex -11.0794 -23.6330 13.0192
endloop
endfacet
facet normal -0.923880 0.382683 0.000000
outer loop
vertex -10.8818 -23.1559 0.0000
vertex -11.0794 -23.6330 13.0192
vertex -10.8818 -23.1559 13.0192
endloop
endfacet
facet normal 0.000000 0.000000 1.000000
outer loop
vertex -9.1685 -24.1450 13.0192
vertex -10.8818 -23.1559 13.0192
vertex -11.0794 -23.6330 13.0192
endloop
endfacet
facet normal 0.000000 0.000000 -1.000000
outer loop
vertex -9.1685 -24.1450 0.0000
vertex -11.0794 -23.6330 0.0000
vertex -10.8818 -23.1559 0.0000
endloop
endfacet
facet normal -0.991445 0.130526 0.000000
outer loop
vertex -11.0794 -23.6330 0.0000
vertex -11.1468 -24.1450 0.0000
vertex -11.1468 -24.1450 13.0192
endloop
endfacet
facet normal -0.991445 0.130526 0.000000
outer loop
vertex -11.0794 -23.6330 0.0000
vertex -11.1468 -24.1450 13.0192
vertex -11.0794 -23.6330 13.0192
endloop
endfacet
facet normal 0.000000 0.000000 1.000000
outer loop
vertex -9.1685 -24.1450 13.0192
vertex -11.0794 -23.6330 13.0192
vertex -11.1468 -24.1450 13.0192
endloop
endfacet
facet normal 0.000000 0.000000 -1.000000
outer loop
vertex -9.1685 -24.1450 0.0000
vertex -11.1468 -24.1450 0.0000
vertex -11.0794 -23.6330 0.0000
endloop
endfacet
facet normal -0.991445 -0.130526 0.000000
outer loop
vertex -11.1468 -24.1450 0.0000
vertex -11.0794 -24.6571 0.0000
vertex -11.0794 -24.6571 13.0192
endloop
endfacet
facet normal -0.991445 -0.130526 0.000000
outer loop
vertex -11.1468 -24.1450 0.0000
vertex -11.0794 -24.6571 13.0192
vertex -11.1468 -24.1450 13.0192
endloop
endfacet
facet normal 0.000000 0.000000 1.000000
outer loop
vertex -9.1685 -24.1450 13.0192
vertex -11.1468 -24.1450 13.0192
vertex -11.0794 -24.6571 13.0192
endloop
endfacet
facet normal -0.000000 0.000000 -1.000000
outer loop
vertex -9.1685 -24.1450 0.0000
vertex -11.0794 -24.6571 0.0000
vertex -11.1468 -24.1450 0.0000
endloop
endfacet
facet normal -0.923880 -0.382683 0.000000
outer loop
vertex -11.0794 -24.6571 0.0000
vertex -10.8818 -25.1342 0.0000
vertex -10.8818 -25.1342 13.0192
endloop
endfacet
facet normal -0.923880 -0.382683 0.000000
outer loop
vertex -11.0794 -24.6571 0.0000
vertex -10.8818 -25.1342 13.0192
vertex -11.0794 -24.6571 13.0192
endloop
endfacet
facet normal 0.000000 0.000000 1.000000
outer loop
vertex -9.1685 -24.1450 13.0192
vertex -11.0794 -24.6571 13.0192
vertex -10.8818 -25.1342 13.0192
endloop
endfacet
facet normal 0.000000 0.000000 -1.000000
outer loop
vertex -9.1685 -24.1450 0.0000
vertex -10.8818 -25.1342 0.0000
vertex -11.0794 -24.6571 0.0000
endloop
endfacet
facet normal -0.793353 -0.608761 0.000000
outer loop
vertex -10.8818 -25.1342 0.0000
vertex -10.5674 -25.5439 0.0000
vertex -10.5674 -25.5439 13.0192
endloop
endfacet
facet normal -0.793353 -0.608761 0.000000
outer loop
vertex -10.8818 -25.1342 0.0000
vertex -10.5674 -25.5439 13.0192
vertex -10.8818 -25.1342 13.0192
endloop
endfacet
facet normal 0.000000 0.000000 1.000000
outer loop
vertex -9.1685 -24.1450 13.0192
vertex -10.8818 -25.1342 13.0192
vertex -10.5674 -25.5439 13.0192
endloop
endfacet
facet normal 0.000000 0.000000 -1.000000
outer loop
vertex -9.1685 -24.1450 0.0000
vertex -10.5674 -25.5439 0.0000
vertex -10.8818 -25.1342 0.0000
endloop
endfacet
facet normal -0.608761 -0.793353 0.000000
outer loop
vertex -10.5674 -25.5439 0.0000
vertex -10.1576 -25.8583 0.0000
vertex -10.1576 -25.8583 13.0192
endloop
endfacet
facet normal -0.608761 -0.793353 0.000000
outer loop
vertex -10.5674 -25.5439 0.0000
vertex -10.1576 -25.8583 13.0192
vertex -10.5674 -25.5439 13.0192
endloop
endfacet
facet normal 0.000000 0.000000 1.000000
outer loop
vertex -9.1685 -24.1450 13.0192
vertex -10.5674 -25.5439 13.0192
vertex -10.1576 -25.8583 13.0192
endloop
endfacet
facet normal 0.000000 0.000000 -1.000000
outer loop
vertex -9.1685 -24.1450 0.0000
vertex -10.1576 -25.8583 0.0000
vertex -10.5674 -25.5439 0.0000
endloop
endfacet
facet normal -0.382683 -0.923880 0.000000
outer loop
vertex -10.1576 -25.8583 0.0000
vertex -9.6805 -26.0560 0.0000
vertex -9.6805 -26.0560 13.0192
endloop
endfacet
facet normal -0.382683 -0.923880 0.000000
outer loop
vertex -10.1576 -25.8583 0.0000
vertex -9.6805 -26.0560 13.0192
vertex -10.1576 -25.8583 13.0192
endloop
endfacet
facet normal 0.000000 0.000000 1.000000
outer loop
vertex -9.1685 -24.1450 13.0192
vertex -10.1576 -25.8583 13.0192
vertex -9.6805 -26.0560 13.0192
endloop
endfacet
facet normal 0.000000 0.000000 -1.000000
outer loop
vertex -9.1685 -24.1450 0.0000
vertex -9.6805 -26.0560 0.0000
vertex -10.1576 -25.8583 0.0000
endloop
endfacet
facet normal -0.130526 -0.991445 0.000000
outer loop
vertex -9.6805 -26.0560 0.0000
vertex -9.1685 -26.1234 0.0000
vertex -9.1685 -26.1234 13.0192
endloop
endfacet
facet normal -0.130526 -0.991445 0.000000
outer loop
vertex -9.6805 -26.0560 0.0000
vertex -9.1685 -26.1234 13.0192
vertex -9.6805 -26.0560 13.0192
endloop
endfacet
facet normal 0.000000 0.000000 1.000000
outer loop
vertex -9.1685 -24.1450 13.0192
vertex -9.6805 -26.0560 13.0192
vertex -9.1685 -26.1234 13.0192
endloop
endfacet
facet normal 0.000000 -0.000000 -1.000000
outer loop
vertex -9.1685 -24.1450 0.0000
vertex -9.1685 -26.1234 0.0000
vertex -9.6805 -26.0560 0.0000
endloop
endfacet
facet normal 0.130526 -0.991445 0.000000
outer loop
vertex -9.1685 -26.1234 0.0000
vertex -8.6564 -26.0560 0.0000
vertex -8.6564 -26.0560 13.0192
endloop
endfacet
facet normal 0.130526 -0.991445 0.000000
outer loop
vertex -9.1685 -26.1234 0.0000
vertex -8.6564 -26.0560 13.0192
vertex -9.1685 -26.1234 13.0192
endloop
endfacet
facet normal 0.000000 0.000000 1.000000
outer loop
vertex -9.1685 -24.1450 13.0192
vertex -9.1685 -26.1234 13.0192
vertex -8.6564 -26.0560 13.0192
endloop
endfacet
facet normal 0.000000 0.000000 -1.000000
outer loop
vertex -9.1685 -24.1450 0.0000
vertex -8.6564 -26.0560 0.0000
vertex -9.1685 -26.1234 0.0000
endloop
endfacet
facet normal 0.382683 -0.923880 0.000000
outer loop
vertex -8.6564 -26.0560 0.0000
vertex -8.1793 -25.8583 0.0000
vertex -8.1793 -25.8583 13.0192
endloop
endfacet
facet normal 0.382683 -0.923880 0.000000
outer loop
vertex -8.6564 -26.0560 0.0000
vertex -8.1793 -25.8583 13.0192
vertex -8.6564 -26.0560 13.0192
endloop
endfacet
facet normal 0.000000 0.000000 1.000000
outer loop
vertex -9.1685 -24.1450 13.0192
vertex -8.6564 -26.0560 13.0192
vertex -8.1793 -25.8583 13.0192
endloop
endfacet
facet normal 0.000000 0.000000 -1.000000
outer loop
vertex -9.1685 -24.1450 0.0000
vertex -8.1793 -25.8583 0.0000
vertex -8.6564 -26.0560 0.0000
endloop
endfacet
facet normal 0.608761 -0.793353 0.000000
outer loop
vertex -8.1793 -25.8583 0.0000
vertex -7.7695 -25.5439 0.0000
vertex -7.7695 -25.5439 13.0192
endloop
endfacet
facet normal 0.608761 -0.793353 0.000000
outer loop
vertex -8.1793 -25.8583 0.0000
vertex -7.7695 -25.5439 13.0192
vertex -8.1793 -25.8583 13.0192
endloop
endfacet
facet normal 0.000000 0.000000 1.000000
outer loop
vertex -9.1685 -24.1450 13.0192
vertex -8.1793 -25.8583 13.0192
vertex -7.7695 -25.5439 13.0192
endloop
endfacet
facet normal 0.000000 0.000000 -1.000000
outer loop
vertex -9.1685 -24.1450 0.0000
vertex -7.7695 -25.5439 0.0000
vertex -8.1793 -25.8583 0.0000
endloop
endfacet
facet normal 0.793353 -0.608761 0.000000
outer loop
vertex -7.7695 -25.5439 0.0000
vertex -7.4552 -25.1342 0.0000
vertex -7.4552 -25.1342 13.0192
endloop
endfacet
facet normal 0.793353 -0.608761 0.000000
outer loop
vertex -7.7695 -25.5439 0.0000
vertex -7.4552 -25.1342 13.0192
vertex -7.7695 -25.5439 13.0192
endloop
endfacet
facet normal 0.000000 0.000000 1.000000
outer loop
vertex -9.1685 -24.1450 13.0192
vertex -7.7695 -25.5439 13.0192
vertex -7.4552 -25.1342 13.0192
endloop
endfacet
facet normal 0.000000 0.000000 -1.000000
outer loop
vertex -9.1685 -24.1450 0.0000
vertex -7.4552 -25.1342 0.0000
vertex -7.7695 -25.5439 0.0000
endloop
endfacet
facet normal 0.923880 -0.382683 0.000000
outer loop
vertex -7.4552 -25.1342 0.0000
vertex -7.2575 -24.6571 0.0000
vertex -7.2575 -24.6571 13.0192
endloop
endfacet
facet normal 0.923880 -0.382683 0.000000
outer loop
vertex -7.4552 -25.1342 0.0000
vertex -7.2575 -24.6571 13.0192
vertex -7.4552 -25.1342 13.0192
endloop
endfacet
facet normal 0.000000 0.000000 1.000000
outer loop
vertex -9.1685 -24.1450 13.0192
vertex -7.4552 -25.1342 13.0192
vertex -7.2575 -24.6571 13.0192
endloop
endfacet
facet normal 0.000000 0.000000 -1.000000
outer loop
vertex -9.1685 -24.1450 0.0000
vertex -7.2575 -24.6571 0.0000
vertex -7.4552 -25.1342 0.0000
endloop
endfacet
facet normal 0.991445 -0.130526 0.000000
outer loop
vertex -7.2575 -24.6571 0.0000
vertex -7.1901 -24.1450 0.0000
vertex -7.1901 -24.1450 13.0192
endloop
endfacet
facet normal 0.991445 -0.130526 0.000000
outer loop
vertex -7.2575 -24.6571 0.0000
vertex -7.1901 -24.1450 13.0192
vertex -7.2575 -24.6571 13.0192
endloop
endfacet
facet normal -0.000000 0.000000 1.000000
outer loop
vertex -9.1685 -24.1450 13.0192
vertex -7.2575 -24.6571 13.0192
vertex -7.1901 -24.1450 13.0192
endloop
endfacet
facet normal 0.000000 0.000000 -1.000000
outer loop
vertex -9.1685 -24.1450 0.0000
vertex -7.1901 -24.1450 0.0000
vertex -7.2575 -24.6571 0.0000
endloop
endfacet
facet normal 0.000000 0.000000 -1.000000
outer loop
vertex 11.1775 -41.8198 0.0000
vertex 11.1775 -34.1398 0.0000
vertex 16.3759 -34.1398 0.0000
endloop
endfacet
facet normal 0.000000 0.000000 -1.000000
outer loop
vertex 11.1775 -41.8198 0.0000
vertex 16.3759 -34.1398 0.0000
vertex 16.3759 -41.8198 0.0000
endloop
endfacet
facet normal 0.000000 0.000000 1.000000
outer loop
vertex 11.1775 -41.8198 15.6541
vertex 16.3759 -41.8198 15.6541
vertex 16.3759 -34.1398 15.6541
endloop
endfacet
facet normal 0.000000 0.000000 1.000000
outer loop
vertex 11.1775 -41.8198 15.6541
vertex 16.3759 -34.1398 15.6541
vertex 11.1775 -34.1398 15.6541
endloop
endfacet
facet normal 0.000000 -1.000000 0.000000
outer loop
vertex 11.1775 -41.8198 0.0000
vertex 16.3759 -41.8198 0.0000
vertex 16.3759 -41.8198 15.6541
endloop
endfacet
facet normal 0.000000 -1.000000 0.000000
outer loop
vertex 11.1775 -41.8198 0.0000
vertex 16.3759 -41.8198 15.6541
vertex 11.1775 -41.8198 15.6541
endloop
endfacet
facet normal 1.000000 0.000000 0.000000
outer loop
vertex 16.3759 -41.8198 0.0000
vertex 16.3759 -34.1398 0.0000
vertex 16.3759 -34.1398 15.6541
endloop
endfacet
facet normal 1.000000 0.000000 0.000000
outer loop
vertex 16.3759 -41.8198 0.0000
vertex 16.3759 -34.1398 15.6541
vertex 16.3759 -41.8198 15.6541
endloop
endfacet
facet normal 0.000000 1.000000 0.000000
outer loop
vertex 16.3759 -34.1398 0.0000
vertex 11.1775 -34.1398 0.0000
vertex 11.1775 -34.1398 15.6541
endloop
endfacet
facet normal 0.000000 1.000000 -0.000000
outer loop
vertex 16.3759 -34.1398 0.0000
vertex 11.1775 -34.1398 15.6541
vertex 16.3759 -34.1398 15.6541
endloop
endfacet
facet normal -1.000000 0.000000 0.000000
outer loop
vertex 11.1775 -34.1398 0.0000
vertex 11.1775 -41.8198 0.0000
vertex 11.1775 -41.8198 15.6541
endloop
endfacet
facet normal -1.000000 0.000000 0.000000
outer loop
vertex 11.1775 -34.1398 0.0000
vertex 11.1775 -41.8198 15.6541
vertex 11.1775 -34.1398 15.6541
endloop
endfacet
facet normal 0.991445 0.130526 0.000000
outer loop
vertex 5.6751 20.1029 0.0000
vertex 5.6197 20.5237 0.0000
vertex 5.6197 20.5237 22.1904
endloop
endfacet
facet normal 0.991445 0.130526 -0.000000
outer loop
vertex 5.6751 20.1029 0.0000
vertex 5.6197 20.5237 22.1904
vertex 5.6751 20.1029 22.1904
endloop
endfacet
facet normal 0.000000 0.000000 1.000000
outer loop
vertex 4.0493 20.1029 22.1904
vertex 5.6751 20.1029 22.1904
vertex 5.6197 20.5237 22.1904
endloop
endfacet
facet normal 0.000000 0.000000 -1.000000
outer loop
vertex 4.0493 20.1029 0.0000
vertex 5.6197 20.5237 0.0000
vertex 5.6751 20.1029 0.0000
endloop
endfacet
facet normal 0.923880 0.382683 0.000000
outer loop
vertex 5.6197 20.5237 0.0000
vertex 5.4573 20.9158 0.0000
vertex 5.4573 20.9158 22.1904
endloop
endfacet
facet normal 0.923880 0.382683 -0.000000
outer loop
vertex 5.6197 20.5237 0.0000
vertex 5.4573 20.9158 22.1904
vertex 5.6197 20.5237 22.1904
endloop
endfacet
facet normal 0.000000 0.000000 1.000000
outer loop
vertex 4.0493 20.1029 22.1904
vertex 5.6197 20.5237 22.1904
vertex 5.4573 20.9158 22.1904
endloop
endfacet
facet normal 0.000000 0.000000 -1.000000
outer loop
vertex 4.0493 20.1029 0.0000
vertex 5.4573 20.9158 0.0000
vertex 5.6197 20.5237 0.0000
endloop
endfacet
facet normal 0.793353 0.608761 0.000000
outer loop
vertex 5.4573 20.9158 0.0000
vertex 5.1989 21.2525 0.0000
vertex 5.1989 21.2525 22.1904
endloop
endfacet
facet normal 0.793353 0.608761 -0.000000
outer loop
vertex 5.4573 20.9158 0.0000
vertex 5.1989 21.2525 22.1904
vertex 5.4573 20.9158 22.1904
endloop
endfacet
facet normal 0.000000 0.000000 1.000000
outer loop
vertex 4.0493 20.1029 22.1904
vertex 5.4573 20.9158 22.1904
vertex 5.1989 21.2525 22.1904
endloop
endfacet
facet normal 0.000000 0.000000 -1.000000
outer loop
vertex 4.0493 20.1029 0.0000
vertex 5.1989 21.2525 0.0000
vertex 5.4573 20.9158 0.0000
endloop
endfacet
facet normal 0.608761 0.793353 0.000000
outer loop
vertex 5.1989 21.2525 0.0000
vertex 4.8622 21.5109 0.0000
vertex 4.8622 21.5109 22.1904
endloop
endfacet
facet normal 0.608761 0.793353 -0.000000
outer loop
vertex 5.1989 21.2525 0.0000
vertex 4.8622 21.5109 22.1904
vertex 5.1989 21.2525 22.1904
endloop
endfacet
facet normal 0.000000 0.000000 1.000000
outer loop
vertex 4.0493 20.1029 22.1904
vertex 5.1989 21.2525 22.1904
vertex 4.8622 21.5109 22.1904
endloop
endfacet
facet normal 0.000000 0.000000 -1.000000
outer loop
vertex 4.0493 20.1029 0.0000
vertex 4.8622 21.5109 0.0000
vertex 5.1989 21.2525 0.0000
endloop
endfacet
facet normal 0.382683 0.923880 0.000000
outer loop
vertex 4.8622 21.5109 0.0000
vertex 4.4701 21.6733 0.0000
vertex 4.4701 21.6733 22.1904
endloop
endfacet
facet normal 0.382683 0.923880 -0.000000
outer loop
vertex 4.8622 21.5109 0.0000
vertex 4.4701 21.6733 22.1904
vertex 4.8622 21.5109 22.1904
endloop
endfacet
facet normal 0.000000 0.000000 1.000000
outer loop
vertex 4.0493 20.1029 22.1904
vertex 4.8622 21.5109 22.1904
vertex 4.4701 21.6733 22.1904
endloop
endfacet
facet normal 0.000000 0.000000 -1.000000
outer loop
vertex 4.0493 20.1029 0.0000
vertex 4.4701 21.6733 0.0000
vertex 4.8622 21.5109 0.0000
endloop
endfacet
facet normal 0.130526 0.991445 0.000000
outer loop
vertex 4.4701 21.6733 0.0000
vertex 4.0493 21.7287 0.0000
vertex 4.0493 21.7287 22.1904
endloop
endfacet
facet normal 0.130526 0.991445 -0.000000
outer loop
vertex 4.4701 21.6733 0.0000
vertex 4.0493 21.7287 22.1904
vertex 4.4701 21.6733 22.1904
endloop
endfacet
facet normal 0.000000 0.000000 1.000000
outer loop
vertex 4.0493 20.1029 22.1904
vertex 4.4701 21.6733 22.1904
vertex 4.0493 21.7287 22.1904
endloop
endfacet
facet normal 0.000000 0.000000 -1.000000
outer loop
vertex 4.0493 20.1029 0.0000
vertex 4.0493 21.7287 0.0000
vertex 4.4701 21.6733 0.0000
endloop
endfacet
facet normal -0.130526 0.991445 0.000000
outer loop
vertex 4.0493 21.7287 0.0000
vertex 3.6285 21.6733 0.0000
vertex 3.6285 21.6733 22.1904
endloop
endfacet
facet normal -0.130526 0.991445 0.000000
outer loop
vertex 4.0493 21.7287 0.0000
vertex 3.6285 21.6733 22.1904
vertex 4.0493 21.7287 22.1904
endloop
endfacet
facet normal 0.000000 -0.000000 1.000000
outer loop
vertex 4.0493 20.1029 22.1904
vertex 4.0493 21.7287 22.1904
vertex 3.6285 21.6733 22.1904
endloop
endfacet
facet normal 0.000000 0.000000 -1.000000
outer loop
vertex 4.0493 20.1029 0.0000
vertex 3.6285 21.6733 0.0000
vertex 4.0493 21.7287 0.0000
endloop
endfacet
facet normal -0.382683 0.923880 0.000000
outer loop
vertex 3.6285 21.6733 0.0000
vertex 3.2364 21.5109 0.0000
vertex 3.2364 21.5109 22.1904
endloop
endfacet
facet normal -0.382683 0.923880 0.000000
outer loop
vertex 3.6285 21.6733 0.0000
vertex 3.2364 21.5109 22.1904
vertex 3.6285 21.6733 22.1904
endloop
endfacet
facet normal 0.000000 0.000000 1.000000
outer loop
vertex 4.0493 20.1029 22.1904
vertex 3.6285 21.6733 22.1904
vertex 3.2364 21.5109 22.1904
endloop
endfacet
facet normal 0.000000 0.000000 -1.000000
outer loop
vertex 4.0493 20.1029 0.0000
vertex 3.2364 21.5109 0.0000
vertex 3.6285 21.6733 0.0000
endloop
endfacet
facet normal -0.608761 0.793353 0.000000
outer loop
vertex 3.2364 21.5109 0.0000
vertex 2.8997 21.2525 0.0000
vertex 2.8997 21.2525 22.1904
endloop
endfacet
facet normal -0.608761 0.793353 0.000000
outer loop
vertex 3.2364 21.5109 0.0000
vertex 2.8997 21.2525 22.1904
vertex 3.2364 21.5109 22.1904
endloop
endfacet
facet normal 0.000000 0.000000 1.000000
outer loop
vertex 4.0493 20.1029 22.1904
vertex 3.2364 21.5109 22.1904
vertex 2.8997 21.2525 22.1904
endloop
endfacet
facet normal 0.000000 0.000000 -1.000000
outer loop
vertex 4.0493 20.1029 0.0000
vertex 2.8997 21.2525 0.0000
vertex 3.2364 21.5109 0.0000
endloop
endfacet
facet normal -0.793353 0.608761 0.000000
outer loop
vertex 2.8997 21.2525 0.0000
vertex 2.6413 20.9158 0.0000
vertex 2.6413 20.9158 22.1904
endloop
endfacet
facet normal -0.793353 0.608761 0.000000
outer loop
vertex 2.8997 21.2525 0.0000
vertex 2.6413 20.9158 22.1904
vertex 2.8997 21.2525 22.1904
endloop
endfacet
facet normal 0.000000 0.000000 1.000000
outer loop
vertex 4.0493 20.1029 22.1904
vertex 2.8997 21.2525 22.1904
vertex 2.6413 20.9158 22.1904
endloop
endfacet
facet normal 0.000000 0.000000 -1.000000
outer loop
vertex 4.0493 20.1029 0.0000
vertex 2.6413 20.9158 0.0000
vertex 2.8997 21.2525 0.0000
endloop
endfacet
facet normal -0.923880 0.382683 0.000000
outer loop
vertex 2.6413 20.9158 0.0000
vertex 2.4789 20.5237 0.0000
vertex 2.4789 20.5237 22.1904
endloop
endfacet
facet normal -0.923880 0.382683 0.000000
outer loop
vertex 2.6413 20.9158 0.0000
vertex 2.4789 20.5237 22.1904
vertex 2.6413 20.9158 22.1904
endloop
endfacet
facet normal 0.000000 0.000000 1.000000
outer loop
vertex 4.0493 20.1029 22.1904
vertex 2.6413 20.9158 22.1904
vertex 2.4789 20.5237 22.1904
endloop
endfacet
facet normal 0.000000 0.000000 -1.000000
outer loop
vertex 4.0493 20.1029 0.0000
vertex 2.4789 20.5237 0.0000
vertex 2.6413 20.9158 0.0000
endloop
endfacet
facet normal -0.991445 0.130526 0.000000
outer loop
vertex 2.4789 20.5237 0.0000
vertex 2.4235 20.1029 0.0000
vertex 2.4235 20.1029 22.1904
endloop
endfacet
facet normal -0.991445 0.130526 0.000000
outer loop
vertex 2.4789 20.5237 0.0000
vertex 2.4235 20.1029 22.1904
vertex 2.4789 20.5237 22.1904
endloop
endfacet
facet normal 0.000000 0.000000 1.000000
outer loop
vertex 4.0493 20.1029 22.1904
vertex 2.4789 20.5237 22.1904
vertex 2.4235 20.1029 22.1904
endloop
endfacet
facet normal 0.000000 0.000000 -1.000000
outer loop
vertex 4.0493 20.1029 0.0000
vertex 2.4235 20.1029 0.0000
vertex 2.4789 20.5237 0.0000
endloop
endfacet
facet normal -0.991445 -0.130526 0.000000
outer loop
vertex 2.4235 20.1029 0.0000
vertex 2.4789 19.6821 0.0000
vertex 2.4789 19.6821 22.1904
endloop
endfacet
facet normal -0.991445 -0.130526 0.000000
outer loop
vertex 2.4235 20.1029 0.0000
vertex 2.4789 19.6821 22.1904
vertex 2.4235 20.1029 22.1904
endloop
endfacet
facet normal 0.000000 0.000000 1.000000
outer loop
vertex 4.0493 20.1029 22.1904
vertex 2.4235 20.1029 22.1904
vertex 2.4789 19.6821 22.1904
endloop
endfacet
facet normal -0.000000 0.000000 -1.000000
outer loop
vertex 4.0493 20.1029 0.0000
vertex 2.4789 19.6821 0.0000
vertex 2.4235 20.1029 0.0000
endloop
endfacet
facet normal -0.923880 -0.382683 0.000000
outer loop
vertex 2.4789 19.6821 0.0000
vertex 2.6413 19.2900 0.0000
vertex 2.6413 19.2900 22.1904
endloop
endfacet
facet normal -0.923880 -0.382683 0.000000
outer loop
vertex 2.4789 19.6821 0.0000
vertex 2.6413 19.2900 22.1904
vertex 2.4789 19.6821 22.1904
endloop
endfacet
facet normal 0.000000 0.000000 1.000000
outer loop
vertex 4.0493 20.1029 22.1904
vertex 2.4789 19.6821 22.1904
vertex 2.6413 19.2900 22.1904
endloop
endfacet
facet normal 0.000000 0.000000 -1.000000
outer loop
vertex 4.0493 20.1029 0.0000
vertex 2.6413 19.2900 0.0000
vertex 2.4789 19.6821 0.0000
endloop
endfacet
facet normal -0.793353 -0.608761 0.000000
outer loop
vertex 2.6413 19.2900 0.0000
vertex 2.8997 18.9533 0.0000
vertex 2.8997 18.9533 22.1904
endloop
endfacet
facet normal -0.793353 -0.608761 0.000000
outer loop
vertex 2.6413 19.2900 0.0000
vertex 2.8997 18.9533 22.1904
vertex 2.6413 19.2900 22.1904
endloop
endfacet
facet normal 0.000000 0.000000 1.000000
outer loop
vertex 4.0493 20.1029 22.1904
vertex 2.6413 19.2900 22.1904
vertex 2.8997 18.9533 22.1904
endloop
endfacet
facet normal 0.000000 0.000000 -1.000000
outer loop
vertex 4.0493 20.1029 0.0000
vertex 2.8997 18.9533 0.0000
vertex 2.6413 19.2900 0.0000
endloop
endfacet
facet normal -0.608761 -0.793353 0.000000
outer loop
vertex 2.8997 18.9533 0.0000
vertex 3.2364 18.6949 0.0000
vertex 3.2364 18.6949 22.1904
endloop
endfacet
facet normal -0.608761 -0.793353 0.000000
outer loop
vertex 2.8997 18.9533 0.0000
vertex 3.2364 18.6949 22.1904
vertex 2.8997 18.9533 22.1904
endloop
endfacet
facet normal 0.000000 0.000000 1.000000
outer loop
vertex 4.0493 20.1029 22.1904
vertex 2.8997 18.9533 22.1904
vertex 3.2364 18.6949 22.1904
endloop
endfacet
facet normal 0.000000 0.000000 -1.000000
outer loop
vertex 4.0493 20.1029 0.0000
vertex 3.2364 18.6949 0.0000
vertex 2.8997 18.9533 0.0000
endloop
endfacet
facet normal -0.382683 -0.923880 0.000000
outer loop
vertex 3.2364 18.6949 0.0000
vertex 3.6285 18.5325 0.0000
vertex 3.6285 18.5325 22.1904
endloop
endfacet
facet normal -0.382683 -0.923880 0.000000
outer loop
vertex 3.2364 18.6949 0.0000
vertex 3.6285 18.5325 22.1904
vertex 3.2364 18.6949 22.1904
endloop
endfacet
facet normal 0.000000 0.000000 1.000000
outer loop
vertex 4.0493 20.1029 22.1904
vertex 3.2364 18.6949 22.1904
vertex 3.6285 18.5325 22.1904
endloop
endfacet
facet normal 0.000000 0.000000 -1.000000
outer loop
vertex 4.0493 20.1029 0.0000
vertex 3.6285 18.5325 0.0000
vertex 3.2364 18.6949 0.0000
endloop
endfacet
facet normal -0.130526 -0.991445 0.000000
outer loop
vertex 3.6285 18.5325 0.0000
vertex 4.0493 18.4771 0.0000
vertex 4.0493 18.4771 22.1904
endloop
endfacet
facet normal -0.130526 -0.991445 0.000000
outer loop
vertex 3.6285 18.5325 0.0000
vertex 4.0493 18.4771 22.1904
vertex 3.6285 18.5325 22.1904
endloop
endfacet
facet normal 0.000000 0.000000 1.000000
outer loop
vertex 4.0493 20.1029 22.1904
vertex 3.6285 18.5325 22.1904
vertex 4.0493 18.4771 22.1904
endloop
endfacet
facet normal 0.000000 -0.000000 -1.000000
outer loop
vertex 4.0493 20.1029 0.0000
vertex 4.0493 18.4771 0.0000
vertex 3.6285 18.5325 0.0000
endloop
endfacet
facet normal 0.130526 -0.991445 0.000000
outer loop
vertex 4.0493 18.4771 0.0000
vertex 4.4701 18.5325 0.0000
vertex 4.4701 18.5325 22.1904
endloop
endfacet
facet normal 0.130526 -0.991445 0.000000
outer loop
vertex 4.0493 18.4771 0.0000
vertex 4.4701 18.5325 22.1904
vertex 4.0493 18.4771 22.1904
endloop
endfacet
facet normal 0.000000 0.000000 1.000000
outer loop
vertex 4.0493 20.1029 22.1904
vertex 4.0493 18.4771 22.1904
vertex 4.4701 18.5325 22.1904
endloop
endfacet
facet normal 0.000000 0.000000 -1.000000
outer loop
vertex 4.0493 20.1029 0.0000
vertex 4.4701 18.5325 0.0000
vertex 4.0493 18.4771 0.0000
endloop
endfacet
facet normal 0.382683 -0.923880 0.000000
outer loop
vertex 4.4701 18.5325 0.0000
vertex 4.8622 18.6949 0.0000
vertex 4.8622 18.6949 22.1904
endloop
endfacet
facet normal 0.382683 -0.923880 0.000000
outer loop
vertex 4.4701 18.5325 0.0000
vertex 4.8622 18.6949 22.1904
vertex 4.4701 18.5325 22.1904
endloop
endfacet
facet normal 0.000000 0.000000 1.000000
outer loop
vertex 4.0493 20.1029 22.1904
vertex 4.4701 18.5325 22.1904
vertex 4.8622 18.6949 22.1904
endloop
endfacet
facet normal 0.000000 0.000000 -1.000000
outer loop
vertex 4.0493 20.1029 0.0000
vertex 4.8622 18.6949 0.0000
vertex 4.4701 18.5325 0.0000
endloop
endfacet
facet normal 0.608761 -0.793353 0.000000
outer loop
vertex 4.8622 18.6949 0.0000
vertex 5.1989 18.9533 0.0000
vertex 5.1989 18.9533 22.1904
endloop
endfacet
facet normal 0.608761 -0.793353 0.000000
outer loop
vertex 4.8622 18.6949 0.0000
vertex 5.1989 18.9533 22.1904
vertex 4.8622 18.6949 22.1904
endloop
endfacet
facet normal 0.000000 0.000000 1.000000
outer loop
vertex 4.0493 20.1029 22.1904
vertex 4.8622 18.6949 22.1904
vertex 5.1989 18.9533 22.1904
endloop
endfacet
facet normal 0.000000 0.000000 -1.000000
outer loop
vertex 4.0493 20.1029 0.0000
vertex 5.1989 18.9533 0.0000
vertex 4.8622 18.6949 0.0000
endloop
endfacet
facet normal 0.793353 -0.608761 0.000000
outer loop
vertex 5.1989 18.9533 0.0000
vertex 5.4573 19.2900 0.0000
vertex 5.4573 19.2900 22.1904
endloop
endfacet
facet normal 0.793353 -0.608761 0.000000
outer loop
vertex 5.1989 18.9533 0.0000
vertex 5.4573 19.2900 22.1904
vertex 5.1989 18.9533 22.1904
endloop
endfacet
facet normal 0.000000 0.000000 1.000000
outer loop
vertex 4.0493 20.1029 22.1904
vertex 5.1989 18.9533 22.1904
vertex 5.4573 19.2900 22.1904
endloop
endfacet
facet normal 0.000000 0.000000 -1.000000
outer loop
vertex 4.0493 20.1029 0.0000
vertex 5.4573 19.2900 0.0000
vertex 5.1989 18.9533 0.0000
endloop
endfacet
facet normal 0.923880 -0.382683 0.000000
outer loop
vertex 5.4573 19.2900 0.0000
vertex 5.6197 19.6821 0.0000
vertex 5.6197 19.6821 22.1904
endloop
endfacet
facet normal 0.923880 -0.382683 0.000000
outer loop
vertex 5.4573 19.2900 0.0000
vertex 5.6197 19.6821 22.1904
vertex 5.4573 19.2900 22.1904
endloop
endfacet
facet normal 0.000000 0.000000 1.000000
outer loop
vertex 4.0493 20.1029 22.1904
vertex 5.4573 19.2900 22.1904
vertex 5.6197 19.6821 22.1904
endloop
endfacet
facet normal 0.000000 0.000000 -1.000000
outer loop
vertex 4.0493 20.1029 0.0000
vertex 5.6197 19.6821 0.0000
vertex 5.4573 19.2900 0.0000
endloop
endfacet
facet normal 0.991445 -0.130526 0.000000
outer loop
vertex 5.6197 19.6821 0.0000
vertex 5.6751 20.1029 0.0000
vertex 5.6751 20.1029 22.1904
endloop
endfacet
facet normal 0.991445 -0.130526 0.000000
outer loop
vertex 5.6197 19.6821 0.0000
vertex 5.6751 20.1029 22.1904
vertex 5.6197 19.6821 22.1904
endloop
endfacet
facet normal -0.000000 0.000000 1.000000
outer loop
vertex 4.0493 20.1029 22.1904
vertex 5.6197 19.6821 22.1904
vertex 5.6751 20.1029 22.1904
endloop
endfacet
facet normal 0.000000 0.000000 -1.000000
outer loop
vertex 4.0493 20.1029 0.0000
vertex 5.6751 20.1029 0.0000
vertex 5.6197 19.6821 0.0000
endloop
endfacet
endsolid terrain
