solid terrain
facet normal 0.000000 0.000000 -1.000000
outer loop
vertex -33.0000 -43.0000 0.0000
vertex -33.0000 43.0000 0.0000
vertex 33.0000 43.0000 0.0000
endloop
endfacet
facet normal 0.000000 0.000000 -1.000000
outer loop
vertex -33.0000 -43.0000 0.0000
vertex 33.0000 43.0000 0.0000
vertex 33.0000 -43.0000 0.0000
endloop
endfacet
facet normal 0.000000 0.000000 1.000000
outer loop
vertex -33.0000 -43.0000 0.0500
vertex 33.0000 -43.0000 0.0500
vertex 33.0000 43.0000 0.0500
endloop
endfacet
facet normal 0.000000 0.000000 1.000000
outer loop
vertex -33.0000 -43.0000 0.0500
vertex 33.0000 43.0000 0.0500
vertex -33.0000 43.0000 0.0500
endloop
endfacet
facet normal 0.000000 -1.000000 0.000000
outer loop
vertex -33.0000 -43.0000 0.0000
vertex 33.0000 -43.0000 0.0000
vertex 33.0000 -43.0000 0.0500
endloop
endfacet
facet normal 0.000000 -1.000000 0.000000
outer loop
vertex -33.0000 -43.0000 0.0000
vertex 33.0000 -43.0000 0.0500
vertex -33.0000 -43.0000 0.0500
endloop
endfacet
facet normal 1.000000 0.000000 0.000000
outer loop
vertex 33.0000 -43.0000 0.0000
vertex 33.0000 43.0000 0.0000
vertex 33.0000 43.0000 0.0500
endloop
endfacet
facet normal 1.000000 0.000000 0.000000
outer loop
vertex 33.0000 -43.0000 0.0000
vertex 33.0000 43.0000 0.0500
vertex 33.0000 -43.0000 0.0500
endloop
endfacet
facet normal 0.000000 1.000000 0.000000
outer loop
vertex 33.0000 43.0000 0.0000
vertex -33.0000 43.0000 0.0000
vertex -33.0000 43.0000 0.0500
endloop
endfacet
facet normal 0.000000 1.000000 -0.000000
outer loop
vertex 33.0000 43.0000 0.0000
vertex -33.0000 43.0000 0.0500
vertex 33.0000 43.0000 0.0500
endloop
endfacet
facet normal -1.000000 0.000000 0.000000
outer loop
vertex -33.0000 43.0000 0.0000
vertex -33.0000 -43.0000 0.0000
vertex -33.0000 -43.0000 0.0500
endloop
endfacet
facet normal -1.000000 0.000000 0.000000
outer loop
vertex -33.0000 43.0000 0.0000
vertex -33.0000 -43.0000 0.0500
vertex -33.0000 43.0000 0.0500
endloop
endfacet
facet normal 0.991445 0.130526 0.000000
outer loop
vertex -23.4788 13.7527 0.0000
vertex -23.5775 14.5029 0.0000
vertex -23.5775 14.5029 20.1465
endloop
endfacet
facet normal 0.991445 0.130526 -0.000000
outer loop
vertex -23.4788 13.7527 0.0000
vertex -23.5775 14.5029 20.1465
vertex -23.4788 13.7527 20.1465
endloop
endfacet
facet normal 0.000000 0.000000 1.000000
outer loop
vertex -26.3771 13.7527 20.1465
vertex -23.4788 13.7527 20.1465
vertex -23.5775 14.5029 20.1465
endloop
endfacet
facet normal 0.000000 0.000000 -1.000000
outer loop
vertex -26.3771 13.7527 0.0000
vertex -23.5775 14.5029 0.0000
vertex -23.4788 13.7527 0.0000
endloop
endfacet
facet normal 0.923880 0.382683 0.000000
outer loop
vertex -23.5775 14.5029 0.0000
vertex -23.8671 15.2019 0.0000
vertex -23.8671 15.2019 20.1465
endloop
endfacet
facet normal 0.923880 0.382683 -0.000000
outer loop
vertex -23.5775 14.5029 0.0000
vertex -23.8671 15.2019 20.1465
vertex -23.5775 14.5029 20.1465
endloop
endfacet
facet normal 0.000000 0.000000 1.000000
outer loop
vertex -26.3771 13.7527 20.1465
vertex -23.5775 14.5029 20.1465
vertex -23.8671 15.2019 20.1465
endloop
endfacet
facet normal 0.000000 0.000000 -1.000000
outer loop
vertex -26.3771 13.7527 0.0000
vertex -23.8671 15.2019 0.0000
vertex -23.5775 14.5029 0.0000
endloop
endfacet
facet normal 0.793353 0.608761 0.000000
outer loop
vertex -23.8671 15.2019 0.0000
vertex -24.3277 15.8022 0.0000
vertex -24.3277 15.8022 20.1465
endloop
endfacet
facet normal 0.793353 0.608761 -0.000000
outer loop
vertex -23.8671 15.2019 0.0000
vertex -24.3277 15.8022 20.1465
vertex -23.8671 15.2019 20.1465
endloop
endfacet
facet normal 0.000000 0.000000 1.000000
outer loop
vertex -26.3771 13.7527 20.1465
vertex -23.8671 15.2019 20.1465
vertex -24.3277 15.8022 20.1465
endloop
endfacet
facet normal 0.000000 0.000000 -1.000000
outer loop
vertex -26.3771 13.7527 0.0000
vertex -24.3277 15.8022 0.0000
vertex -23.8671 15.2019 0.0000
endloop
endfacet
facet normal 0.608761 0.793353 0.000000
outer loop
vertex -24.3277 15.8022 0.0000
vertex -24.9279 16.2628 0.0000
vertex -24.9279 16.2628 20.1465
endloop
endfacet
facet normal 0.608761 0.793353 -0.000000
outer loop
vertex -24.3277 15.8022 0.0000
vertex -24.9279 16.2628 20.1465
vertex -24.3277 15.8022 20.1465
endloop
endfacet
facet normal 0.000000 0.000000 1.000000
outer loop
vertex -26.3771 13.7527 20.1465
vertex -24.3277 15.8022 20.1465
vertex -24.9279 16.2628 20.1465
endloop
endfacet
facet normal 0.000000 0.000000 -1.000000
outer loop
vertex -26.3771 13.7527 0.0000
vertex -24.9279 16.2628 0.0000
vertex -24.3277 15.8022 0.0000
endloop
endfacet
facet normal 0.382683 0.923880 0.000000
outer loop
vertex -24.9279 16.2628 0.0000
vertex -25.6270 16.5523 0.0000
vertex -25.6270 16.5523 20.1465
endloop
endfacet
facet normal 0.382683 0.923880 -0.000000
outer loop
vertex -24.9279 16.2628 0.0000
vertex -25.6270 16.5523 20.1465
vertex -24.9279 16.2628 20.1465
endloop
endfacet
facet normal 0.000000 0.000000 1.000000
outer loop
vertex -26.3771 13.7527 20.1465
vertex -24.9279 16.2628 20.1465
vertex -25.6270 16.5523 20.1465
endloop
endfacet
facet normal 0.000000 0.000000 -1.000000
outer loop
vertex -26.3771 13.7527 0.0000
vertex -25.6270 16.5523 0.0000
vertex -24.9279 16.2628 0.0000
endloop
endfacet
facet normal 0.130526 0.991445 0.000000
outer loop
vertex -25.6270 16.5523 0.0000
vertex -26.3771 16.6511 0.0000
vertex -26.3771 16.6511 20.1465
endloop
endfacet
facet normal 0.130526 0.991445 -0.000000
outer loop
vertex -25.6270 16.5523 0.0000
vertex -26.3771 16.6511 20.1465
vertex -25.6270 16.5523 20.1465
endloop
endfacet
facet normal 0.000000 0.000000 1.000000
outer loop
vertex -26.3771 13.7527 20.1465
vertex -25.6270 16.5523 20.1465
vertex -26.3771 16.6511 20.1465
endloop
endfacet
facet normal 0.000000 0.000000 -1.000000
outer loop
vertex -26.3771 13.7527 0.0000
vertex -26.3771 16.6511 0.0000
vertex -25.6270 16.5523 0.0000
endloop
endfacet
facet normal -0.130526 0.991445 0.000000
outer loop
vertex -26.3771 16.6511 0.0000
vertex -27.1273 16.5523 0.0000
vertex -27.1273 16.5523 20.1465
endloop
endfacet
facet normal -0.130526 0.991445 0.000000
outer loop
vertex -26.3771 16.6511 0.0000
vertex -27.1273 16.5523 20.1465
vertex -26.3771 16.6511 20.1465
endloop
endfacet
facet normal 0.000000 -0.000000 1.000000
outer loop
vertex -26.3771 13.7527 20.1465
vertex -26.3771 16.6511 20.1465
vertex -27.1273 16.5523 20.1465
endloop
endfacet
facet normal 0.000000 0.000000 -1.000000
outer loop
vertex -26.3771 13.7527 0.0000
vertex -27.1273 16.5523 0.0000
vertex -26.3771 16.6511 0.0000
endloop
endfacet
facet normal -0.382683 0.923880 0.000000
outer loop
vertex -27.1273 16.5523 0.0000
vertex -27.8263 16.2628 0.0000
vertex -27.8263 16.2628 20.1465
endloop
endfacet
facet normal -0.382683 0.923880 0.000000
outer loop
vertex -27.1273 16.5523 0.0000
vertex -27.8263 16.2628 20.1465
vertex -27.1273 16.5523 20.1465
endloop
endfacet
facet normal 0.000000 0.000000 1.000000
outer loop
vertex -26.3771 13.7527 20.1465
vertex -27.1273 16.5523 20.1465
vertex -27.8263 16.2628 20.1465
endloop
endfacet
facet normal 0.000000 0.000000 -1.000000
outer loop
vertex -26.3771 13.7527 0.0000
vertex -27.8263 16.2628 0.0000
vertex -27.1273 16.5523 0.0000
endloop
endfacet
facet normal -0.608761 0.793353 0.000000
outer loop
vertex -27.8263 16.2628 0.0000
vertex -28.4266 15.8022 0.0000
vertex -28.4266 15.8022 20.1465
endloop
endfacet
facet normal -0.608761 0.793353 0.000000
outer loop
vertex -27.8263 16.2628 0.0000
vertex -28.4266 15.8022 20.1465
vertex -27.8263 16.2628 20.1465
endloop
endfacet
facet normal 0.000000 0.000000 1.000000
outer loop
vertex -26.3771 13.7527 20.1465
vertex -27.8263 16.2628 20.1465
vertex -28.4266 15.8022 20.1465
endloop
endfacet
facet normal 0.000000 0.000000 -1.000000
outer loop
vertex -26.3771 13.7527 0.0000
vertex -28.4266 15.8022 0.0000
vertex -27.8263 16.2628 0.0000
endloop
endfacet
facet normal -0.793353 0.608761 0.000000
outer loop
vertex -28.4266 15.8022 0.0000
vertex -28.8872 15.2019 0.0000
vertex -28.8872 15.2019 20.1465
endloop
endfacet
facet normal -0.793353 0.608761 0.000000
outer loop
vertex -28.4266 15.8022 0.0000
vertex -28.8872 15.2019 20.1465
vertex -28.4266 15.8022 20.1465
endloop
endfacet
facet normal 0.000000 0.000000 1.000000
outer loop
vertex -26.3771 13.7527 20.1465
vertex -28.4266 15.8022 20.1465
vertex -28.8872 15.2019 20.1465
endloop
endfacet
facet normal 0.000000 0.000000 -1.000000
outer loop
vertex -26.3771 13.7527 0.0000
vertex -28.8872 15.2019 0.0000
vertex -28.4266 15.8022 0.0000
endloop
endfacet
facet normal -0.923880 0.382683 0.000000
outer loop
vertex -28.8872 15.2019 0.0000
vertex -29.1767 14.5029 0.0000
vertex -29.1767 14.5029 20.1465
endloop
endfacet
facet normal -0.923880 0.382683 0.000000
outer loop
vertex -28.8872 15.2019 0.0000
vertex -29.1767 14.5029 20.1465
vertex -28.8872 15.2019 20.1465
endloop
endfacet
facet normal 0.000000 0.000000 1.000000
outer loop
vertex -26.3771 13.7527 20.1465
vertex -28.8872 15.2019 20.1465
vertex -29.1767 14.5029 20.1465
endloop
endfacet
facet normal 0.000000 0.000000 -1.000000
outer loop
vertex -26.3771 13.7527 0.0000
vertex -29.1767 14.5029 0.0000
vertex -28.8872 15.2019 0.0000
endloop
endfacet
facet normal -0.991445 0.130526 0.000000
outer loop
vertex -29.1767 14.5029 0.0000
vertex -29.2755 13.7527 0.0000
vertex -29.2755 13.7527 20.1465
endloop
endfacet
facet normal -0.991445 0.130526 0.000000
outer loop
vertex -29.1767 14.5029 0.0000
vertex -29.2755 13.7527 20.1465
vertex -29.1767 14.5029 20.1465
endloop
endfacet
facet normal 0.000000 0.000000 1.000000
outer loop
vertex -26.3771 13.7527 20.1465
vertex -29.1767 14.5029 20.1465
vertex -29.2755 13.7527 20.1465
endloop
endfacet
facet normal 0.000000 0.000000 -1.000000
outer loop
vertex -26.3771 13.7527 0.0000
vertex -29.2755 13.7527 0.0000
vertex -29.1767 14.5029 0.0000
endloop
endfacet
facet normal -0.991445 -0.130526 0.000000
outer loop
vertex -29.2755 13.7527 0.0000
vertex -29.1767 13.0026 0.0000
vertex -29.1767 13.0026 20.1465
endloop
endfacet
facet normal -0.991445 -0.130526 0.000000
outer loop
vertex -29.2755 13.7527 0.0000
vertex -29.1767 13.0026 20.1465
vertex -29.2755 13.7527 20.1465
endloop
endfacet
facet normal 0.000000 0.000000 1.000000
outer loop
vertex -26.3771 13.7527 20.1465
vertex -29.2755 13.7527 20.1465
vertex -29.1767 13.0026 20.1465
endloop
endfacet
facet normal -0.000000 0.000000 -1.000000
outer loop
vertex -26.3771 13.7527 0.0000
vertex -29.1767 13.0026 0.0000
vertex -29.2755 13.7527 0.0000
endloop
endfacet
facet normal -0.923880 -0.382683 0.000000
outer loop
vertex -29.1767 13.0026 0.0000
vertex -28.8872 12.3036 0.0000
vertex -28.8872 12.3036 20.1465
endloop
endfacet
facet normal -0.923880 -0.382683 0.000000
outer loop
vertex -29.1767 13.0026 0.0000
vertex -28.8872 12.3036 20.1465
vertex -29.1767 13.0026 20.1465
endloop
endfacet
facet normal 0.000000 0.000000 1.000000
outer loop
vertex -26.3771 13.7527 20.1465
vertex -29.1767 13.0026 20.1465
vertex -28.8872 12.3036 20.1465
endloop
endfacet
facet normal 0.000000 0.000000 -1.000000
outer loop
vertex -26.3771 13.7527 0.0000
vertex -28.8872 12.3036 0.0000
vertex -29.1767 13.0026 0.0000
endloop
endfacet
facet normal -0.793353 -0.608761 0.000000
outer loop
vertex -28.8872 12.3036 0.0000
vertex -28.4266 11.7033 0.0000
vertex -28.4266 11.7033 20.1465
endloop
endfacet
facet normal -0.793353 -0.608761 0.000000
outer loop
vertex -28.8872 12.3036 0.0000
vertex -28.4266 11.7033 20.1465
vertex -28.8872 12.3036 20.1465
endloop
endfacet
facet normal 0.000000 0.000000 1.000000
outer loop
vertex -26.3771 13.7527 20.1465
vertex -28.8872 12.3036 20.1465
vertex -28.4266 11.7033 20.1465
endloop
endfacet
facet normal 0.000000 0.000000 -1.000000
outer loop
vertex -26.3771 13.7527 0.0000
vertex -28.4266 11.7033 0.0000
vertex -28.8872 12.3036 0.0000
endloop
endfacet
facet normal -0.608761 -0.793353 0.000000
outer loop
vertex -28.4266 11.7033 0.0000
vertex -27.8263 11.2427 0.0000
vertex -27.8263 11.2427 20.1465
endloop
endfacet
facet normal -0.608761 -0.793353 0.000000
outer loop
vertex -28.4266 11.7033 0.0000
vertex -27.8263 11.2427 20.1465
vertex -28.4266 11.7033 20.1465
endloop
endfacet
facet normal 0.000000 0.000000 1.000000
outer loop
vertex -26.3771 13.7527 20.1465
vertex -28.4266 11.7033 20.1465
vertex -27.8263 11.2427 20.1465
endloop
endfacet
facet normal 0.000000 0.000000 -1.000000
outer loop
vertex -26.3771 13.7527 0.0000
vertex -27.8263 11.2427 0.0000
vertex -28.4266 11.7033 0.0000
endloop
endfacet
facet normal -0.382683 -0.923880 0.000000
outer loop
vertex -27.8263 11.2427 0.0000
vertex -27.1273 10.9531 0.0000
vertex -27.1273 10.9531 20.1465
endloop
endfacet
facet normal -0.382683 -0.923880 0.000000
outer loop
vertex -27.8263 11.2427 0.0000
vertex -27.1273 10.9531 20.1465
vertex -27.8263 11.2427 20.1465
endloop
endfacet
facet normal 0.000000 0.000000 1.000000
outer loop
vertex -26.3771 13.7527 20.1465
vertex -27.8263 11.2427 20.1465
vertex -27.1273 10.9531 20.1465
endloop
endfacet
facet normal 0.000000 0.000000 -1.000000
outer loop
vertex -26.3771 13.7527 0.0000
vertex -27.1273 10.9531 0.0000
vertex -27.8263 11.2427 0.0000
endloop
endfacet
facet normal -0.130526 -0.991445 0.000000
outer loop
vertex -27.1273 10.9531 0.0000
vertex -26.3771 10.8544 0.0000
vertex -26.3771 10.8544 20.1465
endloop
endfacet
facet normal -0.130526 -0.991445 0.000000
outer loop
vertex -27.1273 10.9531 0.0000
vertex -26.3771 10.8544 20.1465
vertex -27.1273 10.9531 20.1465
endloop
endfacet
facet normal 0.000000 0.000000 1.000000
outer loop
vertex -26.3771 13.7527 20.1465
vertex -27.1273 10.9531 20.1465
vertex -26.3771 10.8544 20.1465
endloop
endfacet
facet normal 0.000000 -0.000000 -1.000000
outer loop
vertex -26.3771 13.7527 0.0000
vertex -26.3771 10.8544 0.0000
vertex -27.1273 10.9531 0.0000
endloop
endfacet
facet normal 0.130526 -0.991445 0.000000
outer loop
vertex -26.3771 10.8544 0.0000
vertex -25.6270 10.9531 0.0000
vertex -25.6270 10.9531 20.1465
endloop
endfacet
facet normal 0.130526 -0.991445 0.000000
outer loop
vertex -26.3771 10.8544 0.0000
vertex -25.6270 10.9531 20.1465
vertex -26.3771 10.8544 20.1465
endloop
endfacet
facet normal 0.000000 0.000000 1.000000
outer loop
vertex -26.3771 13.7527 20.1465
vertex -26.3771 10.8544 20.1465
vertex -25.6270 10.9531 20.1465
endloop
endfacet
facet normal 0.000000 0.000000 -1.000000
outer loop
vertex -26.3771 13.7527 0.0000
vertex -25.6270 10.9531 0.0000
vertex -26.3771 10.8544 0.0000
endloop
endfacet
facet normal 0.382683 -0.923880 0.000000
outer loop
vertex -25.6270 10.9531 0.0000
vertex -24.9279 11.2427 0.0000
vertex -24.9279 11.2427 20.1465
endloop
endfacet
facet normal 0.382683 -0.923880 0.000000
outer loop
vertex -25.6270 10.9531 0.0000
vertex -24.9279 11.2427 20.1465
vertex -25.6270 10.9531 20.1465
endloop
endfacet
facet normal 0.000000 0.000000 1.000000
outer loop
vertex -26.3771 13.7527 20.1465
vertex -25.6270 10.9531 20.1465
vertex -24.9279 11.2427 20.1465
endloop
endfacet
facet normal 0.000000 0.000000 -1.000000
outer loop
vertex -26.3771 13.7527 0.0000
vertex -24.9279 11.2427 0.0000
vertex -25.6270 10.9531 0.0000
endloop
endfacet
facet normal 0.608761 -0.793353 0.000000
outer loop
vertex -24.9279 11.2427 0.0000
vertex -24.3277 11.7033 0.0000
vertex -24.3277 11.7033 20.1465
endloop
endfacet
facet normal 0.608761 -0.793353 0.000000
outer loop
vertex -24.9279 11.2427 0.0000
vertex -24.3277 11.7033 20.1465
vertex -24.9279 11.2427 20.1465
endloop
endfacet
facet normal 0.000000 0.000000 1.000000
outer loop
vertex -26.3771 13.7527 20.1465
vertex -24.9279 11.2427 20.1465
vertex -24.3277 11.7033 20.1465
endloop
endfacet
facet normal 0.000000 0.000000 -1.000000
outer loop
vertex -26.3771 13.7527 0.0000
vertex -24.3277 11.7033 0.0000
vertex -24.9279 11.2427 0.0000
endloop
endfacet
facet normal 0.793353 -0.608761 0.000000
outer loop
vertex -24.3277 11.7033 0.0000
vertex -23.8671 12.3036 0.0000
vertex -23.8671 12.3036 20.1465
endloop
endfacet
facet normal 0.793353 -0.608761 0.000000
outer loop
vertex -24.3277 11.7033 0.0000
vertex -23.8671 12.3036 20.1465
vertex -24.3277 11.7033 20.1465
endloop
endfacet
facet normal 0.000000 0.000000 1.000000
outer loop
vertex -26.3771 13.7527 20.1465
vertex -24.3277 11.7033 20.1465
vertex -23.8671 12.3036 20.1465
endloop
endfacet
facet normal 0.000000 0.000000 -1.000000
outer loop
vertex -26.3771 13.7527 0.0000
vertex -23.8671 12.3036 0.0000
vertex -24.3277 11.7033 0.0000
endloop
endfacet
facet normal 0.923880 -0.382683 0.000000
outer loop
vertex -23.8671 12.3036 0.0000
vertex -23.5775 13.0026 0.0000
vertex -23.5775 13.0026 20.1465
endloop
endfacet
facet normal 0.923880 -0.382683 0.000000
outer loop
vertex -23.8671 12.3036 0.0000
vertex -23.5775 13.0026 20.1465
vertex -23.8671 12.3036 20.1465
endloop
endfacet
facet normal 0.000000 0.000000 1.000000
outer loop
vertex -26.3771 13.7527 20.1465
vertex -23.8671 12.3036 20.1465
vertex -23.5775 13.0026 20.1465
endloop
endfacet
facet normal 0.000000 0.000000 -1.000000
outer loop
vertex -26.3771 13.7527 0.0000
vertex -23.5775 13.0026 0.0000
vertex -23.8671 12.3036 0.0000
endloop
endfacet
facet normal 0.991445 -0.130526 0.000000
outer loop
vertex -23.5775 13.0026 0.0000
vertex -23.4788 13.7527 0.0000
vertex -23.4788 13.7527 20.1465
endloop
endfacet
facet normal 0.991445 -0.130526 0.000000
outer loop
vertex -23.5775 13.0026 0.0000
vertex -23.4788 13.7527 20.1465
vertex -23.5775 13.0026 20.1465
endloop
endfacet
facet normal -0.000000 0.000000 1.000000
outer loop
vertex -26.3771 13.7527 20.1465
vertex -23.5775 13.0026 20.1465
vertex -23.4788 13.7527 20.1465
endloop
endfacet
facet normal 0.000000 0.000000 -1.000000
outer loop
vertex -26.3771 13.7527 0.0000
vertex -23.4788 13.7527 0.0000
vertex -23.5775 13.0026 0.0000
endloop
endfacet
facet normal 0.991445 0.130526 0.000000
outer loop
vertex 18.2637 -26.9044 0.0000
vertex 18.1741 -26.2235 0.0000
vertex 18.1741 -26.2235 9.2576
endloop
endfacet
facet normal 0.991445 0.130526 -0.000000
outer loop
vertex 18.2637 -26.9044 0.0000
vertex 18.1741 -26.2235 9.2576
vertex 18.2637 -26.9044 9.2576
endloop
endfacet
facet normal 0.000000 0.000000 1.000000
outer loop
vertex 15.6329 -26.9044 9.2576
vertex 18.2637 -26.9044 9.2576
vertex 18.1741 -26.2235 9.2576
endloop
endfacet
facet normal 0.000000 0.000000 -1.000000
outer loop
vertex 15.6329 -26.9044 0.0000
vertex 18.1741 -26.2235 0.0000
vertex 18.2637 -26.9044 0.0000
endloop
endfacet
facet normal 0.923880 0.382683 0.000000
outer loop
vertex 18.1741 -26.2235 0.0000
vertex 17.9112 -25.5890 0.0000
vertex 17.9112 -25.5890 9.2576
endloop
endfacet
facet normal 0.923880 0.382683 -0.000000
outer loop
vertex 18.1741 -26.2235 0.0000
vertex 17.9112 -25.5890 9.2576
vertex 18.1741 -26.2235 9.2576
endloop
endfacet
facet normal 0.000000 0.000000 1.000000
outer loop
vertex 15.6329 -26.9044 9.2576
vertex 18.1741 -26.2235 9.2576
vertex 17.9112 -25.5890 9.2576
endloop
endfacet
facet normal 0.000000 0.000000 -1.000000
outer loop
vertex 15.6329 -26.9044 0.0000
vertex 17.9112 -25.5890 0.0000
vertex 18.1741 -26.2235 0.0000
endloop
endfacet
facet normal 0.793353 0.608761 0.000000
outer loop
vertex 17.9112 -25.5890 0.0000
vertex 17.4932 -25.0442 0.0000
vertex 17.4932 -25.0442 9.2576
endloop
endfacet
facet normal 0.793353 0.608761 -0.000000
outer loop
vertex 17.9112 -25.5890 0.0000
vertex 17.4932 -25.0442 9.2576
vertex 17.9112 -25.5890 9.2576
endloop
endfacet
facet normal 0.000000 0.000000 1.000000
outer loop
vertex 15.6329 -26.9044 9.2576
vertex 17.9112 -25.5890 9.2576
vertex 17.4932 -25.0442 9.2576
endloop
endfacet
facet normal 0.000000 0.000000 -1.000000
outer loop
vertex 15.6329 -26.9044 0.0000
vertex 17.4932 -25.0442 0.0000
vertex 17.9112 -25.5890 0.0000
endloop
endfacet
facet normal 0.608761 0.793353 0.000000
outer loop
vertex 17.4932 -25.0442 0.0000
vertex 16.9483 -24.6261 0.0000
vertex 16.9483 -24.6261 9.2576
endloop
endfacet
facet normal 0.608761 0.793353 -0.000000
outer loop
vertex 17.4932 -25.0442 0.0000
vertex 16.9483 -24.6261 9.2576
vertex 17.4932 -25.0442 9.2576
endloop
endfacet
facet normal 0.000000 0.000000 1.000000
outer loop
vertex 15.6329 -26.9044 9.2576
vertex 17.4932 -25.0442 9.2576
vertex 16.9483 -24.6261 9.2576
endloop
endfacet
facet normal 0.000000 0.000000 -1.000000
outer loop
vertex 15.6329 -26.9044 0.0000
vertex 16.9483 -24.6261 0.0000
vertex 17.4932 -25.0442 0.0000
endloop
endfacet
facet normal 0.382683 0.923880 0.000000
outer loop
vertex 16.9483 -24.6261 0.0000
vertex 16.3138 -24.3633 0.0000
vertex 16.3138 -24.3633 9.2576
endloop
endfacet
facet normal 0.382683 0.923880 -0.000000
outer loop
vertex 16.9483 -24.6261 0.0000
vertex 16.3138 -24.3633 9.2576
vertex 16.9483 -24.6261 9.2576
endloop
endfacet
facet normal 0.000000 0.000000 1.000000
outer loop
vertex 15.6329 -26.9044 9.2576
vertex 16.9483 -24.6261 9.2576
vertex 16.3138 -24.3633 9.2576
endloop
endfacet
facet normal 0.000000 0.000000 -1.000000
outer loop
vertex 15.6329 -26.9044 0.0000
vertex 16.3138 -24.3633 0.0000
vertex 16.9483 -24.6261 0.0000
endloop
endfacet
facet normal 0.130526 0.991445 0.000000
outer loop
vertex 16.3138 -24.3633 0.0000
vertex 15.6329 -24.2736 0.0000
vertex 15.6329 -24.2736 9.2576
endloop
endfacet
facet normal 0.130526 0.991445 -0.000000
outer loop
vertex 16.3138 -24.3633 0.0000
vertex 15.6329 -24.2736 9.2576
vertex 16.3138 -24.3633 9.2576
endloop
endfacet
facet normal 0.000000 0.000000 1.000000
outer loop
vertex 15.6329 -26.9044 9.2576
vertex 16.3138 -24.3633 9.2576
vertex 15.6329 -24.2736 9.2576
endloop
endfacet
facet normal 0.000000 0.000000 -1.000000
outer loop
vertex 15.6329 -26.9044 0.0000
vertex 15.6329 -24.2736 0.0000
vertex 16.3138 -24.3633 0.0000
endloop
endfacet
facet normal -0.130526 0.991445 0.000000
outer loop
vertex 15.6329 -24.2736 0.0000
vertex 14.9520 -24.3633 0.0000
vertex 14.9520 -24.3633 9.2576
endloop
endfacet
facet normal -0.130526 0.991445 0.000000
outer loop
vertex 15.6329 -24.2736 0.0000
vertex 14.9520 -24.3633 9.2576
vertex 15.6329 -24.2736 9.2576
endloop
endfacet
facet normal 0.000000 -0.000000 1.000000
outer loop
vertex 15.6329 -26.9044 9.2576
vertex 15.6329 -24.2736 9.2576
vertex 14.9520 -24.3633 9.2576
endloop
endfacet
facet normal 0.000000 0.000000 -1.000000
outer loop
vertex 15.6329 -26.9044 0.0000
vertex 14.9520 -24.3633 0.0000
vertex 15.6329 -24.2736 0.0000
endloop
endfacet
facet normal -0.382683 0.923880 0.000000
outer loop
vertex 14.9520 -24.3633 0.0000
vertex 14.3175 -24.6261 0.0000
vertex 14.3175 -24.6261 9.2576
endloop
endfacet
facet normal -0.382683 0.923880 0.000000
outer loop
vertex 14.9520 -24.3633 0.0000
vertex 14.3175 -24.6261 9.2576
vertex 14.9520 -24.3633 9.2576
endloop
endfacet
facet normal 0.000000 0.000000 1.000000
outer loop
vertex 15.6329 -26.9044 9.2576
vertex 14.9520 -24.3633 9.2576
vertex 14.3175 -24.6261 9.2576
endloop
endfacet
facet normal 0.000000 0.000000 -1.000000
outer loop
vertex 15.6329 -26.9044 0.0000
vertex 14.3175 -24.6261 0.0000
vertex 14.9520 -24.3633 0.0000
endloop
endfacet
facet normal -0.608761 0.793353 0.000000
outer loop
vertex 14.3175 -24.6261 0.0000
vertex 13.7727 -25.0442 0.0000
vertex 13.7727 -25.0442 9.2576
endloop
endfacet
facet normal -0.608761 0.793353 0.000000
outer loop
vertex 14.3175 -24.6261 0.0000
vertex 13.7727 -25.0442 9.2576
vertex 14.3175 -24.6261 9.2576
endloop
endfacet
facet normal 0.000000 0.000000 1.000000
outer loop
vertex 15.6329 -26.9044 9.2576
vertex 14.3175 -24.6261 9.2576
vertex 13.7727 -25.0442 9.2576
endloop
endfacet
facet normal 0.000000 0.000000 -1.000000
outer loop
vertex 15.6329 -26.9044 0.0000
vertex 13.7727 -25.0442 0.0000
vertex 14.3175 -24.6261 0.0000
endloop
endfacet
facet normal -0.793353 0.608761 0.000000
outer loop
vertex 13.7727 -25.0442 0.0000
vertex 13.3546 -25.5890 0.0000
vertex 13.3546 -25.5890 9.2576
endloop
endfacet
facet normal -0.793353 0.608761 0.000000
outer loop
vertex 13.7727 -25.0442 0.0000
vertex 13.3546 -25.5890 9.2576
vertex 13.7727 -25.0442 9.2576
endloop
endfacet
facet normal 0.000000 0.000000 1.000000
outer loop
vertex 15.6329 -26.9044 9.2576
vertex 13.7727 -25.0442 9.2576
vertex 13.3546 -25.5890 9.2576
endloop
endfacet
facet normal 0.000000 0.000000 -1.000000
outer loop
vertex 15.6329 -26.9044 0.0000
vertex 13.3546 -25.5890 0.0000
vertex 13.7727 -25.0442 0.0000
endloop
endfacet
facet normal -0.923880 0.382683 0.000000
outer loop
vertex 13.3546 -25.5890 0.0000
vertex 13.0918 -26.2235 0.0000
vertex 13.0918 -26.2235 9.2576
endloop
endfacet
facet normal -0.923880 0.382683 0.000000
outer loop
vertex 13.3546 -25.5890 0.0000
vertex 13.0918 -26.2235 9.2576
vertex 13.3546 -25.5890 9.2576
endloop
endfacet
facet normal 0.000000 0.000000 1.000000
outer loop
vertex 15.6329 -26.9044 9.2576
vertex 13.3546 -25.5890 9.2576
vertex 13.0918 -26.2235 9.2576
endloop
endfacet
facet normal 0.000000 0.000000 -1.000000
outer loop
vertex 15.6329 -26.9044 0.0000
vertex 13.0918 -26.2235 0.0000
vertex 13.3546 -25.5890 0.0000
endloop
endfacet
facet normal -0.991445 0.130526 0.000000
outer loop
vertex 13.0918 -26.2235 0.0000
vertex 13.0021 -26.9044 0.0000
vertex 13.0021 -26.9044 9.2576
endloop
endfacet
facet normal -0.991445 0.130526 0.000000
outer loop
vertex 13.0918 -26.2235 0.0000
vertex 13.0021 -26.9044 9.2576
vertex 13.0918 -26.2235 9.2576
endloop
endfacet
facet normal 0.000000 0.000000 1.000000
outer loop
vertex 15.6329 -26.9044 9.2576
vertex 13.0918 -26.2235 9.2576
vertex 13.0021 -26.9044 9.2576
endloop
endfacet
facet normal 0.000000 0.000000 -1.000000
outer loop
vertex 15.6329 -26.9044 0.0000
vertex 13.0021 -26.9044 0.0000
vertex 13.0918 -26.2235 0.0000
endloop
endfacet
facet normal -0.991445 -0.130526 0.000000
outer loop
vertex 13.0021 -26.9044 0.0000
vertex 13.0918 -27.5853 0.0000
vertex 13.0918 -27.5853 9.2576
endloop
endfacet
facet normal -0.991445 -0.130526 0.000000
outer loop
vertex 13.0021 -26.9044 0.0000
vertex 13.0918 -27.5853 9.2576
vertex 13.0021 -26.9044 9.2576
endloop
endfacet
facet normal 0.000000 0.000000 1.000000
outer loop
vertex 15.6329 -26.9044 9.2576
vertex 13.0021 -26.9044 9.2576
vertex 13.0918 -27.5853 9.2576
endloop
endfacet
facet normal -0.000000 0.000000 -1.000000
outer loop
vertex 15.6329 -26.9044 0.0000
vertex 13.0918 -27.5853 0.0000
vertex 13.0021 -26.9044 0.0000
endloop
endfacet
facet normal -0.923880 -0.382683 0.000000
outer loop
vertex 13.0918 -27.5853 0.0000
vertex 13.3546 -28.2198 0.0000
vertex 13.3546 -28.2198 9.2576
endloop
endfacet
facet normal -0.923880 -0.382683 0.000000
outer loop
vertex 13.0918 -27.5853 0.0000
vertex 13.3546 -28.2198 9.2576
vertex 13.0918 -27.5853 9.2576
endloop
endfacet
facet normal 0.000000 0.000000 1.000000
outer loop
vertex 15.6329 -26.9044 9.2576
vertex 13.0918 -27.5853 9.2576
vertex 13.3546 -28.2198 9.2576
endloop
endfacet
facet normal 0.000000 0.000000 -1.000000
outer loop
vertex 15.6329 -26.9044 0.0000
vertex 13.3546 -28.2198 0.0000
vertex 13.0918 -27.5853 0.0000
endloop
endfacet
facet normal -0.793353 -0.608761 0.000000
outer loop
vertex 13.3546 -28.2198 0.0000
vertex 13.7727 -28.7647 0.0000
vertex 13.7727 -28.7647 9.2576
endloop
endfacet
facet normal -0.793353 -0.608761 0.000000
outer loop
vertex 13.3546 -28.2198 0.0000
vertex 13.7727 -28.7647 9.2576
vertex 13.3546 -28.2198 9.2576
endloop
endfacet
facet normal 0.000000 0.000000 1.000000
outer loop
vertex 15.6329 -26.9044 9.2576
vertex 13.3546 -28.2198 9.2576
vertex 13.7727 -28.7647 9.2576
endloop
endfacet
facet normal 0.000000 0.000000 -1.000000
outer loop
vertex 15.6329 -26.9044 0.0000
vertex 13.7727 -28.7647 0.0000
vertex 13.3546 -28.2198 0.0000
endloop
endfacet
facet normal -0.608761 -0.793353 0.000000
outer loop
vertex 13.7727 -28.7647 0.0000
vertex 14.3175 -29.1827 0.0000
vertex 14.3175 -29.1827 9.2576
endloop
endfacet
facet normal -0.608761 -0.793353 0.000000
outer loop
vertex 13.7727 -28.7647 0.0000
vertex 14.3175 -29.1827 9.2576
vertex 13.7727 -28.7647 9.2576
endloop
endfacet
facet normal 0.000000 0.000000 1.000000
outer loop
vertex 15.6329 -26.9044 9.2576
vertex 13.7727 -28.7647 9.2576
vertex 14.3175 -29.1827 9.2576
endloop
endfacet
facet normal 0.000000 0.000000 -1.000000
outer loop
vertex 15.6329 -26.9044 0.0000
vertex 14.3175 -29.1827 0.0000
vertex 13.7727 -28.7647 0.0000
endloop
endfacet
facet normal -0.382683 -0.923880 0.000000
outer loop
vertex 14.3175 -29.1827 0.0000
vertex 14.9520 -29.4456 0.0000
vertex 14.9520 -29.4456 9.2576
endloop
endfacet
facet normal -0.382683 -0.923880 0.000000
outer loop
vertex 14.3175 -29.1827 0.0000
vertex 14.9520 -29.4456 9.2576
vertex 14.3175 -29.1827 9.2576
endloop
endfacet
facet normal 0.000000 0.000000 1.000000
outer loop
vertex 15.6329 -26.9044 9.2576
vertex 14.3175 -29.1827 9.2576
vertex 14.9520 -29.4456 9.2576
endloop
endfacet
facet normal 0.000000 0.000000 -1.000000
outer loop
vertex 15.6329 -26.9044 0.0000
vertex 14.9520 -29.4456 0.0000
vertex 14.3175 -29.1827 0.0000
endloop
endfacet
facet normal -0.130526 -0.991445 0.000000
outer loop
vertex 14.9520 -29.4456 0.0000
vertex 15.6329 -29.5352 0.0000
vertex 15.6329 -29.5352 9.2576
endloop
endfacet
facet normal -0.130526 -0.991445 0.000000
outer loop
vertex 14.9520 -29.4456 0.0000
vertex 15.6329 -29.5352 9.2576
vertex 14.9520 -29.4456 9.2576
endloop
endfacet
facet normal 0.000000 0.000000 1.000000
outer loop
vertex 15.6329 -26.9044 9.2576
vertex 14.9520 -29.4456 9.2576
vertex 15.6329 -29.5352 9.2576
endloop
endfacet
facet normal 0.000000 -0.000000 -1.000000
outer loop
vertex 15.6329 -26.9044 0.0000
vertex 15.6329 -29.5352 0.0000
vertex 14.9520 -29.4456 0.0000
endloop
endfacet
facet normal 0.130526 -0.991445 0.000000
outer loop
vertex 15.6329 -29.5352 0.0000
vertex 16.3138 -29.4456 0.0000
vertex 16.3138 -29.4456 9.2576
endloop
endfacet
facet normal 0.130526 -0.991445 0.000000
outer loop
vertex 15.6329 -29.5352 0.0000
vertex 16.3138 -29.4456 9.2576
vertex 15.6329 -29.5352 9.2576
endloop
endfacet
facet normal 0.000000 0.000000 1.000000
outer loop
vertex 15.6329 -26.9044 9.2576
vertex 15.6329 -29.5352 9.2576
vertex 16.3138 -29.4456 9.2576
endloop
endfacet
facet normal 0.000000 0.000000 -1.000000
outer loop
vertex 15.6329 -26.9044 0.0000
vertex 16.3138 -29.4456 0.0000
vertex 15.6329 -29.5352 0.0000
endloop
endfacet
facet normal 0.382683 -0.923880 0.000000
outer loop
vertex 16.3138 -29.4456 0.0000
vertex 16.9483 -29.1827 0.0000
vertex 16.9483 -29.1827 9.2576
endloop
endfacet
facet normal 0.382683 -0.923880 0.000000
outer loop
vertex 16.3138 -29.4456 0.0000
vertex 16.9483 -29.1827 9.2576
vertex 16.3138 -29.4456 9.2576
endloop
endfacet
facet normal 0.000000 0.000000 1.000000
outer loop
vertex 15.6329 -26.9044 9.2576
vertex 16.3138 -29.4456 9.2576
vertex 16.9483 -29.1827 9.2576
endloop
endfacet
facet normal 0.000000 0.000000 -1.000000
outer loop
vertex 15.6329 -26.9044 0.0000
vertex 16.9483 -29.1827 0.0000
vertex 16.3138 -29.4456 0.0000
endloop
endfacet
facet normal 0.608761 -0.793353 0.000000
outer loop
vertex 16.9483 -29.1827 0.0000
vertex 17.4932 -28.7647 0.0000
vertex 17.4932 -28.7647 9.2576
endloop
endfacet
facet normal 0.608761 -0.793353 0.000000
outer loop
vertex 16.9483 -29.1827 0.0000
vertex 17.4932 -28.7647 9.2576
vertex 16.9483 -29.1827 9.2576
endloop
endfacet
facet normal 0.000000 0.000000 1.000000
outer loop
vertex 15.6329 -26.9044 9.2576
vertex 16.9483 -29.1827 9.2576
vertex 17.4932 -28.7647 9.2576
endloop
endfacet
facet normal 0.000000 0.000000 -1.000000
outer loop
vertex 15.6329 -26.9044 0.0000
vertex 17.4932 -28.7647 0.0000
vertex 16.9483 -29.1827 0.0000
endloop
endfacet
facet normal 0.793353 -0.608761 0.000000
outer loop
vertex 17.4932 -28.7647 0.0000
vertex 17.9112 -28.2198 0.0000
vertex 17.9112 -28.2198 9.2576
endloop
endfacet
facet normal 0.793353 -0.608761 0.000000
outer loop
vertex 17.4932 -28.7647 0.0000
vertex 17.9112 -28.2198 9.2576
vertex 17.4932 -28.7647 9.2576
endloop
endfacet
facet normal 0.000000 0.000000 1.000000
outer loop
vertex 15.6329 -26.9044 9.2576
vertex 17.4932 -28.7647 9.2576
vertex 17.9112 -28.2198 9.2576
endloop
endfacet
facet normal 0.000000 0.000000 -1.000000
outer loop
vertex 15.6329 -26.9044 0.0000
vertex 17.9112 -28.2198 0.0000
vertex 17.4932 -28.7647 0.0000
endloop
endfacet
facet normal 0.923880 -0.382683 0.000000
outer loop
vertex 17.9112 -28.2198 0.0000
vertex 18.1741 -27.5853 0.0000
vertex 18.1741 -27.5853 9.2576
endloop
endfacet
facet normal 0.923880 -0.382683 0.000000
outer loop
vertex 17.9112 -28.2198 0.0000
vertex 18.1741 -27.5853 9.2576
vertex 17.9112 -28.2198 9.2576
endloop
endfacet
facet normal 0.000000 0.000000 1.000000
outer loop
vertex 15.6329 -26.9044 9.2576
vertex 17.9112 -28.2198 9.2576
vertex 18.1741 -27.5853 9.2576
endloop
endfacet
facet normal 0.000000 0.000000 -1.000000
outer loop
vertex 15.6329 -26.9044 0.0000
vertex 18.1741 -27.5853 0.0000
vertex 17.9112 -28.2198 0.0000
endloop
endfacet
facet normal 0.991445 -0.130526 0.000000
outer loop
vertex 18.1741 -27.5853 0.0000
vertex 18.2637 -26.9044 0.0000
vertex 18.2637 -26.9044 9.2576
endloop
endfacet
facet normal 0.991445 -0.130526 0.000000
outer loop
vertex 18.1741 -27.5853 0.0000
vertex 18.2637 -26.9044 9.2576
vertex 18.1741 -27.5853 9.2576
endloop
endfacet
facet normal -0.000000 0.000000 1.000000
outer loop
vertex 15.6329 -26.9044 9.2576
vertex 18.1741 -27.5853 9.2576
vertex 18.2637 -26.9044 9.2576
endloop
endfacet
facet normal 0.000000 0.000000 -1.000000
outer loop
vertex 15.6329 -26.9044 0.0000
vertex 18.2637 -26.9044 0.0000
vertex 18.1741 -27.5853 0.0000
endloop
endfacet
facet normal 0.986752 0.129908 0.097187
outer loop
vertex 0.3159 -24.6133 0.0000
vertex 0.1983 -23.7199 0.0000
vertex 0.1342 -23.7371 0.6734
endloop
endfacet
facet normal 0.986752 0.129908 0.097187
outer loop
vertex 0.3159 -24.6133 0.0000
vertex 0.1342 -23.7371 0.6734
vertex 0.2496 -24.6133 0.6734
endloop
endfacet
facet normal 0.919506 0.380872 0.097187
outer loop
vertex 0.1983 -23.7199 0.0000
vertex -0.1465 -22.8875 0.0000
vertex -0.2040 -22.9206 0.6734
endloop
endfacet
facet normal 0.919506 0.380872 0.097187
outer loop
vertex 0.1983 -23.7199 0.0000
vertex -0.2040 -22.9206 0.6734
vertex 0.1342 -23.7371 0.6734
endloop
endfacet
facet normal 0.789598 0.605880 0.097187
outer loop
vertex -0.1465 -22.8875 0.0000
vertex -0.6951 -22.1726 0.0000
vertex -0.7420 -22.2195 0.6734
endloop
endfacet
facet normal 0.789598 0.605880 0.097187
outer loop
vertex -0.1465 -22.8875 0.0000
vertex -0.7420 -22.2195 0.6734
vertex -0.2040 -22.9206 0.6734
endloop
endfacet
facet normal 0.605880 0.789598 0.097187
outer loop
vertex -0.6951 -22.1726 0.0000
vertex -1.4099 -21.6241 0.0000
vertex -1.4431 -21.6815 0.6734
endloop
endfacet
facet normal 0.605880 0.789598 0.097187
outer loop
vertex -0.6951 -22.1726 0.0000
vertex -1.4431 -21.6815 0.6734
vertex -0.7420 -22.2195 0.6734
endloop
endfacet
facet normal 0.380872 0.919506 0.097187
outer loop
vertex -1.4099 -21.6241 0.0000
vertex -2.2424 -21.2792 0.0000
vertex -2.2596 -21.3433 0.6734
endloop
endfacet
facet normal 0.380872 0.919506 0.097187
outer loop
vertex -1.4099 -21.6241 0.0000
vertex -2.2596 -21.3433 0.6734
vertex -1.4431 -21.6815 0.6734
endloop
endfacet
facet normal 0.129908 0.986752 0.097187
outer loop
vertex -2.2424 -21.2792 0.0000
vertex -3.1358 -21.1616 0.0000
vertex -3.1358 -21.2280 0.6734
endloop
endfacet
facet normal 0.129908 0.986752 0.097187
outer loop
vertex -2.2424 -21.2792 0.0000
vertex -3.1358 -21.2280 0.6734
vertex -2.2596 -21.3433 0.6734
endloop
endfacet
facet normal -0.129908 0.986752 0.097187
outer loop
vertex -3.1358 -21.1616 0.0000
vertex -4.0291 -21.2792 0.0000
vertex -4.0119 -21.3433 0.6734
endloop
endfacet
facet normal -0.129908 0.986752 0.097187
outer loop
vertex -3.1358 -21.1616 0.0000
vertex -4.0119 -21.3433 0.6734
vertex -3.1358 -21.2280 0.6734
endloop
endfacet
facet normal -0.380872 0.919506 0.097187
outer loop
vertex -4.0291 -21.2792 0.0000
vertex -4.8616 -21.6241 0.0000
vertex -4.8284 -21.6815 0.6734
endloop
endfacet
facet normal -0.380872 0.919506 0.097187
outer loop
vertex -4.0291 -21.2792 0.0000
vertex -4.8284 -21.6815 0.6734
vertex -4.0119 -21.3433 0.6734
endloop
endfacet
facet normal -0.605880 0.789598 0.097187
outer loop
vertex -4.8616 -21.6241 0.0000
vertex -5.5764 -22.1726 0.0000
vertex -5.5295 -22.2195 0.6734
endloop
endfacet
facet normal -0.605880 0.789598 0.097187
outer loop
vertex -4.8616 -21.6241 0.0000
vertex -5.5295 -22.2195 0.6734
vertex -4.8284 -21.6815 0.6734
endloop
endfacet
facet normal -0.789598 0.605880 0.097187
outer loop
vertex -5.5764 -22.1726 0.0000
vertex -6.1250 -22.8875 0.0000
vertex -6.0675 -22.9206 0.6734
endloop
endfacet
facet normal -0.789598 0.605880 0.097187
outer loop
vertex -5.5764 -22.1726 0.0000
vertex -6.0675 -22.9206 0.6734
vertex -5.5295 -22.2195 0.6734
endloop
endfacet
facet normal -0.919506 0.380872 0.097187
outer loop
vertex -6.1250 -22.8875 0.0000
vertex -6.4698 -23.7199 0.0000
vertex -6.4057 -23.7371 0.6734
endloop
endfacet
facet normal -0.919506 0.380872 0.097187
outer loop
vertex -6.1250 -22.8875 0.0000
vertex -6.4057 -23.7371 0.6734
vertex -6.0675 -22.9206 0.6734
endloop
endfacet
facet normal -0.986752 0.129908 0.097187
outer loop
vertex -6.4698 -23.7199 0.0000
vertex -6.5874 -24.6133 0.0000
vertex -6.5211 -24.6133 0.6734
endloop
endfacet
facet normal -0.986752 0.129908 0.097187
outer loop
vertex -6.4698 -23.7199 0.0000
vertex -6.5211 -24.6133 0.6734
vertex -6.4057 -23.7371 0.6734
endloop
endfacet
facet normal -0.986752 -0.129908 0.097187
outer loop
vertex -6.5874 -24.6133 0.0000
vertex -6.4698 -25.5066 0.0000
vertex -6.4057 -25.4895 0.6734
endloop
endfacet
facet normal -0.986752 -0.129908 0.097187
outer loop
vertex -6.5874 -24.6133 0.0000
vertex -6.4057 -25.4895 0.6734
vertex -6.5211 -24.6133 0.6734
endloop
endfacet
facet normal -0.919506 -0.380872 0.097187
outer loop
vertex -6.4698 -25.5066 0.0000
vertex -6.1250 -26.3391 0.0000
vertex -6.0675 -26.3059 0.6734
endloop
endfacet
facet normal -0.919506 -0.380872 0.097187
outer loop
vertex -6.4698 -25.5066 0.0000
vertex -6.0675 -26.3059 0.6734
vertex -6.4057 -25.4895 0.6734
endloop
endfacet
facet normal -0.789598 -0.605880 0.097187
outer loop
vertex -6.1250 -26.3391 0.0000
vertex -5.5764 -27.0540 0.0000
vertex -5.5295 -27.0071 0.6734
endloop
endfacet
facet normal -0.789598 -0.605880 0.097187
outer loop
vertex -6.1250 -26.3391 0.0000
vertex -5.5295 -27.0071 0.6734
vertex -6.0675 -26.3059 0.6734
endloop
endfacet
facet normal -0.605880 -0.789598 0.097187
outer loop
vertex -5.5764 -27.0540 0.0000
vertex -4.8616 -27.6025 0.0000
vertex -4.8284 -27.5450 0.6734
endloop
endfacet
facet normal -0.605880 -0.789598 0.097187
outer loop
vertex -5.5764 -27.0540 0.0000
vertex -4.8284 -27.5450 0.6734
vertex -5.5295 -27.0071 0.6734
endloop
endfacet
facet normal -0.380872 -0.919506 0.097187
outer loop
vertex -4.8616 -27.6025 0.0000
vertex -4.0291 -27.9473 0.0000
vertex -4.0119 -27.8832 0.6734
endloop
endfacet
facet normal -0.380872 -0.919506 0.097187
outer loop
vertex -4.8616 -27.6025 0.0000
vertex -4.0119 -27.8832 0.6734
vertex -4.8284 -27.5450 0.6734
endloop
endfacet
facet normal -0.129908 -0.986752 0.097187
outer loop
vertex -4.0291 -27.9473 0.0000
vertex -3.1358 -28.0649 0.0000
vertex -3.1358 -27.9986 0.6734
endloop
endfacet
facet normal -0.129908 -0.986752 0.097187
outer loop
vertex -4.0291 -27.9473 0.0000
vertex -3.1358 -27.9986 0.6734
vertex -4.0119 -27.8832 0.6734
endloop
endfacet
facet normal 0.129908 -0.986752 0.097187
outer loop
vertex -3.1358 -28.0649 0.0000
vertex -2.2424 -27.9473 0.0000
vertex -2.2596 -27.8832 0.6734
endloop
endfacet
facet normal 0.129908 -0.986752 0.097187
outer loop
vertex -3.1358 -28.0649 0.0000
vertex -2.2596 -27.8832 0.6734
vertex -3.1358 -27.9986 0.6734
endloop
endfacet
facet normal 0.380872 -0.919506 0.097187
outer loop
vertex -2.2424 -27.9473 0.0000
vertex -1.4099 -27.6025 0.0000
vertex -1.4431 -27.5450 0.6734
endloop
endfacet
facet normal 0.380872 -0.919506 0.097187
outer loop
vertex -2.2424 -27.9473 0.0000
vertex -1.4431 -27.5450 0.6734
vertex -2.2596 -27.8832 0.6734
endloop
endfacet
facet normal 0.605880 -0.789598 0.097187
outer loop
vertex -1.4099 -27.6025 0.0000
vertex -0.6951 -27.0540 0.0000
vertex -0.7420 -27.0071 0.6734
endloop
endfacet
facet normal 0.605880 -0.789598 0.097187
outer loop
vertex -1.4099 -27.6025 0.0000
vertex -0.7420 -27.0071 0.6734
vertex -1.4431 -27.5450 0.6734
endloop
endfacet
facet normal 0.789598 -0.605880 0.097187
outer loop
vertex -0.6951 -27.0540 0.0000
vertex -0.1465 -26.3391 0.0000
vertex -0.2040 -26.3059 0.6734
endloop
endfacet
facet normal 0.789598 -0.605880 0.097187
outer loop
vertex -0.6951 -27.0540 0.0000
vertex -0.2040 -26.3059 0.6734
vertex -0.7420 -27.0071 0.6734
endloop
endfacet
facet normal 0.919506 -0.380872 0.097187
outer loop
vertex -0.1465 -26.3391 0.0000
vertex 0.1983 -25.5066 0.0000
vertex 0.1342 -25.4895 0.6734
endloop
endfacet
facet normal 0.919506 -0.380872 0.097187
outer loop
vertex -0.1465 -26.3391 0.0000
vertex 0.1342 -25.4895 0.6734
vertex -0.2040 -26.3059 0.6734
endloop
endfacet
facet normal 0.986752 -0.129908 0.097187
outer loop
vertex 0.1983 -25.5066 0.0000
vertex 0.3159 -24.6133 0.0000
vertex 0.2496 -24.6133 0.6734
endloop
endfacet
facet normal 0.986752 -0.129908 0.097187
outer loop
vertex 0.1983 -25.5066 0.0000
vertex 0.2496 -24.6133 0.6734
vertex 0.1342 -25.4895 0.6734
endloop
endfacet
facet normal 0.949435 0.124996 0.288008
outer loop
vertex 0.2496 -24.6133 0.6734
vertex 0.1342 -23.7371 0.6734
vertex -0.0555 -23.7879 1.3209
endloop
endfacet
facet normal 0.949435 0.124996 0.288008
outer loop
vertex 0.2496 -24.6133 0.6734
vertex -0.0555 -23.7879 1.3209
vertex 0.0531 -24.6133 1.3209
endloop
endfacet
facet normal 0.884733 0.366468 0.288008
outer loop
vertex 0.1342 -23.7371 0.6734
vertex -0.2040 -22.9206 0.6734
vertex -0.3741 -23.0188 1.3209
endloop
endfacet
facet normal 0.884733 0.366468 0.288008
outer loop
vertex 0.1342 -23.7371 0.6734
vertex -0.3741 -23.0188 1.3209
vertex -0.0555 -23.7879 1.3209
endloop
endfacet
facet normal 0.759737 0.582967 0.288008
outer loop
vertex -0.2040 -22.9206 0.6734
vertex -0.7420 -22.2195 0.6734
vertex -0.8809 -22.3584 1.3209
endloop
endfacet
facet normal 0.759737 0.582967 0.288008
outer loop
vertex -0.2040 -22.9206 0.6734
vertex -0.8809 -22.3584 1.3209
vertex -0.3741 -23.0188 1.3209
endloop
endfacet
facet normal 0.582967 0.759737 0.288008
outer loop
vertex -0.7420 -22.2195 0.6734
vertex -1.4431 -21.6815 0.6734
vertex -1.5413 -21.8516 1.3209
endloop
endfacet
facet normal 0.582967 0.759737 0.288008
outer loop
vertex -0.7420 -22.2195 0.6734
vertex -1.5413 -21.8516 1.3209
vertex -0.8809 -22.3584 1.3209
endloop
endfacet
facet normal 0.366468 0.884733 0.288008
outer loop
vertex -1.4431 -21.6815 0.6734
vertex -2.2596 -21.3433 0.6734
vertex -2.3104 -21.5330 1.3209
endloop
endfacet
facet normal 0.366468 0.884733 0.288008
outer loop
vertex -1.4431 -21.6815 0.6734
vertex -2.3104 -21.5330 1.3209
vertex -1.5413 -21.8516 1.3209
endloop
endfacet
facet normal 0.124996 0.949435 0.288008
outer loop
vertex -2.2596 -21.3433 0.6734
vertex -3.1358 -21.2280 0.6734
vertex -3.1358 -21.4244 1.3209
endloop
endfacet
facet normal 0.124996 0.949435 0.288008
outer loop
vertex -2.2596 -21.3433 0.6734
vertex -3.1358 -21.4244 1.3209
vertex -2.3104 -21.5330 1.3209
endloop
endfacet
facet normal -0.124996 0.949435 0.288008
outer loop
vertex -3.1358 -21.2280 0.6734
vertex -4.0119 -21.3433 0.6734
vertex -3.9611 -21.5330 1.3209
endloop
endfacet
facet normal -0.124996 0.949435 0.288008
outer loop
vertex -3.1358 -21.2280 0.6734
vertex -3.9611 -21.5330 1.3209
vertex -3.1358 -21.4244 1.3209
endloop
endfacet
facet normal -0.366468 0.884733 0.288008
outer loop
vertex -4.0119 -21.3433 0.6734
vertex -4.8284 -21.6815 0.6734
vertex -4.7302 -21.8516 1.3209
endloop
endfacet
facet normal -0.366468 0.884733 0.288008
outer loop
vertex -4.0119 -21.3433 0.6734
vertex -4.7302 -21.8516 1.3209
vertex -3.9611 -21.5330 1.3209
endloop
endfacet
facet normal -0.582967 0.759737 0.288008
outer loop
vertex -4.8284 -21.6815 0.6734
vertex -5.5295 -22.2195 0.6734
vertex -5.3906 -22.3584 1.3209
endloop
endfacet
facet normal -0.582967 0.759737 0.288008
outer loop
vertex -4.8284 -21.6815 0.6734
vertex -5.3906 -22.3584 1.3209
vertex -4.7302 -21.8516 1.3209
endloop
endfacet
facet normal -0.759737 0.582967 0.288008
outer loop
vertex -5.5295 -22.2195 0.6734
vertex -6.0675 -22.9206 0.6734
vertex -5.8974 -23.0188 1.3209
endloop
endfacet
facet normal -0.759737 0.582967 0.288008
outer loop
vertex -5.5295 -22.2195 0.6734
vertex -5.8974 -23.0188 1.3209
vertex -5.3906 -22.3584 1.3209
endloop
endfacet
facet normal -0.884733 0.366468 0.288008
outer loop
vertex -6.0675 -22.9206 0.6734
vertex -6.4057 -23.7371 0.6734
vertex -6.2160 -23.7879 1.3209
endloop
endfacet
facet normal -0.884733 0.366468 0.288008
outer loop
vertex -6.0675 -22.9206 0.6734
vertex -6.2160 -23.7879 1.3209
vertex -5.8974 -23.0188 1.3209
endloop
endfacet
facet normal -0.949435 0.124996 0.288008
outer loop
vertex -6.4057 -23.7371 0.6734
vertex -6.5211 -24.6133 0.6734
vertex -6.3247 -24.6133 1.3209
endloop
endfacet
facet normal -0.949435 0.124996 0.288008
outer loop
vertex -6.4057 -23.7371 0.6734
vertex -6.3247 -24.6133 1.3209
vertex -6.2160 -23.7879 1.3209
endloop
endfacet
facet normal -0.949435 -0.124996 0.288008
outer loop
vertex -6.5211 -24.6133 0.6734
vertex -6.4057 -25.4895 0.6734
vertex -6.2160 -25.4386 1.3209
endloop
endfacet
facet normal -0.949435 -0.124996 0.288008
outer loop
vertex -6.5211 -24.6133 0.6734
vertex -6.2160 -25.4386 1.3209
vertex -6.3247 -24.6133 1.3209
endloop
endfacet
facet normal -0.884733 -0.366468 0.288008
outer loop
vertex -6.4057 -25.4895 0.6734
vertex -6.0675 -26.3059 0.6734
vertex -5.8974 -26.2077 1.3209
endloop
endfacet
facet normal -0.884733 -0.366468 0.288008
outer loop
vertex -6.4057 -25.4895 0.6734
vertex -5.8974 -26.2077 1.3209
vertex -6.2160 -25.4386 1.3209
endloop
endfacet
facet normal -0.759737 -0.582967 0.288008
outer loop
vertex -6.0675 -26.3059 0.6734
vertex -5.5295 -27.0071 0.6734
vertex -5.3906 -26.8682 1.3209
endloop
endfacet
facet normal -0.759737 -0.582967 0.288008
outer loop
vertex -6.0675 -26.3059 0.6734
vertex -5.3906 -26.8682 1.3209
vertex -5.8974 -26.2077 1.3209
endloop
endfacet
facet normal -0.582967 -0.759737 0.288008
outer loop
vertex -5.5295 -27.0071 0.6734
vertex -4.8284 -27.5450 0.6734
vertex -4.7302 -27.3749 1.3209
endloop
endfacet
facet normal -0.582967 -0.759737 0.288008
outer loop
vertex -5.5295 -27.0071 0.6734
vertex -4.7302 -27.3749 1.3209
vertex -5.3906 -26.8682 1.3209
endloop
endfacet
facet normal -0.366468 -0.884733 0.288008
outer loop
vertex -4.8284 -27.5450 0.6734
vertex -4.0119 -27.8832 0.6734
vertex -3.9611 -27.6935 1.3209
endloop
endfacet
facet normal -0.366468 -0.884733 0.288008
outer loop
vertex -4.8284 -27.5450 0.6734
vertex -3.9611 -27.6935 1.3209
vertex -4.7302 -27.3749 1.3209
endloop
endfacet
facet normal -0.124996 -0.949435 0.288008
outer loop
vertex -4.0119 -27.8832 0.6734
vertex -3.1358 -27.9986 0.6734
vertex -3.1358 -27.8022 1.3209
endloop
endfacet
facet normal -0.124996 -0.949435 0.288008
outer loop
vertex -4.0119 -27.8832 0.6734
vertex -3.1358 -27.8022 1.3209
vertex -3.9611 -27.6935 1.3209
endloop
endfacet
facet normal 0.124996 -0.949435 0.288008
outer loop
vertex -3.1358 -27.9986 0.6734
vertex -2.2596 -27.8832 0.6734
vertex -2.3104 -27.6935 1.3209
endloop
endfacet
facet normal 0.124996 -0.949435 0.288008
outer loop
vertex -3.1358 -27.9986 0.6734
vertex -2.3104 -27.6935 1.3209
vertex -3.1358 -27.8022 1.3209
endloop
endfacet
facet normal 0.366468 -0.884733 0.288008
outer loop
vertex -2.2596 -27.8832 0.6734
vertex -1.4431 -27.5450 0.6734
vertex -1.5413 -27.3749 1.3209
endloop
endfacet
facet normal 0.366468 -0.884733 0.288008
outer loop
vertex -2.2596 -27.8832 0.6734
vertex -1.5413 -27.3749 1.3209
vertex -2.3104 -27.6935 1.3209
endloop
endfacet
facet normal 0.582967 -0.759737 0.288008
outer loop
vertex -1.4431 -27.5450 0.6734
vertex -0.7420 -27.0071 0.6734
vertex -0.8809 -26.8682 1.3209
endloop
endfacet
facet normal 0.582967 -0.759737 0.288008
outer loop
vertex -1.4431 -27.5450 0.6734
vertex -0.8809 -26.8682 1.3209
vertex -1.5413 -27.3749 1.3209
endloop
endfacet
facet normal 0.759737 -0.582967 0.288008
outer loop
vertex -0.7420 -27.0071 0.6734
vertex -0.2040 -26.3059 0.6734
vertex -0.3741 -26.2077 1.3209
endloop
endfacet
facet normal 0.759737 -0.582967 0.288008
outer loop
vertex -0.7420 -27.0071 0.6734
vertex -0.3741 -26.2077 1.3209
vertex -0.8809 -26.8682 1.3209
endloop
endfacet
facet normal 0.884733 -0.366468 0.288008
outer loop
vertex -0.2040 -26.3059 0.6734
vertex 0.1342 -25.4895 0.6734
vertex -0.0555 -25.4386 1.3209
endloop
endfacet
facet normal 0.884733 -0.366468 0.288008
outer loop
vertex -0.2040 -26.3059 0.6734
vertex -0.0555 -25.4386 1.3209
vertex -0.3741 -26.2077 1.3209
endloop
endfacet
facet normal 0.949435 -0.124996 0.288008
outer loop
vertex 0.1342 -25.4895 0.6734
vertex 0.2496 -24.6133 0.6734
vertex 0.0531 -24.6133 1.3209
endloop
endfacet
facet normal 0.949435 -0.124996 0.288008
outer loop
vertex 0.1342 -25.4895 0.6734
vertex 0.0531 -24.6133 1.3209
vertex -0.0555 -25.4386 1.3209
endloop
endfacet
facet normal 0.876036 0.115332 0.468251
outer loop
vertex 0.0531 -24.6133 1.3209
vertex -0.0555 -23.7879 1.3209
vertex -0.3636 -23.8705 1.9176
endloop
endfacet
facet normal 0.876036 0.115332 0.468251
outer loop
vertex 0.0531 -24.6133 1.3209
vertex -0.3636 -23.8705 1.9176
vertex -0.2658 -24.6133 1.9176
endloop
endfacet
facet normal 0.816336 0.338137 0.468251
outer loop
vertex -0.0555 -23.7879 1.3209
vertex -0.3741 -23.0188 1.3209
vertex -0.6503 -23.1783 1.9176
endloop
endfacet
facet normal 0.816336 0.338137 0.468251
outer loop
vertex -0.0555 -23.7879 1.3209
vertex -0.6503 -23.1783 1.9176
vertex -0.3636 -23.8705 1.9176
endloop
endfacet
facet normal 0.701003 0.537899 0.468251
outer loop
vertex -0.3741 -23.0188 1.3209
vertex -0.8809 -22.3584 1.3209
vertex -1.1064 -22.5839 1.9176
endloop
endfacet
facet normal 0.701003 0.537899 0.468251
outer loop
vertex -0.3741 -23.0188 1.3209
vertex -1.1064 -22.5839 1.9176
vertex -0.6503 -23.1783 1.9176
endloop
endfacet
facet normal 0.537899 0.701003 0.468251
outer loop
vertex -0.8809 -22.3584 1.3209
vertex -1.5413 -21.8516 1.3209
vertex -1.7008 -22.1278 1.9176
endloop
endfacet
facet normal 0.537899 0.701003 0.468251
outer loop
vertex -0.8809 -22.3584 1.3209
vertex -1.7008 -22.1278 1.9176
vertex -1.1064 -22.5839 1.9176
endloop
endfacet
facet normal 0.338137 0.816336 0.468251
outer loop
vertex -1.5413 -21.8516 1.3209
vertex -2.3104 -21.5330 1.3209
vertex -2.3930 -21.8411 1.9176
endloop
endfacet
facet normal 0.338137 0.816336 0.468251
outer loop
vertex -1.5413 -21.8516 1.3209
vertex -2.3930 -21.8411 1.9176
vertex -1.7008 -22.1278 1.9176
endloop
endfacet
facet normal 0.115332 0.876036 0.468251
outer loop
vertex -2.3104 -21.5330 1.3209
vertex -3.1358 -21.4244 1.3209
vertex -3.1358 -21.7433 1.9176
endloop
endfacet
facet normal 0.115332 0.876036 0.468251
outer loop
vertex -2.3104 -21.5330 1.3209
vertex -3.1358 -21.7433 1.9176
vertex -2.3930 -21.8411 1.9176
endloop
endfacet
facet normal -0.115332 0.876036 0.468251
outer loop
vertex -3.1358 -21.4244 1.3209
vertex -3.9611 -21.5330 1.3209
vertex -3.8785 -21.8411 1.9176
endloop
endfacet
facet normal -0.115332 0.876036 0.468251
outer loop
vertex -3.1358 -21.4244 1.3209
vertex -3.8785 -21.8411 1.9176
vertex -3.1358 -21.7433 1.9176
endloop
endfacet
facet normal -0.338137 0.816336 0.468251
outer loop
vertex -3.9611 -21.5330 1.3209
vertex -4.7302 -21.8516 1.3209
vertex -4.5707 -22.1278 1.9176
endloop
endfacet
facet normal -0.338137 0.816336 0.468251
outer loop
vertex -3.9611 -21.5330 1.3209
vertex -4.5707 -22.1278 1.9176
vertex -3.8785 -21.8411 1.9176
endloop
endfacet
facet normal -0.537899 0.701003 0.468251
outer loop
vertex -4.7302 -21.8516 1.3209
vertex -5.3906 -22.3584 1.3209
vertex -5.1651 -22.5839 1.9176
endloop
endfacet
facet normal -0.537899 0.701003 0.468251
outer loop
vertex -4.7302 -21.8516 1.3209
vertex -5.1651 -22.5839 1.9176
vertex -4.5707 -22.1278 1.9176
endloop
endfacet
facet normal -0.701003 0.537899 0.468251
outer loop
vertex -5.3906 -22.3584 1.3209
vertex -5.8974 -23.0188 1.3209
vertex -5.6212 -23.1783 1.9176
endloop
endfacet
facet normal -0.701003 0.537899 0.468251
outer loop
vertex -5.3906 -22.3584 1.3209
vertex -5.6212 -23.1783 1.9176
vertex -5.1651 -22.5839 1.9176
endloop
endfacet
facet normal -0.816336 0.338137 0.468251
outer loop
vertex -5.8974 -23.0188 1.3209
vertex -6.2160 -23.7879 1.3209
vertex -5.9079 -23.8705 1.9176
endloop
endfacet
facet normal -0.816336 0.338137 0.468251
outer loop
vertex -5.8974 -23.0188 1.3209
vertex -5.9079 -23.8705 1.9176
vertex -5.6212 -23.1783 1.9176
endloop
endfacet
facet normal -0.876036 0.115332 0.468251
outer loop
vertex -6.2160 -23.7879 1.3209
vertex -6.3247 -24.6133 1.3209
vertex -6.0057 -24.6133 1.9176
endloop
endfacet
facet normal -0.876036 0.115332 0.468251
outer loop
vertex -6.2160 -23.7879 1.3209
vertex -6.0057 -24.6133 1.9176
vertex -5.9079 -23.8705 1.9176
endloop
endfacet
facet normal -0.876036 -0.115332 0.468251
outer loop
vertex -6.3247 -24.6133 1.3209
vertex -6.2160 -25.4386 1.3209
vertex -5.9079 -25.3561 1.9176
endloop
endfacet
facet normal -0.876036 -0.115332 0.468251
outer loop
vertex -6.3247 -24.6133 1.3209
vertex -5.9079 -25.3561 1.9176
vertex -6.0057 -24.6133 1.9176
endloop
endfacet
facet normal -0.816336 -0.338137 0.468251
outer loop
vertex -6.2160 -25.4386 1.3209
vertex -5.8974 -26.2077 1.3209
vertex -5.6212 -26.0482 1.9176
endloop
endfacet
facet normal -0.816336 -0.338137 0.468251
outer loop
vertex -6.2160 -25.4386 1.3209
vertex -5.6212 -26.0482 1.9176
vertex -5.9079 -25.3561 1.9176
endloop
endfacet
facet normal -0.701003 -0.537899 0.468251
outer loop
vertex -5.8974 -26.2077 1.3209
vertex -5.3906 -26.8682 1.3209
vertex -5.1651 -26.6426 1.9176
endloop
endfacet
facet normal -0.701003 -0.537899 0.468251
outer loop
vertex -5.8974 -26.2077 1.3209
vertex -5.1651 -26.6426 1.9176
vertex -5.6212 -26.0482 1.9176
endloop
endfacet
facet normal -0.537899 -0.701003 0.468251
outer loop
vertex -5.3906 -26.8682 1.3209
vertex -4.7302 -27.3749 1.3209
vertex -4.5707 -27.0987 1.9176
endloop
endfacet
facet normal -0.537899 -0.701003 0.468251
outer loop
vertex -5.3906 -26.8682 1.3209
vertex -4.5707 -27.0987 1.9176
vertex -5.1651 -26.6426 1.9176
endloop
endfacet
facet normal -0.338137 -0.816336 0.468251
outer loop
vertex -4.7302 -27.3749 1.3209
vertex -3.9611 -27.6935 1.3209
vertex -3.8785 -27.3854 1.9176
endloop
endfacet
facet normal -0.338137 -0.816336 0.468251
outer loop
vertex -4.7302 -27.3749 1.3209
vertex -3.8785 -27.3854 1.9176
vertex -4.5707 -27.0987 1.9176
endloop
endfacet
facet normal -0.115332 -0.876036 0.468251
outer loop
vertex -3.9611 -27.6935 1.3209
vertex -3.1358 -27.8022 1.3209
vertex -3.1358 -27.4832 1.9176
endloop
endfacet
facet normal -0.115332 -0.876036 0.468251
outer loop
vertex -3.9611 -27.6935 1.3209
vertex -3.1358 -27.4832 1.9176
vertex -3.8785 -27.3854 1.9176
endloop
endfacet
facet normal 0.115332 -0.876036 0.468251
outer loop
vertex -3.1358 -27.8022 1.3209
vertex -2.3104 -27.6935 1.3209
vertex -2.3930 -27.3854 1.9176
endloop
endfacet
facet normal 0.115332 -0.876036 0.468251
outer loop
vertex -3.1358 -27.8022 1.3209
vertex -2.3930 -27.3854 1.9176
vertex -3.1358 -27.4832 1.9176
endloop
endfacet
facet normal 0.338137 -0.816336 0.468251
outer loop
vertex -2.3104 -27.6935 1.3209
vertex -1.5413 -27.3749 1.3209
vertex -1.7008 -27.0987 1.9176
endloop
endfacet
facet normal 0.338137 -0.816336 0.468251
outer loop
vertex -2.3104 -27.6935 1.3209
vertex -1.7008 -27.0987 1.9176
vertex -2.3930 -27.3854 1.9176
endloop
endfacet
facet normal 0.537899 -0.701003 0.468251
outer loop
vertex -1.5413 -27.3749 1.3209
vertex -0.8809 -26.8682 1.3209
vertex -1.1064 -26.6426 1.9176
endloop
endfacet
facet normal 0.537899 -0.701003 0.468251
outer loop
vertex -1.5413 -27.3749 1.3209
vertex -1.1064 -26.6426 1.9176
vertex -1.7008 -27.0987 1.9176
endloop
endfacet
facet normal 0.701003 -0.537899 0.468251
outer loop
vertex -0.8809 -26.8682 1.3209
vertex -0.3741 -26.2077 1.3209
vertex -0.6503 -26.0482 1.9176
endloop
endfacet
facet normal 0.701003 -0.537899 0.468251
outer loop
vertex -0.8809 -26.8682 1.3209
vertex -0.6503 -26.0482 1.9176
vertex -1.1064 -26.6426 1.9176
endloop
endfacet
facet normal 0.816336 -0.338137 0.468251
outer loop
vertex -0.3741 -26.2077 1.3209
vertex -0.0555 -25.4386 1.3209
vertex -0.3636 -25.3561 1.9176
endloop
endfacet
facet normal 0.816336 -0.338137 0.468251
outer loop
vertex -0.3741 -26.2077 1.3209
vertex -0.3636 -25.3561 1.9176
vertex -0.6503 -26.0482 1.9176
endloop
endfacet
facet normal 0.876036 -0.115332 0.468251
outer loop
vertex -0.0555 -25.4386 1.3209
vertex 0.0531 -24.6133 1.3209
vertex -0.2658 -24.6133 1.9176
endloop
endfacet
facet normal 0.876036 -0.115332 0.468251
outer loop
vertex -0.0555 -25.4386 1.3209
vertex -0.2658 -24.6133 1.9176
vertex -0.3636 -25.3561 1.9176
endloop
endfacet
facet normal 0.769038 0.101246 0.631133
outer loop
vertex -0.2658 -24.6133 1.9176
vertex -0.3636 -23.8705 1.9176
vertex -0.7782 -23.9816 2.4407
endloop
endfacet
facet normal 0.769038 0.101246 0.631133
outer loop
vertex -0.2658 -24.6133 1.9176
vertex -0.7782 -23.9816 2.4407
vertex -0.6951 -24.6133 2.4407
endloop
endfacet
facet normal 0.716630 0.296838 0.631133
outer loop
vertex -0.3636 -23.8705 1.9176
vertex -0.6503 -23.1783 1.9176
vertex -1.0221 -23.3929 2.4407
endloop
endfacet
facet normal 0.716630 0.296838 0.631133
outer loop
vertex -0.3636 -23.8705 1.9176
vertex -1.0221 -23.3929 2.4407
vertex -0.7782 -23.9816 2.4407
endloop
endfacet
facet normal 0.615384 0.472201 0.631133
outer loop
vertex -0.6503 -23.1783 1.9176
vertex -1.1064 -22.5839 1.9176
vertex -1.4099 -22.8875 2.4407
endloop
endfacet
facet normal 0.615384 0.472201 0.631133
outer loop
vertex -0.6503 -23.1783 1.9176
vertex -1.4099 -22.8875 2.4407
vertex -1.0221 -23.3929 2.4407
endloop
endfacet
facet normal 0.472201 0.615384 0.631133
outer loop
vertex -1.1064 -22.5839 1.9176
vertex -1.7008 -22.1278 1.9176
vertex -1.9154 -22.4996 2.4407
endloop
endfacet
facet normal 0.472201 0.615384 0.631133
outer loop
vertex -1.1064 -22.5839 1.9176
vertex -1.9154 -22.4996 2.4407
vertex -1.4099 -22.8875 2.4407
endloop
endfacet
facet normal 0.296838 0.716630 0.631133
outer loop
vertex -1.7008 -22.1278 1.9176
vertex -2.3930 -21.8411 1.9176
vertex -2.5041 -22.2558 2.4407
endloop
endfacet
facet normal 0.296838 0.716630 0.631133
outer loop
vertex -1.7008 -22.1278 1.9176
vertex -2.5041 -22.2558 2.4407
vertex -1.9154 -22.4996 2.4407
endloop
endfacet
facet normal 0.101246 0.769038 0.631133
outer loop
vertex -2.3930 -21.8411 1.9176
vertex -3.1358 -21.7433 1.9176
vertex -3.1358 -22.1726 2.4407
endloop
endfacet
facet normal 0.101246 0.769038 0.631133
outer loop
vertex -2.3930 -21.8411 1.9176
vertex -3.1358 -22.1726 2.4407
vertex -2.5041 -22.2558 2.4407
endloop
endfacet
facet normal -0.101246 0.769038 0.631133
outer loop
vertex -3.1358 -21.7433 1.9176
vertex -3.8785 -21.8411 1.9176
vertex -3.7674 -22.2558 2.4407
endloop
endfacet
facet normal -0.101246 0.769038 0.631133
outer loop
vertex -3.1358 -21.7433 1.9176
vertex -3.7674 -22.2558 2.4407
vertex -3.1358 -22.1726 2.4407
endloop
endfacet
facet normal -0.296838 0.716630 0.631133
outer loop
vertex -3.8785 -21.8411 1.9176
vertex -4.5707 -22.1278 1.9176
vertex -4.3561 -22.4996 2.4407
endloop
endfacet
facet normal -0.296838 0.716630 0.631133
outer loop
vertex -3.8785 -21.8411 1.9176
vertex -4.3561 -22.4996 2.4407
vertex -3.7674 -22.2558 2.4407
endloop
endfacet
facet normal -0.472201 0.615384 0.631133
outer loop
vertex -4.5707 -22.1278 1.9176
vertex -5.1651 -22.5839 1.9176
vertex -4.8616 -22.8875 2.4407
endloop
endfacet
facet normal -0.472201 0.615384 0.631133
outer loop
vertex -4.5707 -22.1278 1.9176
vertex -4.8616 -22.8875 2.4407
vertex -4.3561 -22.4996 2.4407
endloop
endfacet
facet normal -0.615384 0.472201 0.631133
outer loop
vertex -5.1651 -22.5839 1.9176
vertex -5.6212 -23.1783 1.9176
vertex -5.2494 -23.3929 2.4407
endloop
endfacet
facet normal -0.615384 0.472201 0.631133
outer loop
vertex -5.1651 -22.5839 1.9176
vertex -5.2494 -23.3929 2.4407
vertex -4.8616 -22.8875 2.4407
endloop
endfacet
facet normal -0.716630 0.296838 0.631133
outer loop
vertex -5.6212 -23.1783 1.9176
vertex -5.9079 -23.8705 1.9176
vertex -5.4933 -23.9816 2.4407
endloop
endfacet
facet normal -0.716630 0.296838 0.631133
outer loop
vertex -5.6212 -23.1783 1.9176
vertex -5.4933 -23.9816 2.4407
vertex -5.2494 -23.3929 2.4407
endloop
endfacet
facet normal -0.769038 0.101246 0.631133
outer loop
vertex -5.9079 -23.8705 1.9176
vertex -6.0057 -24.6133 1.9176
vertex -5.5764 -24.6133 2.4407
endloop
endfacet
facet normal -0.769038 0.101246 0.631133
outer loop
vertex -5.9079 -23.8705 1.9176
vertex -5.5764 -24.6133 2.4407
vertex -5.4933 -23.9816 2.4407
endloop
endfacet
facet normal -0.769038 -0.101246 0.631133
outer loop
vertex -6.0057 -24.6133 1.9176
vertex -5.9079 -25.3561 1.9176
vertex -5.4933 -25.2450 2.4407
endloop
endfacet
facet normal -0.769038 -0.101246 0.631133
outer loop
vertex -6.0057 -24.6133 1.9176
vertex -5.4933 -25.2450 2.4407
vertex -5.5764 -24.6133 2.4407
endloop
endfacet
facet normal -0.716630 -0.296838 0.631133
outer loop
vertex -5.9079 -25.3561 1.9176
vertex -5.6212 -26.0482 1.9176
vertex -5.2494 -25.8336 2.4407
endloop
endfacet
facet normal -0.716630 -0.296838 0.631133
outer loop
vertex -5.9079 -25.3561 1.9176
vertex -5.2494 -25.8336 2.4407
vertex -5.4933 -25.2450 2.4407
endloop
endfacet
facet normal -0.615384 -0.472201 0.631133
outer loop
vertex -5.6212 -26.0482 1.9176
vertex -5.1651 -26.6426 1.9176
vertex -4.8616 -26.3391 2.4407
endloop
endfacet
facet normal -0.615384 -0.472201 0.631133
outer loop
vertex -5.6212 -26.0482 1.9176
vertex -4.8616 -26.3391 2.4407
vertex -5.2494 -25.8336 2.4407
endloop
endfacet
facet normal -0.472201 -0.615384 0.631133
outer loop
vertex -5.1651 -26.6426 1.9176
vertex -4.5707 -27.0987 1.9176
vertex -4.3561 -26.7270 2.4407
endloop
endfacet
facet normal -0.472201 -0.615384 0.631133
outer loop
vertex -5.1651 -26.6426 1.9176
vertex -4.3561 -26.7270 2.4407
vertex -4.8616 -26.3391 2.4407
endloop
endfacet
facet normal -0.296838 -0.716630 0.631133
outer loop
vertex -4.5707 -27.0987 1.9176
vertex -3.8785 -27.3854 1.9176
vertex -3.7674 -26.9708 2.4407
endloop
endfacet
facet normal -0.296838 -0.716630 0.631133
outer loop
vertex -4.5707 -27.0987 1.9176
vertex -3.7674 -26.9708 2.4407
vertex -4.3561 -26.7270 2.4407
endloop
endfacet
facet normal -0.101246 -0.769038 0.631133
outer loop
vertex -3.8785 -27.3854 1.9176
vertex -3.1358 -27.4832 1.9176
vertex -3.1358 -27.0540 2.4407
endloop
endfacet
facet normal -0.101246 -0.769038 0.631133
outer loop
vertex -3.8785 -27.3854 1.9176
vertex -3.1358 -27.0540 2.4407
vertex -3.7674 -26.9708 2.4407
endloop
endfacet
facet normal 0.101246 -0.769038 0.631133
outer loop
vertex -3.1358 -27.4832 1.9176
vertex -2.3930 -27.3854 1.9176
vertex -2.5041 -26.9708 2.4407
endloop
endfacet
facet normal 0.101246 -0.769038 0.631133
outer loop
vertex -3.1358 -27.4832 1.9176
vertex -2.5041 -26.9708 2.4407
vertex -3.1358 -27.0540 2.4407
endloop
endfacet
facet normal 0.296838 -0.716630 0.631133
outer loop
vertex -2.3930 -27.3854 1.9176
vertex -1.7008 -27.0987 1.9176
vertex -1.9154 -26.7270 2.4407
endloop
endfacet
facet normal 0.296838 -0.716630 0.631133
outer loop
vertex -2.3930 -27.3854 1.9176
vertex -1.9154 -26.7270 2.4407
vertex -2.5041 -26.9708 2.4407
endloop
endfacet
facet normal 0.472201 -0.615384 0.631133
outer loop
vertex -1.7008 -27.0987 1.9176
vertex -1.1064 -26.6426 1.9176
vertex -1.4099 -26.3391 2.4407
endloop
endfacet
facet normal 0.472201 -0.615384 0.631133
outer loop
vertex -1.7008 -27.0987 1.9176
vertex -1.4099 -26.3391 2.4407
vertex -1.9154 -26.7270 2.4407
endloop
endfacet
facet normal 0.615384 -0.472201 0.631133
outer loop
vertex -1.1064 -26.6426 1.9176
vertex -0.6503 -26.0482 1.9176
vertex -1.0221 -25.8336 2.4407
endloop
endfacet
facet normal 0.615384 -0.472201 0.631133
outer loop
vertex -1.1064 -26.6426 1.9176
vertex -1.0221 -25.8336 2.4407
vertex -1.4099 -26.3391 2.4407
endloop
endfacet
facet normal 0.716630 -0.296838 0.631133
outer loop
vertex -0.6503 -26.0482 1.9176
vertex -0.3636 -25.3561 1.9176
vertex -0.7782 -25.2450 2.4407
endloop
endfacet
facet normal 0.716630 -0.296838 0.631133
outer loop
vertex -0.6503 -26.0482 1.9176
vertex -0.7782 -25.2450 2.4407
vertex -1.0221 -25.8336 2.4407
endloop
endfacet
facet normal 0.769038 -0.101246 0.631133
outer loop
vertex -0.3636 -25.3561 1.9176
vertex -0.2658 -24.6133 1.9176
vertex -0.6951 -24.6133 2.4407
endloop
endfacet
facet normal 0.769038 -0.101246 0.631133
outer loop
vertex -0.3636 -25.3561 1.9176
vertex -0.6951 -24.6133 2.4407
vertex -0.7782 -25.2450 2.4407
endloop
endfacet
facet normal 0.632192 0.083230 0.770328
outer loop
vertex -0.6951 -24.6133 2.4407
vertex -0.7782 -23.9816 2.4407
vertex -1.2835 -24.1170 2.8699
endloop
endfacet
facet normal 0.632192 0.083230 0.770328
outer loop
vertex -0.6951 -24.6133 2.4407
vertex -1.2835 -24.1170 2.8699
vertex -1.2181 -24.6133 2.8699
endloop
endfacet
facet normal 0.589109 0.244017 0.770328
outer loop
vertex -0.7782 -23.9816 2.4407
vertex -1.0221 -23.3929 2.4407
vertex -1.4750 -23.6545 2.8699
endloop
endfacet
facet normal 0.589109 0.244017 0.770328
outer loop
vertex -0.7782 -23.9816 2.4407
vertex -1.4750 -23.6545 2.8699
vertex -1.2835 -24.1170 2.8699
endloop
endfacet
facet normal 0.505880 0.388175 0.770328
outer loop
vertex -1.0221 -23.3929 2.4407
vertex -1.4099 -22.8875 2.4407
vertex -1.7798 -23.2573 2.8699
endloop
endfacet
facet normal 0.505880 0.388175 0.770328
outer loop
vertex -1.0221 -23.3929 2.4407
vertex -1.7798 -23.2573 2.8699
vertex -1.4750 -23.6545 2.8699
endloop
endfacet
facet normal 0.388175 0.505880 0.770328
outer loop
vertex -1.4099 -22.8875 2.4407
vertex -1.9154 -22.4996 2.4407
vertex -2.1769 -22.9526 2.8699
endloop
endfacet
facet normal 0.388175 0.505880 0.770328
outer loop
vertex -1.4099 -22.8875 2.4407
vertex -2.1769 -22.9526 2.8699
vertex -1.7798 -23.2573 2.8699
endloop
endfacet
facet normal 0.244017 0.589109 0.770328
outer loop
vertex -1.9154 -22.4996 2.4407
vertex -2.5041 -22.2558 2.4407
vertex -2.6394 -22.7610 2.8699
endloop
endfacet
facet normal 0.244017 0.589109 0.770328
outer loop
vertex -1.9154 -22.4996 2.4407
vertex -2.6394 -22.7610 2.8699
vertex -2.1769 -22.9526 2.8699
endloop
endfacet
facet normal 0.083230 0.632192 0.770328
outer loop
vertex -2.5041 -22.2558 2.4407
vertex -3.1358 -22.1726 2.4407
vertex -3.1358 -22.6956 2.8699
endloop
endfacet
facet normal 0.083230 0.632192 0.770328
outer loop
vertex -2.5041 -22.2558 2.4407
vertex -3.1358 -22.6956 2.8699
vertex -2.6394 -22.7610 2.8699
endloop
endfacet
facet normal -0.083230 0.632192 0.770328
outer loop
vertex -3.1358 -22.1726 2.4407
vertex -3.7674 -22.2558 2.4407
vertex -3.6321 -22.7610 2.8699
endloop
endfacet
facet normal -0.083230 0.632192 0.770328
outer loop
vertex -3.1358 -22.1726 2.4407
vertex -3.6321 -22.7610 2.8699
vertex -3.1358 -22.6956 2.8699
endloop
endfacet
facet normal -0.244017 0.589109 0.770328
outer loop
vertex -3.7674 -22.2558 2.4407
vertex -4.3561 -22.4996 2.4407
vertex -4.0946 -22.9526 2.8699
endloop
endfacet
facet normal -0.244017 0.589109 0.770328
outer loop
vertex -3.7674 -22.2558 2.4407
vertex -4.0946 -22.9526 2.8699
vertex -3.6321 -22.7610 2.8699
endloop
endfacet
facet normal -0.388175 0.505880 0.770328
outer loop
vertex -4.3561 -22.4996 2.4407
vertex -4.8616 -22.8875 2.4407
vertex -4.4917 -23.2573 2.8699
endloop
endfacet
facet normal -0.388175 0.505880 0.770328
outer loop
vertex -4.3561 -22.4996 2.4407
vertex -4.4917 -23.2573 2.8699
vertex -4.0946 -22.9526 2.8699
endloop
endfacet
facet normal -0.505880 0.388175 0.770328
outer loop
vertex -4.8616 -22.8875 2.4407
vertex -5.2494 -23.3929 2.4407
vertex -4.7965 -23.6545 2.8699
endloop
endfacet
facet normal -0.505880 0.388175 0.770328
outer loop
vertex -4.8616 -22.8875 2.4407
vertex -4.7965 -23.6545 2.8699
vertex -4.4917 -23.2573 2.8699
endloop
endfacet
facet normal -0.589109 0.244017 0.770328
outer loop
vertex -5.2494 -23.3929 2.4407
vertex -5.4933 -23.9816 2.4407
vertex -4.9880 -24.1170 2.8699
endloop
endfacet
facet normal -0.589109 0.244017 0.770328
outer loop
vertex -5.2494 -23.3929 2.4407
vertex -4.9880 -24.1170 2.8699
vertex -4.7965 -23.6545 2.8699
endloop
endfacet
facet normal -0.632192 0.083230 0.770328
outer loop
vertex -5.4933 -23.9816 2.4407
vertex -5.5764 -24.6133 2.4407
vertex -5.0534 -24.6133 2.8699
endloop
endfacet
facet normal -0.632192 0.083230 0.770328
outer loop
vertex -5.4933 -23.9816 2.4407
vertex -5.0534 -24.6133 2.8699
vertex -4.9880 -24.1170 2.8699
endloop
endfacet
facet normal -0.632192 -0.083230 0.770328
outer loop
vertex -5.5764 -24.6133 2.4407
vertex -5.4933 -25.2450 2.4407
vertex -4.9880 -25.1096 2.8699
endloop
endfacet
facet normal -0.632192 -0.083230 0.770328
outer loop
vertex -5.5764 -24.6133 2.4407
vertex -4.9880 -25.1096 2.8699
vertex -5.0534 -24.6133 2.8699
endloop
endfacet
facet normal -0.589109 -0.244017 0.770328
outer loop
vertex -5.4933 -25.2450 2.4407
vertex -5.2494 -25.8336 2.4407
vertex -4.7965 -25.5721 2.8699
endloop
endfacet
facet normal -0.589109 -0.244017 0.770328
outer loop
vertex -5.4933 -25.2450 2.4407
vertex -4.7965 -25.5721 2.8699
vertex -4.9880 -25.1096 2.8699
endloop
endfacet
facet normal -0.505880 -0.388175 0.770328
outer loop
vertex -5.2494 -25.8336 2.4407
vertex -4.8616 -26.3391 2.4407
vertex -4.4917 -25.9692 2.8699
endloop
endfacet
facet normal -0.505880 -0.388175 0.770328
outer loop
vertex -5.2494 -25.8336 2.4407
vertex -4.4917 -25.9692 2.8699
vertex -4.7965 -25.5721 2.8699
endloop
endfacet
facet normal -0.388175 -0.505880 0.770328
outer loop
vertex -4.8616 -26.3391 2.4407
vertex -4.3561 -26.7270 2.4407
vertex -4.0946 -26.2740 2.8699
endloop
endfacet
facet normal -0.388175 -0.505880 0.770328
outer loop
vertex -4.8616 -26.3391 2.4407
vertex -4.0946 -26.2740 2.8699
vertex -4.4917 -25.9692 2.8699
endloop
endfacet
facet normal -0.244017 -0.589109 0.770328
outer loop
vertex -4.3561 -26.7270 2.4407
vertex -3.7674 -26.9708 2.4407
vertex -3.6321 -26.4656 2.8699
endloop
endfacet
facet normal -0.244017 -0.589109 0.770328
outer loop
vertex -4.3561 -26.7270 2.4407
vertex -3.6321 -26.4656 2.8699
vertex -4.0946 -26.2740 2.8699
endloop
endfacet
facet normal -0.083230 -0.632192 0.770328
outer loop
vertex -3.7674 -26.9708 2.4407
vertex -3.1358 -27.0540 2.4407
vertex -3.1358 -26.5309 2.8699
endloop
endfacet
facet normal -0.083230 -0.632192 0.770328
outer loop
vertex -3.7674 -26.9708 2.4407
vertex -3.1358 -26.5309 2.8699
vertex -3.6321 -26.4656 2.8699
endloop
endfacet
facet normal 0.083230 -0.632192 0.770328
outer loop
vertex -3.1358 -27.0540 2.4407
vertex -2.5041 -26.9708 2.4407
vertex -2.6394 -26.4656 2.8699
endloop
endfacet
facet normal 0.083230 -0.632192 0.770328
outer loop
vertex -3.1358 -27.0540 2.4407
vertex -2.6394 -26.4656 2.8699
vertex -3.1358 -26.5309 2.8699
endloop
endfacet
facet normal 0.244017 -0.589109 0.770328
outer loop
vertex -2.5041 -26.9708 2.4407
vertex -1.9154 -26.7270 2.4407
vertex -2.1769 -26.2740 2.8699
endloop
endfacet
facet normal 0.244017 -0.589109 0.770328
outer loop
vertex -2.5041 -26.9708 2.4407
vertex -2.1769 -26.2740 2.8699
vertex -2.6394 -26.4656 2.8699
endloop
endfacet
facet normal 0.388175 -0.505880 0.770328
outer loop
vertex -1.9154 -26.7270 2.4407
vertex -1.4099 -26.3391 2.4407
vertex -1.7798 -25.9692 2.8699
endloop
endfacet
facet normal 0.388175 -0.505880 0.770328
outer loop
vertex -1.9154 -26.7270 2.4407
vertex -1.7798 -25.9692 2.8699
vertex -2.1769 -26.2740 2.8699
endloop
endfacet
facet normal 0.505880 -0.388175 0.770328
outer loop
vertex -1.4099 -26.3391 2.4407
vertex -1.0221 -25.8336 2.4407
vertex -1.4750 -25.5721 2.8699
endloop
endfacet
facet normal 0.505880 -0.388175 0.770328
outer loop
vertex -1.4099 -26.3391 2.4407
vertex -1.4750 -25.5721 2.8699
vertex -1.7798 -25.9692 2.8699
endloop
endfacet
facet normal 0.589109 -0.244017 0.770328
outer loop
vertex -1.0221 -25.8336 2.4407
vertex -0.7782 -25.2450 2.4407
vertex -1.2835 -25.1096 2.8699
endloop
endfacet
facet normal 0.589109 -0.244017 0.770328
outer loop
vertex -1.0221 -25.8336 2.4407
vertex -1.2835 -25.1096 2.8699
vertex -1.4750 -25.5721 2.8699
endloop
endfacet
facet normal 0.632192 -0.083230 0.770328
outer loop
vertex -0.7782 -25.2450 2.4407
vertex -0.6951 -24.6133 2.4407
vertex -1.2181 -24.6133 2.8699
endloop
endfacet
facet normal 0.632192 -0.083230 0.770328
outer loop
vertex -0.7782 -25.2450 2.4407
vertex -1.2181 -24.6133 2.8699
vertex -1.2835 -25.1096 2.8699
endloop
endfacet
facet normal 0.470492 0.061941 0.880228
outer loop
vertex -1.2181 -24.6133 2.8699
vertex -1.2835 -24.1170 2.8699
vertex -1.8599 -24.2714 3.1889
endloop
endfacet
facet normal 0.470492 0.061941 0.880228
outer loop
vertex -1.2181 -24.6133 2.8699
vertex -1.8599 -24.2714 3.1889
vertex -1.8149 -24.6133 3.1889
endloop
endfacet
facet normal 0.438428 0.181603 0.880228
outer loop
vertex -1.2835 -24.1170 2.8699
vertex -1.4750 -23.6545 2.8699
vertex -1.9918 -23.9528 3.1889
endloop
endfacet
facet normal 0.438428 0.181603 0.880228
outer loop
vertex -1.2835 -24.1170 2.8699
vertex -1.9918 -23.9528 3.1889
vertex -1.8599 -24.2714 3.1889
endloop
endfacet
facet normal 0.376487 0.288889 0.880228
outer loop
vertex -1.4750 -23.6545 2.8699
vertex -1.7798 -23.2573 2.8699
vertex -2.2017 -23.6793 3.1889
endloop
endfacet
facet normal 0.376487 0.288889 0.880228
outer loop
vertex -1.4750 -23.6545 2.8699
vertex -2.2017 -23.6793 3.1889
vertex -1.9918 -23.9528 3.1889
endloop
endfacet
facet normal 0.288889 0.376487 0.880228
outer loop
vertex -1.7798 -23.2573 2.8699
vertex -2.1769 -22.9526 2.8699
vertex -2.4753 -23.4694 3.1889
endloop
endfacet
facet normal 0.288889 0.376487 0.880228
outer loop
vertex -1.7798 -23.2573 2.8699
vertex -2.4753 -23.4694 3.1889
vertex -2.2017 -23.6793 3.1889
endloop
endfacet
facet normal 0.181603 0.438428 0.880228
outer loop
vertex -2.1769 -22.9526 2.8699
vertex -2.6394 -22.7610 2.8699
vertex -2.7939 -23.3374 3.1889
endloop
endfacet
facet normal 0.181603 0.438428 0.880228
outer loop
vertex -2.1769 -22.9526 2.8699
vertex -2.7939 -23.3374 3.1889
vertex -2.4753 -23.4694 3.1889
endloop
endfacet
facet normal 0.061941 0.470492 0.880228
outer loop
vertex -2.6394 -22.7610 2.8699
vertex -3.1358 -22.6956 2.8699
vertex -3.1358 -23.2924 3.1889
endloop
endfacet
facet normal 0.061941 0.470492 0.880228
outer loop
vertex -2.6394 -22.7610 2.8699
vertex -3.1358 -23.2924 3.1889
vertex -2.7939 -23.3374 3.1889
endloop
endfacet
facet normal -0.061941 0.470492 0.880228
outer loop
vertex -3.1358 -22.6956 2.8699
vertex -3.6321 -22.7610 2.8699
vertex -3.4776 -23.3374 3.1889
endloop
endfacet
facet normal -0.061941 0.470492 0.880228
outer loop
vertex -3.1358 -22.6956 2.8699
vertex -3.4776 -23.3374 3.1889
vertex -3.1358 -23.2924 3.1889
endloop
endfacet
facet normal -0.181603 0.438428 0.880228
outer loop
vertex -3.6321 -22.7610 2.8699
vertex -4.0946 -22.9526 2.8699
vertex -3.7962 -23.4694 3.1889
endloop
endfacet
facet normal -0.181603 0.438428 0.880228
outer loop
vertex -3.6321 -22.7610 2.8699
vertex -3.7962 -23.4694 3.1889
vertex -3.4776 -23.3374 3.1889
endloop
endfacet
facet normal -0.288889 0.376487 0.880228
outer loop
vertex -4.0946 -22.9526 2.8699
vertex -4.4917 -23.2573 2.8699
vertex -4.0698 -23.6793 3.1889
endloop
endfacet
facet normal -0.288889 0.376487 0.880228
outer loop
vertex -4.0946 -22.9526 2.8699
vertex -4.0698 -23.6793 3.1889
vertex -3.7962 -23.4694 3.1889
endloop
endfacet
facet normal -0.376487 0.288889 0.880228
outer loop
vertex -4.4917 -23.2573 2.8699
vertex -4.7965 -23.6545 2.8699
vertex -4.2797 -23.9528 3.1889
endloop
endfacet
facet normal -0.376487 0.288889 0.880228
outer loop
vertex -4.4917 -23.2573 2.8699
vertex -4.2797 -23.9528 3.1889
vertex -4.0698 -23.6793 3.1889
endloop
endfacet
facet normal -0.438428 0.181603 0.880228
outer loop
vertex -4.7965 -23.6545 2.8699
vertex -4.9880 -24.1170 2.8699
vertex -4.4116 -24.2714 3.1889
endloop
endfacet
facet normal -0.438428 0.181603 0.880228
outer loop
vertex -4.7965 -23.6545 2.8699
vertex -4.4116 -24.2714 3.1889
vertex -4.2797 -23.9528 3.1889
endloop
endfacet
facet normal -0.470492 0.061941 0.880228
outer loop
vertex -4.9880 -24.1170 2.8699
vertex -5.0534 -24.6133 2.8699
vertex -4.4566 -24.6133 3.1889
endloop
endfacet
facet normal -0.470492 0.061941 0.880228
outer loop
vertex -4.9880 -24.1170 2.8699
vertex -4.4566 -24.6133 3.1889
vertex -4.4116 -24.2714 3.1889
endloop
endfacet
facet normal -0.470492 -0.061941 0.880228
outer loop
vertex -5.0534 -24.6133 2.8699
vertex -4.9880 -25.1096 2.8699
vertex -4.4116 -24.9551 3.1889
endloop
endfacet
facet normal -0.470492 -0.061941 0.880228
outer loop
vertex -5.0534 -24.6133 2.8699
vertex -4.4116 -24.9551 3.1889
vertex -4.4566 -24.6133 3.1889
endloop
endfacet
facet normal -0.438428 -0.181603 0.880228
outer loop
vertex -4.9880 -25.1096 2.8699
vertex -4.7965 -25.5721 2.8699
vertex -4.2797 -25.2737 3.1889
endloop
endfacet
facet normal -0.438428 -0.181603 0.880228
outer loop
vertex -4.9880 -25.1096 2.8699
vertex -4.2797 -25.2737 3.1889
vertex -4.4116 -24.9551 3.1889
endloop
endfacet
facet normal -0.376487 -0.288889 0.880228
outer loop
vertex -4.7965 -25.5721 2.8699
vertex -4.4917 -25.9692 2.8699
vertex -4.0698 -25.5473 3.1889
endloop
endfacet
facet normal -0.376487 -0.288889 0.880228
outer loop
vertex -4.7965 -25.5721 2.8699
vertex -4.0698 -25.5473 3.1889
vertex -4.2797 -25.2737 3.1889
endloop
endfacet
facet normal -0.288889 -0.376487 0.880228
outer loop
vertex -4.4917 -25.9692 2.8699
vertex -4.0946 -26.2740 2.8699
vertex -3.7962 -25.7572 3.1889
endloop
endfacet
facet normal -0.288889 -0.376487 0.880228
outer loop
vertex -4.4917 -25.9692 2.8699
vertex -3.7962 -25.7572 3.1889
vertex -4.0698 -25.5473 3.1889
endloop
endfacet
facet normal -0.181603 -0.438428 0.880228
outer loop
vertex -4.0946 -26.2740 2.8699
vertex -3.6321 -26.4656 2.8699
vertex -3.4776 -25.8892 3.1889
endloop
endfacet
facet normal -0.181603 -0.438428 0.880228
outer loop
vertex -4.0946 -26.2740 2.8699
vertex -3.4776 -25.8892 3.1889
vertex -3.7962 -25.7572 3.1889
endloop
endfacet
facet normal -0.061941 -0.470492 0.880228
outer loop
vertex -3.6321 -26.4656 2.8699
vertex -3.1358 -26.5309 2.8699
vertex -3.1358 -25.9342 3.1889
endloop
endfacet
facet normal -0.061941 -0.470492 0.880228
outer loop
vertex -3.6321 -26.4656 2.8699
vertex -3.1358 -25.9342 3.1889
vertex -3.4776 -25.8892 3.1889
endloop
endfacet
facet normal 0.061941 -0.470492 0.880228
outer loop
vertex -3.1358 -26.5309 2.8699
vertex -2.6394 -26.4656 2.8699
vertex -2.7939 -25.8892 3.1889
endloop
endfacet
facet normal 0.061941 -0.470492 0.880228
outer loop
vertex -3.1358 -26.5309 2.8699
vertex -2.7939 -25.8892 3.1889
vertex -3.1358 -25.9342 3.1889
endloop
endfacet
facet normal 0.181603 -0.438428 0.880228
outer loop
vertex -2.6394 -26.4656 2.8699
vertex -2.1769 -26.2740 2.8699
vertex -2.4753 -25.7572 3.1889
endloop
endfacet
facet normal 0.181603 -0.438428 0.880228
outer loop
vertex -2.6394 -26.4656 2.8699
vertex -2.4753 -25.7572 3.1889
vertex -2.7939 -25.8892 3.1889
endloop
endfacet
facet normal 0.288889 -0.376487 0.880228
outer loop
vertex -2.1769 -26.2740 2.8699
vertex -1.7798 -25.9692 2.8699
vertex -2.2017 -25.5473 3.1889
endloop
endfacet
facet normal 0.288889 -0.376487 0.880228
outer loop
vertex -2.1769 -26.2740 2.8699
vertex -2.2017 -25.5473 3.1889
vertex -2.4753 -25.7572 3.1889
endloop
endfacet
facet normal 0.376487 -0.288889 0.880228
outer loop
vertex -1.7798 -25.9692 2.8699
vertex -1.4750 -25.5721 2.8699
vertex -1.9918 -25.2737 3.1889
endloop
endfacet
facet normal 0.376487 -0.288889 0.880228
outer loop
vertex -1.7798 -25.9692 2.8699
vertex -1.9918 -25.2737 3.1889
vertex -2.2017 -25.5473 3.1889
endloop
endfacet
facet normal 0.438428 -0.181603 0.880228
outer loop
vertex -1.4750 -25.5721 2.8699
vertex -1.2835 -25.1096 2.8699
vertex -1.8599 -24.9551 3.1889
endloop
endfacet
facet normal 0.438428 -0.181603 0.880228
outer loop
vertex -1.4750 -25.5721 2.8699
vertex -1.8599 -24.9551 3.1889
vertex -1.9918 -25.2737 3.1889
endloop
endfacet
facet normal 0.470492 -0.061941 0.880228
outer loop
vertex -1.2835 -25.1096 2.8699
vertex -1.2181 -24.6133 2.8699
vertex -1.8149 -24.6133 3.1889
endloop
endfacet
facet normal 0.470492 -0.061941 0.880228
outer loop
vertex -1.2835 -25.1096 2.8699
vertex -1.8149 -24.6133 3.1889
vertex -1.8599 -24.9551 3.1889
endloop
endfacet
facet normal 0.290073 0.038189 0.956242
outer loop
vertex -1.8149 -24.6133 3.1889
vertex -1.8599 -24.2714 3.1889
vertex -2.4853 -24.4390 3.3853
endloop
endfacet
facet normal 0.290073 0.038189 0.956242
outer loop
vertex -1.8149 -24.6133 3.1889
vertex -2.4853 -24.4390 3.3853
vertex -2.4624 -24.6133 3.3853
endloop
endfacet
facet normal 0.270305 0.111964 0.956242
outer loop
vertex -1.8599 -24.2714 3.1889
vertex -1.9918 -23.9528 3.1889
vertex -2.5526 -24.2766 3.3853
endloop
endfacet
facet normal 0.270305 0.111964 0.956242
outer loop
vertex -1.8599 -24.2714 3.1889
vertex -2.5526 -24.2766 3.3853
vertex -2.4853 -24.4390 3.3853
endloop
endfacet
facet normal 0.232116 0.178109 0.956242
outer loop
vertex -1.9918 -23.9528 3.1889
vertex -2.2017 -23.6793 3.1889
vertex -2.6596 -24.1371 3.3853
endloop
endfacet
facet normal 0.232116 0.178109 0.956242
outer loop
vertex -1.9918 -23.9528 3.1889
vertex -2.6596 -24.1371 3.3853
vertex -2.5526 -24.2766 3.3853
endloop
endfacet
facet normal 0.178109 0.232116 0.956242
outer loop
vertex -2.2017 -23.6793 3.1889
vertex -2.4753 -23.4694 3.1889
vertex -2.7991 -24.0301 3.3853
endloop
endfacet
facet normal 0.178109 0.232116 0.956242
outer loop
vertex -2.2017 -23.6793 3.1889
vertex -2.7991 -24.0301 3.3853
vertex -2.6596 -24.1371 3.3853
endloop
endfacet
facet normal 0.111964 0.270305 0.956242
outer loop
vertex -2.4753 -23.4694 3.1889
vertex -2.7939 -23.3374 3.1889
vertex -2.9615 -23.9628 3.3853
endloop
endfacet
facet normal 0.111964 0.270305 0.956242
outer loop
vertex -2.4753 -23.4694 3.1889
vertex -2.9615 -23.9628 3.3853
vertex -2.7991 -24.0301 3.3853
endloop
endfacet
facet normal 0.038189 0.290073 0.956242
outer loop
vertex -2.7939 -23.3374 3.1889
vertex -3.1358 -23.2924 3.1889
vertex -3.1358 -23.9399 3.3853
endloop
endfacet
facet normal 0.038189 0.290073 0.956242
outer loop
vertex -2.7939 -23.3374 3.1889
vertex -3.1358 -23.9399 3.3853
vertex -2.9615 -23.9628 3.3853
endloop
endfacet
facet normal -0.038189 0.290073 0.956242
outer loop
vertex -3.1358 -23.2924 3.1889
vertex -3.4776 -23.3374 3.1889
vertex -3.3100 -23.9628 3.3853
endloop
endfacet
facet normal -0.038189 0.290073 0.956242
outer loop
vertex -3.1358 -23.2924 3.1889
vertex -3.3100 -23.9628 3.3853
vertex -3.1358 -23.9399 3.3853
endloop
endfacet
facet normal -0.111964 0.270305 0.956242
outer loop
vertex -3.4776 -23.3374 3.1889
vertex -3.7962 -23.4694 3.1889
vertex -3.4724 -24.0301 3.3853
endloop
endfacet
facet normal -0.111964 0.270305 0.956242
outer loop
vertex -3.4776 -23.3374 3.1889
vertex -3.4724 -24.0301 3.3853
vertex -3.3100 -23.9628 3.3853
endloop
endfacet
facet normal -0.178109 0.232116 0.956242
outer loop
vertex -3.7962 -23.4694 3.1889
vertex -4.0698 -23.6793 3.1889
vertex -3.6119 -24.1371 3.3853
endloop
endfacet
facet normal -0.178109 0.232116 0.956242
outer loop
vertex -3.7962 -23.4694 3.1889
vertex -3.6119 -24.1371 3.3853
vertex -3.4724 -24.0301 3.3853
endloop
endfacet
facet normal -0.232116 0.178109 0.956242
outer loop
vertex -4.0698 -23.6793 3.1889
vertex -4.2797 -23.9528 3.1889
vertex -3.7189 -24.2766 3.3853
endloop
endfacet
facet normal -0.232116 0.178109 0.956242
outer loop
vertex -4.0698 -23.6793 3.1889
vertex -3.7189 -24.2766 3.3853
vertex -3.6119 -24.1371 3.3853
endloop
endfacet
facet normal -0.270305 0.111964 0.956242
outer loop
vertex -4.2797 -23.9528 3.1889
vertex -4.4116 -24.2714 3.1889
vertex -3.7862 -24.4390 3.3853
endloop
endfacet
facet normal -0.270305 0.111964 0.956242
outer loop
vertex -4.2797 -23.9528 3.1889
vertex -3.7862 -24.4390 3.3853
vertex -3.7189 -24.2766 3.3853
endloop
endfacet
facet normal -0.290073 0.038189 0.956242
outer loop
vertex -4.4116 -24.2714 3.1889
vertex -4.4566 -24.6133 3.1889
vertex -3.8091 -24.6133 3.3853
endloop
endfacet
facet normal -0.290073 0.038189 0.956242
outer loop
vertex -4.4116 -24.2714 3.1889
vertex -3.8091 -24.6133 3.3853
vertex -3.7862 -24.4390 3.3853
endloop
endfacet
facet normal -0.290073 -0.038189 0.956242
outer loop
vertex -4.4566 -24.6133 3.1889
vertex -4.4116 -24.9551 3.1889
vertex -3.7862 -24.7876 3.3853
endloop
endfacet
facet normal -0.290073 -0.038189 0.956242
outer loop
vertex -4.4566 -24.6133 3.1889
vertex -3.7862 -24.7876 3.3853
vertex -3.8091 -24.6133 3.3853
endloop
endfacet
facet normal -0.270305 -0.111964 0.956242
outer loop
vertex -4.4116 -24.9551 3.1889
vertex -4.2797 -25.2737 3.1889
vertex -3.7189 -24.9500 3.3853
endloop
endfacet
facet normal -0.270305 -0.111964 0.956242
outer loop
vertex -4.4116 -24.9551 3.1889
vertex -3.7189 -24.9500 3.3853
vertex -3.7862 -24.7876 3.3853
endloop
endfacet
facet normal -0.232116 -0.178109 0.956242
outer loop
vertex -4.2797 -25.2737 3.1889
vertex -4.0698 -25.5473 3.1889
vertex -3.6119 -25.0894 3.3853
endloop
endfacet
facet normal -0.232116 -0.178109 0.956242
outer loop
vertex -4.2797 -25.2737 3.1889
vertex -3.6119 -25.0894 3.3853
vertex -3.7189 -24.9500 3.3853
endloop
endfacet
facet normal -0.178109 -0.232116 0.956242
outer loop
vertex -4.0698 -25.5473 3.1889
vertex -3.7962 -25.7572 3.1889
vertex -3.4724 -25.1964 3.3853
endloop
endfacet
facet normal -0.178109 -0.232116 0.956242
outer loop
vertex -4.0698 -25.5473 3.1889
vertex -3.4724 -25.1964 3.3853
vertex -3.6119 -25.0894 3.3853
endloop
endfacet
facet normal -0.111964 -0.270305 0.956242
outer loop
vertex -3.7962 -25.7572 3.1889
vertex -3.4776 -25.8892 3.1889
vertex -3.3100 -25.2637 3.3853
endloop
endfacet
facet normal -0.111964 -0.270305 0.956242
outer loop
vertex -3.7962 -25.7572 3.1889
vertex -3.3100 -25.2637 3.3853
vertex -3.4724 -25.1964 3.3853
endloop
endfacet
facet normal -0.038189 -0.290073 0.956242
outer loop
vertex -3.4776 -25.8892 3.1889
vertex -3.1358 -25.9342 3.1889
vertex -3.1358 -25.2867 3.3853
endloop
endfacet
facet normal -0.038189 -0.290073 0.956242
outer loop
vertex -3.4776 -25.8892 3.1889
vertex -3.1358 -25.2867 3.3853
vertex -3.3100 -25.2637 3.3853
endloop
endfacet
facet normal 0.038189 -0.290073 0.956242
outer loop
vertex -3.1358 -25.9342 3.1889
vertex -2.7939 -25.8892 3.1889
vertex -2.9615 -25.2637 3.3853
endloop
endfacet
facet normal 0.038189 -0.290073 0.956242
outer loop
vertex -3.1358 -25.9342 3.1889
vertex -2.9615 -25.2637 3.3853
vertex -3.1358 -25.2867 3.3853
endloop
endfacet
facet normal 0.111964 -0.270305 0.956242
outer loop
vertex -2.7939 -25.8892 3.1889
vertex -2.4753 -25.7572 3.1889
vertex -2.7991 -25.1964 3.3853
endloop
endfacet
facet normal 0.111964 -0.270305 0.956242
outer loop
vertex -2.7939 -25.8892 3.1889
vertex -2.7991 -25.1964 3.3853
vertex -2.9615 -25.2637 3.3853
endloop
endfacet
facet normal 0.178109 -0.232116 0.956242
outer loop
vertex -2.4753 -25.7572 3.1889
vertex -2.2017 -25.5473 3.1889
vertex -2.6596 -25.0894 3.3853
endloop
endfacet
facet normal 0.178109 -0.232116 0.956242
outer loop
vertex -2.4753 -25.7572 3.1889
vertex -2.6596 -25.0894 3.3853
vertex -2.7991 -25.1964 3.3853
endloop
endfacet
facet normal 0.232116 -0.178109 0.956242
outer loop
vertex -2.2017 -25.5473 3.1889
vertex -1.9918 -25.2737 3.1889
vertex -2.5526 -24.9500 3.3853
endloop
endfacet
facet normal 0.232116 -0.178109 0.956242
outer loop
vertex -2.2017 -25.5473 3.1889
vertex -2.5526 -24.9500 3.3853
vertex -2.6596 -25.0894 3.3853
endloop
endfacet
facet normal 0.270305 -0.111964 0.956242
outer loop
vertex -1.9918 -25.2737 3.1889
vertex -1.8599 -24.9551 3.1889
vertex -2.4853 -24.7876 3.3853
endloop
endfacet
facet normal 0.270305 -0.111964 0.956242
outer loop
vertex -1.9918 -25.2737 3.1889
vertex -2.4853 -24.7876 3.3853
vertex -2.5526 -24.9500 3.3853
endloop
endfacet
facet normal 0.290073 -0.038189 0.956242
outer loop
vertex -1.8599 -24.9551 3.1889
vertex -1.8149 -24.6133 3.1889
vertex -2.4624 -24.6133 3.3853
endloop
endfacet
facet normal 0.290073 -0.038189 0.956242
outer loop
vertex -1.8599 -24.9551 3.1889
vertex -2.4624 -24.6133 3.3853
vertex -2.4853 -24.7876 3.3853
endloop
endfacet
facet normal 0.098009 0.012903 0.995102
outer loop
vertex -2.4624 -24.6133 3.3853
vertex -2.4853 -24.4390 3.3853
vertex -3.1358 -24.6133 3.4516
endloop
endfacet
facet normal 0.091330 0.037830 0.995102
outer loop
vertex -2.4853 -24.4390 3.3853
vertex -2.5526 -24.2766 3.3853
vertex -3.1358 -24.6133 3.4516
endloop
endfacet
facet normal 0.078427 0.060179 0.995102
outer loop
vertex -2.5526 -24.2766 3.3853
vertex -2.6596 -24.1371 3.3853
vertex -3.1358 -24.6133 3.4516
endloop
endfacet
facet normal 0.060179 0.078427 0.995102
outer loop
vertex -2.6596 -24.1371 3.3853
vertex -2.7991 -24.0301 3.3853
vertex -3.1358 -24.6133 3.4516
endloop
endfacet
facet normal 0.037830 0.091330 0.995102
outer loop
vertex -2.7991 -24.0301 3.3853
vertex -2.9615 -23.9628 3.3853
vertex -3.1358 -24.6133 3.4516
endloop
endfacet
facet normal 0.012903 0.098009 0.995102
outer loop
vertex -2.9615 -23.9628 3.3853
vertex -3.1358 -23.9399 3.3853
vertex -3.1358 -24.6133 3.4516
endloop
endfacet
facet normal -0.012903 0.098009 0.995102
outer loop
vertex -3.1358 -23.9399 3.3853
vertex -3.3100 -23.9628 3.3853
vertex -3.1358 -24.6133 3.4516
endloop
endfacet
facet normal -0.037830 0.091330 0.995102
outer loop
vertex -3.3100 -23.9628 3.3853
vertex -3.4724 -24.0301 3.3853
vertex -3.1358 -24.6133 3.4516
endloop
endfacet
facet normal -0.060179 0.078427 0.995102
outer loop
vertex -3.4724 -24.0301 3.3853
vertex -3.6119 -24.1371 3.3853
vertex -3.1358 -24.6133 3.4516
endloop
endfacet
facet normal -0.078427 0.060179 0.995102
outer loop
vertex -3.6119 -24.1371 3.3853
vertex -3.7189 -24.2766 3.3853
vertex -3.1358 -24.6133 3.4516
endloop
endfacet
facet normal -0.091330 0.037830 0.995102
outer loop
vertex -3.7189 -24.2766 3.3853
vertex -3.7862 -24.4390 3.3853
vertex -3.1358 -24.6133 3.4516
endloop
endfacet
facet normal -0.098009 0.012903 0.995102
outer loop
vertex -3.7862 -24.4390 3.3853
vertex -3.8091 -24.6133 3.3853
vertex -3.1358 -24.6133 3.4516
endloop
endfacet
facet normal -0.098009 -0.012903 0.995102
outer loop
vertex -3.8091 -24.6133 3.3853
vertex -3.7862 -24.7876 3.3853
vertex -3.1358 -24.6133 3.4516
endloop
endfacet
facet normal -0.091330 -0.037830 0.995102
outer loop
vertex -3.7862 -24.7876 3.3853
vertex -3.7189 -24.9500 3.3853
vertex -3.1358 -24.6133 3.4516
endloop
endfacet
facet normal -0.078427 -0.060179 0.995102
outer loop
vertex -3.7189 -24.9500 3.3853
vertex -3.6119 -25.0894 3.3853
vertex -3.1358 -24.6133 3.4516
endloop
endfacet
facet normal -0.060179 -0.078427 0.995102
outer loop
vertex -3.6119 -25.0894 3.3853
vertex -3.4724 -25.1964 3.3853
vertex -3.1358 -24.6133 3.4516
endloop
endfacet
facet normal -0.037830 -0.091330 0.995102
outer loop
vertex -3.4724 -25.1964 3.3853
vertex -3.3100 -25.2637 3.3853
vertex -3.1358 -24.6133 3.4516
endloop
endfacet
facet normal -0.012903 -0.098009 0.995102
outer loop
vertex -3.3100 -25.2637 3.3853
vertex -3.1358 -25.2867 3.3853
vertex -3.1358 -24.6133 3.4516
endloop
endfacet
facet normal 0.012903 -0.098009 0.995102
outer loop
vertex -3.1358 -25.2867 3.3853
vertex -2.9615 -25.2637 3.3853
vertex -3.1358 -24.6133 3.4516
endloop
endfacet
facet normal 0.037830 -0.091330 0.995102
outer loop
vertex -2.9615 -25.2637 3.3853
vertex -2.7991 -25.1964 3.3853
vertex -3.1358 -24.6133 3.4516
endloop
endfacet
facet normal 0.060179 -0.078427 0.995102
outer loop
vertex -2.7991 -25.1964 3.3853
vertex -2.6596 -25.0894 3.3853
vertex -3.1358 -24.6133 3.4516
endloop
endfacet
facet normal 0.078427 -0.060179 0.995102
outer loop
vertex -2.6596 -25.0894 3.3853
vertex -2.5526 -24.9500 3.3853
vertex -3.1358 -24.6133 3.4516
endloop
endfacet
facet normal 0.091330 -0.037830 0.995102
outer loop
vertex -2.5526 -24.9500 3.3853
vertex -2.4853 -24.7876 3.3853
vertex -3.1358 -24.6133 3.4516
endloop
endfacet
facet normal 0.098009 -0.012903 0.995102
outer loop
vertex -2.4853 -24.7876 3.3853
vertex -2.4624 -24.6133 3.3853
vertex -3.1358 -24.6133 3.4516
endloop
endfacet
facet normal 0.000000 0.000000 -1.000000
outer loop
vertex 14.4346 17.3867 0.0000
vertex 14.4346 25.0447 0.0000
vertex 19.9894 25.0447 0.0000
endloop
endfacet
facet normal 0.000000 0.000000 -1.000000
outer loop
vertex 14.4346 17.3867 0.0000
vertex 19.9894 25.0447 0.0000
vertex 19.9894 17.3867 0.0000
endloop
endfacet
facet normal 0.000000 0.000000 1.000000
outer loop
vertex 14.4346 17.3867 13.8905
vertex 19.9894 17.3867 13.8905
vertex 19.9894 25.0447 13.8905
endloop
endfacet
facet normal 0.000000 0.000000 1.000000
outer loop
vertex 14.4346 17.3867 13.8905
vertex 19.9894 25.0447 13.8905
vertex 14.4346 25.0447 13.8905
endloop
endfacet
facet normal 0.000000 -1.000000 0.000000
outer loop
vertex 14.4346 17.3867 0.0000
vertex 19.9894 17.3867 0.0000
vertex 19.9894 17.3867 13.8905
endloop
endfacet
facet normal 0.000000 -1.000000 0.000000
outer loop
vertex 14.4346 17.3867 0.0000
vertex 19.9894 17.3867 13.8905
vertex 14.4346 17.3867 13.8905
endloop
endfacet
facet normal 1.000000 0.000000 0.000000
outer loop
vertex 19.9894 17.3867 0.0000
vertex 19.9894 25.0447 0.0000
vertex 19.9894 25.0447 13.8905
endloop
endfacet
facet normal 1.000000 0.000000 0.000000
outer loop
vertex 19.9894 17.3867 0.0000
vertex 19.9894 25.0447 13.8905
vertex 19.9894 17.3867 13.8905
endloop
endfacet
facet normal 0.000000 1.000000 0.000000
outer loop
vertex 19.9894 25.0447 0.0000
vertex 14.4346 25.0447 0.0000
vertex 14.4346 25.0447 13.8905
endloop
endfacet
facet normal 0.000000 1.000000 -0.000000
outer loop
vertex 19.9894 25.0447 0.0000
vertex 14.4346 25.0447 13.8905
vertex 19.9894 25.0447 13.8905
endloop
endfacet
facet normal -1.000000 0.000000 0.000000
outer loop
vertex 14.4346 25.0447 0.0000
vertex 14.4346 17.3867 0.0000
vertex 14.4346 17.3867 13.8905
endloop
endfacet
facet normal -1.000000 0.000000 0.000000
outer loop
vertex 14.4346 25.0447 0.0000
vertex 14.4346 17.3867 13.8905
vertex 14.4346 25.0447 13.8905
endloop
endfacet
facet normal 0.000000 0.000000 -1.000000
outer loop
vertex -28.3320 -38.2404 0.0000
vertex -28.3320 -31.5373 0.0000
vertex -22.5756 -31.5373 0.0000
endloop
endfacet
facet normal 0.000000 0.000000 -1.000000
outer loop
vertex -28.3320 -38.2404 0.0000
vertex -22.5756 -31.5373 0.0000
vertex -22.5756 -38.2404 0.0000
endloop
endfacet
facet normal 0.000000 0.000000 1.000000
outer loop
vertex -28.3320 -38.2404 6.7212
vertex -22.5756 -38.2404 6.7212
vertex -22.5756 -31.5373 6.7212
endloop
endfacet
facet normal 0.000000 0.000000 1.000000
outer loop
vertex -28.3320 -38.2404 6.7212
vertex -22.5756 -31.5373 6.7212
vertex -28.3320 -31.5373 6.7212
endloop
endfacet
facet normal 0.000000 -1.000000 0.000000
outer loop
vertex -28.3320 -38.2404 0.0000
vertex -22.5756 -38.2404 0.0000
vertex -22.5756 -38.2404 6.7212
endloop
endfacet
facet normal 0.000000 -1.000000 0.000000
outer loop
vertex -28.3320 -38.2404 0.0000
vertex -22.5756 -38.2404 6.7212
vertex -28.3320 -38.2404 6.7212
endloop
endfacet
facet normal 1.000000 0.000000 0.000000
outer loop
vertex -22.5756 -38.2404 0.0000
vertex -22.5756 -31.5373 0.0000
vertex -22.5756 -31.5373 6.7212
endloop
endfacet
facet normal 1.000000 0.000000 0.000000
outer loop
vertex -22.5756 -38.2404 0.0000
vertex -22.5756 -31.5373 6.7212
vertex -22.5756 -38.2404 6.7212
endloop
endfacet
facet normal 0.000000 1.000000 0.000000
outer loop
vertex -22.5756 -31.5373 0.0000
vertex -28.3320 -31.5373 0.0000
vertex -28.3320 -31.5373 6.7212
endloop
endfacet
facet normal 0.000000 1.000000 -0.000000
outer loop
vertex -22.5756 -31.5373 0.0000
vertex -28.3320 -31.5373 6.7212
vertex -22.5756 -31.5373 6.7212
endloop
endfacet
facet normal -1.000000 0.000000 0.000000
outer loop
vertex -28.3320 -31.5373 0.0000
vertex -28.3320 -38.2404 0.0000
vertex -28.3320 -38.2404 6.7212
endloop
endfacet
facet normal -1.000000 0.000000 0.000000
outer loop
vertex -28.3320 -31.5373 0.0000
vertex -28.3320 -38.2404 6.7212
vertex -28.3320 -31.5373 6.7212
endloop
endfacet
facet normal 0.000000 0.000000 -1.000000
outer loop
vertex 11.6868 0.3000 0.0000
vertex 11.6868 6.7091 0.0000
vertex 16.9164 6.7091 0.0000
endloop
endfacet
facet normal 0.000000 0.000000 -1.000000
outer loop
vertex 11.6868 0.3000 0.0000
vertex 16.9164 6.7091 0.0000
vertex 16.9164 0.3000 0.0000
endloop
endfacet
facet normal 0.000000 0.000000 1.000000
outer loop
vertex 11.6868 0.3000 17.5246
vertex 16.9164 0.3000 17.5246
vertex 16.9164 6.7091 17.5246
endloop
endfacet
facet normal 0.000000 0.000000 1.000000
outer loop
vertex 11.6868 0.3000 17.5246
vertex 16.9164 6.7091 17.5246
vertex 11.6868 6.7091 17.5246
endloop
endfacet
facet normal 0.000000 -1.000000 0.000000
outer loop
vertex 11.6868 0.3000 0.0000
vertex 16.9164 0.3000 0.0000
vertex 16.9164 0.3000 17.5246
endloop
endfacet
facet normal 0.000000 -1.000000 0.000000
outer loop
vertex 11.6868 0.3000 0.0000
vertex 16.9164 0.3000 17.5246
vertex 11.6868 0.3000 17.5246
endloop
endfacet
facet normal 1.000000 0.000000 0.000000
outer loop
vertex 16.9164 0.3000 0.0000
vertex 16.9164 6.7091 0.0000
vertex 16.9164 6.7091 17.5246
endloop
endfacet
facet normal 1.000000 0.000000 0.000000
outer loop
vertex 16.9164 0.3000 0.0000
vertex 16.9164 6.7091 17.5246
vertex 16.9164 0.3000 17.5246
endloop
endfacet
facet normal 0.000000 1.000000 0.000000
outer loop
vertex 16.9164 6.7091 0.0000
vertex 11.6868 6.7091 0.0000
vertex 11.6868 6.7091 17.5246
endloop
endfacet
facet normal 0.000000 1.000000 -0.000000
outer loop
vertex 16.9164 6.7091 0.0000
vertex 11.6868 6.7091 17.5246
vertex 16.9164 6.7091 17.5246
endloop
endfacet
facet normal -1.000000 0.000000 0.000000
outer loop
vertex 11.6868 6.7091 0.0000
vertex 11.6868 0.3000 0.0000
vertex 11.6868 0.3000 17.5246
endloop
endfacet
facet normal -1.000000 0.000000 0.000000
outer loop
vertex 11.6868 6.7091 0.0000
vertex 11.6868 0.3000 17.5246
vertex 11.6868 6.7091 17.5246
endloop
endfacet
facet normal 0.991445 0.130526 0.000000
outer loop
vertex 13.5361 -11.4473 0.0000
vertex 13.4701 -10.9459 0.0000
vertex 13.4701 -10.9459 8.4699
endloop
endfacet
facet normal 0.991445 0.130526 -0.000000
outer loop
vertex 13.5361 -11.4473 0.0000
vertex 13.4701 -10.9459 8.4699
vertex 13.5361 -11.4473 8.4699
endloop
endfacet
facet normal 0.000000 0.000000 1.000000
outer loop
vertex 11.5988 -11.4473 8.4699
vertex 13.5361 -11.4473 8.4699
vertex 13.4701 -10.9459 8.4699
endloop
endfacet
facet normal 0.000000 0.000000 -1.000000
outer loop
vertex 11.5988 -11.4473 0.0000
vertex 13.4701 -10.9459 0.0000
vertex 13.5361 -11.4473 0.0000
endloop
endfacet
facet normal 0.923880 0.382683 0.000000
outer loop
vertex 13.4701 -10.9459 0.0000
vertex 13.2766 -10.4786 0.0000
vertex 13.2766 -10.4786 8.4699
endloop
endfacet
facet normal 0.923880 0.382683 -0.000000
outer loop
vertex 13.4701 -10.9459 0.0000
vertex 13.2766 -10.4786 8.4699
vertex 13.4701 -10.9459 8.4699
endloop
endfacet
facet normal 0.000000 0.000000 1.000000
outer loop
vertex 11.5988 -11.4473 8.4699
vertex 13.4701 -10.9459 8.4699
vertex 13.2766 -10.4786 8.4699
endloop
endfacet
facet normal 0.000000 0.000000 -1.000000
outer loop
vertex 11.5988 -11.4473 0.0000
vertex 13.2766 -10.4786 0.0000
vertex 13.4701 -10.9459 0.0000
endloop
endfacet
facet normal 0.793353 0.608761 0.000000
outer loop
vertex 13.2766 -10.4786 0.0000
vertex 12.9687 -10.0774 0.0000
vertex 12.9687 -10.0774 8.4699
endloop
endfacet
facet normal 0.793353 0.608761 -0.000000
outer loop
vertex 13.2766 -10.4786 0.0000
vertex 12.9687 -10.0774 8.4699
vertex 13.2766 -10.4786 8.4699
endloop
endfacet
facet normal 0.000000 0.000000 1.000000
outer loop
vertex 11.5988 -11.4473 8.4699
vertex 13.2766 -10.4786 8.4699
vertex 12.9687 -10.0774 8.4699
endloop
endfacet
facet normal 0.000000 0.000000 -1.000000
outer loop
vertex 11.5988 -11.4473 0.0000
vertex 12.9687 -10.0774 0.0000
vertex 13.2766 -10.4786 0.0000
endloop
endfacet
facet normal 0.608761 0.793353 0.000000
outer loop
vertex 12.9687 -10.0774 0.0000
vertex 12.5674 -9.7695 0.0000
vertex 12.5674 -9.7695 8.4699
endloop
endfacet
facet normal 0.608761 0.793353 -0.000000
outer loop
vertex 12.9687 -10.0774 0.0000
vertex 12.5674 -9.7695 8.4699
vertex 12.9687 -10.0774 8.4699
endloop
endfacet
facet normal 0.000000 0.000000 1.000000
outer loop
vertex 11.5988 -11.4473 8.4699
vertex 12.9687 -10.0774 8.4699
vertex 12.5674 -9.7695 8.4699
endloop
endfacet
facet normal 0.000000 0.000000 -1.000000
outer loop
vertex 11.5988 -11.4473 0.0000
vertex 12.5674 -9.7695 0.0000
vertex 12.9687 -10.0774 0.0000
endloop
endfacet
facet normal 0.382683 0.923880 0.000000
outer loop
vertex 12.5674 -9.7695 0.0000
vertex 12.1002 -9.5760 0.0000
vertex 12.1002 -9.5760 8.4699
endloop
endfacet
facet normal 0.382683 0.923880 -0.000000
outer loop
vertex 12.5674 -9.7695 0.0000
vertex 12.1002 -9.5760 8.4699
vertex 12.5674 -9.7695 8.4699
endloop
endfacet
facet normal 0.000000 0.000000 1.000000
outer loop
vertex 11.5988 -11.4473 8.4699
vertex 12.5674 -9.7695 8.4699
vertex 12.1002 -9.5760 8.4699
endloop
endfacet
facet normal 0.000000 0.000000 -1.000000
outer loop
vertex 11.5988 -11.4473 0.0000
vertex 12.1002 -9.5760 0.0000
vertex 12.5674 -9.7695 0.0000
endloop
endfacet
facet normal 0.130526 0.991445 0.000000
outer loop
vertex 12.1002 -9.5760 0.0000
vertex 11.5988 -9.5100 0.0000
vertex 11.5988 -9.5100 8.4699
endloop
endfacet
facet normal 0.130526 0.991445 -0.000000
outer loop
vertex 12.1002 -9.5760 0.0000
vertex 11.5988 -9.5100 8.4699
vertex 12.1002 -9.5760 8.4699
endloop
endfacet
facet normal 0.000000 0.000000 1.000000
outer loop
vertex 11.5988 -11.4473 8.4699
vertex 12.1002 -9.5760 8.4699
vertex 11.5988 -9.5100 8.4699
endloop
endfacet
facet normal 0.000000 0.000000 -1.000000
outer loop
vertex 11.5988 -11.4473 0.0000
vertex 11.5988 -9.5100 0.0000
vertex 12.1002 -9.5760 0.0000
endloop
endfacet
facet normal -0.130526 0.991445 0.000000
outer loop
vertex 11.5988 -9.5100 0.0000
vertex 11.0973 -9.5760 0.0000
vertex 11.0973 -9.5760 8.4699
endloop
endfacet
facet normal -0.130526 0.991445 0.000000
outer loop
vertex 11.5988 -9.5100 0.0000
vertex 11.0973 -9.5760 8.4699
vertex 11.5988 -9.5100 8.4699
endloop
endfacet
facet normal 0.000000 -0.000000 1.000000
outer loop
vertex 11.5988 -11.4473 8.4699
vertex 11.5988 -9.5100 8.4699
vertex 11.0973 -9.5760 8.4699
endloop
endfacet
facet normal 0.000000 0.000000 -1.000000
outer loop
vertex 11.5988 -11.4473 0.0000
vertex 11.0973 -9.5760 0.0000
vertex 11.5988 -9.5100 0.0000
endloop
endfacet
facet normal -0.382683 0.923880 0.000000
outer loop
vertex 11.0973 -9.5760 0.0000
vertex 10.6301 -9.7695 0.0000
vertex 10.6301 -9.7695 8.4699
endloop
endfacet
facet normal -0.382683 0.923880 0.000000
outer loop
vertex 11.0973 -9.5760 0.0000
vertex 10.6301 -9.7695 8.4699
vertex 11.0973 -9.5760 8.4699
endloop
endfacet
facet normal 0.000000 0.000000 1.000000
outer loop
vertex 11.5988 -11.4473 8.4699
vertex 11.0973 -9.5760 8.4699
vertex 10.6301 -9.7695 8.4699
endloop
endfacet
facet normal 0.000000 0.000000 -1.000000
outer loop
vertex 11.5988 -11.4473 0.0000
vertex 10.6301 -9.7695 0.0000
vertex 11.0973 -9.5760 0.0000
endloop
endfacet
facet normal -0.608761 0.793353 0.000000
outer loop
vertex 10.6301 -9.7695 0.0000
vertex 10.2288 -10.0774 0.0000
vertex 10.2288 -10.0774 8.4699
endloop
endfacet
facet normal -0.608761 0.793353 0.000000
outer loop
vertex 10.6301 -9.7695 0.0000
vertex 10.2288 -10.0774 8.4699
vertex 10.6301 -9.7695 8.4699
endloop
endfacet
facet normal 0.000000 0.000000 1.000000
outer loop
vertex 11.5988 -11.4473 8.4699
vertex 10.6301 -9.7695 8.4699
vertex 10.2288 -10.0774 8.4699
endloop
endfacet
facet normal 0.000000 0.000000 -1.000000
outer loop
vertex 11.5988 -11.4473 0.0000
vertex 10.2288 -10.0774 0.0000
vertex 10.6301 -9.7695 0.0000
endloop
endfacet
facet normal -0.793353 0.608761 0.000000
outer loop
vertex 10.2288 -10.0774 0.0000
vertex 9.9210 -10.4786 0.0000
vertex 9.9210 -10.4786 8.4699
endloop
endfacet
facet normal -0.793353 0.608761 0.000000
outer loop
vertex 10.2288 -10.0774 0.0000
vertex 9.9210 -10.4786 8.4699
vertex 10.2288 -10.0774 8.4699
endloop
endfacet
facet normal 0.000000 0.000000 1.000000
outer loop
vertex 11.5988 -11.4473 8.4699
vertex 10.2288 -10.0774 8.4699
vertex 9.9210 -10.4786 8.4699
endloop
endfacet
facet normal 0.000000 0.000000 -1.000000
outer loop
vertex 11.5988 -11.4473 0.0000
vertex 9.9210 -10.4786 0.0000
vertex 10.2288 -10.0774 0.0000
endloop
endfacet
facet normal -0.923880 0.382683 0.000000
outer loop
vertex 9.9210 -10.4786 0.0000
vertex 9.7274 -10.9459 0.0000
vertex 9.7274 -10.9459 8.4699
endloop
endfacet
facet normal -0.923880 0.382683 0.000000
outer loop
vertex 9.9210 -10.4786 0.0000
vertex 9.7274 -10.9459 8.4699
vertex 9.9210 -10.4786 8.4699
endloop
endfacet
facet normal 0.000000 0.000000 1.000000
outer loop
vertex 11.5988 -11.4473 8.4699
vertex 9.9210 -10.4786 8.4699
vertex 9.7274 -10.9459 8.4699
endloop
endfacet
facet normal 0.000000 0.000000 -1.000000
outer loop
vertex 11.5988 -11.4473 0.0000
vertex 9.7274 -10.9459 0.0000
vertex 9.9210 -10.4786 0.0000
endloop
endfacet
facet normal -0.991445 0.130526 0.000000
outer loop
vertex 9.7274 -10.9459 0.0000
vertex 9.6614 -11.4473 0.0000
vertex 9.6614 -11.4473 8.4699
endloop
endfacet
facet normal -0.991445 0.130526 0.000000
outer loop
vertex 9.7274 -10.9459 0.0000
vertex 9.6614 -11.4473 8.4699
vertex 9.7274 -10.9459 8.4699
endloop
endfacet
facet normal 0.000000 0.000000 1.000000
outer loop
vertex 11.5988 -11.4473 8.4699
vertex 9.7274 -10.9459 8.4699
vertex 9.6614 -11.4473 8.4699
endloop
endfacet
facet normal 0.000000 0.000000 -1.000000
outer loop
vertex 11.5988 -11.4473 0.0000
vertex 9.6614 -11.4473 0.0000
vertex 9.7274 -10.9459 0.0000
endloop
endfacet
facet normal -0.991445 -0.130526 0.000000
outer loop
vertex 9.6614 -11.4473 0.0000
vertex 9.7274 -11.9487 0.0000
vertex 9.7274 -11.9487 8.4699
endloop
endfacet
facet normal -0.991445 -0.130526 0.000000
outer loop
vertex 9.6614 -11.4473 0.0000
vertex 9.7274 -11.9487 8.4699
vertex 9.6614 -11.4473 8.4699
endloop
endfacet
facet normal 0.000000 0.000000 1.000000
outer loop
vertex 11.5988 -11.4473 8.4699
vertex 9.6614 -11.4473 8.4699
vertex 9.7274 -11.9487 8.4699
endloop
endfacet
facet normal -0.000000 0.000000 -1.000000
outer loop
vertex 11.5988 -11.4473 0.0000
vertex 9.7274 -11.9487 0.0000
vertex 9.6614 -11.4473 0.0000
endloop
endfacet
facet normal -0.923880 -0.382683 0.000000
outer loop
vertex 9.7274 -11.9487 0.0000
vertex 9.9210 -12.4160 0.0000
vertex 9.9210 -12.4160 8.4699
endloop
endfacet
facet normal -0.923880 -0.382683 0.000000
outer loop
vertex 9.7274 -11.9487 0.0000
vertex 9.9210 -12.4160 8.4699
vertex 9.7274 -11.9487 8.4699
endloop
endfacet
facet normal 0.000000 0.000000 1.000000
outer loop
vertex 11.5988 -11.4473 8.4699
vertex 9.7274 -11.9487 8.4699
vertex 9.9210 -12.4160 8.4699
endloop
endfacet
facet normal 0.000000 0.000000 -1.000000
outer loop
vertex 11.5988 -11.4473 0.0000
vertex 9.9210 -12.4160 0.0000
vertex 9.7274 -11.9487 0.0000
endloop
endfacet
facet normal -0.793353 -0.608761 0.000000
outer loop
vertex 9.9210 -12.4160 0.0000
vertex 10.2288 -12.8172 0.0000
vertex 10.2288 -12.8172 8.4699
endloop
endfacet
facet normal -0.793353 -0.608761 0.000000
outer loop
vertex 9.9210 -12.4160 0.0000
vertex 10.2288 -12.8172 8.4699
vertex 9.9210 -12.4160 8.4699
endloop
endfacet
facet normal 0.000000 0.000000 1.000000
outer loop
vertex 11.5988 -11.4473 8.4699
vertex 9.9210 -12.4160 8.4699
vertex 10.2288 -12.8172 8.4699
endloop
endfacet
facet normal 0.000000 0.000000 -1.000000
outer loop
vertex 11.5988 -11.4473 0.0000
vertex 10.2288 -12.8172 0.0000
vertex 9.9210 -12.4160 0.0000
endloop
endfacet
facet normal -0.608761 -0.793353 0.000000
outer loop
vertex 10.2288 -12.8172 0.0000
vertex 10.6301 -13.1251 0.0000
vertex 10.6301 -13.1251 8.4699
endloop
endfacet
facet normal -0.608761 -0.793353 0.000000
outer loop
vertex 10.2288 -12.8172 0.0000
vertex 10.6301 -13.1251 8.4699
vertex 10.2288 -12.8172 8.4699
endloop
endfacet
facet normal 0.000000 0.000000 1.000000
outer loop
vertex 11.5988 -11.4473 8.4699
vertex 10.2288 -12.8172 8.4699
vertex 10.6301 -13.1251 8.4699
endloop
endfacet
facet normal 0.000000 0.000000 -1.000000
outer loop
vertex 11.5988 -11.4473 0.0000
vertex 10.6301 -13.1251 0.0000
vertex 10.2288 -12.8172 0.0000
endloop
endfacet
facet normal -0.382683 -0.923880 0.000000
outer loop
vertex 10.6301 -13.1251 0.0000
vertex 11.0973 -13.3187 0.0000
vertex 11.0973 -13.3187 8.4699
endloop
endfacet
facet normal -0.382683 -0.923880 0.000000
outer loop
vertex 10.6301 -13.1251 0.0000
vertex 11.0973 -13.3187 8.4699
vertex 10.6301 -13.1251 8.4699
endloop
endfacet
facet normal 0.000000 0.000000 1.000000
outer loop
vertex 11.5988 -11.4473 8.4699
vertex 10.6301 -13.1251 8.4699
vertex 11.0973 -13.3187 8.4699
endloop
endfacet
facet normal 0.000000 0.000000 -1.000000
outer loop
vertex 11.5988 -11.4473 0.0000
vertex 11.0973 -13.3187 0.0000
vertex 10.6301 -13.1251 0.0000
endloop
endfacet
facet normal -0.130526 -0.991445 0.000000
outer loop
vertex 11.0973 -13.3187 0.0000
vertex 11.5988 -13.3847 0.0000
vertex 11.5988 -13.3847 8.4699
endloop
endfacet
facet normal -0.130526 -0.991445 0.000000
outer loop
vertex 11.0973 -13.3187 0.0000
vertex 11.5988 -13.3847 8.4699
vertex 11.0973 -13.3187 8.4699
endloop
endfacet
facet normal 0.000000 0.000000 1.000000
outer loop
vertex 11.5988 -11.4473 8.4699
vertex 11.0973 -13.3187 8.4699
vertex 11.5988 -13.3847 8.4699
endloop
endfacet
facet normal 0.000000 -0.000000 -1.000000
outer loop
vertex 11.5988 -11.4473 0.0000
vertex 11.5988 -13.3847 0.0000
vertex 11.0973 -13.3187 0.0000
endloop
endfacet
facet normal 0.130526 -0.991445 0.000000
outer loop
vertex 11.5988 -13.3847 0.0000
vertex 12.1002 -13.3187 0.0000
vertex 12.1002 -13.3187 8.4699
endloop
endfacet
facet normal 0.130526 -0.991445 0.000000
outer loop
vertex 11.5988 -13.3847 0.0000
vertex 12.1002 -13.3187 8.4699
vertex 11.5988 -13.3847 8.4699
endloop
endfacet
facet normal 0.000000 0.000000 1.000000
outer loop
vertex 11.5988 -11.4473 8.4699
vertex 11.5988 -13.3847 8.4699
vertex 12.1002 -13.3187 8.4699
endloop
endfacet
facet normal 0.000000 0.000000 -1.000000
outer loop
vertex 11.5988 -11.4473 0.0000
vertex 12.1002 -13.3187 0.0000
vertex 11.5988 -13.3847 0.0000
endloop
endfacet
facet normal 0.382683 -0.923880 0.000000
outer loop
vertex 12.1002 -13.3187 0.0000
vertex 12.5674 -13.1251 0.0000
vertex 12.5674 -13.1251 8.4699
endloop
endfacet
facet normal 0.382683 -0.923880 0.000000
outer loop
vertex 12.1002 -13.3187 0.0000
vertex 12.5674 -13.1251 8.4699
vertex 12.1002 -13.3187 8.4699
endloop
endfacet
facet normal 0.000000 0.000000 1.000000
outer loop
vertex 11.5988 -11.4473 8.4699
vertex 12.1002 -13.3187 8.4699
vertex 12.5674 -13.1251 8.4699
endloop
endfacet
facet normal 0.000000 0.000000 -1.000000
outer loop
vertex 11.5988 -11.4473 0.0000
vertex 12.5674 -13.1251 0.0000
vertex 12.1002 -13.3187 0.0000
endloop
endfacet
facet normal 0.608761 -0.793353 0.000000
outer loop
vertex 12.5674 -13.1251 0.0000
vertex 12.9687 -12.8172 0.0000
vertex 12.9687 -12.8172 8.4699
endloop
endfacet
facet normal 0.608761 -0.793353 0.000000
outer loop
vertex 12.5674 -13.1251 0.0000
vertex 12.9687 -12.8172 8.4699
vertex 12.5674 -13.1251 8.4699
endloop
endfacet
facet normal 0.000000 0.000000 1.000000
outer loop
vertex 11.5988 -11.4473 8.4699
vertex 12.5674 -13.1251 8.4699
vertex 12.9687 -12.8172 8.4699
endloop
endfacet
facet normal 0.000000 0.000000 -1.000000
outer loop
vertex 11.5988 -11.4473 0.0000
vertex 12.9687 -12.8172 0.0000
vertex 12.5674 -13.1251 0.0000
endloop
endfacet
facet normal 0.793353 -0.608761 0.000000
outer loop
vertex 12.9687 -12.8172 0.0000
vertex 13.2766 -12.4160 0.0000
vertex 13.2766 -12.4160 8.4699
endloop
endfacet
facet normal 0.793353 -0.608761 0.000000
outer loop
vertex 12.9687 -12.8172 0.0000
vertex 13.2766 -12.4160 8.4699
vertex 12.9687 -12.8172 8.4699
endloop
endfacet
facet normal 0.000000 0.000000 1.000000
outer loop
vertex 11.5988 -11.4473 8.4699
vertex 12.9687 -12.8172 8.4699
vertex 13.2766 -12.4160 8.4699
endloop
endfacet
facet normal 0.000000 0.000000 -1.000000
outer loop
vertex 11.5988 -11.4473 0.0000
vertex 13.2766 -12.4160 0.0000
vertex 12.9687 -12.8172 0.0000
endloop
endfacet
facet normal 0.923880 -0.382683 0.000000
outer loop
vertex 13.2766 -12.4160 0.0000
vertex 13.4701 -11.9487 0.0000
vertex 13.4701 -11.9487 8.4699
endloop
endfacet
facet normal 0.923880 -0.382683 0.000000
outer loop
vertex 13.2766 -12.4160 0.0000
vertex 13.4701 -11.9487 8.4699
vertex 13.2766 -12.4160 8.4699
endloop
endfacet
facet normal 0.000000 0.000000 1.000000
outer loop
vertex 11.5988 -11.4473 8.4699
vertex 13.2766 -12.4160 8.4699
vertex 13.4701 -11.9487 8.4699
endloop
endfacet
facet normal 0.000000 0.000000 -1.000000
outer loop
vertex 11.5988 -11.4473 0.0000
vertex 13.4701 -11.9487 0.0000
vertex 13.2766 -12.4160 0.0000
endloop
endfacet
facet normal 0.991445 -0.130526 0.000000
outer loop
vertex 13.4701 -11.9487 0.0000
vertex 13.5361 -11.4473 0.0000
vertex 13.5361 -11.4473 8.4699
endloop
endfacet
facet normal 0.991445 -0.130526 0.000000
outer loop
vertex 13.4701 -11.9487 0.0000
vertex 13.5361 -11.4473 8.4699
vertex 13.4701 -11.9487 8.4699
endloop
endfacet
facet normal -0.000000 0.000000 1.000000
outer loop
vertex 11.5988 -11.4473 8.4699
vertex 13.4701 -11.9487 8.4699
vertex 13.5361 -11.4473 8.4699
endloop
endfacet
facet normal 0.000000 0.000000 -1.000000
outer loop
vertex 11.5988 -11.4473 0.0000
vertex 13.5361 -11.4473 0.0000
vertex 13.4701 -11.9487 0.0000
endloop
endfacet
facet normal 0.000000 0.000000 -1.000000
outer loop
vertex -22.2534 -16.3542 0.0000
vertex -22.2534 -8.1503 0.0000
vertex -16.9595 -8.1503 0.0000
endloop
endfacet
facet normal 0.000000 0.000000 -1.000000
outer loop
vertex -22.2534 -16.3542 0.0000
vertex -16.9595 -8.1503 0.0000
vertex -16.9595 -16.3542 0.0000
endloop
endfacet
facet normal 0.000000 0.000000 1.000000
outer loop
vertex -22.2534 -16.3542 13.6680
vertex -16.9595 -16.3542 13.6680
vertex -16.9595 -8.1503 13.6680
endloop
endfacet
facet normal 0.000000 0.000000 1.000000
outer loop
vertex -22.2534 -16.3542 13.6680
vertex -16.9595 -8.1503 13.6680
vertex -22.2534 -8.1503 13.6680
endloop
endfacet
facet normal 0.000000 -1.000000 0.000000
outer loop
vertex -22.2534 -16.3542 0.0000
vertex -16.9595 -16.3542 0.0000
vertex -16.9595 -16.3542 13.6680
endloop
endfacet
facet normal 0.000000 -1.000000 0.000000
outer loop
vertex -22.2534 -16.3542 0.0000
vertex -16.9595 -16.3542 13.6680
vertex -22.2534 -16.3542 13.6680
endloop
endfacet
facet normal 1.000000 0.000000 0.000000
outer loop
vertex -16.9595 -16.3542 0.0000
vertex -16.9595 -8.1503 0.0000
vertex -16.9595 -8.1503 13.6680
endloop
endfacet
facet normal 1.000000 0.000000 0.000000
outer loop
vertex -16.9595 -16.3542 0.0000
vertex -16.9595 -8.1503 13.6680
vertex -16.9595 -16.3542 13.6680
endloop
endfacet
facet normal 0.000000 1.000000 0.000000
outer loop
vertex -16.9595 -8.1503 0.0000
vertex -22.2534 -8.1503 0.0000
vertex -22.2534 -8.1503 13.6680
endloop
endfacet
facet normal 0.000000 1.000000 -0.000000
outer loop
vertex -16.9595 -8.1503 0.0000
vertex -22.2534 -8.1503 13.6680
vertex -16.9595 -8.1503 13.6680
endloop
endfacet
facet normal -1.000000 0.000000 0.000000
outer loop
vertex -22.2534 -8.1503 0.0000
vertex -22.2534 -16.3542 0.0000
vertex -22.2534 -16.3542 13.6680
endloop
endfacet
facet normal -1.000000 0.000000 0.000000
outer loop
vertex -22.2534 -8.1503 0.0000
vertex -22.2534 -16.3542 13.6680
vertex -22.2534 -8.1503 13.6680
endloop
endfacet
facet normal 0.986752 0.129908 0.097187
outer loop
vertex 4.4543 32.6979 0.0000
vertex 4.3258 33.6743 0.0000
vertex 4.2558 33.6556 0.7360
endloop
endfacet
facet normal 0.986752 0.129908 0.097187
outer loop
vertex 4.4543 32.6979 0.0000
vertex 4.2558 33.6556 0.7360
vertex 4.3818 32.6979 0.7360
endloop
endfacet
facet normal 0.919506 0.380872 0.097187
outer loop
vertex 4.3258 33.6743 0.0000
vertex 3.9489 34.5842 0.0000
vertex 3.8861 34.5479 0.7360
endloop
endfacet
facet normal 0.919506 0.380872 0.097187
outer loop
vertex 4.3258 33.6743 0.0000
vertex 3.8861 34.5479 0.7360
vertex 4.2558 33.6556 0.7360
endloop
endfacet
facet normal 0.789598 0.605880 0.097187
outer loop
vertex 3.9489 34.5842 0.0000
vertex 3.3494 35.3655 0.0000
vertex 3.2981 35.3142 0.7360
endloop
endfacet
facet normal 0.789598 0.605880 0.097187
outer loop
vertex 3.9489 34.5842 0.0000
vertex 3.2981 35.3142 0.7360
vertex 3.8861 34.5479 0.7360
endloop
endfacet
facet normal 0.605880 0.789598 0.097187
outer loop
vertex 3.3494 35.3655 0.0000
vertex 2.5681 35.9650 0.0000
vertex 2.5318 35.9022 0.7360
endloop
endfacet
facet normal 0.605880 0.789598 0.097187
outer loop
vertex 3.3494 35.3655 0.0000
vertex 2.5318 35.9022 0.7360
vertex 3.2981 35.3142 0.7360
endloop
endfacet
facet normal 0.380872 0.919506 0.097187
outer loop
vertex 2.5681 35.9650 0.0000
vertex 1.6582 36.3419 0.0000
vertex 1.6395 36.2719 0.7360
endloop
endfacet
facet normal 0.380872 0.919506 0.097187
outer loop
vertex 2.5681 35.9650 0.0000
vertex 1.6395 36.2719 0.7360
vertex 2.5318 35.9022 0.7360
endloop
endfacet
facet normal 0.129908 0.986752 0.097187
outer loop
vertex 1.6582 36.3419 0.0000
vertex 0.6818 36.4704 0.0000
vertex 0.6818 36.3979 0.7360
endloop
endfacet
facet normal 0.129908 0.986752 0.097187
outer loop
vertex 1.6582 36.3419 0.0000
vertex 0.6818 36.3979 0.7360
vertex 1.6395 36.2719 0.7360
endloop
endfacet
facet normal -0.129908 0.986752 0.097187
outer loop
vertex 0.6818 36.4704 0.0000
vertex -0.2945 36.3419 0.0000
vertex -0.2758 36.2719 0.7360
endloop
endfacet
facet normal -0.129908 0.986752 0.097187
outer loop
vertex 0.6818 36.4704 0.0000
vertex -0.2758 36.2719 0.7360
vertex 0.6818 36.3979 0.7360
endloop
endfacet
facet normal -0.380872 0.919506 0.097187
outer loop
vertex -0.2945 36.3419 0.0000
vertex -1.2044 35.9650 0.0000
vertex -1.1682 35.9022 0.7360
endloop
endfacet
facet normal -0.380872 0.919506 0.097187
outer loop
vertex -0.2945 36.3419 0.0000
vertex -1.1682 35.9022 0.7360
vertex -0.2758 36.2719 0.7360
endloop
endfacet
facet normal -0.605880 0.789598 0.097187
outer loop
vertex -1.2044 35.9650 0.0000
vertex -1.9857 35.3655 0.0000
vertex -1.9345 35.3142 0.7360
endloop
endfacet
facet normal -0.605880 0.789598 0.097187
outer loop
vertex -1.2044 35.9650 0.0000
vertex -1.9345 35.3142 0.7360
vertex -1.1682 35.9022 0.7360
endloop
endfacet
facet normal -0.789598 0.605880 0.097187
outer loop
vertex -1.9857 35.3655 0.0000
vertex -2.5852 34.5842 0.0000
vertex -2.5225 34.5479 0.7360
endloop
endfacet
facet normal -0.789598 0.605880 0.097187
outer loop
vertex -1.9857 35.3655 0.0000
vertex -2.5225 34.5479 0.7360
vertex -1.9345 35.3142 0.7360
endloop
endfacet
facet normal -0.919506 0.380872 0.097187
outer loop
vertex -2.5852 34.5842 0.0000
vertex -2.9621 33.6743 0.0000
vertex -2.8921 33.6556 0.7360
endloop
endfacet
facet normal -0.919506 0.380872 0.097187
outer loop
vertex -2.5852 34.5842 0.0000
vertex -2.8921 33.6556 0.7360
vertex -2.5225 34.5479 0.7360
endloop
endfacet
facet normal -0.986752 0.129908 0.097187
outer loop
vertex -2.9621 33.6743 0.0000
vertex -3.0906 32.6979 0.0000
vertex -3.0182 32.6979 0.7360
endloop
endfacet
facet normal -0.986752 0.129908 0.097187
outer loop
vertex -2.9621 33.6743 0.0000
vertex -3.0182 32.6979 0.7360
vertex -2.8921 33.6556 0.7360
endloop
endfacet
facet normal -0.986752 -0.129908 0.097187
outer loop
vertex -3.0906 32.6979 0.0000
vertex -2.9621 31.7216 0.0000
vertex -2.8921 31.7403 0.7360
endloop
endfacet
facet normal -0.986752 -0.129908 0.097187
outer loop
vertex -3.0906 32.6979 0.0000
vertex -2.8921 31.7403 0.7360
vertex -3.0182 32.6979 0.7360
endloop
endfacet
facet normal -0.919506 -0.380872 0.097187
outer loop
vertex -2.9621 31.7216 0.0000
vertex -2.5852 30.8117 0.0000
vertex -2.5225 30.8479 0.7360
endloop
endfacet
facet normal -0.919506 -0.380872 0.097187
outer loop
vertex -2.9621 31.7216 0.0000
vertex -2.5225 30.8479 0.7360
vertex -2.8921 31.7403 0.7360
endloop
endfacet
facet normal -0.789598 -0.605880 0.097187
outer loop
vertex -2.5852 30.8117 0.0000
vertex -1.9857 30.0304 0.0000
vertex -1.9345 30.0817 0.7360
endloop
endfacet
facet normal -0.789598 -0.605880 0.097187
outer loop
vertex -2.5852 30.8117 0.0000
vertex -1.9345 30.0817 0.7360
vertex -2.5225 30.8479 0.7360
endloop
endfacet
facet normal -0.605880 -0.789598 0.097187
outer loop
vertex -1.9857 30.0304 0.0000
vertex -1.2044 29.4309 0.0000
vertex -1.1682 29.4937 0.7360
endloop
endfacet
facet normal -0.605880 -0.789598 0.097187
outer loop
vertex -1.9857 30.0304 0.0000
vertex -1.1682 29.4937 0.7360
vertex -1.9345 30.0817 0.7360
endloop
endfacet
facet normal -0.380872 -0.919506 0.097187
outer loop
vertex -1.2044 29.4309 0.0000
vertex -0.2945 29.0540 0.0000
vertex -0.2758 29.1240 0.7360
endloop
endfacet
facet normal -0.380872 -0.919506 0.097187
outer loop
vertex -1.2044 29.4309 0.0000
vertex -0.2758 29.1240 0.7360
vertex -1.1682 29.4937 0.7360
endloop
endfacet
facet normal -0.129908 -0.986752 0.097187
outer loop
vertex -0.2945 29.0540 0.0000
vertex 0.6818 28.9255 0.0000
vertex 0.6818 28.9979 0.7360
endloop
endfacet
facet normal -0.129908 -0.986752 0.097187
outer loop
vertex -0.2945 29.0540 0.0000
vertex 0.6818 28.9979 0.7360
vertex -0.2758 29.1240 0.7360
endloop
endfacet
facet normal 0.129908 -0.986752 0.097187
outer loop
vertex 0.6818 28.9255 0.0000
vertex 1.6582 29.0540 0.0000
vertex 1.6395 29.1240 0.7360
endloop
endfacet
facet normal 0.129908 -0.986752 0.097187
outer loop
vertex 0.6818 28.9255 0.0000
vertex 1.6395 29.1240 0.7360
vertex 0.6818 28.9979 0.7360
endloop
endfacet
facet normal 0.380872 -0.919506 0.097187
outer loop
vertex 1.6582 29.0540 0.0000
vertex 2.5681 29.4309 0.0000
vertex 2.5318 29.4937 0.7360
endloop
endfacet
facet normal 0.380872 -0.919506 0.097187
outer loop
vertex 1.6582 29.0540 0.0000
vertex 2.5318 29.4937 0.7360
vertex 1.6395 29.1240 0.7360
endloop
endfacet
facet normal 0.605880 -0.789598 0.097187
outer loop
vertex 2.5681 29.4309 0.0000
vertex 3.3494 30.0304 0.0000
vertex 3.2981 30.0817 0.7360
endloop
endfacet
facet normal 0.605880 -0.789598 0.097187
outer loop
vertex 2.5681 29.4309 0.0000
vertex 3.2981 30.0817 0.7360
vertex 2.5318 29.4937 0.7360
endloop
endfacet
facet normal 0.789598 -0.605880 0.097187
outer loop
vertex 3.3494 30.0304 0.0000
vertex 3.9489 30.8117 0.0000
vertex 3.8861 30.8479 0.7360
endloop
endfacet
facet normal 0.789598 -0.605880 0.097187
outer loop
vertex 3.3494 30.0304 0.0000
vertex 3.8861 30.8479 0.7360
vertex 3.2981 30.0817 0.7360
endloop
endfacet
facet normal 0.919506 -0.380872 0.097187
outer loop
vertex 3.9489 30.8117 0.0000
vertex 4.3258 31.7216 0.0000
vertex 4.2558 31.7403 0.7360
endloop
endfacet
facet normal 0.919506 -0.380872 0.097187
outer loop
vertex 3.9489 30.8117 0.0000
vertex 4.2558 31.7403 0.7360
vertex 3.8861 30.8479 0.7360
endloop
endfacet
facet normal 0.986752 -0.129908 0.097187
outer loop
vertex 4.3258 31.7216 0.0000
vertex 4.4543 32.6979 0.0000
vertex 4.3818 32.6979 0.7360
endloop
endfacet
facet normal 0.986752 -0.129908 0.097187
outer loop
vertex 4.3258 31.7216 0.0000
vertex 4.3818 32.6979 0.7360
vertex 4.2558 31.7403 0.7360
endloop
endfacet
facet normal 0.949435 0.124996 0.288008
outer loop
vertex 4.3818 32.6979 0.7360
vertex 4.2558 33.6556 0.7360
vertex 4.0484 33.6000 1.4437
endloop
endfacet
facet normal 0.949435 0.124996 0.288008
outer loop
vertex 4.3818 32.6979 0.7360
vertex 4.0484 33.6000 1.4437
vertex 4.1672 32.6979 1.4437
endloop
endfacet
facet normal 0.884733 0.366468 0.288008
outer loop
vertex 4.2558 33.6556 0.7360
vertex 3.8861 34.5479 0.7360
vertex 3.7002 34.4406 1.4437
endloop
endfacet
facet normal 0.884733 0.366468 0.288008
outer loop
vertex 4.2558 33.6556 0.7360
vertex 3.7002 34.4406 1.4437
vertex 4.0484 33.6000 1.4437
endloop
endfacet
facet normal 0.759737 0.582967 0.288008
outer loop
vertex 3.8861 34.5479 0.7360
vertex 3.2981 35.3142 0.7360
vertex 3.1463 35.1624 1.4437
endloop
endfacet
facet normal 0.759737 0.582967 0.288008
outer loop
vertex 3.8861 34.5479 0.7360
vertex 3.1463 35.1624 1.4437
vertex 3.7002 34.4406 1.4437
endloop
endfacet
facet normal 0.582967 0.759737 0.288008
outer loop
vertex 3.2981 35.3142 0.7360
vertex 2.5318 35.9022 0.7360
vertex 2.4245 35.7163 1.4437
endloop
endfacet
facet normal 0.582967 0.759737 0.288008
outer loop
vertex 3.2981 35.3142 0.7360
vertex 2.4245 35.7163 1.4437
vertex 3.1463 35.1624 1.4437
endloop
endfacet
facet normal 0.366468 0.884733 0.288008
outer loop
vertex 2.5318 35.9022 0.7360
vertex 1.6395 36.2719 0.7360
vertex 1.5839 36.0645 1.4437
endloop
endfacet
facet normal 0.366468 0.884733 0.288008
outer loop
vertex 2.5318 35.9022 0.7360
vertex 1.5839 36.0645 1.4437
vertex 2.4245 35.7163 1.4437
endloop
endfacet
facet normal 0.124996 0.949435 0.288008
outer loop
vertex 1.6395 36.2719 0.7360
vertex 0.6818 36.3979 0.7360
vertex 0.6818 36.1833 1.4437
endloop
endfacet
facet normal 0.124996 0.949435 0.288008
outer loop
vertex 1.6395 36.2719 0.7360
vertex 0.6818 36.1833 1.4437
vertex 1.5839 36.0645 1.4437
endloop
endfacet
facet normal -0.124996 0.949435 0.288008
outer loop
vertex 0.6818 36.3979 0.7360
vertex -0.2758 36.2719 0.7360
vertex -0.2202 36.0645 1.4437
endloop
endfacet
facet normal -0.124996 0.949435 0.288008
outer loop
vertex 0.6818 36.3979 0.7360
vertex -0.2202 36.0645 1.4437
vertex 0.6818 36.1833 1.4437
endloop
endfacet
facet normal -0.366468 0.884733 0.288008
outer loop
vertex -0.2758 36.2719 0.7360
vertex -1.1682 35.9022 0.7360
vertex -1.0608 35.7163 1.4437
endloop
endfacet
facet normal -0.366468 0.884733 0.288008
outer loop
vertex -0.2758 36.2719 0.7360
vertex -1.0608 35.7163 1.4437
vertex -0.2202 36.0645 1.4437
endloop
endfacet
facet normal -0.582967 0.759737 0.288008
outer loop
vertex -1.1682 35.9022 0.7360
vertex -1.9345 35.3142 0.7360
vertex -1.7827 35.1624 1.4437
endloop
endfacet
facet normal -0.582967 0.759737 0.288008
outer loop
vertex -1.1682 35.9022 0.7360
vertex -1.7827 35.1624 1.4437
vertex -1.0608 35.7163 1.4437
endloop
endfacet
facet normal -0.759737 0.582967 0.288008
outer loop
vertex -1.9345 35.3142 0.7360
vertex -2.5225 34.5479 0.7360
vertex -2.3365 34.4406 1.4437
endloop
endfacet
facet normal -0.759737 0.582967 0.288008
outer loop
vertex -1.9345 35.3142 0.7360
vertex -2.3365 34.4406 1.4437
vertex -1.7827 35.1624 1.4437
endloop
endfacet
facet normal -0.884733 0.366468 0.288008
outer loop
vertex -2.5225 34.5479 0.7360
vertex -2.8921 33.6556 0.7360
vertex -2.6847 33.6000 1.4437
endloop
endfacet
facet normal -0.884733 0.366468 0.288008
outer loop
vertex -2.5225 34.5479 0.7360
vertex -2.6847 33.6000 1.4437
vertex -2.3365 34.4406 1.4437
endloop
endfacet
facet normal -0.949435 0.124996 0.288008
outer loop
vertex -2.8921 33.6556 0.7360
vertex -3.0182 32.6979 0.7360
vertex -2.8035 32.6979 1.4437
endloop
endfacet
facet normal -0.949435 0.124996 0.288008
outer loop
vertex -2.8921 33.6556 0.7360
vertex -2.8035 32.6979 1.4437
vertex -2.6847 33.6000 1.4437
endloop
endfacet
facet normal -0.949435 -0.124996 0.288008
outer loop
vertex -3.0182 32.6979 0.7360
vertex -2.8921 31.7403 0.7360
vertex -2.6847 31.7959 1.4437
endloop
endfacet
facet normal -0.949435 -0.124996 0.288008
outer loop
vertex -3.0182 32.6979 0.7360
vertex -2.6847 31.7959 1.4437
vertex -2.8035 32.6979 1.4437
endloop
endfacet
facet normal -0.884733 -0.366468 0.288008
outer loop
vertex -2.8921 31.7403 0.7360
vertex -2.5225 30.8479 0.7360
vertex -2.3365 30.9553 1.4437
endloop
endfacet
facet normal -0.884733 -0.366468 0.288008
outer loop
vertex -2.8921 31.7403 0.7360
vertex -2.3365 30.9553 1.4437
vertex -2.6847 31.7959 1.4437
endloop
endfacet
facet normal -0.759737 -0.582967 0.288008
outer loop
vertex -2.5225 30.8479 0.7360
vertex -1.9345 30.0817 0.7360
vertex -1.7827 30.2335 1.4437
endloop
endfacet
facet normal -0.759737 -0.582967 0.288008
outer loop
vertex -2.5225 30.8479 0.7360
vertex -1.7827 30.2335 1.4437
vertex -2.3365 30.9553 1.4437
endloop
endfacet
facet normal -0.582967 -0.759737 0.288008
outer loop
vertex -1.9345 30.0817 0.7360
vertex -1.1682 29.4937 0.7360
vertex -1.0608 29.6796 1.4437
endloop
endfacet
facet normal -0.582967 -0.759737 0.288008
outer loop
vertex -1.9345 30.0817 0.7360
vertex -1.0608 29.6796 1.4437
vertex -1.7827 30.2335 1.4437
endloop
endfacet
facet normal -0.366468 -0.884733 0.288008
outer loop
vertex -1.1682 29.4937 0.7360
vertex -0.2758 29.1240 0.7360
vertex -0.2202 29.3314 1.4437
endloop
endfacet
facet normal -0.366468 -0.884733 0.288008
outer loop
vertex -1.1682 29.4937 0.7360
vertex -0.2202 29.3314 1.4437
vertex -1.0608 29.6796 1.4437
endloop
endfacet
facet normal -0.124996 -0.949435 0.288008
outer loop
vertex -0.2758 29.1240 0.7360
vertex 0.6818 28.9979 0.7360
vertex 0.6818 29.2126 1.4437
endloop
endfacet
facet normal -0.124996 -0.949435 0.288008
outer loop
vertex -0.2758 29.1240 0.7360
vertex 0.6818 29.2126 1.4437
vertex -0.2202 29.3314 1.4437
endloop
endfacet
facet normal 0.124996 -0.949435 0.288008
outer loop
vertex 0.6818 28.9979 0.7360
vertex 1.6395 29.1240 0.7360
vertex 1.5839 29.3314 1.4437
endloop
endfacet
facet normal 0.124996 -0.949435 0.288008
outer loop
vertex 0.6818 28.9979 0.7360
vertex 1.5839 29.3314 1.4437
vertex 0.6818 29.2126 1.4437
endloop
endfacet
facet normal 0.366468 -0.884733 0.288008
outer loop
vertex 1.6395 29.1240 0.7360
vertex 2.5318 29.4937 0.7360
vertex 2.4245 29.6796 1.4437
endloop
endfacet
facet normal 0.366468 -0.884733 0.288008
outer loop
vertex 1.6395 29.1240 0.7360
vertex 2.4245 29.6796 1.4437
vertex 1.5839 29.3314 1.4437
endloop
endfacet
facet normal 0.582967 -0.759737 0.288008
outer loop
vertex 2.5318 29.4937 0.7360
vertex 3.2981 30.0817 0.7360
vertex 3.1463 30.2335 1.4437
endloop
endfacet
facet normal 0.582967 -0.759737 0.288008
outer loop
vertex 2.5318 29.4937 0.7360
vertex 3.1463 30.2335 1.4437
vertex 2.4245 29.6796 1.4437
endloop
endfacet
facet normal 0.759737 -0.582967 0.288008
outer loop
vertex 3.2981 30.0817 0.7360
vertex 3.8861 30.8479 0.7360
vertex 3.7002 30.9553 1.4437
endloop
endfacet
facet normal 0.759737 -0.582967 0.288008
outer loop
vertex 3.2981 30.0817 0.7360
vertex 3.7002 30.9553 1.4437
vertex 3.1463 30.2335 1.4437
endloop
endfacet
facet normal 0.884733 -0.366468 0.288008
outer loop
vertex 3.8861 30.8479 0.7360
vertex 4.2558 31.7403 0.7360
vertex 4.0484 31.7959 1.4437
endloop
endfacet
facet normal 0.884733 -0.366468 0.288008
outer loop
vertex 3.8861 30.8479 0.7360
vertex 4.0484 31.7959 1.4437
vertex 3.7002 30.9553 1.4437
endloop
endfacet
facet normal 0.949435 -0.124996 0.288008
outer loop
vertex 4.2558 31.7403 0.7360
vertex 4.3818 32.6979 0.7360
vertex 4.1672 32.6979 1.4437
endloop
endfacet
facet normal 0.949435 -0.124996 0.288008
outer loop
vertex 4.2558 31.7403 0.7360
vertex 4.1672 32.6979 1.4437
vertex 4.0484 31.7959 1.4437
endloop
endfacet
facet normal 0.876036 0.115332 0.468251
outer loop
vertex 4.1672 32.6979 1.4437
vertex 4.0484 33.6000 1.4437
vertex 3.7117 33.5098 2.0959
endloop
endfacet
facet normal 0.876036 0.115332 0.468251
outer loop
vertex 4.1672 32.6979 1.4437
vertex 3.7117 33.5098 2.0959
vertex 3.8186 32.6979 2.0959
endloop
endfacet
facet normal 0.816336 0.338137 0.468251
outer loop
vertex 4.0484 33.6000 1.4437
vertex 3.7002 34.4406 1.4437
vertex 3.3983 34.2663 2.0959
endloop
endfacet
facet normal 0.816336 0.338137 0.468251
outer loop
vertex 4.0484 33.6000 1.4437
vertex 3.3983 34.2663 2.0959
vertex 3.7117 33.5098 2.0959
endloop
endfacet
facet normal 0.701003 0.537899 0.468251
outer loop
vertex 3.7002 34.4406 1.4437
vertex 3.1463 35.1624 1.4437
vertex 2.8998 34.9159 2.0959
endloop
endfacet
facet normal 0.701003 0.537899 0.468251
outer loop
vertex 3.7002 34.4406 1.4437
vertex 2.8998 34.9159 2.0959
vertex 3.3983 34.2663 2.0959
endloop
endfacet
facet normal 0.537899 0.701003 0.468251
outer loop
vertex 3.1463 35.1624 1.4437
vertex 2.4245 35.7163 1.4437
vertex 2.2502 35.4144 2.0959
endloop
endfacet
facet normal 0.537899 0.701003 0.468251
outer loop
vertex 3.1463 35.1624 1.4437
vertex 2.2502 35.4144 2.0959
vertex 2.8998 34.9159 2.0959
endloop
endfacet
facet normal 0.338137 0.816336 0.468251
outer loop
vertex 2.4245 35.7163 1.4437
vertex 1.5839 36.0645 1.4437
vertex 1.4937 35.7278 2.0959
endloop
endfacet
facet normal 0.338137 0.816336 0.468251
outer loop
vertex 2.4245 35.7163 1.4437
vertex 1.4937 35.7278 2.0959
vertex 2.2502 35.4144 2.0959
endloop
endfacet
facet normal 0.115332 0.876036 0.468251
outer loop
vertex 1.5839 36.0645 1.4437
vertex 0.6818 36.1833 1.4437
vertex 0.6818 35.8347 2.0959
endloop
endfacet
facet normal 0.115332 0.876036 0.468251
outer loop
vertex 1.5839 36.0645 1.4437
vertex 0.6818 35.8347 2.0959
vertex 1.4937 35.7278 2.0959
endloop
endfacet
facet normal -0.115332 0.876036 0.468251
outer loop
vertex 0.6818 36.1833 1.4437
vertex -0.2202 36.0645 1.4437
vertex -0.1300 35.7278 2.0959
endloop
endfacet
facet normal -0.115332 0.876036 0.468251
outer loop
vertex 0.6818 36.1833 1.4437
vertex -0.1300 35.7278 2.0959
vertex 0.6818 35.8347 2.0959
endloop
endfacet
facet normal -0.338137 0.816336 0.468251
outer loop
vertex -0.2202 36.0645 1.4437
vertex -1.0608 35.7163 1.4437
vertex -0.8865 35.4144 2.0959
endloop
endfacet
facet normal -0.338137 0.816336 0.468251
outer loop
vertex -0.2202 36.0645 1.4437
vertex -0.8865 35.4144 2.0959
vertex -0.1300 35.7278 2.0959
endloop
endfacet
facet normal -0.537899 0.701003 0.468251
outer loop
vertex -1.0608 35.7163 1.4437
vertex -1.7827 35.1624 1.4437
vertex -1.5361 34.9159 2.0959
endloop
endfacet
facet normal -0.537899 0.701003 0.468251
outer loop
vertex -1.0608 35.7163 1.4437
vertex -1.5361 34.9159 2.0959
vertex -0.8865 35.4144 2.0959
endloop
endfacet
facet normal -0.701003 0.537899 0.468251
outer loop
vertex -1.7827 35.1624 1.4437
vertex -2.3365 34.4406 1.4437
vertex -2.0346 34.2663 2.0959
endloop
endfacet
facet normal -0.701003 0.537899 0.468251
outer loop
vertex -1.7827 35.1624 1.4437
vertex -2.0346 34.2663 2.0959
vertex -1.5361 34.9159 2.0959
endloop
endfacet
facet normal -0.816336 0.338137 0.468251
outer loop
vertex -2.3365 34.4406 1.4437
vertex -2.6847 33.6000 1.4437
vertex -2.3480 33.5098 2.0959
endloop
endfacet
facet normal -0.816336 0.338137 0.468251
outer loop
vertex -2.3365 34.4406 1.4437
vertex -2.3480 33.5098 2.0959
vertex -2.0346 34.2663 2.0959
endloop
endfacet
facet normal -0.876036 0.115332 0.468251
outer loop
vertex -2.6847 33.6000 1.4437
vertex -2.8035 32.6979 1.4437
vertex -2.4549 32.6979 2.0959
endloop
endfacet
facet normal -0.876036 0.115332 0.468251
outer loop
vertex -2.6847 33.6000 1.4437
vertex -2.4549 32.6979 2.0959
vertex -2.3480 33.5098 2.0959
endloop
endfacet
facet normal -0.876036 -0.115332 0.468251
outer loop
vertex -2.8035 32.6979 1.4437
vertex -2.6847 31.7959 1.4437
vertex -2.3480 31.8861 2.0959
endloop
endfacet
facet normal -0.876036 -0.115332 0.468251
outer loop
vertex -2.8035 32.6979 1.4437
vertex -2.3480 31.8861 2.0959
vertex -2.4549 32.6979 2.0959
endloop
endfacet
facet normal -0.816336 -0.338137 0.468251
outer loop
vertex -2.6847 31.7959 1.4437
vertex -2.3365 30.9553 1.4437
vertex -2.0346 31.1296 2.0959
endloop
endfacet
facet normal -0.816336 -0.338137 0.468251
outer loop
vertex -2.6847 31.7959 1.4437
vertex -2.0346 31.1296 2.0959
vertex -2.3480 31.8861 2.0959
endloop
endfacet
facet normal -0.701003 -0.537899 0.468251
outer loop
vertex -2.3365 30.9553 1.4437
vertex -1.7827 30.2335 1.4437
vertex -1.5361 30.4800 2.0959
endloop
endfacet
facet normal -0.701003 -0.537899 0.468251
outer loop
vertex -2.3365 30.9553 1.4437
vertex -1.5361 30.4800 2.0959
vertex -2.0346 31.1296 2.0959
endloop
endfacet
facet normal -0.537899 -0.701003 0.468251
outer loop
vertex -1.7827 30.2335 1.4437
vertex -1.0608 29.6796 1.4437
vertex -0.8865 29.9815 2.0959
endloop
endfacet
facet normal -0.537899 -0.701003 0.468251
outer loop
vertex -1.7827 30.2335 1.4437
vertex -0.8865 29.9815 2.0959
vertex -1.5361 30.4800 2.0959
endloop
endfacet
facet normal -0.338137 -0.816336 0.468251
outer loop
vertex -1.0608 29.6796 1.4437
vertex -0.2202 29.3314 1.4437
vertex -0.1300 29.6681 2.0959
endloop
endfacet
facet normal -0.338137 -0.816336 0.468251
outer loop
vertex -1.0608 29.6796 1.4437
vertex -0.1300 29.6681 2.0959
vertex -0.8865 29.9815 2.0959
endloop
endfacet
facet normal -0.115332 -0.876036 0.468251
outer loop
vertex -0.2202 29.3314 1.4437
vertex 0.6818 29.2126 1.4437
vertex 0.6818 29.5612 2.0959
endloop
endfacet
facet normal -0.115332 -0.876036 0.468251
outer loop
vertex -0.2202 29.3314 1.4437
vertex 0.6818 29.5612 2.0959
vertex -0.1300 29.6681 2.0959
endloop
endfacet
facet normal 0.115332 -0.876036 0.468251
outer loop
vertex 0.6818 29.2126 1.4437
vertex 1.5839 29.3314 1.4437
vertex 1.4937 29.6681 2.0959
endloop
endfacet
facet normal 0.115332 -0.876036 0.468251
outer loop
vertex 0.6818 29.2126 1.4437
vertex 1.4937 29.6681 2.0959
vertex 0.6818 29.5612 2.0959
endloop
endfacet
facet normal 0.338137 -0.816336 0.468251
outer loop
vertex 1.5839 29.3314 1.4437
vertex 2.4245 29.6796 1.4437
vertex 2.2502 29.9815 2.0959
endloop
endfacet
facet normal 0.338137 -0.816336 0.468251
outer loop
vertex 1.5839 29.3314 1.4437
vertex 2.2502 29.9815 2.0959
vertex 1.4937 29.6681 2.0959
endloop
endfacet
facet normal 0.537899 -0.701003 0.468251
outer loop
vertex 2.4245 29.6796 1.4437
vertex 3.1463 30.2335 1.4437
vertex 2.8998 30.4800 2.0959
endloop
endfacet
facet normal 0.537899 -0.701003 0.468251
outer loop
vertex 2.4245 29.6796 1.4437
vertex 2.8998 30.4800 2.0959
vertex 2.2502 29.9815 2.0959
endloop
endfacet
facet normal 0.701003 -0.537899 0.468251
outer loop
vertex 3.1463 30.2335 1.4437
vertex 3.7002 30.9553 1.4437
vertex 3.3983 31.1296 2.0959
endloop
endfacet
facet normal 0.701003 -0.537899 0.468251
outer loop
vertex 3.1463 30.2335 1.4437
vertex 3.3983 31.1296 2.0959
vertex 2.8998 30.4800 2.0959
endloop
endfacet
facet normal 0.816336 -0.338137 0.468251
outer loop
vertex 3.7002 30.9553 1.4437
vertex 4.0484 31.7959 1.4437
vertex 3.7117 31.8861 2.0959
endloop
endfacet
facet normal 0.816336 -0.338137 0.468251
outer loop
vertex 3.7002 30.9553 1.4437
vertex 3.7117 31.8861 2.0959
vertex 3.3983 31.1296 2.0959
endloop
endfacet
facet normal 0.876036 -0.115332 0.468251
outer loop
vertex 4.0484 31.7959 1.4437
vertex 4.1672 32.6979 1.4437
vertex 3.8186 32.6979 2.0959
endloop
endfacet
facet normal 0.876036 -0.115332 0.468251
outer loop
vertex 4.0484 31.7959 1.4437
vertex 3.8186 32.6979 2.0959
vertex 3.7117 31.8861 2.0959
endloop
endfacet
facet normal 0.769038 0.101246 0.631133
outer loop
vertex 3.8186 32.6979 2.0959
vertex 3.7117 33.5098 2.0959
vertex 3.2585 33.3884 2.6676
endloop
endfacet
facet normal 0.769038 0.101246 0.631133
outer loop
vertex 3.8186 32.6979 2.0959
vertex 3.2585 33.3884 2.6676
vertex 3.3494 32.6979 2.6676
endloop
endfacet
facet normal 0.716630 0.296838 0.631133
outer loop
vertex 3.7117 33.5098 2.0959
vertex 3.3983 34.2663 2.0959
vertex 2.9920 34.0317 2.6676
endloop
endfacet
facet normal 0.716630 0.296838 0.631133
outer loop
vertex 3.7117 33.5098 2.0959
vertex 2.9920 34.0317 2.6676
vertex 3.2585 33.3884 2.6676
endloop
endfacet
facet normal 0.615384 0.472201 0.631133
outer loop
vertex 3.3983 34.2663 2.0959
vertex 2.8998 34.9159 2.0959
vertex 2.5681 34.5842 2.6676
endloop
endfacet
facet normal 0.615384 0.472201 0.631133
outer loop
vertex 3.3983 34.2663 2.0959
vertex 2.5681 34.5842 2.6676
vertex 2.9920 34.0317 2.6676
endloop
endfacet
facet normal 0.472201 0.615384 0.631133
outer loop
vertex 2.8998 34.9159 2.0959
vertex 2.2502 35.4144 2.0959
vertex 2.0156 35.0081 2.6676
endloop
endfacet
facet normal 0.472201 0.615384 0.631133
outer loop
vertex 2.8998 34.9159 2.0959
vertex 2.0156 35.0081 2.6676
vertex 2.5681 34.5842 2.6676
endloop
endfacet
facet normal 0.296838 0.716630 0.631133
outer loop
vertex 2.2502 35.4144 2.0959
vertex 1.4937 35.7278 2.0959
vertex 1.3723 35.2746 2.6676
endloop
endfacet
facet normal 0.296838 0.716630 0.631133
outer loop
vertex 2.2502 35.4144 2.0959
vertex 1.3723 35.2746 2.6676
vertex 2.0156 35.0081 2.6676
endloop
endfacet
facet normal 0.101246 0.769038 0.631133
outer loop
vertex 1.4937 35.7278 2.0959
vertex 0.6818 35.8347 2.0959
vertex 0.6818 35.3655 2.6676
endloop
endfacet
facet normal 0.101246 0.769038 0.631133
outer loop
vertex 1.4937 35.7278 2.0959
vertex 0.6818 35.3655 2.6676
vertex 1.3723 35.2746 2.6676
endloop
endfacet
facet normal -0.101246 0.769038 0.631133
outer loop
vertex 0.6818 35.8347 2.0959
vertex -0.1300 35.7278 2.0959
vertex -0.0086 35.2746 2.6676
endloop
endfacet
facet normal -0.101246 0.769038 0.631133
outer loop
vertex 0.6818 35.8347 2.0959
vertex -0.0086 35.2746 2.6676
vertex 0.6818 35.3655 2.6676
endloop
endfacet
facet normal -0.296838 0.716630 0.631133
outer loop
vertex -0.1300 35.7278 2.0959
vertex -0.8865 35.4144 2.0959
vertex -0.6519 35.0081 2.6676
endloop
endfacet
facet normal -0.296838 0.716630 0.631133
outer loop
vertex -0.1300 35.7278 2.0959
vertex -0.6519 35.0081 2.6676
vertex -0.0086 35.2746 2.6676
endloop
endfacet
facet normal -0.472201 0.615384 0.631133
outer loop
vertex -0.8865 35.4144 2.0959
vertex -1.5361 34.9159 2.0959
vertex -1.2044 34.5842 2.6676
endloop
endfacet
facet normal -0.472201 0.615384 0.631133
outer loop
vertex -0.8865 35.4144 2.0959
vertex -1.2044 34.5842 2.6676
vertex -0.6519 35.0081 2.6676
endloop
endfacet
facet normal -0.615384 0.472201 0.631133
outer loop
vertex -1.5361 34.9159 2.0959
vertex -2.0346 34.2663 2.0959
vertex -1.6283 34.0317 2.6676
endloop
endfacet
facet normal -0.615384 0.472201 0.631133
outer loop
vertex -1.5361 34.9159 2.0959
vertex -1.6283 34.0317 2.6676
vertex -1.2044 34.5842 2.6676
endloop
endfacet
facet normal -0.716630 0.296838 0.631133
outer loop
vertex -2.0346 34.2663 2.0959
vertex -2.3480 33.5098 2.0959
vertex -1.8948 33.3884 2.6676
endloop
endfacet
facet normal -0.716630 0.296838 0.631133
outer loop
vertex -2.0346 34.2663 2.0959
vertex -1.8948 33.3884 2.6676
vertex -1.6283 34.0317 2.6676
endloop
endfacet
facet normal -0.769038 0.101246 0.631133
outer loop
vertex -2.3480 33.5098 2.0959
vertex -2.4549 32.6979 2.0959
vertex -1.9857 32.6979 2.6676
endloop
endfacet
facet normal -0.769038 0.101246 0.631133
outer loop
vertex -2.3480 33.5098 2.0959
vertex -1.9857 32.6979 2.6676
vertex -1.8948 33.3884 2.6676
endloop
endfacet
facet normal -0.769038 -0.101246 0.631133
outer loop
vertex -2.4549 32.6979 2.0959
vertex -2.3480 31.8861 2.0959
vertex -1.8948 32.0075 2.6676
endloop
endfacet
facet normal -0.769038 -0.101246 0.631133
outer loop
vertex -2.4549 32.6979 2.0959
vertex -1.8948 32.0075 2.6676
vertex -1.9857 32.6979 2.6676
endloop
endfacet
facet normal -0.716630 -0.296838 0.631133
outer loop
vertex -2.3480 31.8861 2.0959
vertex -2.0346 31.1296 2.0959
vertex -1.6283 31.3642 2.6676
endloop
endfacet
facet normal -0.716630 -0.296838 0.631133
outer loop
vertex -2.3480 31.8861 2.0959
vertex -1.6283 31.3642 2.6676
vertex -1.8948 32.0075 2.6676
endloop
endfacet
facet normal -0.615384 -0.472201 0.631133
outer loop
vertex -2.0346 31.1296 2.0959
vertex -1.5361 30.4800 2.0959
vertex -1.2044 30.8117 2.6676
endloop
endfacet
facet normal -0.615384 -0.472201 0.631133
outer loop
vertex -2.0346 31.1296 2.0959
vertex -1.2044 30.8117 2.6676
vertex -1.6283 31.3642 2.6676
endloop
endfacet
facet normal -0.472201 -0.615384 0.631133
outer loop
vertex -1.5361 30.4800 2.0959
vertex -0.8865 29.9815 2.0959
vertex -0.6519 30.3878 2.6676
endloop
endfacet
facet normal -0.472201 -0.615384 0.631133
outer loop
vertex -1.5361 30.4800 2.0959
vertex -0.6519 30.3878 2.6676
vertex -1.2044 30.8117 2.6676
endloop
endfacet
facet normal -0.296838 -0.716630 0.631133
outer loop
vertex -0.8865 29.9815 2.0959
vertex -0.1300 29.6681 2.0959
vertex -0.0086 30.1213 2.6676
endloop
endfacet
facet normal -0.296838 -0.716630 0.631133
outer loop
vertex -0.8865 29.9815 2.0959
vertex -0.0086 30.1213 2.6676
vertex -0.6519 30.3878 2.6676
endloop
endfacet
facet normal -0.101246 -0.769038 0.631133
outer loop
vertex -0.1300 29.6681 2.0959
vertex 0.6818 29.5612 2.0959
vertex 0.6818 30.0304 2.6676
endloop
endfacet
facet normal -0.101246 -0.769038 0.631133
outer loop
vertex -0.1300 29.6681 2.0959
vertex 0.6818 30.0304 2.6676
vertex -0.0086 30.1213 2.6676
endloop
endfacet
facet normal 0.101246 -0.769038 0.631133
outer loop
vertex 0.6818 29.5612 2.0959
vertex 1.4937 29.6681 2.0959
vertex 1.3723 30.1213 2.6676
endloop
endfacet
facet normal 0.101246 -0.769038 0.631133
outer loop
vertex 0.6818 29.5612 2.0959
vertex 1.3723 30.1213 2.6676
vertex 0.6818 30.0304 2.6676
endloop
endfacet
facet normal 0.296838 -0.716630 0.631133
outer loop
vertex 1.4937 29.6681 2.0959
vertex 2.2502 29.9815 2.0959
vertex 2.0156 30.3878 2.6676
endloop
endfacet
facet normal 0.296838 -0.716630 0.631133
outer loop
vertex 1.4937 29.6681 2.0959
vertex 2.0156 30.3878 2.6676
vertex 1.3723 30.1213 2.6676
endloop
endfacet
facet normal 0.472201 -0.615384 0.631133
outer loop
vertex 2.2502 29.9815 2.0959
vertex 2.8998 30.4800 2.0959
vertex 2.5681 30.8117 2.6676
endloop
endfacet
facet normal 0.472201 -0.615384 0.631133
outer loop
vertex 2.2502 29.9815 2.0959
vertex 2.5681 30.8117 2.6676
vertex 2.0156 30.3878 2.6676
endloop
endfacet
facet normal 0.615384 -0.472201 0.631133
outer loop
vertex 2.8998 30.4800 2.0959
vertex 3.3983 31.1296 2.0959
vertex 2.9920 31.3642 2.6676
endloop
endfacet
facet normal 0.615384 -0.472201 0.631133
outer loop
vertex 2.8998 30.4800 2.0959
vertex 2.9920 31.3642 2.6676
vertex 2.5681 30.8117 2.6676
endloop
endfacet
facet normal 0.716630 -0.296838 0.631133
outer loop
vertex 3.3983 31.1296 2.0959
vertex 3.7117 31.8861 2.0959
vertex 3.2585 32.0075 2.6676
endloop
endfacet
facet normal 0.716630 -0.296838 0.631133
outer loop
vertex 3.3983 31.1296 2.0959
vertex 3.2585 32.0075 2.6676
vertex 2.9920 31.3642 2.6676
endloop
endfacet
facet normal 0.769038 -0.101246 0.631133
outer loop
vertex 3.7117 31.8861 2.0959
vertex 3.8186 32.6979 2.0959
vertex 3.3494 32.6979 2.6676
endloop
endfacet
facet normal 0.769038 -0.101246 0.631133
outer loop
vertex 3.7117 31.8861 2.0959
vertex 3.3494 32.6979 2.6676
vertex 3.2585 32.0075 2.6676
endloop
endfacet
facet normal 0.632192 0.083230 0.770328
outer loop
vertex 3.3494 32.6979 2.6676
vertex 3.2585 33.3884 2.6676
vertex 2.7063 33.2404 3.1367
endloop
endfacet
facet normal 0.632192 0.083230 0.770328
outer loop
vertex 3.3494 32.6979 2.6676
vertex 2.7063 33.2404 3.1367
vertex 2.7777 32.6979 3.1367
endloop
endfacet
facet normal 0.589109 0.244017 0.770328
outer loop
vertex 3.2585 33.3884 2.6676
vertex 2.9920 34.0317 2.6676
vertex 2.4969 33.7459 3.1367
endloop
endfacet
facet normal 0.589109 0.244017 0.770328
outer loop
vertex 3.2585 33.3884 2.6676
vertex 2.4969 33.7459 3.1367
vertex 2.7063 33.2404 3.1367
endloop
endfacet
facet normal 0.505880 0.388175 0.770328
outer loop
vertex 2.9920 34.0317 2.6676
vertex 2.5681 34.5842 2.6676
vertex 2.1639 34.1800 3.1367
endloop
endfacet
facet normal 0.505880 0.388175 0.770328
outer loop
vertex 2.9920 34.0317 2.6676
vertex 2.1639 34.1800 3.1367
vertex 2.4969 33.7459 3.1367
endloop
endfacet
facet normal 0.388175 0.505880 0.770328
outer loop
vertex 2.5681 34.5842 2.6676
vertex 2.0156 35.0081 2.6676
vertex 1.7298 34.5130 3.1367
endloop
endfacet
facet normal 0.388175 0.505880 0.770328
outer loop
vertex 2.5681 34.5842 2.6676
vertex 1.7298 34.5130 3.1367
vertex 2.1639 34.1800 3.1367
endloop
endfacet
facet normal 0.244017 0.589109 0.770328
outer loop
vertex 2.0156 35.0081 2.6676
vertex 1.3723 35.2746 2.6676
vertex 1.2243 34.7224 3.1367
endloop
endfacet
facet normal 0.244017 0.589109 0.770328
outer loop
vertex 2.0156 35.0081 2.6676
vertex 1.2243 34.7224 3.1367
vertex 1.7298 34.5130 3.1367
endloop
endfacet
facet normal 0.083230 0.632192 0.770328
outer loop
vertex 1.3723 35.2746 2.6676
vertex 0.6818 35.3655 2.6676
vertex 0.6818 34.7938 3.1367
endloop
endfacet
facet normal 0.083230 0.632192 0.770328
outer loop
vertex 1.3723 35.2746 2.6676
vertex 0.6818 34.7938 3.1367
vertex 1.2243 34.7224 3.1367
endloop
endfacet
facet normal -0.083230 0.632192 0.770328
outer loop
vertex 0.6818 35.3655 2.6676
vertex -0.0086 35.2746 2.6676
vertex 0.1394 34.7224 3.1367
endloop
endfacet
facet normal -0.083230 0.632192 0.770328
outer loop
vertex 0.6818 35.3655 2.6676
vertex 0.1394 34.7224 3.1367
vertex 0.6818 34.7938 3.1367
endloop
endfacet
facet normal -0.244017 0.589109 0.770328
outer loop
vertex -0.0086 35.2746 2.6676
vertex -0.6519 35.0081 2.6676
vertex -0.3661 34.5130 3.1367
endloop
endfacet
facet normal -0.244017 0.589109 0.770328
outer loop
vertex -0.0086 35.2746 2.6676
vertex -0.3661 34.5130 3.1367
vertex 0.1394 34.7224 3.1367
endloop
endfacet
facet normal -0.388175 0.505880 0.770328
outer loop
vertex -0.6519 35.0081 2.6676
vertex -1.2044 34.5842 2.6676
vertex -0.8002 34.1800 3.1367
endloop
endfacet
facet normal -0.388175 0.505880 0.770328
outer loop
vertex -0.6519 35.0081 2.6676
vertex -0.8002 34.1800 3.1367
vertex -0.3661 34.5130 3.1367
endloop
endfacet
facet normal -0.505880 0.388175 0.770328
outer loop
vertex -1.2044 34.5842 2.6676
vertex -1.6283 34.0317 2.6676
vertex -1.1332 33.7459 3.1367
endloop
endfacet
facet normal -0.505880 0.388175 0.770328
outer loop
vertex -1.2044 34.5842 2.6676
vertex -1.1332 33.7459 3.1367
vertex -0.8002 34.1800 3.1367
endloop
endfacet
facet normal -0.589109 0.244017 0.770328
outer loop
vertex -1.6283 34.0317 2.6676
vertex -1.8948 33.3884 2.6676
vertex -1.3426 33.2404 3.1367
endloop
endfacet
facet normal -0.589109 0.244017 0.770328
outer loop
vertex -1.6283 34.0317 2.6676
vertex -1.3426 33.2404 3.1367
vertex -1.1332 33.7459 3.1367
endloop
endfacet
facet normal -0.632192 0.083230 0.770328
outer loop
vertex -1.8948 33.3884 2.6676
vertex -1.9857 32.6979 2.6676
vertex -1.4140 32.6979 3.1367
endloop
endfacet
facet normal -0.632192 0.083230 0.770328
outer loop
vertex -1.8948 33.3884 2.6676
vertex -1.4140 32.6979 3.1367
vertex -1.3426 33.2404 3.1367
endloop
endfacet
facet normal -0.632192 -0.083230 0.770328
outer loop
vertex -1.9857 32.6979 2.6676
vertex -1.8948 32.0075 2.6676
vertex -1.3426 32.1555 3.1367
endloop
endfacet
facet normal -0.632192 -0.083230 0.770328
outer loop
vertex -1.9857 32.6979 2.6676
vertex -1.3426 32.1555 3.1367
vertex -1.4140 32.6979 3.1367
endloop
endfacet
facet normal -0.589109 -0.244017 0.770328
outer loop
vertex -1.8948 32.0075 2.6676
vertex -1.6283 31.3642 2.6676
vertex -1.1332 31.6500 3.1367
endloop
endfacet
facet normal -0.589109 -0.244017 0.770328
outer loop
vertex -1.8948 32.0075 2.6676
vertex -1.1332 31.6500 3.1367
vertex -1.3426 32.1555 3.1367
endloop
endfacet
facet normal -0.505880 -0.388175 0.770328
outer loop
vertex -1.6283 31.3642 2.6676
vertex -1.2044 30.8117 2.6676
vertex -0.8002 31.2159 3.1367
endloop
endfacet
facet normal -0.505880 -0.388175 0.770328
outer loop
vertex -1.6283 31.3642 2.6676
vertex -0.8002 31.2159 3.1367
vertex -1.1332 31.6500 3.1367
endloop
endfacet
facet normal -0.388175 -0.505880 0.770328
outer loop
vertex -1.2044 30.8117 2.6676
vertex -0.6519 30.3878 2.6676
vertex -0.3661 30.8829 3.1367
endloop
endfacet
facet normal -0.388175 -0.505880 0.770328
outer loop
vertex -1.2044 30.8117 2.6676
vertex -0.3661 30.8829 3.1367
vertex -0.8002 31.2159 3.1367
endloop
endfacet
facet normal -0.244017 -0.589109 0.770328
outer loop
vertex -0.6519 30.3878 2.6676
vertex -0.0086 30.1213 2.6676
vertex 0.1394 30.6735 3.1367
endloop
endfacet
facet normal -0.244017 -0.589109 0.770328
outer loop
vertex -0.6519 30.3878 2.6676
vertex 0.1394 30.6735 3.1367
vertex -0.3661 30.8829 3.1367
endloop
endfacet
facet normal -0.083230 -0.632192 0.770328
outer loop
vertex -0.0086 30.1213 2.6676
vertex 0.6818 30.0304 2.6676
vertex 0.6818 30.6021 3.1367
endloop
endfacet
facet normal -0.083230 -0.632192 0.770328
outer loop
vertex -0.0086 30.1213 2.6676
vertex 0.6818 30.6021 3.1367
vertex 0.1394 30.6735 3.1367
endloop
endfacet
facet normal 0.083230 -0.632192 0.770328
outer loop
vertex 0.6818 30.0304 2.6676
vertex 1.3723 30.1213 2.6676
vertex 1.2243 30.6735 3.1367
endloop
endfacet
facet normal 0.083230 -0.632192 0.770328
outer loop
vertex 0.6818 30.0304 2.6676
vertex 1.2243 30.6735 3.1367
vertex 0.6818 30.6021 3.1367
endloop
endfacet
facet normal 0.244017 -0.589109 0.770328
outer loop
vertex 1.3723 30.1213 2.6676
vertex 2.0156 30.3878 2.6676
vertex 1.7298 30.8829 3.1367
endloop
endfacet
facet normal 0.244017 -0.589109 0.770328
outer loop
vertex 1.3723 30.1213 2.6676
vertex 1.7298 30.8829 3.1367
vertex 1.2243 30.6735 3.1367
endloop
endfacet
facet normal 0.388175 -0.505880 0.770328
outer loop
vertex 2.0156 30.3878 2.6676
vertex 2.5681 30.8117 2.6676
vertex 2.1639 31.2159 3.1367
endloop
endfacet
facet normal 0.388175 -0.505880 0.770328
outer loop
vertex 2.0156 30.3878 2.6676
vertex 2.1639 31.2159 3.1367
vertex 1.7298 30.8829 3.1367
endloop
endfacet
facet normal 0.505880 -0.388175 0.770328
outer loop
vertex 2.5681 30.8117 2.6676
vertex 2.9920 31.3642 2.6676
vertex 2.4969 31.6500 3.1367
endloop
endfacet
facet normal 0.505880 -0.388175 0.770328
outer loop
vertex 2.5681 30.8117 2.6676
vertex 2.4969 31.6500 3.1367
vertex 2.1639 31.2159 3.1367
endloop
endfacet
facet normal 0.589109 -0.244017 0.770328
outer loop
vertex 2.9920 31.3642 2.6676
vertex 3.2585 32.0075 2.6676
vertex 2.7063 32.1555 3.1367
endloop
endfacet
facet normal 0.589109 -0.244017 0.770328
outer loop
vertex 2.9920 31.3642 2.6676
vertex 2.7063 32.1555 3.1367
vertex 2.4969 31.6500 3.1367
endloop
endfacet
facet normal 0.632192 -0.083230 0.770328
outer loop
vertex 3.2585 32.0075 2.6676
vertex 3.3494 32.6979 2.6676
vertex 2.7777 32.6979 3.1367
endloop
endfacet
facet normal 0.632192 -0.083230 0.770328
outer loop
vertex 3.2585 32.0075 2.6676
vertex 2.7777 32.6979 3.1367
vertex 2.7063 32.1555 3.1367
endloop
endfacet
facet normal 0.470492 0.061941 0.880228
outer loop
vertex 2.7777 32.6979 3.1367
vertex 2.7063 33.2404 3.1367
vertex 2.0763 33.0716 3.4853
endloop
endfacet
facet normal 0.470492 0.061941 0.880228
outer loop
vertex 2.7777 32.6979 3.1367
vertex 2.0763 33.0716 3.4853
vertex 2.1255 32.6979 3.4853
endloop
endfacet
facet normal 0.438428 0.181603 0.880228
outer loop
vertex 2.7063 33.2404 3.1367
vertex 2.4969 33.7459 3.1367
vertex 1.9321 33.4198 3.4853
endloop
endfacet
facet normal 0.438428 0.181603 0.880228
outer loop
vertex 2.7063 33.2404 3.1367
vertex 1.9321 33.4198 3.4853
vertex 2.0763 33.0716 3.4853
endloop
endfacet
facet normal 0.376487 0.288889 0.880228
outer loop
vertex 2.4969 33.7459 3.1367
vertex 2.1639 34.1800 3.1367
vertex 1.7027 33.7188 3.4853
endloop
endfacet
facet normal 0.376487 0.288889 0.880228
outer loop
vertex 2.4969 33.7459 3.1367
vertex 1.7027 33.7188 3.4853
vertex 1.9321 33.4198 3.4853
endloop
endfacet
facet normal 0.288889 0.376487 0.880228
outer loop
vertex 2.1639 34.1800 3.1367
vertex 1.7298 34.5130 3.1367
vertex 1.4037 33.9482 3.4853
endloop
endfacet
facet normal 0.288889 0.376487 0.880228
outer loop
vertex 2.1639 34.1800 3.1367
vertex 1.4037 33.9482 3.4853
vertex 1.7027 33.7188 3.4853
endloop
endfacet
facet normal 0.181603 0.438428 0.880228
outer loop
vertex 1.7298 34.5130 3.1367
vertex 1.2243 34.7224 3.1367
vertex 1.0555 34.0924 3.4853
endloop
endfacet
facet normal 0.181603 0.438428 0.880228
outer loop
vertex 1.7298 34.5130 3.1367
vertex 1.0555 34.0924 3.4853
vertex 1.4037 33.9482 3.4853
endloop
endfacet
facet normal 0.061941 0.470492 0.880228
outer loop
vertex 1.2243 34.7224 3.1367
vertex 0.6818 34.7938 3.1367
vertex 0.6818 34.1416 3.4853
endloop
endfacet
facet normal 0.061941 0.470492 0.880228
outer loop
vertex 1.2243 34.7224 3.1367
vertex 0.6818 34.1416 3.4853
vertex 1.0555 34.0924 3.4853
endloop
endfacet
facet normal -0.061941 0.470492 0.880228
outer loop
vertex 0.6818 34.7938 3.1367
vertex 0.1394 34.7224 3.1367
vertex 0.3082 34.0924 3.4853
endloop
endfacet
facet normal -0.061941 0.470492 0.880228
outer loop
vertex 0.6818 34.7938 3.1367
vertex 0.3082 34.0924 3.4853
vertex 0.6818 34.1416 3.4853
endloop
endfacet
facet normal -0.181603 0.438428 0.880228
outer loop
vertex 0.1394 34.7224 3.1367
vertex -0.3661 34.5130 3.1367
vertex -0.0400 33.9482 3.4853
endloop
endfacet
facet normal -0.181603 0.438428 0.880228
outer loop
vertex 0.1394 34.7224 3.1367
vertex -0.0400 33.9482 3.4853
vertex 0.3082 34.0924 3.4853
endloop
endfacet
facet normal -0.288889 0.376487 0.880228
outer loop
vertex -0.3661 34.5130 3.1367
vertex -0.8002 34.1800 3.1367
vertex -0.3390 33.7188 3.4853
endloop
endfacet
facet normal -0.288889 0.376487 0.880228
outer loop
vertex -0.3661 34.5130 3.1367
vertex -0.3390 33.7188 3.4853
vertex -0.0400 33.9482 3.4853
endloop
endfacet
facet normal -0.376487 0.288889 0.880228
outer loop
vertex -0.8002 34.1800 3.1367
vertex -1.1332 33.7459 3.1367
vertex -0.5684 33.4198 3.4853
endloop
endfacet
facet normal -0.376487 0.288889 0.880228
outer loop
vertex -0.8002 34.1800 3.1367
vertex -0.5684 33.4198 3.4853
vertex -0.3390 33.7188 3.4853
endloop
endfacet
facet normal -0.438428 0.181603 0.880228
outer loop
vertex -1.1332 33.7459 3.1367
vertex -1.3426 33.2404 3.1367
vertex -0.7126 33.0716 3.4853
endloop
endfacet
facet normal -0.438428 0.181603 0.880228
outer loop
vertex -1.1332 33.7459 3.1367
vertex -0.7126 33.0716 3.4853
vertex -0.5684 33.4198 3.4853
endloop
endfacet
facet normal -0.470492 0.061941 0.880228
outer loop
vertex -1.3426 33.2404 3.1367
vertex -1.4140 32.6979 3.1367
vertex -0.7618 32.6979 3.4853
endloop
endfacet
facet normal -0.470492 0.061941 0.880228
outer loop
vertex -1.3426 33.2404 3.1367
vertex -0.7618 32.6979 3.4853
vertex -0.7126 33.0716 3.4853
endloop
endfacet
facet normal -0.470492 -0.061941 0.880228
outer loop
vertex -1.4140 32.6979 3.1367
vertex -1.3426 32.1555 3.1367
vertex -0.7126 32.3243 3.4853
endloop
endfacet
facet normal -0.470492 -0.061941 0.880228
outer loop
vertex -1.4140 32.6979 3.1367
vertex -0.7126 32.3243 3.4853
vertex -0.7618 32.6979 3.4853
endloop
endfacet
facet normal -0.438428 -0.181603 0.880228
outer loop
vertex -1.3426 32.1555 3.1367
vertex -1.1332 31.6500 3.1367
vertex -0.5684 31.9761 3.4853
endloop
endfacet
facet normal -0.438428 -0.181603 0.880228
outer loop
vertex -1.3426 32.1555 3.1367
vertex -0.5684 31.9761 3.4853
vertex -0.7126 32.3243 3.4853
endloop
endfacet
facet normal -0.376487 -0.288889 0.880228
outer loop
vertex -1.1332 31.6500 3.1367
vertex -0.8002 31.2159 3.1367
vertex -0.3390 31.6771 3.4853
endloop
endfacet
facet normal -0.376487 -0.288889 0.880228
outer loop
vertex -1.1332 31.6500 3.1367
vertex -0.3390 31.6771 3.4853
vertex -0.5684 31.9761 3.4853
endloop
endfacet
facet normal -0.288889 -0.376487 0.880228
outer loop
vertex -0.8002 31.2159 3.1367
vertex -0.3661 30.8829 3.1367
vertex -0.0400 31.4477 3.4853
endloop
endfacet
facet normal -0.288889 -0.376487 0.880228
outer loop
vertex -0.8002 31.2159 3.1367
vertex -0.0400 31.4477 3.4853
vertex -0.3390 31.6771 3.4853
endloop
endfacet
facet normal -0.181603 -0.438428 0.880228
outer loop
vertex -0.3661 30.8829 3.1367
vertex 0.1394 30.6735 3.1367
vertex 0.3082 31.3035 3.4853
endloop
endfacet
facet normal -0.181603 -0.438428 0.880228
outer loop
vertex -0.3661 30.8829 3.1367
vertex 0.3082 31.3035 3.4853
vertex -0.0400 31.4477 3.4853
endloop
endfacet
facet normal -0.061941 -0.470492 0.880228
outer loop
vertex 0.1394 30.6735 3.1367
vertex 0.6818 30.6021 3.1367
vertex 0.6818 31.2543 3.4853
endloop
endfacet
facet normal -0.061941 -0.470492 0.880228
outer loop
vertex 0.1394 30.6735 3.1367
vertex 0.6818 31.2543 3.4853
vertex 0.3082 31.3035 3.4853
endloop
endfacet
facet normal 0.061941 -0.470492 0.880228
outer loop
vertex 0.6818 30.6021 3.1367
vertex 1.2243 30.6735 3.1367
vertex 1.0555 31.3035 3.4853
endloop
endfacet
facet normal 0.061941 -0.470492 0.880228
outer loop
vertex 0.6818 30.6021 3.1367
vertex 1.0555 31.3035 3.4853
vertex 0.6818 31.2543 3.4853
endloop
endfacet
facet normal 0.181603 -0.438428 0.880228
outer loop
vertex 1.2243 30.6735 3.1367
vertex 1.7298 30.8829 3.1367
vertex 1.4037 31.4477 3.4853
endloop
endfacet
facet normal 0.181603 -0.438428 0.880228
outer loop
vertex 1.2243 30.6735 3.1367
vertex 1.4037 31.4477 3.4853
vertex 1.0555 31.3035 3.4853
endloop
endfacet
facet normal 0.288889 -0.376487 0.880228
outer loop
vertex 1.7298 30.8829 3.1367
vertex 2.1639 31.2159 3.1367
vertex 1.7027 31.6771 3.4853
endloop
endfacet
facet normal 0.288889 -0.376487 0.880228
outer loop
vertex 1.7298 30.8829 3.1367
vertex 1.7027 31.6771 3.4853
vertex 1.4037 31.4477 3.4853
endloop
endfacet
facet normal 0.376487 -0.288889 0.880228
outer loop
vertex 2.1639 31.2159 3.1367
vertex 2.4969 31.6500 3.1367
vertex 1.9321 31.9761 3.4853
endloop
endfacet
facet normal 0.376487 -0.288889 0.880228
outer loop
vertex 2.1639 31.2159 3.1367
vertex 1.9321 31.9761 3.4853
vertex 1.7027 31.6771 3.4853
endloop
endfacet
facet normal 0.438428 -0.181603 0.880228
outer loop
vertex 2.4969 31.6500 3.1367
vertex 2.7063 32.1555 3.1367
vertex 2.0763 32.3243 3.4853
endloop
endfacet
facet normal 0.438428 -0.181603 0.880228
outer loop
vertex 2.4969 31.6500 3.1367
vertex 2.0763 32.3243 3.4853
vertex 1.9321 31.9761 3.4853
endloop
endfacet
facet normal 0.470492 -0.061941 0.880228
outer loop
vertex 2.7063 32.1555 3.1367
vertex 2.7777 32.6979 3.1367
vertex 2.1255 32.6979 3.4853
endloop
endfacet
facet normal 0.470492 -0.061941 0.880228
outer loop
vertex 2.7063 32.1555 3.1367
vertex 2.1255 32.6979 3.4853
vertex 2.0763 32.3243 3.4853
endloop
endfacet
facet normal 0.290073 0.038189 0.956242
outer loop
vertex 2.1255 32.6979 3.4853
vertex 2.0763 33.0716 3.4853
vertex 1.3927 32.8884 3.7000
endloop
endfacet
facet normal 0.290073 0.038189 0.956242
outer loop
vertex 2.1255 32.6979 3.4853
vertex 1.3927 32.8884 3.7000
vertex 1.4178 32.6979 3.7000
endloop
endfacet
facet normal 0.270305 0.111964 0.956242
outer loop
vertex 2.0763 33.0716 3.4853
vertex 1.9321 33.4198 3.4853
vertex 1.3192 33.0659 3.7000
endloop
endfacet
facet normal 0.270305 0.111964 0.956242
outer loop
vertex 2.0763 33.0716 3.4853
vertex 1.3192 33.0659 3.7000
vertex 1.3927 32.8884 3.7000
endloop
endfacet
facet normal 0.232116 0.178109 0.956242
outer loop
vertex 1.9321 33.4198 3.4853
vertex 1.7027 33.7188 3.4853
vertex 1.2023 33.2184 3.7000
endloop
endfacet
facet normal 0.232116 0.178109 0.956242
outer loop
vertex 1.9321 33.4198 3.4853
vertex 1.2023 33.2184 3.7000
vertex 1.3192 33.0659 3.7000
endloop
endfacet
facet normal 0.178109 0.232116 0.956242
outer loop
vertex 1.7027 33.7188 3.4853
vertex 1.4037 33.9482 3.4853
vertex 1.0498 33.3353 3.7000
endloop
endfacet
facet normal 0.178109 0.232116 0.956242
outer loop
vertex 1.7027 33.7188 3.4853
vertex 1.0498 33.3353 3.7000
vertex 1.2023 33.2184 3.7000
endloop
endfacet
facet normal 0.111964 0.270305 0.956242
outer loop
vertex 1.4037 33.9482 3.4853
vertex 1.0555 34.0924 3.4853
vertex 0.8723 33.4088 3.7000
endloop
endfacet
facet normal 0.111964 0.270305 0.956242
outer loop
vertex 1.4037 33.9482 3.4853
vertex 0.8723 33.4088 3.7000
vertex 1.0498 33.3353 3.7000
endloop
endfacet
facet normal 0.038189 0.290073 0.956242
outer loop
vertex 1.0555 34.0924 3.4853
vertex 0.6818 34.1416 3.4853
vertex 0.6818 33.4339 3.7000
endloop
endfacet
facet normal 0.038189 0.290073 0.956242
outer loop
vertex 1.0555 34.0924 3.4853
vertex 0.6818 33.4339 3.7000
vertex 0.8723 33.4088 3.7000
endloop
endfacet
facet normal -0.038189 0.290073 0.956242
outer loop
vertex 0.6818 34.1416 3.4853
vertex 0.3082 34.0924 3.4853
vertex 0.4914 33.4088 3.7000
endloop
endfacet
facet normal -0.038189 0.290073 0.956242
outer loop
vertex 0.6818 34.1416 3.4853
vertex 0.4914 33.4088 3.7000
vertex 0.6818 33.4339 3.7000
endloop
endfacet
facet normal -0.111964 0.270305 0.956242
outer loop
vertex 0.3082 34.0924 3.4853
vertex -0.0400 33.9482 3.4853
vertex 0.3139 33.3353 3.7000
endloop
endfacet
facet normal -0.111964 0.270305 0.956242
outer loop
vertex 0.3082 34.0924 3.4853
vertex 0.3139 33.3353 3.7000
vertex 0.4914 33.4088 3.7000
endloop
endfacet
facet normal -0.178109 0.232116 0.956242
outer loop
vertex -0.0400 33.9482 3.4853
vertex -0.3390 33.7188 3.4853
vertex 0.1614 33.2184 3.7000
endloop
endfacet
facet normal -0.178109 0.232116 0.956242
outer loop
vertex -0.0400 33.9482 3.4853
vertex 0.1614 33.2184 3.7000
vertex 0.3139 33.3353 3.7000
endloop
endfacet
facet normal -0.232116 0.178109 0.956242
outer loop
vertex -0.3390 33.7188 3.4853
vertex -0.5684 33.4198 3.4853
vertex 0.0445 33.0659 3.7000
endloop
endfacet
facet normal -0.232116 0.178109 0.956242
outer loop
vertex -0.3390 33.7188 3.4853
vertex 0.0445 33.0659 3.7000
vertex 0.1614 33.2184 3.7000
endloop
endfacet
facet normal -0.270305 0.111964 0.956242
outer loop
vertex -0.5684 33.4198 3.4853
vertex -0.7126 33.0716 3.4853
vertex -0.0291 32.8884 3.7000
endloop
endfacet
facet normal -0.270305 0.111964 0.956242
outer loop
vertex -0.5684 33.4198 3.4853
vertex -0.0291 32.8884 3.7000
vertex 0.0445 33.0659 3.7000
endloop
endfacet
facet normal -0.290073 0.038189 0.956242
outer loop
vertex -0.7126 33.0716 3.4853
vertex -0.7618 32.6979 3.4853
vertex -0.0541 32.6979 3.7000
endloop
endfacet
facet normal -0.290073 0.038189 0.956242
outer loop
vertex -0.7126 33.0716 3.4853
vertex -0.0541 32.6979 3.7000
vertex -0.0291 32.8884 3.7000
endloop
endfacet
facet normal -0.290073 -0.038189 0.956242
outer loop
vertex -0.7618 32.6979 3.4853
vertex -0.7126 32.3243 3.4853
vertex -0.0291 32.5075 3.7000
endloop
endfacet
facet normal -0.290073 -0.038189 0.956242
outer loop
vertex -0.7618 32.6979 3.4853
vertex -0.0291 32.5075 3.7000
vertex -0.0541 32.6979 3.7000
endloop
endfacet
facet normal -0.270305 -0.111964 0.956242
outer loop
vertex -0.7126 32.3243 3.4853
vertex -0.5684 31.9761 3.4853
vertex 0.0445 32.3300 3.7000
endloop
endfacet
facet normal -0.270305 -0.111964 0.956242
outer loop
vertex -0.7126 32.3243 3.4853
vertex 0.0445 32.3300 3.7000
vertex -0.0291 32.5075 3.7000
endloop
endfacet
facet normal -0.232116 -0.178109 0.956242
outer loop
vertex -0.5684 31.9761 3.4853
vertex -0.3390 31.6771 3.4853
vertex 0.1614 32.1775 3.7000
endloop
endfacet
facet normal -0.232116 -0.178109 0.956242
outer loop
vertex -0.5684 31.9761 3.4853
vertex 0.1614 32.1775 3.7000
vertex 0.0445 32.3300 3.7000
endloop
endfacet
facet normal -0.178109 -0.232116 0.956242
outer loop
vertex -0.3390 31.6771 3.4853
vertex -0.0400 31.4477 3.4853
vertex 0.3139 32.0606 3.7000
endloop
endfacet
facet normal -0.178109 -0.232116 0.956242
outer loop
vertex -0.3390 31.6771 3.4853
vertex 0.3139 32.0606 3.7000
vertex 0.1614 32.1775 3.7000
endloop
endfacet
facet normal -0.111964 -0.270305 0.956242
outer loop
vertex -0.0400 31.4477 3.4853
vertex 0.3082 31.3035 3.4853
vertex 0.4914 31.9870 3.7000
endloop
endfacet
facet normal -0.111964 -0.270305 0.956242
outer loop
vertex -0.0400 31.4477 3.4853
vertex 0.4914 31.9870 3.7000
vertex 0.3139 32.0606 3.7000
endloop
endfacet
facet normal -0.038189 -0.290073 0.956242
outer loop
vertex 0.3082 31.3035 3.4853
vertex 0.6818 31.2543 3.4853
vertex 0.6818 31.9620 3.7000
endloop
endfacet
facet normal -0.038189 -0.290073 0.956242
outer loop
vertex 0.3082 31.3035 3.4853
vertex 0.6818 31.9620 3.7000
vertex 0.4914 31.9870 3.7000
endloop
endfacet
facet normal 0.038189 -0.290073 0.956242
outer loop
vertex 0.6818 31.2543 3.4853
vertex 1.0555 31.3035 3.4853
vertex 0.8723 31.9870 3.7000
endloop
endfacet
facet normal 0.038189 -0.290073 0.956242
outer loop
vertex 0.6818 31.2543 3.4853
vertex 0.8723 31.9870 3.7000
vertex 0.6818 31.9620 3.7000
endloop
endfacet
facet normal 0.111964 -0.270305 0.956242
outer loop
vertex 1.0555 31.3035 3.4853
vertex 1.4037 31.4477 3.4853
vertex 1.0498 32.0606 3.7000
endloop
endfacet
facet normal 0.111964 -0.270305 0.956242
outer loop
vertex 1.0555 31.3035 3.4853
vertex 1.0498 32.0606 3.7000
vertex 0.8723 31.9870 3.7000
endloop
endfacet
facet normal 0.178109 -0.232116 0.956242
outer loop
vertex 1.4037 31.4477 3.4853
vertex 1.7027 31.6771 3.4853
vertex 1.2023 32.1775 3.7000
endloop
endfacet
facet normal 0.178109 -0.232116 0.956242
outer loop
vertex 1.4037 31.4477 3.4853
vertex 1.2023 32.1775 3.7000
vertex 1.0498 32.0606 3.7000
endloop
endfacet
facet normal 0.232116 -0.178109 0.956242
outer loop
vertex 1.7027 31.6771 3.4853
vertex 1.9321 31.9761 3.4853
vertex 1.3192 32.3300 3.7000
endloop
endfacet
facet normal 0.232116 -0.178109 0.956242
outer loop
vertex 1.7027 31.6771 3.4853
vertex 1.3192 32.3300 3.7000
vertex 1.2023 32.1775 3.7000
endloop
endfacet
facet normal 0.270305 -0.111964 0.956242
outer loop
vertex 1.9321 31.9761 3.4853
vertex 2.0763 32.3243 3.4853
vertex 1.3927 32.5075 3.7000
endloop
endfacet
facet normal 0.270305 -0.111964 0.956242
outer loop
vertex 1.9321 31.9761 3.4853
vertex 1.3927 32.5075 3.7000
vertex 1.3192 32.3300 3.7000
endloop
endfacet
facet normal 0.290073 -0.038189 0.956242
outer loop
vertex 2.0763 32.3243 3.4853
vertex 2.1255 32.6979 3.4853
vertex 1.4178 32.6979 3.7000
endloop
endfacet
facet normal 0.290073 -0.038189 0.956242
outer loop
vertex 2.0763 32.3243 3.4853
vertex 1.4178 32.6979 3.7000
vertex 1.3927 32.5075 3.7000
endloop
endfacet
facet normal 0.098009 0.012903 0.995102
outer loop
vertex 1.4178 32.6979 3.7000
vertex 1.3927 32.8884 3.7000
vertex 0.6818 32.6979 3.7725
endloop
endfacet
facet normal 0.091330 0.037830 0.995102
outer loop
vertex 1.3927 32.8884 3.7000
vertex 1.3192 33.0659 3.7000
vertex 0.6818 32.6979 3.7725
endloop
endfacet
facet normal 0.078427 0.060179 0.995102
outer loop
vertex 1.3192 33.0659 3.7000
vertex 1.2023 33.2184 3.7000
vertex 0.6818 32.6979 3.7725
endloop
endfacet
facet normal 0.060179 0.078427 0.995102
outer loop
vertex 1.2023 33.2184 3.7000
vertex 1.0498 33.3353 3.7000
vertex 0.6818 32.6979 3.7725
endloop
endfacet
facet normal 0.037830 0.091330 0.995102
outer loop
vertex 1.0498 33.3353 3.7000
vertex 0.8723 33.4088 3.7000
vertex 0.6818 32.6979 3.7725
endloop
endfacet
facet normal 0.012903 0.098009 0.995102
outer loop
vertex 0.8723 33.4088 3.7000
vertex 0.6818 33.4339 3.7000
vertex 0.6818 32.6979 3.7725
endloop
endfacet
facet normal -0.012903 0.098009 0.995102
outer loop
vertex 0.6818 33.4339 3.7000
vertex 0.4914 33.4088 3.7000
vertex 0.6818 32.6979 3.7725
endloop
endfacet
facet normal -0.037830 0.091330 0.995102
outer loop
vertex 0.4914 33.4088 3.7000
vertex 0.3139 33.3353 3.7000
vertex 0.6818 32.6979 3.7725
endloop
endfacet
facet normal -0.060179 0.078427 0.995102
outer loop
vertex 0.3139 33.3353 3.7000
vertex 0.1614 33.2184 3.7000
vertex 0.6818 32.6979 3.7725
endloop
endfacet
facet normal -0.078427 0.060179 0.995102
outer loop
vertex 0.1614 33.2184 3.7000
vertex 0.0445 33.0659 3.7000
vertex 0.6818 32.6979 3.7725
endloop
endfacet
facet normal -0.091330 0.037830 0.995102
outer loop
vertex 0.0445 33.0659 3.7000
vertex -0.0291 32.8884 3.7000
vertex 0.6818 32.6979 3.7725
endloop
endfacet
facet normal -0.098009 0.012903 0.995102
outer loop
vertex -0.0291 32.8884 3.7000
vertex -0.0541 32.6979 3.7000
vertex 0.6818 32.6979 3.7725
endloop
endfacet
facet normal -0.098009 -0.012903 0.995102
outer loop
vertex -0.0541 32.6979 3.7000
vertex -0.0291 32.5075 3.7000
vertex 0.6818 32.6979 3.7725
endloop
endfacet
facet normal -0.091330 -0.037830 0.995102
outer loop
vertex -0.0291 32.5075 3.7000
vertex 0.0445 32.3300 3.7000
vertex 0.6818 32.6979 3.7725
endloop
endfacet
facet normal -0.078427 -0.060179 0.995102
outer loop
vertex 0.0445 32.3300 3.7000
vertex 0.1614 32.1775 3.7000
vertex 0.6818 32.6979 3.7725
endloop
endfacet
facet normal -0.060179 -0.078427 0.995102
outer loop
vertex 0.1614 32.1775 3.7000
vertex 0.3139 32.0606 3.7000
vertex 0.6818 32.6979 3.7725
endloop
endfacet
facet normal -0.037830 -0.091330 0.995102
outer loop
vertex 0.3139 32.0606 3.7000
vertex 0.4914 31.9870 3.7000
vertex 0.6818 32.6979 3.7725
endloop
endfacet
facet normal -0.012903 -0.098009 0.995102
outer loop
vertex 0.4914 31.9870 3.7000
vertex 0.6818 31.9620 3.7000
vertex 0.6818 32.6979 3.7725
endloop
endfacet
facet normal 0.012903 -0.098009 0.995102
outer loop
vertex 0.6818 31.9620 3.7000
vertex 0.8723 31.9870 3.7000
vertex 0.6818 32.6979 3.7725
endloop
endfacet
facet normal 0.037830 -0.091330 0.995102
outer loop
vertex 0.8723 31.9870 3.7000
vertex 1.0498 32.0606 3.7000
vertex 0.6818 32.6979 3.7725
endloop
endfacet
facet normal 0.060179 -0.078427 0.995102
outer loop
vertex 1.0498 32.0606 3.7000
vertex 1.2023 32.1775 3.7000
vertex 0.6818 32.6979 3.7725
endloop
endfacet
facet normal 0.078427 -0.060179 0.995102
outer loop
vertex 1.2023 32.1775 3.7000
vertex 1.3192 32.3300 3.7000
vertex 0.6818 32.6979 3.7725
endloop
endfacet
facet normal 0.091330 -0.037830 0.995102
outer loop
vertex 1.3192 32.3300 3.7000
vertex 1.3927 32.5075 3.7000
vertex 0.6818 32.6979 3.7725
endloop
endfacet
facet normal 0.098009 -0.012903 0.995102
outer loop
vertex 1.3927 32.5075 3.7000
vertex 1.4178 32.6979 3.7000
vertex 0.6818 32.6979 3.7725
endloop
endfacet
facet normal 0.991445 0.130526 0.000000
outer loop
vertex 18.6081 35.4787 0.0000
vertex 18.5543 35.8874 0.0000
vertex 18.5543 35.8874 14.4710
endloop
endfacet
facet normal 0.991445 0.130526 -0.000000
outer loop
vertex 18.6081 35.4787 0.0000
vertex 18.5543 35.8874 14.4710
vertex 18.6081 35.4787 14.4710
endloop
endfacet
facet normal 0.000000 0.000000 1.000000
outer loop
vertex 17.0288 35.4787 14.4710
vertex 18.6081 35.4787 14.4710
vertex 18.5543 35.8874 14.4710
endloop
endfacet
facet normal 0.000000 0.000000 -1.000000
outer loop
vertex 17.0288 35.4787 0.0000
vertex 18.5543 35.8874 0.0000
vertex 18.6081 35.4787 0.0000
endloop
endfacet
facet normal 0.923880 0.382683 0.000000
outer loop
vertex 18.5543 35.8874 0.0000
vertex 18.3965 36.2683 0.0000
vertex 18.3965 36.2683 14.4710
endloop
endfacet
facet normal 0.923880 0.382683 -0.000000
outer loop
vertex 18.5543 35.8874 0.0000
vertex 18.3965 36.2683 14.4710
vertex 18.5543 35.8874 14.4710
endloop
endfacet
facet normal 0.000000 0.000000 1.000000
outer loop
vertex 17.0288 35.4787 14.4710
vertex 18.5543 35.8874 14.4710
vertex 18.3965 36.2683 14.4710
endloop
endfacet
facet normal 0.000000 0.000000 -1.000000
outer loop
vertex 17.0288 35.4787 0.0000
vertex 18.3965 36.2683 0.0000
vertex 18.5543 35.8874 0.0000
endloop
endfacet
facet normal 0.793353 0.608761 0.000000
outer loop
vertex 18.3965 36.2683 0.0000
vertex 18.1455 36.5954 0.0000
vertex 18.1455 36.5954 14.4710
endloop
endfacet
facet normal 0.793353 0.608761 -0.000000
outer loop
vertex 18.3965 36.2683 0.0000
vertex 18.1455 36.5954 14.4710
vertex 18.3965 36.2683 14.4710
endloop
endfacet
facet normal 0.000000 0.000000 1.000000
outer loop
vertex 17.0288 35.4787 14.4710
vertex 18.3965 36.2683 14.4710
vertex 18.1455 36.5954 14.4710
endloop
endfacet
facet normal 0.000000 0.000000 -1.000000
outer loop
vertex 17.0288 35.4787 0.0000
vertex 18.1455 36.5954 0.0000
vertex 18.3965 36.2683 0.0000
endloop
endfacet
facet normal 0.608761 0.793353 0.000000
outer loop
vertex 18.1455 36.5954 0.0000
vertex 17.8184 36.8464 0.0000
vertex 17.8184 36.8464 14.4710
endloop
endfacet
facet normal 0.608761 0.793353 -0.000000
outer loop
vertex 18.1455 36.5954 0.0000
vertex 17.8184 36.8464 14.4710
vertex 18.1455 36.5954 14.4710
endloop
endfacet
facet normal 0.000000 0.000000 1.000000
outer loop
vertex 17.0288 35.4787 14.4710
vertex 18.1455 36.5954 14.4710
vertex 17.8184 36.8464 14.4710
endloop
endfacet
facet normal 0.000000 0.000000 -1.000000
outer loop
vertex 17.0288 35.4787 0.0000
vertex 17.8184 36.8464 0.0000
vertex 18.1455 36.5954 0.0000
endloop
endfacet
facet normal 0.382683 0.923880 0.000000
outer loop
vertex 17.8184 36.8464 0.0000
vertex 17.4375 37.0042 0.0000
vertex 17.4375 37.0042 14.4710
endloop
endfacet
facet normal 0.382683 0.923880 -0.000000
outer loop
vertex 17.8184 36.8464 0.0000
vertex 17.4375 37.0042 14.4710
vertex 17.8184 36.8464 14.4710
endloop
endfacet
facet normal 0.000000 0.000000 1.000000
outer loop
vertex 17.0288 35.4787 14.4710
vertex 17.8184 36.8464 14.4710
vertex 17.4375 37.0042 14.4710
endloop
endfacet
facet normal 0.000000 0.000000 -1.000000
outer loop
vertex 17.0288 35.4787 0.0000
vertex 17.4375 37.0042 0.0000
vertex 17.8184 36.8464 0.0000
endloop
endfacet
facet normal 0.130526 0.991445 0.000000
outer loop
vertex 17.4375 37.0042 0.0000
vertex 17.0288 37.0580 0.0000
vertex 17.0288 37.0580 14.4710
endloop
endfacet
facet normal 0.130526 0.991445 -0.000000
outer loop
vertex 17.4375 37.0042 0.0000
vertex 17.0288 37.0580 14.4710
vertex 17.4375 37.0042 14.4710
endloop
endfacet
facet normal 0.000000 0.000000 1.000000
outer loop
vertex 17.0288 35.4787 14.4710
vertex 17.4375 37.0042 14.4710
vertex 17.0288 37.0580 14.4710
endloop
endfacet
facet normal 0.000000 0.000000 -1.000000
outer loop
vertex 17.0288 35.4787 0.0000
vertex 17.0288 37.0580 0.0000
vertex 17.4375 37.0042 0.0000
endloop
endfacet
facet normal -0.130526 0.991445 0.000000
outer loop
vertex 17.0288 37.0580 0.0000
vertex 16.6200 37.0042 0.0000
vertex 16.6200 37.0042 14.4710
endloop
endfacet
facet normal -0.130526 0.991445 0.000000
outer loop
vertex 17.0288 37.0580 0.0000
vertex 16.6200 37.0042 14.4710
vertex 17.0288 37.0580 14.4710
endloop
endfacet
facet normal 0.000000 -0.000000 1.000000
outer loop
vertex 17.0288 35.4787 14.4710
vertex 17.0288 37.0580 14.4710
vertex 16.6200 37.0042 14.4710
endloop
endfacet
facet normal 0.000000 0.000000 -1.000000
outer loop
vertex 17.0288 35.4787 0.0000
vertex 16.6200 37.0042 0.0000
vertex 17.0288 37.0580 0.0000
endloop
endfacet
facet normal -0.382683 0.923880 0.000000
outer loop
vertex 16.6200 37.0042 0.0000
vertex 16.2391 36.8464 0.0000
vertex 16.2391 36.8464 14.4710
endloop
endfacet
facet normal -0.382683 0.923880 0.000000
outer loop
vertex 16.6200 37.0042 0.0000
vertex 16.2391 36.8464 14.4710
vertex 16.6200 37.0042 14.4710
endloop
endfacet
facet normal 0.000000 0.000000 1.000000
outer loop
vertex 17.0288 35.4787 14.4710
vertex 16.6200 37.0042 14.4710
vertex 16.2391 36.8464 14.4710
endloop
endfacet
facet normal 0.000000 0.000000 -1.000000
outer loop
vertex 17.0288 35.4787 0.0000
vertex 16.2391 36.8464 0.0000
vertex 16.6200 37.0042 0.0000
endloop
endfacet
facet normal -0.608761 0.793353 0.000000
outer loop
vertex 16.2391 36.8464 0.0000
vertex 15.9120 36.5954 0.0000
vertex 15.9120 36.5954 14.4710
endloop
endfacet
facet normal -0.608761 0.793353 0.000000
outer loop
vertex 16.2391 36.8464 0.0000
vertex 15.9120 36.5954 14.4710
vertex 16.2391 36.8464 14.4710
endloop
endfacet
facet normal 0.000000 0.000000 1.000000
outer loop
vertex 17.0288 35.4787 14.4710
vertex 16.2391 36.8464 14.4710
vertex 15.9120 36.5954 14.4710
endloop
endfacet
facet normal 0.000000 0.000000 -1.000000
outer loop
vertex 17.0288 35.4787 0.0000
vertex 15.9120 36.5954 0.0000
vertex 16.2391 36.8464 0.0000
endloop
endfacet
facet normal -0.793353 0.608761 0.000000
outer loop
vertex 15.9120 36.5954 0.0000
vertex 15.6610 36.2683 0.0000
vertex 15.6610 36.2683 14.4710
endloop
endfacet
facet normal -0.793353 0.608761 0.000000
outer loop
vertex 15.9120 36.5954 0.0000
vertex 15.6610 36.2683 14.4710
vertex 15.9120 36.5954 14.4710
endloop
endfacet
facet normal 0.000000 0.000000 1.000000
outer loop
vertex 17.0288 35.4787 14.4710
vertex 15.9120 36.5954 14.4710
vertex 15.6610 36.2683 14.4710
endloop
endfacet
facet normal 0.000000 0.000000 -1.000000
outer loop
vertex 17.0288 35.4787 0.0000
vertex 15.6610 36.2683 0.0000
vertex 15.9120 36.5954 0.0000
endloop
endfacet
facet normal -0.923880 0.382683 0.000000
outer loop
vertex 15.6610 36.2683 0.0000
vertex 15.5033 35.8874 0.0000
vertex 15.5033 35.8874 14.4710
endloop
endfacet
facet normal -0.923880 0.382683 0.000000
outer loop
vertex 15.6610 36.2683 0.0000
vertex 15.5033 35.8874 14.4710
vertex 15.6610 36.2683 14.4710
endloop
endfacet
facet normal 0.000000 0.000000 1.000000
outer loop
vertex 17.0288 35.4787 14.4710
vertex 15.6610 36.2683 14.4710
vertex 15.5033 35.8874 14.4710
endloop
endfacet
facet normal 0.000000 0.000000 -1.000000
outer loop
vertex 17.0288 35.4787 0.0000
vertex 15.5033 35.8874 0.0000
vertex 15.6610 36.2683 0.0000
endloop
endfacet
facet normal -0.991445 0.130526 0.000000
outer loop
vertex 15.5033 35.8874 0.0000
vertex 15.4495 35.4787 0.0000
vertex 15.4495 35.4787 14.4710
endloop
endfacet
facet normal -0.991445 0.130526 0.000000
outer loop
vertex 15.5033 35.8874 0.0000
vertex 15.4495 35.4787 14.4710
vertex 15.5033 35.8874 14.4710
endloop
endfacet
facet normal 0.000000 0.000000 1.000000
outer loop
vertex 17.0288 35.4787 14.4710
vertex 15.5033 35.8874 14.4710
vertex 15.4495 35.4787 14.4710
endloop
endfacet
facet normal 0.000000 0.000000 -1.000000
outer loop
vertex 17.0288 35.4787 0.0000
vertex 15.4495 35.4787 0.0000
vertex 15.5033 35.8874 0.0000
endloop
endfacet
facet normal -0.991445 -0.130526 0.000000
outer loop
vertex 15.4495 35.4787 0.0000
vertex 15.5033 35.0699 0.0000
vertex 15.5033 35.0699 14.4710
endloop
endfacet
facet normal -0.991445 -0.130526 0.000000
outer loop
vertex 15.4495 35.4787 0.0000
vertex 15.5033 35.0699 14.4710
vertex 15.4495 35.4787 14.4710
endloop
endfacet
facet normal 0.000000 0.000000 1.000000
outer loop
vertex 17.0288 35.4787 14.4710
vertex 15.4495 35.4787 14.4710
vertex 15.5033 35.0699 14.4710
endloop
endfacet
facet normal -0.000000 0.000000 -1.000000
outer loop
vertex 17.0288 35.4787 0.0000
vertex 15.5033 35.0699 0.0000
vertex 15.4495 35.4787 0.0000
endloop
endfacet
facet normal -0.923880 -0.382683 0.000000
outer loop
vertex 15.5033 35.0699 0.0000
vertex 15.6610 34.6890 0.0000
vertex 15.6610 34.6890 14.4710
endloop
endfacet
facet normal -0.923880 -0.382683 0.000000
outer loop
vertex 15.5033 35.0699 0.0000
vertex 15.6610 34.6890 14.4710
vertex 15.5033 35.0699 14.4710
endloop
endfacet
facet normal 0.000000 0.000000 1.000000
outer loop
vertex 17.0288 35.4787 14.4710
vertex 15.5033 35.0699 14.4710
vertex 15.6610 34.6890 14.4710
endloop
endfacet
facet normal 0.000000 0.000000 -1.000000
outer loop
vertex 17.0288 35.4787 0.0000
vertex 15.6610 34.6890 0.0000
vertex 15.5033 35.0699 0.0000
endloop
endfacet
facet normal -0.793353 -0.608761 0.000000
outer loop
vertex 15.6610 34.6890 0.0000
vertex 15.9120 34.3619 0.0000
vertex 15.9120 34.3619 14.4710
endloop
endfacet
facet normal -0.793353 -0.608761 0.000000
outer loop
vertex 15.6610 34.6890 0.0000
vertex 15.9120 34.3619 14.4710
vertex 15.6610 34.6890 14.4710
endloop
endfacet
facet normal 0.000000 0.000000 1.000000
outer loop
vertex 17.0288 35.4787 14.4710
vertex 15.6610 34.6890 14.4710
vertex 15.9120 34.3619 14.4710
endloop
endfacet
facet normal 0.000000 0.000000 -1.000000
outer loop
vertex 17.0288 35.4787 0.0000
vertex 15.9120 34.3619 0.0000
vertex 15.6610 34.6890 0.0000
endloop
endfacet
facet normal -0.608761 -0.793353 0.000000
outer loop
vertex 15.9120 34.3619 0.0000
vertex 16.2391 34.1109 0.0000
vertex 16.2391 34.1109 14.4710
endloop
endfacet
facet normal -0.608761 -0.793353 0.000000
outer loop
vertex 15.9120 34.3619 0.0000
vertex 16.2391 34.1109 14.4710
vertex 15.9120 34.3619 14.4710
endloop
endfacet
facet normal 0.000000 0.000000 1.000000
outer loop
vertex 17.0288 35.4787 14.4710
vertex 15.9120 34.3619 14.4710
vertex 16.2391 34.1109 14.4710
endloop
endfacet
facet normal 0.000000 0.000000 -1.000000
outer loop
vertex 17.0288 35.4787 0.0000
vertex 16.2391 34.1109 0.0000
vertex 15.9120 34.3619 0.0000
endloop
endfacet
facet normal -0.382683 -0.923880 0.000000
outer loop
vertex 16.2391 34.1109 0.0000
vertex 16.6200 33.9532 0.0000
vertex 16.6200 33.9532 14.4710
endloop
endfacet
facet normal -0.382683 -0.923880 0.000000
outer loop
vertex 16.2391 34.1109 0.0000
vertex 16.6200 33.9532 14.4710
vertex 16.2391 34.1109 14.4710
endloop
endfacet
facet normal 0.000000 0.000000 1.000000
outer loop
vertex 17.0288 35.4787 14.4710
vertex 16.2391 34.1109 14.4710
vertex 16.6200 33.9532 14.4710
endloop
endfacet
facet normal 0.000000 0.000000 -1.000000
outer loop
vertex 17.0288 35.4787 0.0000
vertex 16.6200 33.9532 0.0000
vertex 16.2391 34.1109 0.0000
endloop
endfacet
facet normal -0.130526 -0.991445 0.000000
outer loop
vertex 16.6200 33.9532 0.0000
vertex 17.0288 33.8993 0.0000
vertex 17.0288 33.8993 14.4710
endloop
endfacet
facet normal -0.130526 -0.991445 0.000000
outer loop
vertex 16.6200 33.9532 0.0000
vertex 17.0288 33.8993 14.4710
vertex 16.6200 33.9532 14.4710
endloop
endfacet
facet normal 0.000000 0.000000 1.000000
outer loop
vertex 17.0288 35.4787 14.4710
vertex 16.6200 33.9532 14.4710
vertex 17.0288 33.8993 14.4710
endloop
endfacet
facet normal 0.000000 -0.000000 -1.000000
outer loop
vertex 17.0288 35.4787 0.0000
vertex 17.0288 33.8993 0.0000
vertex 16.6200 33.9532 0.0000
endloop
endfacet
facet normal 0.130526 -0.991445 0.000000
outer loop
vertex 17.0288 33.8993 0.0000
vertex 17.4375 33.9532 0.0000
vertex 17.4375 33.9532 14.4710
endloop
endfacet
facet normal 0.130526 -0.991445 0.000000
outer loop
vertex 17.0288 33.8993 0.0000
vertex 17.4375 33.9532 14.4710
vertex 17.0288 33.8993 14.4710
endloop
endfacet
facet normal 0.000000 0.000000 1.000000
outer loop
vertex 17.0288 35.4787 14.4710
vertex 17.0288 33.8993 14.4710
vertex 17.4375 33.9532 14.4710
endloop
endfacet
facet normal 0.000000 0.000000 -1.000000
outer loop
vertex 17.0288 35.4787 0.0000
vertex 17.4375 33.9532 0.0000
vertex 17.0288 33.8993 0.0000
endloop
endfacet
facet normal 0.382683 -0.923880 0.000000
outer loop
vertex 17.4375 33.9532 0.0000
vertex 17.8184 34.1109 0.0000
vertex 17.8184 34.1109 14.4710
endloop
endfacet
facet normal 0.382683 -0.923880 0.000000
outer loop
vertex 17.4375 33.9532 0.0000
vertex 17.8184 34.1109 14.4710
vertex 17.4375 33.9532 14.4710
endloop
endfacet
facet normal 0.000000 0.000000 1.000000
outer loop
vertex 17.0288 35.4787 14.4710
vertex 17.4375 33.9532 14.4710
vertex 17.8184 34.1109 14.4710
endloop
endfacet
facet normal 0.000000 0.000000 -1.000000
outer loop
vertex 17.0288 35.4787 0.0000
vertex 17.8184 34.1109 0.0000
vertex 17.4375 33.9532 0.0000
endloop
endfacet
facet normal 0.608761 -0.793353 0.000000
outer loop
vertex 17.8184 34.1109 0.0000
vertex 18.1455 34.3619 0.0000
vertex 18.1455 34.3619 14.4710
endloop
endfacet
facet normal 0.608761 -0.793353 0.000000
outer loop
vertex 17.8184 34.1109 0.0000
vertex 18.1455 34.3619 14.4710
vertex 17.8184 34.1109 14.4710
endloop
endfacet
facet normal 0.000000 0.000000 1.000000
outer loop
vertex 17.0288 35.4787 14.4710
vertex 17.8184 34.1109 14.4710
vertex 18.1455 34.3619 14.4710
endloop
endfacet
facet normal 0.000000 0.000000 -1.000000
outer loop
vertex 17.0288 35.4787 0.0000
vertex 18.1455 34.3619 0.0000
vertex 17.8184 34.1109 0.0000
endloop
endfacet
facet normal 0.793353 -0.608761 0.000000
outer loop
vertex 18.1455 34.3619 0.0000
vertex 18.3965 34.6890 0.0000
vertex 18.3965 34.6890 14.4710
endloop
endfacet
facet normal 0.793353 -0.608761 0.000000
outer loop
vertex 18.1455 34.3619 0.0000
vertex 18.3965 34.6890 14.4710
vertex 18.1455 34.3619 14.4710
endloop
endfacet
facet normal 0.000000 0.000000 1.000000
outer loop
vertex 17.0288 35.4787 14.4710
vertex 18.1455 34.3619 14.4710
vertex 18.3965 34.6890 14.4710
endloop
endfacet
facet normal 0.000000 0.000000 -1.000000
outer loop
vertex 17.0288 35.4787 0.0000
vertex 18.3965 34.6890 0.0000
vertex 18.1455 34.3619 0.0000
endloop
endfacet
facet normal 0.923880 -0.382683 0.000000
outer loop
vertex 18.3965 34.6890 0.0000
vertex 18.5543 35.0699 0.0000
vertex 18.5543 35.0699 14.4710
endloop
endfacet
facet normal 0.923880 -0.382683 0.000000
outer loop
vertex 18.3965 34.6890 0.0000
vertex 18.5543 35.0699 14.4710
vertex 18.3965 34.6890 14.4710
endloop
endfacet
facet normal 0.000000 0.000000 1.000000
outer loop
vertex 17.0288 35.4787 14.4710
vertex 18.3965 34.6890 14.4710
vertex 18.5543 35.0699 14.4710
endloop
endfacet
facet normal 0.000000 0.000000 -1.000000
outer loop
vertex 17.0288 35.4787 0.0000
vertex 18.5543 35.0699 0.0000
vertex 18.3965 34.6890 0.0000
endloop
endfacet
facet normal 0.991445 -0.130526 0.000000
outer loop
vertex 18.5543 35.0699 0.0000
vertex 18.6081 35.4787 0.0000
vertex 18.6081 35.4787 14.4710
endloop
endfacet
facet normal 0.991445 -0.130526 0.000000
outer loop
vertex 18.5543 35.0699 0.0000
vertex 18.6081 35.4787 14.4710
vertex 18.5543 35.0699 14.4710
endloop
endfacet
facet normal -0.000000 0.000000 1.000000
outer loop
vertex 17.0288 35.4787 14.4710
vertex 18.5543 35.0699 14.4710
vertex 18.6081 35.4787 14.4710
endloop
endfacet
facet normal 0.000000 0.000000 -1.000000
outer loop
vertex 17.0288 35.4787 0.0000
vertex 18.6081 35.4787 0.0000
vertex 18.5543 35.0699 0.0000
endloop
endfacet
facet normal 0.000000 0.000000 -1.000000
outer loop
vertex -30.9847 26.9883 0.0000
vertex -30.9847 31.8581 0.0000
vertex -20.1505 31.8581 0.0000
endloop
endfacet
facet normal 0.000000 0.000000 -1.000000
outer loop
vertex -30.9847 26.9883 0.0000
vertex -20.1505 31.8581 0.0000
vertex -20.1505 26.9883 0.0000
endloop
endfacet
facet normal 0.000000 0.000000 1.000000
outer loop
vertex -30.9847 26.9883 8.5579
vertex -20.1505 26.9883 8.5579
vertex -20.1505 31.8581 8.5579
endloop
endfacet
facet normal 0.000000 0.000000 1.000000
outer loop
vertex -30.9847 26.9883 8.5579
vertex -20.1505 31.8581 8.5579
vertex -30.9847 31.8581 8.5579
endloop
endfacet
facet normal 0.000000 -1.000000 0.000000
outer loop
vertex -30.9847 26.9883 0.0000
vertex -20.1505 26.9883 0.0000
vertex -20.1505 26.9883 8.5579
endloop
endfacet
facet normal 0.000000 -1.000000 0.000000
outer loop
vertex -30.9847 26.9883 0.0000
vertex -20.1505 26.9883 8.5579
vertex -30.9847 26.9883 8.5579
endloop
endfacet
facet normal 1.000000 0.000000 0.000000
outer loop
vertex -20.1505 26.9883 0.0000
vertex -20.1505 31.8581 0.0000
vertex -20.1505 31.8581 8.5579
endloop
endfacet
facet normal 1.000000 0.000000 0.000000
outer loop
vertex -20.1505 26.9883 0.0000
vertex -20.1505 31.8581 8.5579
vertex -20.1505 26.9883 8.5579
endloop
endfacet
facet normal 0.000000 1.000000 0.000000
outer loop
vertex -20.1505 31.8581 0.0000
vertex -30.9847 31.8581 0.0000
vertex -30.9847 31.8581 8.5579
endloop
endfacet
facet normal 0.000000 1.000000 -0.000000
outer loop
vertex -20.1505 31.8581 0.0000
vertex -30.9847 31.8581 8.5579
vertex -20.1505 31.8581 8.5579
endloop
endfacet
facet normal -1.000000 0.000000 0.000000
outer loop
vertex -30.9847 31.8581 0.0000
vertex -30.9847 26.9883 0.0000
vertex -30.9847 26.9883 8.5579
endloop
endfacet
facet normal -1.000000 0.000000 0.000000
outer loop
vertex -30.9847 31.8581 0.0000
vertex -30.9847 26.9883 8.5579
vertex -30.9847 31.8581 8.5579
endloop
endfacet
facet normal 0.000000 0.000000 -1.000000
outer loop
vertex -13.9132 8.5592 0.0000
vertex -13.9132 14.0087 0.0000
vertex -8.6978 14.0087 0.0000
endloop
endfacet
facet normal 0.000000 0.000000 -1.000000
outer loop
vertex -13.9132 8.5592 0.0000
vertex -8.6978 14.0087 0.0000
vertex -8.6978 8.5592 0.0000
endloop
endfacet
facet normal 0.000000 0.000000 1.000000
outer loop
vertex -13.9132 8.5592 8.4607
vertex -8.6978 8.5592 8.4607
vertex -8.6978 14.0087 8.4607
endloop
endfacet
facet normal 0.000000 0.000000 1.000000
outer loop
vertex -13.9132 8.5592 8.4607
vertex -8.6978 14.0087 8.4607
vertex -13.9132 14.0087 8.4607
endloop
endfacet
facet normal 0.000000 -1.000000 0.000000
outer loop
vertex -13.9132 8.5592 0.0000
vertex -8.6978 8.5592 0.0000
vertex -8.6978 8.5592 8.4607
endloop
endfacet
facet normal 0.000000 -1.000000 0.000000
outer loop
vertex -13.9132 8.5592 0.0000
vertex -8.6978 8.5592 8.4607
vertex -13.9132 8.5592 8.4607
endloop
endfacet
facet normal 1.000000 0.000000 0.000000
outer loop
vertex -8.6978 8.5592 0.0000
vertex -8.6978 14.0087 0.0000
vertex -8.6978 14.0087 8.4607
endloop
endfacet
facet normal 1.000000 0.000000 0.000000
outer loop
vertex -8.6978 8.5592 0.0000
vertex -8.6978 14.0087 8.4607
vertex -8.6978 8.5592 8.4607
endloop
endfacet
facet normal 0.000000 1.000000 0.000000
outer loop
vertex -8.6978 14.0087 0.0000
vertex -13.9132 14.0087 0.0000
vertex -13.9132 14.0087 8.4607
endloop
endfacet
facet normal 0.000000 1.000000 -0.000000
outer loop
vertex -8.6978 14.0087 0.0000
vertex -13.9132 14.0087 8.4607
vertex -8.6978 14.0087 8.4607
endloop
endfacet
facet normal -1.000000 0.000000 0.000000
outer loop
vertex -13.9132 14.0087 0.0000
vertex -13.9132 8.5592 0.0000
vertex -13.9132 8.5592 8.4607
endloop
endfacet
facet normal -1.000000 0.000000 0.000000
outer loop
vertex -13.9132 14.0087 0.0000
vertex -13.9132 8.5592 8.4607
vertex -13.9132 14.0087 8.4607
endloop
endfacet
facet normal 0.986752 0.129908 0.097187
outer loop
vertex 7.0061 20.7308 0.0000
vertex 6.9016 21.5245 0.0000
vertex 6.8447 21.5093 0.5983
endloop
endfacet
facet normal 0.986752 0.129908 0.097187
outer loop
vertex 7.0061 20.7308 0.0000
vertex 6.8447 21.5093 0.5983
vertex 6.9472 20.7308 0.5983
endloop
endfacet
facet normal 0.919506 0.380872 0.097187
outer loop
vertex 6.9016 21.5245 0.0000
vertex 6.5953 22.2642 0.0000
vertex 6.5442 22.2347 0.5983
endloop
endfacet
facet normal 0.919506 0.380872 0.097187
outer loop
vertex 6.9016 21.5245 0.0000
vertex 6.5442 22.2347 0.5983
vertex 6.8447 21.5093 0.5983
endloop
endfacet
facet normal 0.789598 0.605880 0.097187
outer loop
vertex 6.5953 22.2642 0.0000
vertex 6.1079 22.8993 0.0000
vertex 6.0663 22.8577 0.5983
endloop
endfacet
facet normal 0.789598 0.605880 0.097187
outer loop
vertex 6.5953 22.2642 0.0000
vertex 6.0663 22.8577 0.5983
vertex 6.5442 22.2347 0.5983
endloop
endfacet
facet normal 0.605880 0.789598 0.097187
outer loop
vertex 6.1079 22.8993 0.0000
vertex 5.4728 23.3867 0.0000
vertex 5.4433 23.3357 0.5983
endloop
endfacet
facet normal 0.605880 0.789598 0.097187
outer loop
vertex 6.1079 22.8993 0.0000
vertex 5.4433 23.3357 0.5983
vertex 6.0663 22.8577 0.5983
endloop
endfacet
facet normal 0.380872 0.919506 0.097187
outer loop
vertex 5.4728 23.3867 0.0000
vertex 4.7331 23.6931 0.0000
vertex 4.7179 23.6361 0.5983
endloop
endfacet
facet normal 0.380872 0.919506 0.097187
outer loop
vertex 5.4728 23.3867 0.0000
vertex 4.7179 23.6361 0.5983
vertex 5.4433 23.3357 0.5983
endloop
endfacet
facet normal 0.129908 0.986752 0.097187
outer loop
vertex 4.7331 23.6931 0.0000
vertex 3.9394 23.7976 0.0000
vertex 3.9394 23.7386 0.5983
endloop
endfacet
facet normal 0.129908 0.986752 0.097187
outer loop
vertex 4.7331 23.6931 0.0000
vertex 3.9394 23.7386 0.5983
vertex 4.7179 23.6361 0.5983
endloop
endfacet
facet normal -0.129908 0.986752 0.097187
outer loop
vertex 3.9394 23.7976 0.0000
vertex 3.1457 23.6931 0.0000
vertex 3.1609 23.6361 0.5983
endloop
endfacet
facet normal -0.129908 0.986752 0.097187
outer loop
vertex 3.9394 23.7976 0.0000
vertex 3.1609 23.6361 0.5983
vertex 3.9394 23.7386 0.5983
endloop
endfacet
facet normal -0.380872 0.919506 0.097187
outer loop
vertex 3.1457 23.6931 0.0000
vertex 2.4060 23.3867 0.0000
vertex 2.4355 23.3357 0.5983
endloop
endfacet
facet normal -0.380872 0.919506 0.097187
outer loop
vertex 3.1457 23.6931 0.0000
vertex 2.4355 23.3357 0.5983
vertex 3.1609 23.6361 0.5983
endloop
endfacet
facet normal -0.605880 0.789598 0.097187
outer loop
vertex 2.4060 23.3867 0.0000
vertex 1.7709 22.8993 0.0000
vertex 1.8126 22.8577 0.5983
endloop
endfacet
facet normal -0.605880 0.789598 0.097187
outer loop
vertex 2.4060 23.3867 0.0000
vertex 1.8126 22.8577 0.5983
vertex 2.4355 23.3357 0.5983
endloop
endfacet
facet normal -0.789598 0.605880 0.097187
outer loop
vertex 1.7709 22.8993 0.0000
vertex 1.2835 22.2642 0.0000
vertex 1.3346 22.2347 0.5983
endloop
endfacet
facet normal -0.789598 0.605880 0.097187
outer loop
vertex 1.7709 22.8993 0.0000
vertex 1.3346 22.2347 0.5983
vertex 1.8126 22.8577 0.5983
endloop
endfacet
facet normal -0.919506 0.380872 0.097187
outer loop
vertex 1.2835 22.2642 0.0000
vertex 0.9772 21.5245 0.0000
vertex 1.0341 21.5093 0.5983
endloop
endfacet
facet normal -0.919506 0.380872 0.097187
outer loop
vertex 1.2835 22.2642 0.0000
vertex 1.0341 21.5093 0.5983
vertex 1.3346 22.2347 0.5983
endloop
endfacet
facet normal -0.986752 0.129908 0.097187
outer loop
vertex 0.9772 21.5245 0.0000
vertex 0.8727 20.7308 0.0000
vertex 0.9316 20.7308 0.5983
endloop
endfacet
facet normal -0.986752 0.129908 0.097187
outer loop
vertex 0.9772 21.5245 0.0000
vertex 0.9316 20.7308 0.5983
vertex 1.0341 21.5093 0.5983
endloop
endfacet
facet normal -0.986752 -0.129908 0.097187
outer loop
vertex 0.8727 20.7308 0.0000
vertex 0.9772 19.9371 0.0000
vertex 1.0341 19.9523 0.5983
endloop
endfacet
facet normal -0.986752 -0.129908 0.097187
outer loop
vertex 0.8727 20.7308 0.0000
vertex 1.0341 19.9523 0.5983
vertex 0.9316 20.7308 0.5983
endloop
endfacet
facet normal -0.919506 -0.380872 0.097187
outer loop
vertex 0.9772 19.9371 0.0000
vertex 1.2835 19.1975 0.0000
vertex 1.3346 19.2269 0.5983
endloop
endfacet
facet normal -0.919506 -0.380872 0.097187
outer loop
vertex 0.9772 19.9371 0.0000
vertex 1.3346 19.2269 0.5983
vertex 1.0341 19.9523 0.5983
endloop
endfacet
facet normal -0.789598 -0.605880 0.097187
outer loop
vertex 1.2835 19.1975 0.0000
vertex 1.7709 18.5623 0.0000
vertex 1.8126 18.6040 0.5983
endloop
endfacet
facet normal -0.789598 -0.605880 0.097187
outer loop
vertex 1.2835 19.1975 0.0000
vertex 1.8126 18.6040 0.5983
vertex 1.3346 19.2269 0.5983
endloop
endfacet
facet normal -0.605880 -0.789598 0.097187
outer loop
vertex 1.7709 18.5623 0.0000
vertex 2.4060 18.0750 0.0000
vertex 2.4355 18.1260 0.5983
endloop
endfacet
facet normal -0.605880 -0.789598 0.097187
outer loop
vertex 1.7709 18.5623 0.0000
vertex 2.4355 18.1260 0.5983
vertex 1.8126 18.6040 0.5983
endloop
endfacet
facet normal -0.380872 -0.919506 0.097187
outer loop
vertex 2.4060 18.0750 0.0000
vertex 3.1457 17.7686 0.0000
vertex 3.1609 17.8255 0.5983
endloop
endfacet
facet normal -0.380872 -0.919506 0.097187
outer loop
vertex 2.4060 18.0750 0.0000
vertex 3.1609 17.8255 0.5983
vertex 2.4355 18.1260 0.5983
endloop
endfacet
facet normal -0.129908 -0.986752 0.097187
outer loop
vertex 3.1457 17.7686 0.0000
vertex 3.9394 17.6641 0.0000
vertex 3.9394 17.7230 0.5983
endloop
endfacet
facet normal -0.129908 -0.986752 0.097187
outer loop
vertex 3.1457 17.7686 0.0000
vertex 3.9394 17.7230 0.5983
vertex 3.1609 17.8255 0.5983
endloop
endfacet
facet normal 0.129908 -0.986752 0.097187
outer loop
vertex 3.9394 17.6641 0.0000
vertex 4.7331 17.7686 0.0000
vertex 4.7179 17.8255 0.5983
endloop
endfacet
facet normal 0.129908 -0.986752 0.097187
outer loop
vertex 3.9394 17.6641 0.0000
vertex 4.7179 17.8255 0.5983
vertex 3.9394 17.7230 0.5983
endloop
endfacet
facet normal 0.380872 -0.919506 0.097187
outer loop
vertex 4.7331 17.7686 0.0000
vertex 5.4728 18.0750 0.0000
vertex 5.4433 18.1260 0.5983
endloop
endfacet
facet normal 0.380872 -0.919506 0.097187
outer loop
vertex 4.7331 17.7686 0.0000
vertex 5.4433 18.1260 0.5983
vertex 4.7179 17.8255 0.5983
endloop
endfacet
facet normal 0.605880 -0.789598 0.097187
outer loop
vertex 5.4728 18.0750 0.0000
vertex 6.1079 18.5623 0.0000
vertex 6.0663 18.6040 0.5983
endloop
endfacet
facet normal 0.605880 -0.789598 0.097187
outer loop
vertex 5.4728 18.0750 0.0000
vertex 6.0663 18.6040 0.5983
vertex 5.4433 18.1260 0.5983
endloop
endfacet
facet normal 0.789598 -0.605880 0.097187
outer loop
vertex 6.1079 18.5623 0.0000
vertex 6.5953 19.1975 0.0000
vertex 6.5442 19.2269 0.5983
endloop
endfacet
facet normal 0.789598 -0.605880 0.097187
outer loop
vertex 6.1079 18.5623 0.0000
vertex 6.5442 19.2269 0.5983
vertex 6.0663 18.6040 0.5983
endloop
endfacet
facet normal 0.919506 -0.380872 0.097187
outer loop
vertex 6.5953 19.1975 0.0000
vertex 6.9016 19.9371 0.0000
vertex 6.8447 19.9523 0.5983
endloop
endfacet
facet normal 0.919506 -0.380872 0.097187
outer loop
vertex 6.5953 19.1975 0.0000
vertex 6.8447 19.9523 0.5983
vertex 6.5442 19.2269 0.5983
endloop
endfacet
facet normal 0.986752 -0.129908 0.097187
outer loop
vertex 6.9016 19.9371 0.0000
vertex 7.0061 20.7308 0.0000
vertex 6.9472 20.7308 0.5983
endloop
endfacet
facet normal 0.986752 -0.129908 0.097187
outer loop
vertex 6.9016 19.9371 0.0000
vertex 6.9472 20.7308 0.5983
vertex 6.8447 19.9523 0.5983
endloop
endfacet
facet normal 0.949435 0.124996 0.288008
outer loop
vertex 6.9472 20.7308 0.5983
vertex 6.8447 21.5093 0.5983
vertex 6.6762 21.4641 1.1736
endloop
endfacet
facet normal 0.949435 0.124996 0.288008
outer loop
vertex 6.9472 20.7308 0.5983
vertex 6.6762 21.4641 1.1736
vertex 6.7727 20.7308 1.1736
endloop
endfacet
facet normal 0.884733 0.366468 0.288008
outer loop
vertex 6.8447 21.5093 0.5983
vertex 6.5442 22.2347 0.5983
vertex 6.3931 22.1475 1.1736
endloop
endfacet
facet normal 0.884733 0.366468 0.288008
outer loop
vertex 6.8447 21.5093 0.5983
vertex 6.3931 22.1475 1.1736
vertex 6.6762 21.4641 1.1736
endloop
endfacet
facet normal 0.759737 0.582967 0.288008
outer loop
vertex 6.5442 22.2347 0.5983
vertex 6.0663 22.8577 0.5983
vertex 5.9429 22.7343 1.1736
endloop
endfacet
facet normal 0.759737 0.582967 0.288008
outer loop
vertex 6.5442 22.2347 0.5983
vertex 5.9429 22.7343 1.1736
vertex 6.3931 22.1475 1.1736
endloop
endfacet
facet normal 0.582967 0.759737 0.288008
outer loop
vertex 6.0663 22.8577 0.5983
vertex 5.4433 23.3357 0.5983
vertex 5.3561 23.1845 1.1736
endloop
endfacet
facet normal 0.582967 0.759737 0.288008
outer loop
vertex 6.0663 22.8577 0.5983
vertex 5.3561 23.1845 1.1736
vertex 5.9429 22.7343 1.1736
endloop
endfacet
facet normal 0.366468 0.884733 0.288008
outer loop
vertex 5.4433 23.3357 0.5983
vertex 4.7179 23.6361 0.5983
vertex 4.6727 23.4676 1.1736
endloop
endfacet
facet normal 0.366468 0.884733 0.288008
outer loop
vertex 5.4433 23.3357 0.5983
vertex 4.6727 23.4676 1.1736
vertex 5.3561 23.1845 1.1736
endloop
endfacet
facet normal 0.124996 0.949435 0.288008
outer loop
vertex 4.7179 23.6361 0.5983
vertex 3.9394 23.7386 0.5983
vertex 3.9394 23.5641 1.1736
endloop
endfacet
facet normal 0.124996 0.949435 0.288008
outer loop
vertex 4.7179 23.6361 0.5983
vertex 3.9394 23.5641 1.1736
vertex 4.6727 23.4676 1.1736
endloop
endfacet
facet normal -0.124996 0.949435 0.288008
outer loop
vertex 3.9394 23.7386 0.5983
vertex 3.1609 23.6361 0.5983
vertex 3.2061 23.4676 1.1736
endloop
endfacet
facet normal -0.124996 0.949435 0.288008
outer loop
vertex 3.9394 23.7386 0.5983
vertex 3.2061 23.4676 1.1736
vertex 3.9394 23.5641 1.1736
endloop
endfacet
facet normal -0.366468 0.884733 0.288008
outer loop
vertex 3.1609 23.6361 0.5983
vertex 2.4355 23.3357 0.5983
vertex 2.5228 23.1845 1.1736
endloop
endfacet
facet normal -0.366468 0.884733 0.288008
outer loop
vertex 3.1609 23.6361 0.5983
vertex 2.5228 23.1845 1.1736
vertex 3.2061 23.4676 1.1736
endloop
endfacet
facet normal -0.582967 0.759737 0.288008
outer loop
vertex 2.4355 23.3357 0.5983
vertex 1.8126 22.8577 0.5983
vertex 1.9360 22.7343 1.1736
endloop
endfacet
facet normal -0.582967 0.759737 0.288008
outer loop
vertex 2.4355 23.3357 0.5983
vertex 1.9360 22.7343 1.1736
vertex 2.5228 23.1845 1.1736
endloop
endfacet
facet normal -0.759737 0.582967 0.288008
outer loop
vertex 1.8126 22.8577 0.5983
vertex 1.3346 22.2347 0.5983
vertex 1.4857 22.1475 1.1736
endloop
endfacet
facet normal -0.759737 0.582967 0.288008
outer loop
vertex 1.8126 22.8577 0.5983
vertex 1.4857 22.1475 1.1736
vertex 1.9360 22.7343 1.1736
endloop
endfacet
facet normal -0.884733 0.366468 0.288008
outer loop
vertex 1.3346 22.2347 0.5983
vertex 1.0341 21.5093 0.5983
vertex 1.2027 21.4641 1.1736
endloop
endfacet
facet normal -0.884733 0.366468 0.288008
outer loop
vertex 1.3346 22.2347 0.5983
vertex 1.2027 21.4641 1.1736
vertex 1.4857 22.1475 1.1736
endloop
endfacet
facet normal -0.949435 0.124996 0.288008
outer loop
vertex 1.0341 21.5093 0.5983
vertex 0.9316 20.7308 0.5983
vertex 1.1061 20.7308 1.1736
endloop
endfacet
facet normal -0.949435 0.124996 0.288008
outer loop
vertex 1.0341 21.5093 0.5983
vertex 1.1061 20.7308 1.1736
vertex 1.2027 21.4641 1.1736
endloop
endfacet
facet normal -0.949435 -0.124996 0.288008
outer loop
vertex 0.9316 20.7308 0.5983
vertex 1.0341 19.9523 0.5983
vertex 1.2027 19.9975 1.1736
endloop
endfacet
facet normal -0.949435 -0.124996 0.288008
outer loop
vertex 0.9316 20.7308 0.5983
vertex 1.2027 19.9975 1.1736
vertex 1.1061 20.7308 1.1736
endloop
endfacet
facet normal -0.884733 -0.366468 0.288008
outer loop
vertex 1.0341 19.9523 0.5983
vertex 1.3346 19.2269 0.5983
vertex 1.4857 19.3142 1.1736
endloop
endfacet
facet normal -0.884733 -0.366468 0.288008
outer loop
vertex 1.0341 19.9523 0.5983
vertex 1.4857 19.3142 1.1736
vertex 1.2027 19.9975 1.1736
endloop
endfacet
facet normal -0.759737 -0.582967 0.288008
outer loop
vertex 1.3346 19.2269 0.5983
vertex 1.8126 18.6040 0.5983
vertex 1.9360 18.7274 1.1736
endloop
endfacet
facet normal -0.759737 -0.582967 0.288008
outer loop
vertex 1.3346 19.2269 0.5983
vertex 1.9360 18.7274 1.1736
vertex 1.4857 19.3142 1.1736
endloop
endfacet
facet normal -0.582967 -0.759737 0.288008
outer loop
vertex 1.8126 18.6040 0.5983
vertex 2.4355 18.1260 0.5983
vertex 2.5228 18.2771 1.1736
endloop
endfacet
facet normal -0.582967 -0.759737 0.288008
outer loop
vertex 1.8126 18.6040 0.5983
vertex 2.5228 18.2771 1.1736
vertex 1.9360 18.7274 1.1736
endloop
endfacet
facet normal -0.366468 -0.884733 0.288008
outer loop
vertex 2.4355 18.1260 0.5983
vertex 3.1609 17.8255 0.5983
vertex 3.2061 17.9941 1.1736
endloop
endfacet
facet normal -0.366468 -0.884733 0.288008
outer loop
vertex 2.4355 18.1260 0.5983
vertex 3.2061 17.9941 1.1736
vertex 2.5228 18.2771 1.1736
endloop
endfacet
facet normal -0.124996 -0.949435 0.288008
outer loop
vertex 3.1609 17.8255 0.5983
vertex 3.9394 17.7230 0.5983
vertex 3.9394 17.8975 1.1736
endloop
endfacet
facet normal -0.124996 -0.949435 0.288008
outer loop
vertex 3.1609 17.8255 0.5983
vertex 3.9394 17.8975 1.1736
vertex 3.2061 17.9941 1.1736
endloop
endfacet
facet normal 0.124996 -0.949435 0.288008
outer loop
vertex 3.9394 17.7230 0.5983
vertex 4.7179 17.8255 0.5983
vertex 4.6727 17.9941 1.1736
endloop
endfacet
facet normal 0.124996 -0.949435 0.288008
outer loop
vertex 3.9394 17.7230 0.5983
vertex 4.6727 17.9941 1.1736
vertex 3.9394 17.8975 1.1736
endloop
endfacet
facet normal 0.366468 -0.884733 0.288008
outer loop
vertex 4.7179 17.8255 0.5983
vertex 5.4433 18.1260 0.5983
vertex 5.3561 18.2771 1.1736
endloop
endfacet
facet normal 0.366468 -0.884733 0.288008
outer loop
vertex 4.7179 17.8255 0.5983
vertex 5.3561 18.2771 1.1736
vertex 4.6727 17.9941 1.1736
endloop
endfacet
facet normal 0.582967 -0.759737 0.288008
outer loop
vertex 5.4433 18.1260 0.5983
vertex 6.0663 18.6040 0.5983
vertex 5.9429 18.7274 1.1736
endloop
endfacet
facet normal 0.582967 -0.759737 0.288008
outer loop
vertex 5.4433 18.1260 0.5983
vertex 5.9429 18.7274 1.1736
vertex 5.3561 18.2771 1.1736
endloop
endfacet
facet normal 0.759737 -0.582967 0.288008
outer loop
vertex 6.0663 18.6040 0.5983
vertex 6.5442 19.2269 0.5983
vertex 6.3931 19.3142 1.1736
endloop
endfacet
facet normal 0.759737 -0.582967 0.288008
outer loop
vertex 6.0663 18.6040 0.5983
vertex 6.3931 19.3142 1.1736
vertex 5.9429 18.7274 1.1736
endloop
endfacet
facet normal 0.884733 -0.366468 0.288008
outer loop
vertex 6.5442 19.2269 0.5983
vertex 6.8447 19.9523 0.5983
vertex 6.6762 19.9975 1.1736
endloop
endfacet
facet normal 0.884733 -0.366468 0.288008
outer loop
vertex 6.5442 19.2269 0.5983
vertex 6.6762 19.9975 1.1736
vertex 6.3931 19.3142 1.1736
endloop
endfacet
facet normal 0.949435 -0.124996 0.288008
outer loop
vertex 6.8447 19.9523 0.5983
vertex 6.9472 20.7308 0.5983
vertex 6.7727 20.7308 1.1736
endloop
endfacet
facet normal 0.949435 -0.124996 0.288008
outer loop
vertex 6.8447 19.9523 0.5983
vertex 6.7727 20.7308 1.1736
vertex 6.6762 19.9975 1.1736
endloop
endfacet
facet normal 0.876036 0.115332 0.468251
outer loop
vertex 6.7727 20.7308 1.1736
vertex 6.6762 21.4641 1.1736
vertex 6.4024 21.3908 1.7038
endloop
endfacet
facet normal 0.876036 0.115332 0.468251
outer loop
vertex 6.7727 20.7308 1.1736
vertex 6.4024 21.3908 1.7038
vertex 6.4893 20.7308 1.7038
endloop
endfacet
facet normal 0.816336 0.338137 0.468251
outer loop
vertex 6.6762 21.4641 1.1736
vertex 6.3931 22.1475 1.1736
vertex 6.1477 22.0058 1.7038
endloop
endfacet
facet normal 0.816336 0.338137 0.468251
outer loop
vertex 6.6762 21.4641 1.1736
vertex 6.1477 22.0058 1.7038
vertex 6.4024 21.3908 1.7038
endloop
endfacet
facet normal 0.701003 0.537899 0.468251
outer loop
vertex 6.3931 22.1475 1.1736
vertex 5.9429 22.7343 1.1736
vertex 5.7425 22.5339 1.7038
endloop
endfacet
facet normal 0.701003 0.537899 0.468251
outer loop
vertex 6.3931 22.1475 1.1736
vertex 5.7425 22.5339 1.7038
vertex 6.1477 22.0058 1.7038
endloop
endfacet
facet normal 0.537899 0.701003 0.468251
outer loop
vertex 5.9429 22.7343 1.1736
vertex 5.3561 23.1845 1.1736
vertex 5.2144 22.9391 1.7038
endloop
endfacet
facet normal 0.537899 0.701003 0.468251
outer loop
vertex 5.9429 22.7343 1.1736
vertex 5.2144 22.9391 1.7038
vertex 5.7425 22.5339 1.7038
endloop
endfacet
facet normal 0.338137 0.816336 0.468251
outer loop
vertex 5.3561 23.1845 1.1736
vertex 4.6727 23.4676 1.1736
vertex 4.5994 23.1938 1.7038
endloop
endfacet
facet normal 0.338137 0.816336 0.468251
outer loop
vertex 5.3561 23.1845 1.1736
vertex 4.5994 23.1938 1.7038
vertex 5.2144 22.9391 1.7038
endloop
endfacet
facet normal 0.115332 0.876036 0.468251
outer loop
vertex 4.6727 23.4676 1.1736
vertex 3.9394 23.5641 1.1736
vertex 3.9394 23.2807 1.7038
endloop
endfacet
facet normal 0.115332 0.876036 0.468251
outer loop
vertex 4.6727 23.4676 1.1736
vertex 3.9394 23.2807 1.7038
vertex 4.5994 23.1938 1.7038
endloop
endfacet
facet normal -0.115332 0.876036 0.468251
outer loop
vertex 3.9394 23.5641 1.1736
vertex 3.2061 23.4676 1.1736
vertex 3.2795 23.1938 1.7038
endloop
endfacet
facet normal -0.115332 0.876036 0.468251
outer loop
vertex 3.9394 23.5641 1.1736
vertex 3.2795 23.1938 1.7038
vertex 3.9394 23.2807 1.7038
endloop
endfacet
facet normal -0.338137 0.816336 0.468251
outer loop
vertex 3.2061 23.4676 1.1736
vertex 2.5228 23.1845 1.1736
vertex 2.6645 22.9391 1.7038
endloop
endfacet
facet normal -0.338137 0.816336 0.468251
outer loop
vertex 3.2061 23.4676 1.1736
vertex 2.6645 22.9391 1.7038
vertex 3.2795 23.1938 1.7038
endloop
endfacet
facet normal -0.537899 0.701003 0.468251
outer loop
vertex 2.5228 23.1845 1.1736
vertex 1.9360 22.7343 1.1736
vertex 2.1364 22.5339 1.7038
endloop
endfacet
facet normal -0.537899 0.701003 0.468251
outer loop
vertex 2.5228 23.1845 1.1736
vertex 2.1364 22.5339 1.7038
vertex 2.6645 22.9391 1.7038
endloop
endfacet
facet normal -0.701003 0.537899 0.468251
outer loop
vertex 1.9360 22.7343 1.1736
vertex 1.4857 22.1475 1.1736
vertex 1.7311 22.0058 1.7038
endloop
endfacet
facet normal -0.701003 0.537899 0.468251
outer loop
vertex 1.9360 22.7343 1.1736
vertex 1.7311 22.0058 1.7038
vertex 2.1364 22.5339 1.7038
endloop
endfacet
facet normal -0.816336 0.338137 0.468251
outer loop
vertex 1.4857 22.1475 1.1736
vertex 1.2027 21.4641 1.1736
vertex 1.4764 21.3908 1.7038
endloop
endfacet
facet normal -0.816336 0.338137 0.468251
outer loop
vertex 1.4857 22.1475 1.1736
vertex 1.4764 21.3908 1.7038
vertex 1.7311 22.0058 1.7038
endloop
endfacet
facet normal -0.876036 0.115332 0.468251
outer loop
vertex 1.2027 21.4641 1.1736
vertex 1.1061 20.7308 1.1736
vertex 1.3895 20.7308 1.7038
endloop
endfacet
facet normal -0.876036 0.115332 0.468251
outer loop
vertex 1.2027 21.4641 1.1736
vertex 1.3895 20.7308 1.7038
vertex 1.4764 21.3908 1.7038
endloop
endfacet
facet normal -0.876036 -0.115332 0.468251
outer loop
vertex 1.1061 20.7308 1.1736
vertex 1.2027 19.9975 1.1736
vertex 1.4764 20.0709 1.7038
endloop
endfacet
facet normal -0.876036 -0.115332 0.468251
outer loop
vertex 1.1061 20.7308 1.1736
vertex 1.4764 20.0709 1.7038
vertex 1.3895 20.7308 1.7038
endloop
endfacet
facet normal -0.816336 -0.338137 0.468251
outer loop
vertex 1.2027 19.9975 1.1736
vertex 1.4857 19.3142 1.1736
vertex 1.7311 19.4559 1.7038
endloop
endfacet
facet normal -0.816336 -0.338137 0.468251
outer loop
vertex 1.2027 19.9975 1.1736
vertex 1.7311 19.4559 1.7038
vertex 1.4764 20.0709 1.7038
endloop
endfacet
facet normal -0.701003 -0.537899 0.468251
outer loop
vertex 1.4857 19.3142 1.1736
vertex 1.9360 18.7274 1.1736
vertex 2.1364 18.9278 1.7038
endloop
endfacet
facet normal -0.701003 -0.537899 0.468251
outer loop
vertex 1.4857 19.3142 1.1736
vertex 2.1364 18.9278 1.7038
vertex 1.7311 19.4559 1.7038
endloop
endfacet
facet normal -0.537899 -0.701003 0.468251
outer loop
vertex 1.9360 18.7274 1.1736
vertex 2.5228 18.2771 1.1736
vertex 2.6645 18.5225 1.7038
endloop
endfacet
facet normal -0.537899 -0.701003 0.468251
outer loop
vertex 1.9360 18.7274 1.1736
vertex 2.6645 18.5225 1.7038
vertex 2.1364 18.9278 1.7038
endloop
endfacet
facet normal -0.338137 -0.816336 0.468251
outer loop
vertex 2.5228 18.2771 1.1736
vertex 3.2061 17.9941 1.1736
vertex 3.2795 18.2678 1.7038
endloop
endfacet
facet normal -0.338137 -0.816336 0.468251
outer loop
vertex 2.5228 18.2771 1.1736
vertex 3.2795 18.2678 1.7038
vertex 2.6645 18.5225 1.7038
endloop
endfacet
facet normal -0.115332 -0.876036 0.468251
outer loop
vertex 3.2061 17.9941 1.1736
vertex 3.9394 17.8975 1.1736
vertex 3.9394 18.1809 1.7038
endloop
endfacet
facet normal -0.115332 -0.876036 0.468251
outer loop
vertex 3.2061 17.9941 1.1736
vertex 3.9394 18.1809 1.7038
vertex 3.2795 18.2678 1.7038
endloop
endfacet
facet normal 0.115332 -0.876036 0.468251
outer loop
vertex 3.9394 17.8975 1.1736
vertex 4.6727 17.9941 1.1736
vertex 4.5994 18.2678 1.7038
endloop
endfacet
facet normal 0.115332 -0.876036 0.468251
outer loop
vertex 3.9394 17.8975 1.1736
vertex 4.5994 18.2678 1.7038
vertex 3.9394 18.1809 1.7038
endloop
endfacet
facet normal 0.338137 -0.816336 0.468251
outer loop
vertex 4.6727 17.9941 1.1736
vertex 5.3561 18.2771 1.1736
vertex 5.2144 18.5225 1.7038
endloop
endfacet
facet normal 0.338137 -0.816336 0.468251
outer loop
vertex 4.6727 17.9941 1.1736
vertex 5.2144 18.5225 1.7038
vertex 4.5994 18.2678 1.7038
endloop
endfacet
facet normal 0.537899 -0.701003 0.468251
outer loop
vertex 5.3561 18.2771 1.1736
vertex 5.9429 18.7274 1.1736
vertex 5.7425 18.9278 1.7038
endloop
endfacet
facet normal 0.537899 -0.701003 0.468251
outer loop
vertex 5.3561 18.2771 1.1736
vertex 5.7425 18.9278 1.7038
vertex 5.2144 18.5225 1.7038
endloop
endfacet
facet normal 0.701003 -0.537899 0.468251
outer loop
vertex 5.9429 18.7274 1.1736
vertex 6.3931 19.3142 1.1736
vertex 6.1477 19.4559 1.7038
endloop
endfacet
facet normal 0.701003 -0.537899 0.468251
outer loop
vertex 5.9429 18.7274 1.1736
vertex 6.1477 19.4559 1.7038
vertex 5.7425 18.9278 1.7038
endloop
endfacet
facet normal 0.816336 -0.338137 0.468251
outer loop
vertex 6.3931 19.3142 1.1736
vertex 6.6762 19.9975 1.1736
vertex 6.4024 20.0709 1.7038
endloop
endfacet
facet normal 0.816336 -0.338137 0.468251
outer loop
vertex 6.3931 19.3142 1.1736
vertex 6.4024 20.0709 1.7038
vertex 6.1477 19.4559 1.7038
endloop
endfacet
facet normal 0.876036 -0.115332 0.468251
outer loop
vertex 6.6762 19.9975 1.1736
vertex 6.7727 20.7308 1.1736
vertex 6.4893 20.7308 1.7038
endloop
endfacet
facet normal 0.876036 -0.115332 0.468251
outer loop
vertex 6.6762 19.9975 1.1736
vertex 6.4893 20.7308 1.7038
vertex 6.4024 20.0709 1.7038
endloop
endfacet
facet normal 0.769038 0.101246 0.631133
outer loop
vertex 6.4893 20.7308 1.7038
vertex 6.4024 21.3908 1.7038
vertex 6.0340 21.2921 2.1685
endloop
endfacet
facet normal 0.769038 0.101246 0.631133
outer loop
vertex 6.4893 20.7308 1.7038
vertex 6.0340 21.2921 2.1685
vertex 6.1079 20.7308 2.1685
endloop
endfacet
facet normal 0.716630 0.296838 0.631133
outer loop
vertex 6.4024 21.3908 1.7038
vertex 6.1477 22.0058 1.7038
vertex 5.8174 21.8151 2.1685
endloop
endfacet
facet normal 0.716630 0.296838 0.631133
outer loop
vertex 6.4024 21.3908 1.7038
vertex 5.8174 21.8151 2.1685
vertex 6.0340 21.2921 2.1685
endloop
endfacet
facet normal 0.615384 0.472201 0.631133
outer loop
vertex 6.1477 22.0058 1.7038
vertex 5.7425 22.5339 1.7038
vertex 5.4728 22.2642 2.1685
endloop
endfacet
facet normal 0.615384 0.472201 0.631133
outer loop
vertex 6.1477 22.0058 1.7038
vertex 5.4728 22.2642 2.1685
vertex 5.8174 21.8151 2.1685
endloop
endfacet
facet normal 0.472201 0.615384 0.631133
outer loop
vertex 5.7425 22.5339 1.7038
vertex 5.2144 22.9391 1.7038
vertex 5.0237 22.6088 2.1685
endloop
endfacet
facet normal 0.472201 0.615384 0.631133
outer loop
vertex 5.7425 22.5339 1.7038
vertex 5.0237 22.6088 2.1685
vertex 5.4728 22.2642 2.1685
endloop
endfacet
facet normal 0.296838 0.716630 0.631133
outer loop
vertex 5.2144 22.9391 1.7038
vertex 4.5994 23.1938 1.7038
vertex 4.5007 22.8254 2.1685
endloop
endfacet
facet normal 0.296838 0.716630 0.631133
outer loop
vertex 5.2144 22.9391 1.7038
vertex 4.5007 22.8254 2.1685
vertex 5.0237 22.6088 2.1685
endloop
endfacet
facet normal 0.101246 0.769038 0.631133
outer loop
vertex 4.5994 23.1938 1.7038
vertex 3.9394 23.2807 1.7038
vertex 3.9394 22.8993 2.1685
endloop
endfacet
facet normal 0.101246 0.769038 0.631133
outer loop
vertex 4.5994 23.1938 1.7038
vertex 3.9394 22.8993 2.1685
vertex 4.5007 22.8254 2.1685
endloop
endfacet
facet normal -0.101246 0.769038 0.631133
outer loop
vertex 3.9394 23.2807 1.7038
vertex 3.2795 23.1938 1.7038
vertex 3.3782 22.8254 2.1685
endloop
endfacet
facet normal -0.101246 0.769038 0.631133
outer loop
vertex 3.9394 23.2807 1.7038
vertex 3.3782 22.8254 2.1685
vertex 3.9394 22.8993 2.1685
endloop
endfacet
facet normal -0.296838 0.716630 0.631133
outer loop
vertex 3.2795 23.1938 1.7038
vertex 2.6645 22.9391 1.7038
vertex 2.8552 22.6088 2.1685
endloop
endfacet
facet normal -0.296838 0.716630 0.631133
outer loop
vertex 3.2795 23.1938 1.7038
vertex 2.8552 22.6088 2.1685
vertex 3.3782 22.8254 2.1685
endloop
endfacet
facet normal -0.472201 0.615384 0.631133
outer loop
vertex 2.6645 22.9391 1.7038
vertex 2.1364 22.5339 1.7038
vertex 2.4060 22.2642 2.1685
endloop
endfacet
facet normal -0.472201 0.615384 0.631133
outer loop
vertex 2.6645 22.9391 1.7038
vertex 2.4060 22.2642 2.1685
vertex 2.8552 22.6088 2.1685
endloop
endfacet
facet normal -0.615384 0.472201 0.631133
outer loop
vertex 2.1364 22.5339 1.7038
vertex 1.7311 22.0058 1.7038
vertex 2.0614 21.8151 2.1685
endloop
endfacet
facet normal -0.615384 0.472201 0.631133
outer loop
vertex 2.1364 22.5339 1.7038
vertex 2.0614 21.8151 2.1685
vertex 2.4060 22.2642 2.1685
endloop
endfacet
facet normal -0.716630 0.296838 0.631133
outer loop
vertex 1.7311 22.0058 1.7038
vertex 1.4764 21.3908 1.7038
vertex 1.8448 21.2921 2.1685
endloop
endfacet
facet normal -0.716630 0.296838 0.631133
outer loop
vertex 1.7311 22.0058 1.7038
vertex 1.8448 21.2921 2.1685
vertex 2.0614 21.8151 2.1685
endloop
endfacet
facet normal -0.769038 0.101246 0.631133
outer loop
vertex 1.4764 21.3908 1.7038
vertex 1.3895 20.7308 1.7038
vertex 1.7709 20.7308 2.1685
endloop
endfacet
facet normal -0.769038 0.101246 0.631133
outer loop
vertex 1.4764 21.3908 1.7038
vertex 1.7709 20.7308 2.1685
vertex 1.8448 21.2921 2.1685
endloop
endfacet
facet normal -0.769038 -0.101246 0.631133
outer loop
vertex 1.3895 20.7308 1.7038
vertex 1.4764 20.0709 1.7038
vertex 1.8448 20.1696 2.1685
endloop
endfacet
facet normal -0.769038 -0.101246 0.631133
outer loop
vertex 1.3895 20.7308 1.7038
vertex 1.8448 20.1696 2.1685
vertex 1.7709 20.7308 2.1685
endloop
endfacet
facet normal -0.716630 -0.296838 0.631133
outer loop
vertex 1.4764 20.0709 1.7038
vertex 1.7311 19.4559 1.7038
vertex 2.0614 19.6466 2.1685
endloop
endfacet
facet normal -0.716630 -0.296838 0.631133
outer loop
vertex 1.4764 20.0709 1.7038
vertex 2.0614 19.6466 2.1685
vertex 1.8448 20.1696 2.1685
endloop
endfacet
facet normal -0.615384 -0.472201 0.631133
outer loop
vertex 1.7311 19.4559 1.7038
vertex 2.1364 18.9278 1.7038
vertex 2.4060 19.1975 2.1685
endloop
endfacet
facet normal -0.615384 -0.472201 0.631133
outer loop
vertex 1.7311 19.4559 1.7038
vertex 2.4060 19.1975 2.1685
vertex 2.0614 19.6466 2.1685
endloop
endfacet
facet normal -0.472201 -0.615384 0.631133
outer loop
vertex 2.1364 18.9278 1.7038
vertex 2.6645 18.5225 1.7038
vertex 2.8552 18.8528 2.1685
endloop
endfacet
facet normal -0.472201 -0.615384 0.631133
outer loop
vertex 2.1364 18.9278 1.7038
vertex 2.8552 18.8528 2.1685
vertex 2.4060 19.1975 2.1685
endloop
endfacet
facet normal -0.296838 -0.716630 0.631133
outer loop
vertex 2.6645 18.5225 1.7038
vertex 3.2795 18.2678 1.7038
vertex 3.3782 18.6362 2.1685
endloop
endfacet
facet normal -0.296838 -0.716630 0.631133
outer loop
vertex 2.6645 18.5225 1.7038
vertex 3.3782 18.6362 2.1685
vertex 2.8552 18.8528 2.1685
endloop
endfacet
facet normal -0.101246 -0.769038 0.631133
outer loop
vertex 3.2795 18.2678 1.7038
vertex 3.9394 18.1809 1.7038
vertex 3.9394 18.5623 2.1685
endloop
endfacet
facet normal -0.101246 -0.769038 0.631133
outer loop
vertex 3.2795 18.2678 1.7038
vertex 3.9394 18.5623 2.1685
vertex 3.3782 18.6362 2.1685
endloop
endfacet
facet normal 0.101246 -0.769038 0.631133
outer loop
vertex 3.9394 18.1809 1.7038
vertex 4.5994 18.2678 1.7038
vertex 4.5007 18.6362 2.1685
endloop
endfacet
facet normal 0.101246 -0.769038 0.631133
outer loop
vertex 3.9394 18.1809 1.7038
vertex 4.5007 18.6362 2.1685
vertex 3.9394 18.5623 2.1685
endloop
endfacet
facet normal 0.296838 -0.716630 0.631133
outer loop
vertex 4.5994 18.2678 1.7038
vertex 5.2144 18.5225 1.7038
vertex 5.0237 18.8528 2.1685
endloop
endfacet
facet normal 0.296838 -0.716630 0.631133
outer loop
vertex 4.5994 18.2678 1.7038
vertex 5.0237 18.8528 2.1685
vertex 4.5007 18.6362 2.1685
endloop
endfacet
facet normal 0.472201 -0.615384 0.631133
outer loop
vertex 5.2144 18.5225 1.7038
vertex 5.7425 18.9278 1.7038
vertex 5.4728 19.1975 2.1685
endloop
endfacet
facet normal 0.472201 -0.615384 0.631133
outer loop
vertex 5.2144 18.5225 1.7038
vertex 5.4728 19.1975 2.1685
vertex 5.0237 18.8528 2.1685
endloop
endfacet
facet normal 0.615384 -0.472201 0.631133
outer loop
vertex 5.7425 18.9278 1.7038
vertex 6.1477 19.4559 1.7038
vertex 5.8174 19.6466 2.1685
endloop
endfacet
facet normal 0.615384 -0.472201 0.631133
outer loop
vertex 5.7425 18.9278 1.7038
vertex 5.8174 19.6466 2.1685
vertex 5.4728 19.1975 2.1685
endloop
endfacet
facet normal 0.716630 -0.296838 0.631133
outer loop
vertex 6.1477 19.4559 1.7038
vertex 6.4024 20.0709 1.7038
vertex 6.0340 20.1696 2.1685
endloop
endfacet
facet normal 0.716630 -0.296838 0.631133
outer loop
vertex 6.1477 19.4559 1.7038
vertex 6.0340 20.1696 2.1685
vertex 5.8174 19.6466 2.1685
endloop
endfacet
facet normal 0.769038 -0.101246 0.631133
outer loop
vertex 6.4024 20.0709 1.7038
vertex 6.4893 20.7308 1.7038
vertex 6.1079 20.7308 2.1685
endloop
endfacet
facet normal 0.769038 -0.101246 0.631133
outer loop
vertex 6.4024 20.0709 1.7038
vertex 6.1079 20.7308 2.1685
vertex 6.0340 20.1696 2.1685
endloop
endfacet
facet normal 0.632192 0.083230 0.770328
outer loop
vertex 6.1079 20.7308 2.1685
vertex 6.0340 21.2921 2.1685
vertex 5.5851 21.1718 2.5499
endloop
endfacet
facet normal 0.632192 0.083230 0.770328
outer loop
vertex 6.1079 20.7308 2.1685
vertex 5.5851 21.1718 2.5499
vertex 5.6432 20.7308 2.5499
endloop
endfacet
facet normal 0.589109 0.244017 0.770328
outer loop
vertex 6.0340 21.2921 2.1685
vertex 5.8174 21.8151 2.1685
vertex 5.4149 21.5827 2.5499
endloop
endfacet
facet normal 0.589109 0.244017 0.770328
outer loop
vertex 6.0340 21.2921 2.1685
vertex 5.4149 21.5827 2.5499
vertex 5.5851 21.1718 2.5499
endloop
endfacet
facet normal 0.505880 0.388175 0.770328
outer loop
vertex 5.8174 21.8151 2.1685
vertex 5.4728 22.2642 2.1685
vertex 5.1442 21.9356 2.5499
endloop
endfacet
facet normal 0.505880 0.388175 0.770328
outer loop
vertex 5.8174 21.8151 2.1685
vertex 5.1442 21.9356 2.5499
vertex 5.4149 21.5827 2.5499
endloop
endfacet
facet normal 0.388175 0.505880 0.770328
outer loop
vertex 5.4728 22.2642 2.1685
vertex 5.0237 22.6088 2.1685
vertex 4.7913 22.2063 2.5499
endloop
endfacet
facet normal 0.388175 0.505880 0.770328
outer loop
vertex 5.4728 22.2642 2.1685
vertex 4.7913 22.2063 2.5499
vertex 5.1442 21.9356 2.5499
endloop
endfacet
facet normal 0.244017 0.589109 0.770328
outer loop
vertex 5.0237 22.6088 2.1685
vertex 4.5007 22.8254 2.1685
vertex 4.3804 22.3765 2.5499
endloop
endfacet
facet normal 0.244017 0.589109 0.770328
outer loop
vertex 5.0237 22.6088 2.1685
vertex 4.3804 22.3765 2.5499
vertex 4.7913 22.2063 2.5499
endloop
endfacet
facet normal 0.083230 0.632192 0.770328
outer loop
vertex 4.5007 22.8254 2.1685
vertex 3.9394 22.8993 2.1685
vertex 3.9394 22.4346 2.5499
endloop
endfacet
facet normal 0.083230 0.632192 0.770328
outer loop
vertex 4.5007 22.8254 2.1685
vertex 3.9394 22.4346 2.5499
vertex 4.3804 22.3765 2.5499
endloop
endfacet
facet normal -0.083230 0.632192 0.770328
outer loop
vertex 3.9394 22.8993 2.1685
vertex 3.3782 22.8254 2.1685
vertex 3.4984 22.3765 2.5499
endloop
endfacet
facet normal -0.083230 0.632192 0.770328
outer loop
vertex 3.9394 22.8993 2.1685
vertex 3.4984 22.3765 2.5499
vertex 3.9394 22.4346 2.5499
endloop
endfacet
facet normal -0.244017 0.589109 0.770328
outer loop
vertex 3.3782 22.8254 2.1685
vertex 2.8552 22.6088 2.1685
vertex 3.0875 22.2063 2.5499
endloop
endfacet
facet normal -0.244017 0.589109 0.770328
outer loop
vertex 3.3782 22.8254 2.1685
vertex 3.0875 22.2063 2.5499
vertex 3.4984 22.3765 2.5499
endloop
endfacet
facet normal -0.388175 0.505880 0.770328
outer loop
vertex 2.8552 22.6088 2.1685
vertex 2.4060 22.2642 2.1685
vertex 2.7347 21.9356 2.5499
endloop
endfacet
facet normal -0.388175 0.505880 0.770328
outer loop
vertex 2.8552 22.6088 2.1685
vertex 2.7347 21.9356 2.5499
vertex 3.0875 22.2063 2.5499
endloop
endfacet
facet normal -0.505880 0.388175 0.770328
outer loop
vertex 2.4060 22.2642 2.1685
vertex 2.0614 21.8151 2.1685
vertex 2.4639 21.5827 2.5499
endloop
endfacet
facet normal -0.505880 0.388175 0.770328
outer loop
vertex 2.4060 22.2642 2.1685
vertex 2.4639 21.5827 2.5499
vertex 2.7347 21.9356 2.5499
endloop
endfacet
facet normal -0.589109 0.244017 0.770328
outer loop
vertex 2.0614 21.8151 2.1685
vertex 1.8448 21.2921 2.1685
vertex 2.2937 21.1718 2.5499
endloop
endfacet
facet normal -0.589109 0.244017 0.770328
outer loop
vertex 2.0614 21.8151 2.1685
vertex 2.2937 21.1718 2.5499
vertex 2.4639 21.5827 2.5499
endloop
endfacet
facet normal -0.632192 0.083230 0.770328
outer loop
vertex 1.8448 21.2921 2.1685
vertex 1.7709 20.7308 2.1685
vertex 2.2356 20.7308 2.5499
endloop
endfacet
facet normal -0.632192 0.083230 0.770328
outer loop
vertex 1.8448 21.2921 2.1685
vertex 2.2356 20.7308 2.5499
vertex 2.2937 21.1718 2.5499
endloop
endfacet
facet normal -0.632192 -0.083230 0.770328
outer loop
vertex 1.7709 20.7308 2.1685
vertex 1.8448 20.1696 2.1685
vertex 2.2937 20.2898 2.5499
endloop
endfacet
facet normal -0.632192 -0.083230 0.770328
outer loop
vertex 1.7709 20.7308 2.1685
vertex 2.2937 20.2898 2.5499
vertex 2.2356 20.7308 2.5499
endloop
endfacet
facet normal -0.589109 -0.244017 0.770328
outer loop
vertex 1.8448 20.1696 2.1685
vertex 2.0614 19.6466 2.1685
vertex 2.4639 19.8789 2.5499
endloop
endfacet
facet normal -0.589109 -0.244017 0.770328
outer loop
vertex 1.8448 20.1696 2.1685
vertex 2.4639 19.8789 2.5499
vertex 2.2937 20.2898 2.5499
endloop
endfacet
facet normal -0.505880 -0.388175 0.770328
outer loop
vertex 2.0614 19.6466 2.1685
vertex 2.4060 19.1975 2.1685
vertex 2.7347 19.5261 2.5499
endloop
endfacet
facet normal -0.505880 -0.388175 0.770328
outer loop
vertex 2.0614 19.6466 2.1685
vertex 2.7347 19.5261 2.5499
vertex 2.4639 19.8789 2.5499
endloop
endfacet
facet normal -0.388175 -0.505880 0.770328
outer loop
vertex 2.4060 19.1975 2.1685
vertex 2.8552 18.8528 2.1685
vertex 3.0875 19.2553 2.5499
endloop
endfacet
facet normal -0.388175 -0.505880 0.770328
outer loop
vertex 2.4060 19.1975 2.1685
vertex 3.0875 19.2553 2.5499
vertex 2.7347 19.5261 2.5499
endloop
endfacet
facet normal -0.244017 -0.589109 0.770328
outer loop
vertex 2.8552 18.8528 2.1685
vertex 3.3782 18.6362 2.1685
vertex 3.4984 19.0851 2.5499
endloop
endfacet
facet normal -0.244017 -0.589109 0.770328
outer loop
vertex 2.8552 18.8528 2.1685
vertex 3.4984 19.0851 2.5499
vertex 3.0875 19.2553 2.5499
endloop
endfacet
facet normal -0.083230 -0.632192 0.770328
outer loop
vertex 3.3782 18.6362 2.1685
vertex 3.9394 18.5623 2.1685
vertex 3.9394 19.0270 2.5499
endloop
endfacet
facet normal -0.083230 -0.632192 0.770328
outer loop
vertex 3.3782 18.6362 2.1685
vertex 3.9394 19.0270 2.5499
vertex 3.4984 19.0851 2.5499
endloop
endfacet
facet normal 0.083230 -0.632192 0.770328
outer loop
vertex 3.9394 18.5623 2.1685
vertex 4.5007 18.6362 2.1685
vertex 4.3804 19.0851 2.5499
endloop
endfacet
facet normal 0.083230 -0.632192 0.770328
outer loop
vertex 3.9394 18.5623 2.1685
vertex 4.3804 19.0851 2.5499
vertex 3.9394 19.0270 2.5499
endloop
endfacet
facet normal 0.244017 -0.589109 0.770328
outer loop
vertex 4.5007 18.6362 2.1685
vertex 5.0237 18.8528 2.1685
vertex 4.7913 19.2553 2.5499
endloop
endfacet
facet normal 0.244017 -0.589109 0.770328
outer loop
vertex 4.5007 18.6362 2.1685
vertex 4.7913 19.2553 2.5499
vertex 4.3804 19.0851 2.5499
endloop
endfacet
facet normal 0.388175 -0.505880 0.770328
outer loop
vertex 5.0237 18.8528 2.1685
vertex 5.4728 19.1975 2.1685
vertex 5.1442 19.5261 2.5499
endloop
endfacet
facet normal 0.388175 -0.505880 0.770328
outer loop
vertex 5.0237 18.8528 2.1685
vertex 5.1442 19.5261 2.5499
vertex 4.7913 19.2553 2.5499
endloop
endfacet
facet normal 0.505880 -0.388175 0.770328
outer loop
vertex 5.4728 19.1975 2.1685
vertex 5.8174 19.6466 2.1685
vertex 5.4149 19.8789 2.5499
endloop
endfacet
facet normal 0.505880 -0.388175 0.770328
outer loop
vertex 5.4728 19.1975 2.1685
vertex 5.4149 19.8789 2.5499
vertex 5.1442 19.5261 2.5499
endloop
endfacet
facet normal 0.589109 -0.244017 0.770328
outer loop
vertex 5.8174 19.6466 2.1685
vertex 6.0340 20.1696 2.1685
vertex 5.5851 20.2898 2.5499
endloop
endfacet
facet normal 0.589109 -0.244017 0.770328
outer loop
vertex 5.8174 19.6466 2.1685
vertex 5.5851 20.2898 2.5499
vertex 5.4149 19.8789 2.5499
endloop
endfacet
facet normal 0.632192 -0.083230 0.770328
outer loop
vertex 6.0340 20.1696 2.1685
vertex 6.1079 20.7308 2.1685
vertex 5.6432 20.7308 2.5499
endloop
endfacet
facet normal 0.632192 -0.083230 0.770328
outer loop
vertex 6.0340 20.1696 2.1685
vertex 5.6432 20.7308 2.5499
vertex 5.5851 20.2898 2.5499
endloop
endfacet
facet normal 0.470492 0.061941 0.880228
outer loop
vertex 5.6432 20.7308 2.5499
vertex 5.5851 21.1718 2.5499
vertex 5.0730 21.0346 2.8333
endloop
endfacet
facet normal 0.470492 0.061941 0.880228
outer loop
vertex 5.6432 20.7308 2.5499
vertex 5.0730 21.0346 2.8333
vertex 5.1130 20.7308 2.8333
endloop
endfacet
facet normal 0.438428 0.181603 0.880228
outer loop
vertex 5.5851 21.1718 2.5499
vertex 5.4149 21.5827 2.5499
vertex 4.9558 21.3176 2.8333
endloop
endfacet
facet normal 0.438428 0.181603 0.880228
outer loop
vertex 5.5851 21.1718 2.5499
vertex 4.9558 21.3176 2.8333
vertex 5.0730 21.0346 2.8333
endloop
endfacet
facet normal 0.376487 0.288889 0.880228
outer loop
vertex 5.4149 21.5827 2.5499
vertex 5.1442 21.9356 2.5499
vertex 4.7693 21.5607 2.8333
endloop
endfacet
facet normal 0.376487 0.288889 0.880228
outer loop
vertex 5.4149 21.5827 2.5499
vertex 4.7693 21.5607 2.8333
vertex 4.9558 21.3176 2.8333
endloop
endfacet
facet normal 0.288889 0.376487 0.880228
outer loop
vertex 5.1442 21.9356 2.5499
vertex 4.7913 22.2063 2.5499
vertex 4.5262 21.7472 2.8333
endloop
endfacet
facet normal 0.288889 0.376487 0.880228
outer loop
vertex 5.1442 21.9356 2.5499
vertex 4.5262 21.7472 2.8333
vertex 4.7693 21.5607 2.8333
endloop
endfacet
facet normal 0.181603 0.438428 0.880228
outer loop
vertex 4.7913 22.2063 2.5499
vertex 4.3804 22.3765 2.5499
vertex 4.2432 21.8644 2.8333
endloop
endfacet
facet normal 0.181603 0.438428 0.880228
outer loop
vertex 4.7913 22.2063 2.5499
vertex 4.2432 21.8644 2.8333
vertex 4.5262 21.7472 2.8333
endloop
endfacet
facet normal 0.061941 0.470492 0.880228
outer loop
vertex 4.3804 22.3765 2.5499
vertex 3.9394 22.4346 2.5499
vertex 3.9394 21.9044 2.8333
endloop
endfacet
facet normal 0.061941 0.470492 0.880228
outer loop
vertex 4.3804 22.3765 2.5499
vertex 3.9394 21.9044 2.8333
vertex 4.2432 21.8644 2.8333
endloop
endfacet
facet normal -0.061941 0.470492 0.880228
outer loop
vertex 3.9394 22.4346 2.5499
vertex 3.4984 22.3765 2.5499
vertex 3.6357 21.8644 2.8333
endloop
endfacet
facet normal -0.061941 0.470492 0.880228
outer loop
vertex 3.9394 22.4346 2.5499
vertex 3.6357 21.8644 2.8333
vertex 3.9394 21.9044 2.8333
endloop
endfacet
facet normal -0.181603 0.438428 0.880228
outer loop
vertex 3.4984 22.3765 2.5499
vertex 3.0875 22.2063 2.5499
vertex 3.3526 21.7472 2.8333
endloop
endfacet
facet normal -0.181603 0.438428 0.880228
outer loop
vertex 3.4984 22.3765 2.5499
vertex 3.3526 21.7472 2.8333
vertex 3.6357 21.8644 2.8333
endloop
endfacet
facet normal -0.288889 0.376487 0.880228
outer loop
vertex 3.0875 22.2063 2.5499
vertex 2.7347 21.9356 2.5499
vertex 3.1096 21.5607 2.8333
endloop
endfacet
facet normal -0.288889 0.376487 0.880228
outer loop
vertex 3.0875 22.2063 2.5499
vertex 3.1096 21.5607 2.8333
vertex 3.3526 21.7472 2.8333
endloop
endfacet
facet normal -0.376487 0.288889 0.880228
outer loop
vertex 2.7347 21.9356 2.5499
vertex 2.4639 21.5827 2.5499
vertex 2.9231 21.3176 2.8333
endloop
endfacet
facet normal -0.376487 0.288889 0.880228
outer loop
vertex 2.7347 21.9356 2.5499
vertex 2.9231 21.3176 2.8333
vertex 3.1096 21.5607 2.8333
endloop
endfacet
facet normal -0.438428 0.181603 0.880228
outer loop
vertex 2.4639 21.5827 2.5499
vertex 2.2937 21.1718 2.5499
vertex 2.8058 21.0346 2.8333
endloop
endfacet
facet normal -0.438428 0.181603 0.880228
outer loop
vertex 2.4639 21.5827 2.5499
vertex 2.8058 21.0346 2.8333
vertex 2.9231 21.3176 2.8333
endloop
endfacet
facet normal -0.470492 0.061941 0.880228
outer loop
vertex 2.2937 21.1718 2.5499
vertex 2.2356 20.7308 2.5499
vertex 2.7658 20.7308 2.8333
endloop
endfacet
facet normal -0.470492 0.061941 0.880228
outer loop
vertex 2.2937 21.1718 2.5499
vertex 2.7658 20.7308 2.8333
vertex 2.8058 21.0346 2.8333
endloop
endfacet
facet normal -0.470492 -0.061941 0.880228
outer loop
vertex 2.2356 20.7308 2.5499
vertex 2.2937 20.2898 2.5499
vertex 2.8058 20.4271 2.8333
endloop
endfacet
facet normal -0.470492 -0.061941 0.880228
outer loop
vertex 2.2356 20.7308 2.5499
vertex 2.8058 20.4271 2.8333
vertex 2.7658 20.7308 2.8333
endloop
endfacet
facet normal -0.438428 -0.181603 0.880228
outer loop
vertex 2.2937 20.2898 2.5499
vertex 2.4639 19.8789 2.5499
vertex 2.9231 20.1440 2.8333
endloop
endfacet
facet normal -0.438428 -0.181603 0.880228
outer loop
vertex 2.2937 20.2898 2.5499
vertex 2.9231 20.1440 2.8333
vertex 2.8058 20.4271 2.8333
endloop
endfacet
facet normal -0.376487 -0.288889 0.880228
outer loop
vertex 2.4639 19.8789 2.5499
vertex 2.7347 19.5261 2.5499
vertex 3.1096 19.9010 2.8333
endloop
endfacet
facet normal -0.376487 -0.288889 0.880228
outer loop
vertex 2.4639 19.8789 2.5499
vertex 3.1096 19.9010 2.8333
vertex 2.9231 20.1440 2.8333
endloop
endfacet
facet normal -0.288889 -0.376487 0.880228
outer loop
vertex 2.7347 19.5261 2.5499
vertex 3.0875 19.2553 2.5499
vertex 3.3526 19.7145 2.8333
endloop
endfacet
facet normal -0.288889 -0.376487 0.880228
outer loop
vertex 2.7347 19.5261 2.5499
vertex 3.3526 19.7145 2.8333
vertex 3.1096 19.9010 2.8333
endloop
endfacet
facet normal -0.181603 -0.438428 0.880228
outer loop
vertex 3.0875 19.2553 2.5499
vertex 3.4984 19.0851 2.5499
vertex 3.6357 19.5972 2.8333
endloop
endfacet
facet normal -0.181603 -0.438428 0.880228
outer loop
vertex 3.0875 19.2553 2.5499
vertex 3.6357 19.5972 2.8333
vertex 3.3526 19.7145 2.8333
endloop
endfacet
facet normal -0.061941 -0.470492 0.880228
outer loop
vertex 3.4984 19.0851 2.5499
vertex 3.9394 19.0270 2.5499
vertex 3.9394 19.5572 2.8333
endloop
endfacet
facet normal -0.061941 -0.470492 0.880228
outer loop
vertex 3.4984 19.0851 2.5499
vertex 3.9394 19.5572 2.8333
vertex 3.6357 19.5972 2.8333
endloop
endfacet
facet normal 0.061941 -0.470492 0.880228
outer loop
vertex 3.9394 19.0270 2.5499
vertex 4.3804 19.0851 2.5499
vertex 4.2432 19.5972 2.8333
endloop
endfacet
facet normal 0.061941 -0.470492 0.880228
outer loop
vertex 3.9394 19.0270 2.5499
vertex 4.2432 19.5972 2.8333
vertex 3.9394 19.5572 2.8333
endloop
endfacet
facet normal 0.181603 -0.438428 0.880228
outer loop
vertex 4.3804 19.0851 2.5499
vertex 4.7913 19.2553 2.5499
vertex 4.5262 19.7145 2.8333
endloop
endfacet
facet normal 0.181603 -0.438428 0.880228
outer loop
vertex 4.3804 19.0851 2.5499
vertex 4.5262 19.7145 2.8333
vertex 4.2432 19.5972 2.8333
endloop
endfacet
facet normal 0.288889 -0.376487 0.880228
outer loop
vertex 4.7913 19.2553 2.5499
vertex 5.1442 19.5261 2.5499
vertex 4.7693 19.9010 2.8333
endloop
endfacet
facet normal 0.288889 -0.376487 0.880228
outer loop
vertex 4.7913 19.2553 2.5499
vertex 4.7693 19.9010 2.8333
vertex 4.5262 19.7145 2.8333
endloop
endfacet
facet normal 0.376487 -0.288889 0.880228
outer loop
vertex 5.1442 19.5261 2.5499
vertex 5.4149 19.8789 2.5499
vertex 4.9558 20.1440 2.8333
endloop
endfacet
facet normal 0.376487 -0.288889 0.880228
outer loop
vertex 5.1442 19.5261 2.5499
vertex 4.9558 20.1440 2.8333
vertex 4.7693 19.9010 2.8333
endloop
endfacet
facet normal 0.438428 -0.181603 0.880228
outer loop
vertex 5.4149 19.8789 2.5499
vertex 5.5851 20.2898 2.5499
vertex 5.0730 20.4271 2.8333
endloop
endfacet
facet normal 0.438428 -0.181603 0.880228
outer loop
vertex 5.4149 19.8789 2.5499
vertex 5.0730 20.4271 2.8333
vertex 4.9558 20.1440 2.8333
endloop
endfacet
facet normal 0.470492 -0.061941 0.880228
outer loop
vertex 5.5851 20.2898 2.5499
vertex 5.6432 20.7308 2.5499
vertex 5.1130 20.7308 2.8333
endloop
endfacet
facet normal 0.470492 -0.061941 0.880228
outer loop
vertex 5.5851 20.2898 2.5499
vertex 5.1130 20.7308 2.8333
vertex 5.0730 20.4271 2.8333
endloop
endfacet
facet normal 0.290073 0.038189 0.956242
outer loop
vertex 5.1130 20.7308 2.8333
vertex 5.0730 21.0346 2.8333
vertex 4.5173 20.8857 3.0078
endloop
endfacet
facet normal 0.290073 0.038189 0.956242
outer loop
vertex 5.1130 20.7308 2.8333
vertex 4.5173 20.8857 3.0078
vertex 4.5377 20.7308 3.0078
endloop
endfacet
facet normal 0.270305 0.111964 0.956242
outer loop
vertex 5.0730 21.0346 2.8333
vertex 4.9558 21.3176 2.8333
vertex 4.4575 21.0300 3.0078
endloop
endfacet
facet normal 0.270305 0.111964 0.956242
outer loop
vertex 5.0730 21.0346 2.8333
vertex 4.4575 21.0300 3.0078
vertex 4.5173 20.8857 3.0078
endloop
endfacet
facet normal 0.232116 0.178109 0.956242
outer loop
vertex 4.9558 21.3176 2.8333
vertex 4.7693 21.5607 2.8333
vertex 4.3625 21.1539 3.0078
endloop
endfacet
facet normal 0.232116 0.178109 0.956242
outer loop
vertex 4.9558 21.3176 2.8333
vertex 4.3625 21.1539 3.0078
vertex 4.4575 21.0300 3.0078
endloop
endfacet
facet normal 0.178109 0.232116 0.956242
outer loop
vertex 4.7693 21.5607 2.8333
vertex 4.5262 21.7472 2.8333
vertex 4.2386 21.2490 3.0078
endloop
endfacet
facet normal 0.178109 0.232116 0.956242
outer loop
vertex 4.7693 21.5607 2.8333
vertex 4.2386 21.2490 3.0078
vertex 4.3625 21.1539 3.0078
endloop
endfacet
facet normal 0.111964 0.270305 0.956242
outer loop
vertex 4.5262 21.7472 2.8333
vertex 4.2432 21.8644 2.8333
vertex 4.0943 21.3087 3.0078
endloop
endfacet
facet normal 0.111964 0.270305 0.956242
outer loop
vertex 4.5262 21.7472 2.8333
vertex 4.0943 21.3087 3.0078
vertex 4.2386 21.2490 3.0078
endloop
endfacet
facet normal 0.038189 0.290073 0.956242
outer loop
vertex 4.2432 21.8644 2.8333
vertex 3.9394 21.9044 2.8333
vertex 3.9394 21.3291 3.0078
endloop
endfacet
facet normal 0.038189 0.290073 0.956242
outer loop
vertex 4.2432 21.8644 2.8333
vertex 3.9394 21.3291 3.0078
vertex 4.0943 21.3087 3.0078
endloop
endfacet
facet normal -0.038189 0.290073 0.956242
outer loop
vertex 3.9394 21.9044 2.8333
vertex 3.6357 21.8644 2.8333
vertex 3.7846 21.3087 3.0078
endloop
endfacet
facet normal -0.038189 0.290073 0.956242
outer loop
vertex 3.9394 21.9044 2.8333
vertex 3.7846 21.3087 3.0078
vertex 3.9394 21.3291 3.0078
endloop
endfacet
facet normal -0.111964 0.270305 0.956242
outer loop
vertex 3.6357 21.8644 2.8333
vertex 3.3526 21.7472 2.8333
vertex 3.6403 21.2490 3.0078
endloop
endfacet
facet normal -0.111964 0.270305 0.956242
outer loop
vertex 3.6357 21.8644 2.8333
vertex 3.6403 21.2490 3.0078
vertex 3.7846 21.3087 3.0078
endloop
endfacet
facet normal -0.178109 0.232116 0.956242
outer loop
vertex 3.3526 21.7472 2.8333
vertex 3.1096 21.5607 2.8333
vertex 3.5164 21.1539 3.0078
endloop
endfacet
facet normal -0.178109 0.232116 0.956242
outer loop
vertex 3.3526 21.7472 2.8333
vertex 3.5164 21.1539 3.0078
vertex 3.6403 21.2490 3.0078
endloop
endfacet
facet normal -0.232116 0.178109 0.956242
outer loop
vertex 3.1096 21.5607 2.8333
vertex 2.9231 21.3176 2.8333
vertex 3.4213 21.0300 3.0078
endloop
endfacet
facet normal -0.232116 0.178109 0.956242
outer loop
vertex 3.1096 21.5607 2.8333
vertex 3.4213 21.0300 3.0078
vertex 3.5164 21.1539 3.0078
endloop
endfacet
facet normal -0.270305 0.111964 0.956242
outer loop
vertex 2.9231 21.3176 2.8333
vertex 2.8058 21.0346 2.8333
vertex 3.3615 20.8857 3.0078
endloop
endfacet
facet normal -0.270305 0.111964 0.956242
outer loop
vertex 2.9231 21.3176 2.8333
vertex 3.3615 20.8857 3.0078
vertex 3.4213 21.0300 3.0078
endloop
endfacet
facet normal -0.290073 0.038189 0.956242
outer loop
vertex 2.8058 21.0346 2.8333
vertex 2.7658 20.7308 2.8333
vertex 3.3411 20.7308 3.0078
endloop
endfacet
facet normal -0.290073 0.038189 0.956242
outer loop
vertex 2.8058 21.0346 2.8333
vertex 3.3411 20.7308 3.0078
vertex 3.3615 20.8857 3.0078
endloop
endfacet
facet normal -0.290073 -0.038189 0.956242
outer loop
vertex 2.7658 20.7308 2.8333
vertex 2.8058 20.4271 2.8333
vertex 3.3615 20.5760 3.0078
endloop
endfacet
facet normal -0.290073 -0.038189 0.956242
outer loop
vertex 2.7658 20.7308 2.8333
vertex 3.3615 20.5760 3.0078
vertex 3.3411 20.7308 3.0078
endloop
endfacet
facet normal -0.270305 -0.111964 0.956242
outer loop
vertex 2.8058 20.4271 2.8333
vertex 2.9231 20.1440 2.8333
vertex 3.4213 20.4317 3.0078
endloop
endfacet
facet normal -0.270305 -0.111964 0.956242
outer loop
vertex 2.8058 20.4271 2.8333
vertex 3.4213 20.4317 3.0078
vertex 3.3615 20.5760 3.0078
endloop
endfacet
facet normal -0.232116 -0.178109 0.956242
outer loop
vertex 2.9231 20.1440 2.8333
vertex 3.1096 19.9010 2.8333
vertex 3.5164 20.3078 3.0078
endloop
endfacet
facet normal -0.232116 -0.178109 0.956242
outer loop
vertex 2.9231 20.1440 2.8333
vertex 3.5164 20.3078 3.0078
vertex 3.4213 20.4317 3.0078
endloop
endfacet
facet normal -0.178109 -0.232116 0.956242
outer loop
vertex 3.1096 19.9010 2.8333
vertex 3.3526 19.7145 2.8333
vertex 3.6403 20.2127 3.0078
endloop
endfacet
facet normal -0.178109 -0.232116 0.956242
outer loop
vertex 3.1096 19.9010 2.8333
vertex 3.6403 20.2127 3.0078
vertex 3.5164 20.3078 3.0078
endloop
endfacet
facet normal -0.111964 -0.270305 0.956242
outer loop
vertex 3.3526 19.7145 2.8333
vertex 3.6357 19.5972 2.8333
vertex 3.7846 20.1529 3.0078
endloop
endfacet
facet normal -0.111964 -0.270305 0.956242
outer loop
vertex 3.3526 19.7145 2.8333
vertex 3.7846 20.1529 3.0078
vertex 3.6403 20.2127 3.0078
endloop
endfacet
facet normal -0.038189 -0.290073 0.956242
outer loop
vertex 3.6357 19.5972 2.8333
vertex 3.9394 19.5572 2.8333
vertex 3.9394 20.1325 3.0078
endloop
endfacet
facet normal -0.038189 -0.290073 0.956242
outer loop
vertex 3.6357 19.5972 2.8333
vertex 3.9394 20.1325 3.0078
vertex 3.7846 20.1529 3.0078
endloop
endfacet
facet normal 0.038189 -0.290073 0.956242
outer loop
vertex 3.9394 19.5572 2.8333
vertex 4.2432 19.5972 2.8333
vertex 4.0943 20.1529 3.0078
endloop
endfacet
facet normal 0.038189 -0.290073 0.956242
outer loop
vertex 3.9394 19.5572 2.8333
vertex 4.0943 20.1529 3.0078
vertex 3.9394 20.1325 3.0078
endloop
endfacet
facet normal 0.111964 -0.270305 0.956242
outer loop
vertex 4.2432 19.5972 2.8333
vertex 4.5262 19.7145 2.8333
vertex 4.2386 20.2127 3.0078
endloop
endfacet
facet normal 0.111964 -0.270305 0.956242
outer loop
vertex 4.2432 19.5972 2.8333
vertex 4.2386 20.2127 3.0078
vertex 4.0943 20.1529 3.0078
endloop
endfacet
facet normal 0.178109 -0.232116 0.956242
outer loop
vertex 4.5262 19.7145 2.8333
vertex 4.7693 19.9010 2.8333
vertex 4.3625 20.3078 3.0078
endloop
endfacet
facet normal 0.178109 -0.232116 0.956242
outer loop
vertex 4.5262 19.7145 2.8333
vertex 4.3625 20.3078 3.0078
vertex 4.2386 20.2127 3.0078
endloop
endfacet
facet normal 0.232116 -0.178109 0.956242
outer loop
vertex 4.7693 19.9010 2.8333
vertex 4.9558 20.1440 2.8333
vertex 4.4575 20.4317 3.0078
endloop
endfacet
facet normal 0.232116 -0.178109 0.956242
outer loop
vertex 4.7693 19.9010 2.8333
vertex 4.4575 20.4317 3.0078
vertex 4.3625 20.3078 3.0078
endloop
endfacet
facet normal 0.270305 -0.111964 0.956242
outer loop
vertex 4.9558 20.1440 2.8333
vertex 5.0730 20.4271 2.8333
vertex 4.5173 20.5760 3.0078
endloop
endfacet
facet normal 0.270305 -0.111964 0.956242
outer loop
vertex 4.9558 20.1440 2.8333
vertex 4.5173 20.5760 3.0078
vertex 4.4575 20.4317 3.0078
endloop
endfacet
facet normal 0.290073 -0.038189 0.956242
outer loop
vertex 5.0730 20.4271 2.8333
vertex 5.1130 20.7308 2.8333
vertex 4.5377 20.7308 3.0078
endloop
endfacet
facet normal 0.290073 -0.038189 0.956242
outer loop
vertex 5.0730 20.4271 2.8333
vertex 4.5377 20.7308 3.0078
vertex 4.5173 20.5760 3.0078
endloop
endfacet
facet normal 0.098009 0.012903 0.995102
outer loop
vertex 4.5377 20.7308 3.0078
vertex 4.5173 20.8857 3.0078
vertex 3.9394 20.7308 3.0667
endloop
endfacet
facet normal 0.091330 0.037830 0.995102
outer loop
vertex 4.5173 20.8857 3.0078
vertex 4.4575 21.0300 3.0078
vertex 3.9394 20.7308 3.0667
endloop
endfacet
facet normal 0.078427 0.060179 0.995102
outer loop
vertex 4.4575 21.0300 3.0078
vertex 4.3625 21.1539 3.0078
vertex 3.9394 20.7308 3.0667
endloop
endfacet
facet normal 0.060179 0.078427 0.995102
outer loop
vertex 4.3625 21.1539 3.0078
vertex 4.2386 21.2490 3.0078
vertex 3.9394 20.7308 3.0667
endloop
endfacet
facet normal 0.037830 0.091330 0.995102
outer loop
vertex 4.2386 21.2490 3.0078
vertex 4.0943 21.3087 3.0078
vertex 3.9394 20.7308 3.0667
endloop
endfacet
facet normal 0.012903 0.098009 0.995102
outer loop
vertex 4.0943 21.3087 3.0078
vertex 3.9394 21.3291 3.0078
vertex 3.9394 20.7308 3.0667
endloop
endfacet
facet normal -0.012903 0.098009 0.995102
outer loop
vertex 3.9394 21.3291 3.0078
vertex 3.7846 21.3087 3.0078
vertex 3.9394 20.7308 3.0667
endloop
endfacet
facet normal -0.037830 0.091330 0.995102
outer loop
vertex 3.7846 21.3087 3.0078
vertex 3.6403 21.2490 3.0078
vertex 3.9394 20.7308 3.0667
endloop
endfacet
facet normal -0.060179 0.078427 0.995102
outer loop
vertex 3.6403 21.2490 3.0078
vertex 3.5164 21.1539 3.0078
vertex 3.9394 20.7308 3.0667
endloop
endfacet
facet normal -0.078427 0.060179 0.995102
outer loop
vertex 3.5164 21.1539 3.0078
vertex 3.4213 21.0300 3.0078
vertex 3.9394 20.7308 3.0667
endloop
endfacet
facet normal -0.091330 0.037830 0.995102
outer loop
vertex 3.4213 21.0300 3.0078
vertex 3.3615 20.8857 3.0078
vertex 3.9394 20.7308 3.0667
endloop
endfacet
facet normal -0.098009 0.012903 0.995102
outer loop
vertex 3.3615 20.8857 3.0078
vertex 3.3411 20.7308 3.0078
vertex 3.9394 20.7308 3.0667
endloop
endfacet
facet normal -0.098009 -0.012903 0.995102
outer loop
vertex 3.3411 20.7308 3.0078
vertex 3.3615 20.5760 3.0078
vertex 3.9394 20.7308 3.0667
endloop
endfacet
facet normal -0.091330 -0.037830 0.995102
outer loop
vertex 3.3615 20.5760 3.0078
vertex 3.4213 20.4317 3.0078
vertex 3.9394 20.7308 3.0667
endloop
endfacet
facet normal -0.078427 -0.060179 0.995102
outer loop
vertex 3.4213 20.4317 3.0078
vertex 3.5164 20.3078 3.0078
vertex 3.9394 20.7308 3.0667
endloop
endfacet
facet normal -0.060179 -0.078427 0.995102
outer loop
vertex 3.5164 20.3078 3.0078
vertex 3.6403 20.2127 3.0078
vertex 3.9394 20.7308 3.0667
endloop
endfacet
facet normal -0.037830 -0.091330 0.995102
outer loop
vertex 3.6403 20.2127 3.0078
vertex 3.7846 20.1529 3.0078
vertex 3.9394 20.7308 3.0667
endloop
endfacet
facet normal -0.012903 -0.098009 0.995102
outer loop
vertex 3.7846 20.1529 3.0078
vertex 3.9394 20.1325 3.0078
vertex 3.9394 20.7308 3.0667
endloop
endfacet
facet normal 0.012903 -0.098009 0.995102
outer loop
vertex 3.9394 20.1325 3.0078
vertex 4.0943 20.1529 3.0078
vertex 3.9394 20.7308 3.0667
endloop
endfacet
facet normal 0.037830 -0.091330 0.995102
outer loop
vertex 4.0943 20.1529 3.0078
vertex 4.2386 20.2127 3.0078
vertex 3.9394 20.7308 3.0667
endloop
endfacet
facet normal 0.060179 -0.078427 0.995102
outer loop
vertex 4.2386 20.2127 3.0078
vertex 4.3625 20.3078 3.0078
vertex 3.9394 20.7308 3.0667
endloop
endfacet
facet normal 0.078427 -0.060179 0.995102
outer loop
vertex 4.3625 20.3078 3.0078
vertex 4.4575 20.4317 3.0078
vertex 3.9394 20.7308 3.0667
endloop
endfacet
facet normal 0.091330 -0.037830 0.995102
outer loop
vertex 4.4575 20.4317 3.0078
vertex 4.5173 20.5760 3.0078
vertex 3.9394 20.7308 3.0667
endloop
endfacet
facet normal 0.098009 -0.012903 0.995102
outer loop
vertex 4.5173 20.5760 3.0078
vertex 4.5377 20.7308 3.0078
vertex 3.9394 20.7308 3.0667
endloop
endfacet
facet normal 0.991445 0.130526 0.000000
outer loop
vertex 23.0897 -17.2302 0.0000
vertex 23.0382 -16.8388 0.0000
vertex 23.0382 -16.8388 21.3505
endloop
endfacet
facet normal 0.991445 0.130526 -0.000000
outer loop
vertex 23.0897 -17.2302 0.0000
vertex 23.0382 -16.8388 21.3505
vertex 23.0897 -17.2302 21.3505
endloop
endfacet
facet normal 0.000000 0.000000 1.000000
outer loop
vertex 21.5774 -17.2302 21.3505
vertex 23.0897 -17.2302 21.3505
vertex 23.0382 -16.8388 21.3505
endloop
endfacet
facet normal 0.000000 0.000000 -1.000000
outer loop
vertex 21.5774 -17.2302 0.0000
vertex 23.0382 -16.8388 0.0000
vertex 23.0897 -17.2302 0.0000
endloop
endfacet
facet normal 0.923880 0.382683 0.000000
outer loop
vertex 23.0382 -16.8388 0.0000
vertex 22.8871 -16.4740 0.0000
vertex 22.8871 -16.4740 21.3505
endloop
endfacet
facet normal 0.923880 0.382683 -0.000000
outer loop
vertex 23.0382 -16.8388 0.0000
vertex 22.8871 -16.4740 21.3505
vertex 23.0382 -16.8388 21.3505
endloop
endfacet
facet normal 0.000000 0.000000 1.000000
outer loop
vertex 21.5774 -17.2302 21.3505
vertex 23.0382 -16.8388 21.3505
vertex 22.8871 -16.4740 21.3505
endloop
endfacet
facet normal 0.000000 0.000000 -1.000000
outer loop
vertex 21.5774 -17.2302 0.0000
vertex 22.8871 -16.4740 0.0000
vertex 23.0382 -16.8388 0.0000
endloop
endfacet
facet normal 0.793353 0.608761 0.000000
outer loop
vertex 22.8871 -16.4740 0.0000
vertex 22.6468 -16.1608 0.0000
vertex 22.6468 -16.1608 21.3505
endloop
endfacet
facet normal 0.793353 0.608761 -0.000000
outer loop
vertex 22.8871 -16.4740 0.0000
vertex 22.6468 -16.1608 21.3505
vertex 22.8871 -16.4740 21.3505
endloop
endfacet
facet normal 0.000000 0.000000 1.000000
outer loop
vertex 21.5774 -17.2302 21.3505
vertex 22.8871 -16.4740 21.3505
vertex 22.6468 -16.1608 21.3505
endloop
endfacet
facet normal 0.000000 0.000000 -1.000000
outer loop
vertex 21.5774 -17.2302 0.0000
vertex 22.6468 -16.1608 0.0000
vertex 22.8871 -16.4740 0.0000
endloop
endfacet
facet normal 0.608761 0.793353 0.000000
outer loop
vertex 22.6468 -16.1608 0.0000
vertex 22.3336 -15.9205 0.0000
vertex 22.3336 -15.9205 21.3505
endloop
endfacet
facet normal 0.608761 0.793353 -0.000000
outer loop
vertex 22.6468 -16.1608 0.0000
vertex 22.3336 -15.9205 21.3505
vertex 22.6468 -16.1608 21.3505
endloop
endfacet
facet normal 0.000000 0.000000 1.000000
outer loop
vertex 21.5774 -17.2302 21.3505
vertex 22.6468 -16.1608 21.3505
vertex 22.3336 -15.9205 21.3505
endloop
endfacet
facet normal 0.000000 0.000000 -1.000000
outer loop
vertex 21.5774 -17.2302 0.0000
vertex 22.3336 -15.9205 0.0000
vertex 22.6468 -16.1608 0.0000
endloop
endfacet
facet normal 0.382683 0.923880 0.000000
outer loop
vertex 22.3336 -15.9205 0.0000
vertex 21.9688 -15.7694 0.0000
vertex 21.9688 -15.7694 21.3505
endloop
endfacet
facet normal 0.382683 0.923880 -0.000000
outer loop
vertex 22.3336 -15.9205 0.0000
vertex 21.9688 -15.7694 21.3505
vertex 22.3336 -15.9205 21.3505
endloop
endfacet
facet normal 0.000000 0.000000 1.000000
outer loop
vertex 21.5774 -17.2302 21.3505
vertex 22.3336 -15.9205 21.3505
vertex 21.9688 -15.7694 21.3505
endloop
endfacet
facet normal 0.000000 0.000000 -1.000000
outer loop
vertex 21.5774 -17.2302 0.0000
vertex 21.9688 -15.7694 0.0000
vertex 22.3336 -15.9205 0.0000
endloop
endfacet
facet normal 0.130526 0.991445 0.000000
outer loop
vertex 21.9688 -15.7694 0.0000
vertex 21.5774 -15.7179 0.0000
vertex 21.5774 -15.7179 21.3505
endloop
endfacet
facet normal 0.130526 0.991445 -0.000000
outer loop
vertex 21.9688 -15.7694 0.0000
vertex 21.5774 -15.7179 21.3505
vertex 21.9688 -15.7694 21.3505
endloop
endfacet
facet normal 0.000000 0.000000 1.000000
outer loop
vertex 21.5774 -17.2302 21.3505
vertex 21.9688 -15.7694 21.3505
vertex 21.5774 -15.7179 21.3505
endloop
endfacet
facet normal 0.000000 0.000000 -1.000000
outer loop
vertex 21.5774 -17.2302 0.0000
vertex 21.5774 -15.7179 0.0000
vertex 21.9688 -15.7694 0.0000
endloop
endfacet
facet normal -0.130526 0.991445 0.000000
outer loop
vertex 21.5774 -15.7179 0.0000
vertex 21.1860 -15.7694 0.0000
vertex 21.1860 -15.7694 21.3505
endloop
endfacet
facet normal -0.130526 0.991445 0.000000
outer loop
vertex 21.5774 -15.7179 0.0000
vertex 21.1860 -15.7694 21.3505
vertex 21.5774 -15.7179 21.3505
endloop
endfacet
facet normal 0.000000 -0.000000 1.000000
outer loop
vertex 21.5774 -17.2302 21.3505
vertex 21.5774 -15.7179 21.3505
vertex 21.1860 -15.7694 21.3505
endloop
endfacet
facet normal 0.000000 0.000000 -1.000000
outer loop
vertex 21.5774 -17.2302 0.0000
vertex 21.1860 -15.7694 0.0000
vertex 21.5774 -15.7179 0.0000
endloop
endfacet
facet normal -0.382683 0.923880 0.000000
outer loop
vertex 21.1860 -15.7694 0.0000
vertex 20.8212 -15.9205 0.0000
vertex 20.8212 -15.9205 21.3505
endloop
endfacet
facet normal -0.382683 0.923880 0.000000
outer loop
vertex 21.1860 -15.7694 0.0000
vertex 20.8212 -15.9205 21.3505
vertex 21.1860 -15.7694 21.3505
endloop
endfacet
facet normal 0.000000 0.000000 1.000000
outer loop
vertex 21.5774 -17.2302 21.3505
vertex 21.1860 -15.7694 21.3505
vertex 20.8212 -15.9205 21.3505
endloop
endfacet
facet normal 0.000000 0.000000 -1.000000
outer loop
vertex 21.5774 -17.2302 0.0000
vertex 20.8212 -15.9205 0.0000
vertex 21.1860 -15.7694 0.0000
endloop
endfacet
facet normal -0.608761 0.793353 0.000000
outer loop
vertex 20.8212 -15.9205 0.0000
vertex 20.5080 -16.1608 0.0000
vertex 20.5080 -16.1608 21.3505
endloop
endfacet
facet normal -0.608761 0.793353 0.000000
outer loop
vertex 20.8212 -15.9205 0.0000
vertex 20.5080 -16.1608 21.3505
vertex 20.8212 -15.9205 21.3505
endloop
endfacet
facet normal 0.000000 0.000000 1.000000
outer loop
vertex 21.5774 -17.2302 21.3505
vertex 20.8212 -15.9205 21.3505
vertex 20.5080 -16.1608 21.3505
endloop
endfacet
facet normal 0.000000 0.000000 -1.000000
outer loop
vertex 21.5774 -17.2302 0.0000
vertex 20.5080 -16.1608 0.0000
vertex 20.8212 -15.9205 0.0000
endloop
endfacet
facet normal -0.793353 0.608761 0.000000
outer loop
vertex 20.5080 -16.1608 0.0000
vertex 20.2677 -16.4740 0.0000
vertex 20.2677 -16.4740 21.3505
endloop
endfacet
facet normal -0.793353 0.608761 0.000000
outer loop
vertex 20.5080 -16.1608 0.0000
vertex 20.2677 -16.4740 21.3505
vertex 20.5080 -16.1608 21.3505
endloop
endfacet
facet normal 0.000000 0.000000 1.000000
outer loop
vertex 21.5774 -17.2302 21.3505
vertex 20.5080 -16.1608 21.3505
vertex 20.2677 -16.4740 21.3505
endloop
endfacet
facet normal 0.000000 0.000000 -1.000000
outer loop
vertex 21.5774 -17.2302 0.0000
vertex 20.2677 -16.4740 0.0000
vertex 20.5080 -16.1608 0.0000
endloop
endfacet
facet normal -0.923880 0.382683 0.000000
outer loop
vertex 20.2677 -16.4740 0.0000
vertex 20.1166 -16.8388 0.0000
vertex 20.1166 -16.8388 21.3505
endloop
endfacet
facet normal -0.923880 0.382683 0.000000
outer loop
vertex 20.2677 -16.4740 0.0000
vertex 20.1166 -16.8388 21.3505
vertex 20.2677 -16.4740 21.3505
endloop
endfacet
facet normal 0.000000 0.000000 1.000000
outer loop
vertex 21.5774 -17.2302 21.3505
vertex 20.2677 -16.4740 21.3505
vertex 20.1166 -16.8388 21.3505
endloop
endfacet
facet normal 0.000000 0.000000 -1.000000
outer loop
vertex 21.5774 -17.2302 0.0000
vertex 20.1166 -16.8388 0.0000
vertex 20.2677 -16.4740 0.0000
endloop
endfacet
facet normal -0.991445 0.130526 0.000000
outer loop
vertex 20.1166 -16.8388 0.0000
vertex 20.0651 -17.2302 0.0000
vertex 20.0651 -17.2302 21.3505
endloop
endfacet
facet normal -0.991445 0.130526 0.000000
outer loop
vertex 20.1166 -16.8388 0.0000
vertex 20.0651 -17.2302 21.3505
vertex 20.1166 -16.8388 21.3505
endloop
endfacet
facet normal 0.000000 0.000000 1.000000
outer loop
vertex 21.5774 -17.2302 21.3505
vertex 20.1166 -16.8388 21.3505
vertex 20.0651 -17.2302 21.3505
endloop
endfacet
facet normal 0.000000 0.000000 -1.000000
outer loop
vertex 21.5774 -17.2302 0.0000
vertex 20.0651 -17.2302 0.0000
vertex 20.1166 -16.8388 0.0000
endloop
endfacet
facet normal -0.991445 -0.130526 0.000000
outer loop
vertex 20.0651 -17.2302 0.0000
vertex 20.1166 -17.6216 0.0000
vertex 20.1166 -17.6216 21.3505
endloop
endfacet
facet normal -0.991445 -0.130526 0.000000
outer loop
vertex 20.0651 -17.2302 0.0000
vertex 20.1166 -17.6216 21.3505
vertex 20.0651 -17.2302 21.3505
endloop
endfacet
facet normal 0.000000 0.000000 1.000000
outer loop
vertex 21.5774 -17.2302 21.3505
vertex 20.0651 -17.2302 21.3505
vertex 20.1166 -17.6216 21.3505
endloop
endfacet
facet normal -0.000000 0.000000 -1.000000
outer loop
vertex 21.5774 -17.2302 0.0000
vertex 20.1166 -17.6216 0.0000
vertex 20.0651 -17.2302 0.0000
endloop
endfacet
facet normal -0.923880 -0.382683 0.000000
outer loop
vertex 20.1166 -17.6216 0.0000
vertex 20.2677 -17.9864 0.0000
vertex 20.2677 -17.9864 21.3505
endloop
endfacet
facet normal -0.923880 -0.382683 0.000000
outer loop
vertex 20.1166 -17.6216 0.0000
vertex 20.2677 -17.9864 21.3505
vertex 20.1166 -17.6216 21.3505
endloop
endfacet
facet normal 0.000000 0.000000 1.000000
outer loop
vertex 21.5774 -17.2302 21.3505
vertex 20.1166 -17.6216 21.3505
vertex 20.2677 -17.9864 21.3505
endloop
endfacet
facet normal 0.000000 0.000000 -1.000000
outer loop
vertex 21.5774 -17.2302 0.0000
vertex 20.2677 -17.9864 0.0000
vertex 20.1166 -17.6216 0.0000
endloop
endfacet
facet normal -0.793353 -0.608761 0.000000
outer loop
vertex 20.2677 -17.9864 0.0000
vertex 20.5080 -18.2996 0.0000
vertex 20.5080 -18.2996 21.3505
endloop
endfacet
facet normal -0.793353 -0.608761 0.000000
outer loop
vertex 20.2677 -17.9864 0.0000
vertex 20.5080 -18.2996 21.3505
vertex 20.2677 -17.9864 21.3505
endloop
endfacet
facet normal 0.000000 0.000000 1.000000
outer loop
vertex 21.5774 -17.2302 21.3505
vertex 20.2677 -17.9864 21.3505
vertex 20.5080 -18.2996 21.3505
endloop
endfacet
facet normal 0.000000 0.000000 -1.000000
outer loop
vertex 21.5774 -17.2302 0.0000
vertex 20.5080 -18.2996 0.0000
vertex 20.2677 -17.9864 0.0000
endloop
endfacet
facet normal -0.608761 -0.793353 0.000000
outer loop
vertex 20.5080 -18.2996 0.0000
vertex 20.8212 -18.5399 0.0000
vertex 20.8212 -18.5399 21.3505
endloop
endfacet
facet normal -0.608761 -0.793353 0.000000
outer loop
vertex 20.5080 -18.2996 0.0000
vertex 20.8212 -18.5399 21.3505
vertex 20.5080 -18.2996 21.3505
endloop
endfacet
facet normal 0.000000 0.000000 1.000000
outer loop
vertex 21.5774 -17.2302 21.3505
vertex 20.5080 -18.2996 21.3505
vertex 20.8212 -18.5399 21.3505
endloop
endfacet
facet normal 0.000000 0.000000 -1.000000
outer loop
vertex 21.5774 -17.2302 0.0000
vertex 20.8212 -18.5399 0.0000
vertex 20.5080 -18.2996 0.0000
endloop
endfacet
facet normal -0.382683 -0.923880 0.000000
outer loop
vertex 20.8212 -18.5399 0.0000
vertex 21.1860 -18.6910 0.0000
vertex 21.1860 -18.6910 21.3505
endloop
endfacet
facet normal -0.382683 -0.923880 0.000000
outer loop
vertex 20.8212 -18.5399 0.0000
vertex 21.1860 -18.6910 21.3505
vertex 20.8212 -18.5399 21.3505
endloop
endfacet
facet normal 0.000000 0.000000 1.000000
outer loop
vertex 21.5774 -17.2302 21.3505
vertex 20.8212 -18.5399 21.3505
vertex 21.1860 -18.6910 21.3505
endloop
endfacet
facet normal 0.000000 0.000000 -1.000000
outer loop
vertex 21.5774 -17.2302 0.0000
vertex 21.1860 -18.6910 0.0000
vertex 20.8212 -18.5399 0.0000
endloop
endfacet
facet normal -0.130526 -0.991445 0.000000
outer loop
vertex 21.1860 -18.6910 0.0000
vertex 21.5774 -18.7425 0.0000
vertex 21.5774 -18.7425 21.3505
endloop
endfacet
facet normal -0.130526 -0.991445 0.000000
outer loop
vertex 21.1860 -18.6910 0.0000
vertex 21.5774 -18.7425 21.3505
vertex 21.1860 -18.6910 21.3505
endloop
endfacet
facet normal 0.000000 0.000000 1.000000
outer loop
vertex 21.5774 -17.2302 21.3505
vertex 21.1860 -18.6910 21.3505
vertex 21.5774 -18.7425 21.3505
endloop
endfacet
facet normal 0.000000 -0.000000 -1.000000
outer loop
vertex 21.5774 -17.2302 0.0000
vertex 21.5774 -18.7425 0.0000
vertex 21.1860 -18.6910 0.0000
endloop
endfacet
facet normal 0.130526 -0.991445 0.000000
outer loop
vertex 21.5774 -18.7425 0.0000
vertex 21.9688 -18.6910 0.0000
vertex 21.9688 -18.6910 21.3505
endloop
endfacet
facet normal 0.130526 -0.991445 0.000000
outer loop
vertex 21.5774 -18.7425 0.0000
vertex 21.9688 -18.6910 21.3505
vertex 21.5774 -18.7425 21.3505
endloop
endfacet
facet normal 0.000000 0.000000 1.000000
outer loop
vertex 21.5774 -17.2302 21.3505
vertex 21.5774 -18.7425 21.3505
vertex 21.9688 -18.6910 21.3505
endloop
endfacet
facet normal 0.000000 0.000000 -1.000000
outer loop
vertex 21.5774 -17.2302 0.0000
vertex 21.9688 -18.6910 0.0000
vertex 21.5774 -18.7425 0.0000
endloop
endfacet
facet normal 0.382683 -0.923880 0.000000
outer loop
vertex 21.9688 -18.6910 0.0000
vertex 22.3336 -18.5399 0.0000
vertex 22.3336 -18.5399 21.3505
endloop
endfacet
facet normal 0.382683 -0.923880 0.000000
outer loop
vertex 21.9688 -18.6910 0.0000
vertex 22.3336 -18.5399 21.3505
vertex 21.9688 -18.6910 21.3505
endloop
endfacet
facet normal 0.000000 0.000000 1.000000
outer loop
vertex 21.5774 -17.2302 21.3505
vertex 21.9688 -18.6910 21.3505
vertex 22.3336 -18.5399 21.3505
endloop
endfacet
facet normal 0.000000 0.000000 -1.000000
outer loop
vertex 21.5774 -17.2302 0.0000
vertex 22.3336 -18.5399 0.0000
vertex 21.9688 -18.6910 0.0000
endloop
endfacet
facet normal 0.608761 -0.793353 0.000000
outer loop
vertex 22.3336 -18.5399 0.0000
vertex 22.6468 -18.2996 0.0000
vertex 22.6468 -18.2996 21.3505
endloop
endfacet
facet normal 0.608761 -0.793353 0.000000
outer loop
vertex 22.3336 -18.5399 0.0000
vertex 22.6468 -18.2996 21.3505
vertex 22.3336 -18.5399 21.3505
endloop
endfacet
facet normal 0.000000 0.000000 1.000000
outer loop
vertex 21.5774 -17.2302 21.3505
vertex 22.3336 -18.5399 21.3505
vertex 22.6468 -18.2996 21.3505
endloop
endfacet
facet normal 0.000000 0.000000 -1.000000
outer loop
vertex 21.5774 -17.2302 0.0000
vertex 22.6468 -18.2996 0.0000
vertex 22.3336 -18.5399 0.0000
endloop
endfacet
facet normal 0.793353 -0.608761 0.000000
outer loop
vertex 22.6468 -18.2996 0.0000
vertex 22.8871 -17.9864 0.0000
vertex 22.8871 -17.9864 21.3505
endloop
endfacet
facet normal 0.793353 -0.608761 0.000000
outer loop
vertex 22.6468 -18.2996 0.0000
vertex 22.8871 -17.9864 21.3505
vertex 22.6468 -18.2996 21.3505
endloop
endfacet
facet normal 0.000000 0.000000 1.000000
outer loop
vertex 21.5774 -17.2302 21.3505
vertex 22.6468 -18.2996 21.3505
vertex 22.8871 -17.9864 21.3505
endloop
endfacet
facet normal 0.000000 0.000000 -1.000000
outer loop
vertex 21.5774 -17.2302 0.0000
vertex 22.8871 -17.9864 0.0000
vertex 22.6468 -18.2996 0.0000
endloop
endfacet
facet normal 0.923880 -0.382683 0.000000
outer loop
vertex 22.8871 -17.9864 0.0000
vertex 23.0382 -17.6216 0.0000
vertex 23.0382 -17.6216 21.3505
endloop
endfacet
facet normal 0.923880 -0.382683 0.000000
outer loop
vertex 22.8871 -17.9864 0.0000
vertex 23.0382 -17.6216 21.3505
vertex 22.8871 -17.9864 21.3505
endloop
endfacet
facet normal 0.000000 0.000000 1.000000
outer loop
vertex 21.5774 -17.2302 21.3505
vertex 22.8871 -17.9864 21.3505
vertex 23.0382 -17.6216 21.3505
endloop
endfacet
facet normal 0.000000 0.000000 -1.000000
outer loop
vertex 21.5774 -17.2302 0.0000
vertex 23.0382 -17.6216 0.0000
vertex 22.8871 -17.9864 0.0000
endloop
endfacet
facet normal 0.991445 -0.130526 0.000000
outer loop
vertex 23.0382 -17.6216 0.0000
vertex 23.0897 -17.2302 0.0000
vertex 23.0897 -17.2302 21.3505
endloop
endfacet
facet normal 0.991445 -0.130526 0.000000
outer loop
vertex 23.0382 -17.6216 0.0000
vertex 23.0897 -17.2302 21.3505
vertex 23.0382 -17.6216 21.3505
endloop
endfacet
facet normal -0.000000 0.000000 1.000000
outer loop
vertex 21.5774 -17.2302 21.3505
vertex 23.0382 -17.6216 21.3505
vertex 23.0897 -17.2302 21.3505
endloop
endfacet
facet normal 0.000000 0.000000 -1.000000
outer loop
vertex 21.5774 -17.2302 0.0000
vertex 23.0897 -17.2302 0.0000
vertex 23.0382 -17.6216 0.0000
endloop
endfacet
facet normal 0.991445 0.130526 0.000000
outer loop
vertex -5.6236 -36.6334 0.0000
vertex -5.7301 -35.8244 0.0000
vertex -5.7301 -35.8244 10.6966
endloop
endfacet
facet normal 0.991445 0.130526 -0.000000
outer loop
vertex -5.6236 -36.6334 0.0000
vertex -5.7301 -35.8244 10.6966
vertex -5.6236 -36.6334 10.6966
endloop
endfacet
facet normal 0.000000 0.000000 1.000000
outer loop
vertex -8.7495 -36.6334 10.6966
vertex -5.6236 -36.6334 10.6966
vertex -5.7301 -35.8244 10.6966
endloop
endfacet
facet normal 0.000000 0.000000 -1.000000
outer loop
vertex -8.7495 -36.6334 0.0000
vertex -5.7301 -35.8244 0.0000
vertex -5.6236 -36.6334 0.0000
endloop
endfacet
facet normal 0.923880 0.382683 0.000000
outer loop
vertex -5.7301 -35.8244 0.0000
vertex -6.0424 -35.0705 0.0000
vertex -6.0424 -35.0705 10.6966
endloop
endfacet
facet normal 0.923880 0.382683 -0.000000
outer loop
vertex -5.7301 -35.8244 0.0000
vertex -6.0424 -35.0705 10.6966
vertex -5.7301 -35.8244 10.6966
endloop
endfacet
facet normal 0.000000 0.000000 1.000000
outer loop
vertex -8.7495 -36.6334 10.6966
vertex -5.7301 -35.8244 10.6966
vertex -6.0424 -35.0705 10.6966
endloop
endfacet
facet normal 0.000000 0.000000 -1.000000
outer loop
vertex -8.7495 -36.6334 0.0000
vertex -6.0424 -35.0705 0.0000
vertex -5.7301 -35.8244 0.0000
endloop
endfacet
facet normal 0.793353 0.608761 0.000000
outer loop
vertex -6.0424 -35.0705 0.0000
vertex -6.5392 -34.4231 0.0000
vertex -6.5392 -34.4231 10.6966
endloop
endfacet
facet normal 0.793353 0.608761 -0.000000
outer loop
vertex -6.0424 -35.0705 0.0000
vertex -6.5392 -34.4231 10.6966
vertex -6.0424 -35.0705 10.6966
endloop
endfacet
facet normal 0.000000 0.000000 1.000000
outer loop
vertex -8.7495 -36.6334 10.6966
vertex -6.0424 -35.0705 10.6966
vertex -6.5392 -34.4231 10.6966
endloop
endfacet
facet normal 0.000000 0.000000 -1.000000
outer loop
vertex -8.7495 -36.6334 0.0000
vertex -6.5392 -34.4231 0.0000
vertex -6.0424 -35.0705 0.0000
endloop
endfacet
facet normal 0.608761 0.793353 0.000000
outer loop
vertex -6.5392 -34.4231 0.0000
vertex -7.1865 -33.9263 0.0000
vertex -7.1865 -33.9263 10.6966
endloop
endfacet
facet normal 0.608761 0.793353 -0.000000
outer loop
vertex -6.5392 -34.4231 0.0000
vertex -7.1865 -33.9263 10.6966
vertex -6.5392 -34.4231 10.6966
endloop
endfacet
facet normal 0.000000 0.000000 1.000000
outer loop
vertex -8.7495 -36.6334 10.6966
vertex -6.5392 -34.4231 10.6966
vertex -7.1865 -33.9263 10.6966
endloop
endfacet
facet normal 0.000000 0.000000 -1.000000
outer loop
vertex -8.7495 -36.6334 0.0000
vertex -7.1865 -33.9263 0.0000
vertex -6.5392 -34.4231 0.0000
endloop
endfacet
facet normal 0.382683 0.923880 0.000000
outer loop
vertex -7.1865 -33.9263 0.0000
vertex -7.9404 -33.6141 0.0000
vertex -7.9404 -33.6141 10.6966
endloop
endfacet
facet normal 0.382683 0.923880 -0.000000
outer loop
vertex -7.1865 -33.9263 0.0000
vertex -7.9404 -33.6141 10.6966
vertex -7.1865 -33.9263 10.6966
endloop
endfacet
facet normal 0.000000 0.000000 1.000000
outer loop
vertex -8.7495 -36.6334 10.6966
vertex -7.1865 -33.9263 10.6966
vertex -7.9404 -33.6141 10.6966
endloop
endfacet
facet normal 0.000000 0.000000 -1.000000
outer loop
vertex -8.7495 -36.6334 0.0000
vertex -7.9404 -33.6141 0.0000
vertex -7.1865 -33.9263 0.0000
endloop
endfacet
facet normal 0.130526 0.991445 0.000000
outer loop
vertex -7.9404 -33.6141 0.0000
vertex -8.7495 -33.5076 0.0000
vertex -8.7495 -33.5076 10.6966
endloop
endfacet
facet normal 0.130526 0.991445 -0.000000
outer loop
vertex -7.9404 -33.6141 0.0000
vertex -8.7495 -33.5076 10.6966
vertex -7.9404 -33.6141 10.6966
endloop
endfacet
facet normal 0.000000 0.000000 1.000000
outer loop
vertex -8.7495 -36.6334 10.6966
vertex -7.9404 -33.6141 10.6966
vertex -8.7495 -33.5076 10.6966
endloop
endfacet
facet normal 0.000000 0.000000 -1.000000
outer loop
vertex -8.7495 -36.6334 0.0000
vertex -8.7495 -33.5076 0.0000
vertex -7.9404 -33.6141 0.0000
endloop
endfacet
facet normal -0.130526 0.991445 0.000000
outer loop
vertex -8.7495 -33.5076 0.0000
vertex -9.5585 -33.6141 0.0000
vertex -9.5585 -33.6141 10.6966
endloop
endfacet
facet normal -0.130526 0.991445 0.000000
outer loop
vertex -8.7495 -33.5076 0.0000
vertex -9.5585 -33.6141 10.6966
vertex -8.7495 -33.5076 10.6966
endloop
endfacet
facet normal 0.000000 -0.000000 1.000000
outer loop
vertex -8.7495 -36.6334 10.6966
vertex -8.7495 -33.5076 10.6966
vertex -9.5585 -33.6141 10.6966
endloop
endfacet
facet normal 0.000000 0.000000 -1.000000
outer loop
vertex -8.7495 -36.6334 0.0000
vertex -9.5585 -33.6141 0.0000
vertex -8.7495 -33.5076 0.0000
endloop
endfacet
facet normal -0.382683 0.923880 0.000000
outer loop
vertex -9.5585 -33.6141 0.0000
vertex -10.3124 -33.9263 0.0000
vertex -10.3124 -33.9263 10.6966
endloop
endfacet
facet normal -0.382683 0.923880 0.000000
outer loop
vertex -9.5585 -33.6141 0.0000
vertex -10.3124 -33.9263 10.6966
vertex -9.5585 -33.6141 10.6966
endloop
endfacet
facet normal 0.000000 0.000000 1.000000
outer loop
vertex -8.7495 -36.6334 10.6966
vertex -9.5585 -33.6141 10.6966
vertex -10.3124 -33.9263 10.6966
endloop
endfacet
facet normal 0.000000 0.000000 -1.000000
outer loop
vertex -8.7495 -36.6334 0.0000
vertex -10.3124 -33.9263 0.0000
vertex -9.5585 -33.6141 0.0000
endloop
endfacet
facet normal -0.608761 0.793353 0.000000
outer loop
vertex -10.3124 -33.9263 0.0000
vertex -10.9598 -34.4231 0.0000
vertex -10.9598 -34.4231 10.6966
endloop
endfacet
facet normal -0.608761 0.793353 0.000000
outer loop
vertex -10.3124 -33.9263 0.0000
vertex -10.9598 -34.4231 10.6966
vertex -10.3124 -33.9263 10.6966
endloop
endfacet
facet normal 0.000000 0.000000 1.000000
outer loop
vertex -8.7495 -36.6334 10.6966
vertex -10.3124 -33.9263 10.6966
vertex -10.9598 -34.4231 10.6966
endloop
endfacet
facet normal 0.000000 0.000000 -1.000000
outer loop
vertex -8.7495 -36.6334 0.0000
vertex -10.9598 -34.4231 0.0000
vertex -10.3124 -33.9263 0.0000
endloop
endfacet
facet normal -0.793353 0.608761 0.000000
outer loop
vertex -10.9598 -34.4231 0.0000
vertex -11.4566 -35.0705 0.0000
vertex -11.4566 -35.0705 10.6966
endloop
endfacet
facet normal -0.793353 0.608761 0.000000
outer loop
vertex -10.9598 -34.4231 0.0000
vertex -11.4566 -35.0705 10.6966
vertex -10.9598 -34.4231 10.6966
endloop
endfacet
facet normal 0.000000 0.000000 1.000000
outer loop
vertex -8.7495 -36.6334 10.6966
vertex -10.9598 -34.4231 10.6966
vertex -11.4566 -35.0705 10.6966
endloop
endfacet
facet normal 0.000000 0.000000 -1.000000
outer loop
vertex -8.7495 -36.6334 0.0000
vertex -11.4566 -35.0705 0.0000
vertex -10.9598 -34.4231 0.0000
endloop
endfacet
facet normal -0.923880 0.382683 0.000000
outer loop
vertex -11.4566 -35.0705 0.0000
vertex -11.7688 -35.8244 0.0000
vertex -11.7688 -35.8244 10.6966
endloop
endfacet
facet normal -0.923880 0.382683 0.000000
outer loop
vertex -11.4566 -35.0705 0.0000
vertex -11.7688 -35.8244 10.6966
vertex -11.4566 -35.0705 10.6966
endloop
endfacet
facet normal 0.000000 0.000000 1.000000
outer loop
vertex -8.7495 -36.6334 10.6966
vertex -11.4566 -35.0705 10.6966
vertex -11.7688 -35.8244 10.6966
endloop
endfacet
facet normal 0.000000 0.000000 -1.000000
outer loop
vertex -8.7495 -36.6334 0.0000
vertex -11.7688 -35.8244 0.0000
vertex -11.4566 -35.0705 0.0000
endloop
endfacet
facet normal -0.991445 0.130526 0.000000
outer loop
vertex -11.7688 -35.8244 0.0000
vertex -11.8753 -36.6334 0.0000
vertex -11.8753 -36.6334 10.6966
endloop
endfacet
facet normal -0.991445 0.130526 0.000000
outer loop
vertex -11.7688 -35.8244 0.0000
vertex -11.8753 -36.6334 10.6966
vertex -11.7688 -35.8244 10.6966
endloop
endfacet
facet normal 0.000000 0.000000 1.000000
outer loop
vertex -8.7495 -36.6334 10.6966
vertex -11.7688 -35.8244 10.6966
vertex -11.8753 -36.6334 10.6966
endloop
endfacet
facet normal 0.000000 0.000000 -1.000000
outer loop
vertex -8.7495 -36.6334 0.0000
vertex -11.8753 -36.6334 0.0000
vertex -11.7688 -35.8244 0.0000
endloop
endfacet
facet normal -0.991445 -0.130526 0.000000
outer loop
vertex -11.8753 -36.6334 0.0000
vertex -11.7688 -37.4425 0.0000
vertex -11.7688 -37.4425 10.6966
endloop
endfacet
facet normal -0.991445 -0.130526 0.000000
outer loop
vertex -11.8753 -36.6334 0.0000
vertex -11.7688 -37.4425 10.6966
vertex -11.8753 -36.6334 10.6966
endloop
endfacet
facet normal 0.000000 0.000000 1.000000
outer loop
vertex -8.7495 -36.6334 10.6966
vertex -11.8753 -36.6334 10.6966
vertex -11.7688 -37.4425 10.6966
endloop
endfacet
facet normal -0.000000 0.000000 -1.000000
outer loop
vertex -8.7495 -36.6334 0.0000
vertex -11.7688 -37.4425 0.0000
vertex -11.8753 -36.6334 0.0000
endloop
endfacet
facet normal -0.923880 -0.382683 0.000000
outer loop
vertex -11.7688 -37.4425 0.0000
vertex -11.4566 -38.1964 0.0000
vertex -11.4566 -38.1964 10.6966
endloop
endfacet
facet normal -0.923880 -0.382683 0.000000
outer loop
vertex -11.7688 -37.4425 0.0000
vertex -11.4566 -38.1964 10.6966
vertex -11.7688 -37.4425 10.6966
endloop
endfacet
facet normal 0.000000 0.000000 1.000000
outer loop
vertex -8.7495 -36.6334 10.6966
vertex -11.7688 -37.4425 10.6966
vertex -11.4566 -38.1964 10.6966
endloop
endfacet
facet normal 0.000000 0.000000 -1.000000
outer loop
vertex -8.7495 -36.6334 0.0000
vertex -11.4566 -38.1964 0.0000
vertex -11.7688 -37.4425 0.0000
endloop
endfacet
facet normal -0.793353 -0.608761 0.000000
outer loop
vertex -11.4566 -38.1964 0.0000
vertex -10.9598 -38.8437 0.0000
vertex -10.9598 -38.8437 10.6966
endloop
endfacet
facet normal -0.793353 -0.608761 0.000000
outer loop
vertex -11.4566 -38.1964 0.0000
vertex -10.9598 -38.8437 10.6966
vertex -11.4566 -38.1964 10.6966
endloop
endfacet
facet normal 0.000000 0.000000 1.000000
outer loop
vertex -8.7495 -36.6334 10.6966
vertex -11.4566 -38.1964 10.6966
vertex -10.9598 -38.8437 10.6966
endloop
endfacet
facet normal 0.000000 0.000000 -1.000000
outer loop
vertex -8.7495 -36.6334 0.0000
vertex -10.9598 -38.8437 0.0000
vertex -11.4566 -38.1964 0.0000
endloop
endfacet
facet normal -0.608761 -0.793353 0.000000
outer loop
vertex -10.9598 -38.8437 0.0000
vertex -10.3124 -39.3405 0.0000
vertex -10.3124 -39.3405 10.6966
endloop
endfacet
facet normal -0.608761 -0.793353 0.000000
outer loop
vertex -10.9598 -38.8437 0.0000
vertex -10.3124 -39.3405 10.6966
vertex -10.9598 -38.8437 10.6966
endloop
endfacet
facet normal 0.000000 0.000000 1.000000
outer loop
vertex -8.7495 -36.6334 10.6966
vertex -10.9598 -38.8437 10.6966
vertex -10.3124 -39.3405 10.6966
endloop
endfacet
facet normal 0.000000 0.000000 -1.000000
outer loop
vertex -8.7495 -36.6334 0.0000
vertex -10.3124 -39.3405 0.0000
vertex -10.9598 -38.8437 0.0000
endloop
endfacet
facet normal -0.382683 -0.923880 0.000000
outer loop
vertex -10.3124 -39.3405 0.0000
vertex -9.5585 -39.6528 0.0000
vertex -9.5585 -39.6528 10.6966
endloop
endfacet
facet normal -0.382683 -0.923880 0.000000
outer loop
vertex -10.3124 -39.3405 0.0000
vertex -9.5585 -39.6528 10.6966
vertex -10.3124 -39.3405 10.6966
endloop
endfacet
facet normal 0.000000 0.000000 1.000000
outer loop
vertex -8.7495 -36.6334 10.6966
vertex -10.3124 -39.3405 10.6966
vertex -9.5585 -39.6528 10.6966
endloop
endfacet
facet normal 0.000000 0.000000 -1.000000
outer loop
vertex -8.7495 -36.6334 0.0000
vertex -9.5585 -39.6528 0.0000
vertex -10.3124 -39.3405 0.0000
endloop
endfacet
facet normal -0.130526 -0.991445 0.000000
outer loop
vertex -9.5585 -39.6528 0.0000
vertex -8.7495 -39.7593 0.0000
vertex -8.7495 -39.7593 10.6966
endloop
endfacet
facet normal -0.130526 -0.991445 0.000000
outer loop
vertex -9.5585 -39.6528 0.0000
vertex -8.7495 -39.7593 10.6966
vertex -9.5585 -39.6528 10.6966
endloop
endfacet
facet normal 0.000000 0.000000 1.000000
outer loop
vertex -8.7495 -36.6334 10.6966
vertex -9.5585 -39.6528 10.6966
vertex -8.7495 -39.7593 10.6966
endloop
endfacet
facet normal 0.000000 -0.000000 -1.000000
outer loop
vertex -8.7495 -36.6334 0.0000
vertex -8.7495 -39.7593 0.0000
vertex -9.5585 -39.6528 0.0000
endloop
endfacet
facet normal 0.130526 -0.991445 0.000000
outer loop
vertex -8.7495 -39.7593 0.0000
vertex -7.9404 -39.6528 0.0000
vertex -7.9404 -39.6528 10.6966
endloop
endfacet
facet normal 0.130526 -0.991445 0.000000
outer loop
vertex -8.7495 -39.7593 0.0000
vertex -7.9404 -39.6528 10.6966
vertex -8.7495 -39.7593 10.6966
endloop
endfacet
facet normal 0.000000 0.000000 1.000000
outer loop
vertex -8.7495 -36.6334 10.6966
vertex -8.7495 -39.7593 10.6966
vertex -7.9404 -39.6528 10.6966
endloop
endfacet
facet normal 0.000000 0.000000 -1.000000
outer loop
vertex -8.7495 -36.6334 0.0000
vertex -7.9404 -39.6528 0.0000
vertex -8.7495 -39.7593 0.0000
endloop
endfacet
facet normal 0.382683 -0.923880 0.000000
outer loop
vertex -7.9404 -39.6528 0.0000
vertex -7.1865 -39.3405 0.0000
vertex -7.1865 -39.3405 10.6966
endloop
endfacet
facet normal 0.382683 -0.923880 0.000000
outer loop
vertex -7.9404 -39.6528 0.0000
vertex -7.1865 -39.3405 10.6966
vertex -7.9404 -39.6528 10.6966
endloop
endfacet
facet normal 0.000000 0.000000 1.000000
outer loop
vertex -8.7495 -36.6334 10.6966
vertex -7.9404 -39.6528 10.6966
vertex -7.1865 -39.3405 10.6966
endloop
endfacet
facet normal 0.000000 0.000000 -1.000000
outer loop
vertex -8.7495 -36.6334 0.0000
vertex -7.1865 -39.3405 0.0000
vertex -7.9404 -39.6528 0.0000
endloop
endfacet
facet normal 0.608761 -0.793353 0.000000
outer loop
vertex -7.1865 -39.3405 0.0000
vertex -6.5392 -38.8437 0.0000
vertex -6.5392 -38.8437 10.6966
endloop
endfacet
facet normal 0.608761 -0.793353 0.000000
outer loop
vertex -7.1865 -39.3405 0.0000
vertex -6.5392 -38.8437 10.6966
vertex -7.1865 -39.3405 10.6966
endloop
endfacet
facet normal 0.000000 0.000000 1.000000
outer loop
vertex -8.7495 -36.6334 10.6966
vertex -7.1865 -39.3405 10.6966
vertex -6.5392 -38.8437 10.6966
endloop
endfacet
facet normal 0.000000 0.000000 -1.000000
outer loop
vertex -8.7495 -36.6334 0.0000
vertex -6.5392 -38.8437 0.0000
vertex -7.1865 -39.3405 0.0000
endloop
endfacet
facet normal 0.793353 -0.608761 0.000000
outer loop
vertex -6.5392 -38.8437 0.0000
vertex -6.0424 -38.1964 0.0000
vertex -6.0424 -38.1964 10.6966
endloop
endfacet
facet normal 0.793353 -0.608761 0.000000
outer loop
vertex -6.5392 -38.8437 0.0000
vertex -6.0424 -38.1964 10.6966
vertex -6.5392 -38.8437 10.6966
endloop
endfacet
facet normal 0.000000 0.000000 1.000000
outer loop
vertex -8.7495 -36.6334 10.6966
vertex -6.5392 -38.8437 10.6966
vertex -6.0424 -38.1964 10.6966
endloop
endfacet
facet normal 0.000000 0.000000 -1.000000
outer loop
vertex -8.7495 -36.6334 0.0000
vertex -6.0424 -38.1964 0.0000
vertex -6.5392 -38.8437 0.0000
endloop
endfacet
facet normal 0.923880 -0.382683 0.000000
outer loop
vertex -6.0424 -38.1964 0.0000
vertex -5.7301 -37.4425 0.0000
vertex -5.7301 -37.4425 10.6966
endloop
endfacet
facet normal 0.923880 -0.382683 0.000000
outer loop
vertex -6.0424 -38.1964 0.0000
vertex -5.7301 -37.4425 10.6966
vertex -6.0424 -38.1964 10.6966
endloop
endfacet
facet normal 0.000000 0.000000 1.000000
outer loop
vertex -8.7495 -36.6334 10.6966
vertex -6.0424 -38.1964 10.6966
vertex -5.7301 -37.4425 10.6966
endloop
endfacet
facet normal 0.000000 0.000000 -1.000000
outer loop
vertex -8.7495 -36.6334 0.0000
vertex -5.7301 -37.4425 0.0000
vertex -6.0424 -38.1964 0.0000
endloop
endfacet
facet normal 0.991445 -0.130526 0.000000
outer loop
vertex -5.7301 -37.4425 0.0000
vertex -5.6236 -36.6334 0.0000
vertex -5.6236 -36.6334 10.6966
endloop
endfacet
facet normal 0.991445 -0.130526 0.000000
outer loop
vertex -5.7301 -37.4425 0.0000
vertex -5.6236 -36.6334 10.6966
vertex -5.7301 -37.4425 10.6966
endloop
endfacet
facet normal -0.000000 0.000000 1.000000
outer loop
vertex -8.7495 -36.6334 10.6966
vertex -5.7301 -37.4425 10.6966
vertex -5.6236 -36.6334 10.6966
endloop
endfacet
facet normal 0.000000 0.000000 -1.000000
outer loop
vertex -8.7495 -36.6334 0.0000
vertex -5.6236 -36.6334 0.0000
vertex -5.7301 -37.4425 0.0000
endloop
endfacet
facet normal 0.991445 0.130526 0.000000
outer loop
vertex 26.4748 -6.3467 0.0000
vertex 26.4010 -5.7865 0.0000
vertex 26.4010 -5.7865 10.6776
endloop
endfacet
facet normal 0.991445 0.130526 -0.000000
outer loop
vertex 26.4748 -6.3467 0.0000
vertex 26.4010 -5.7865 10.6776
vertex 26.4748 -6.3467 10.6776
endloop
endfacet
facet normal 0.000000 0.000000 1.000000
outer loop
vertex 24.3103 -6.3467 10.6776
vertex 26.4748 -6.3467 10.6776
vertex 26.4010 -5.7865 10.6776
endloop
endfacet
facet normal 0.000000 0.000000 -1.000000
outer loop
vertex 24.3103 -6.3467 0.0000
vertex 26.4010 -5.7865 0.0000
vertex 26.4748 -6.3467 0.0000
endloop
endfacet
facet normal 0.923880 0.382683 0.000000
outer loop
vertex 26.4010 -5.7865 0.0000
vertex 26.1848 -5.2644 0.0000
vertex 26.1848 -5.2644 10.6776
endloop
endfacet
facet normal 0.923880 0.382683 -0.000000
outer loop
vertex 26.4010 -5.7865 0.0000
vertex 26.1848 -5.2644 10.6776
vertex 26.4010 -5.7865 10.6776
endloop
endfacet
facet normal 0.000000 0.000000 1.000000
outer loop
vertex 24.3103 -6.3467 10.6776
vertex 26.4010 -5.7865 10.6776
vertex 26.1848 -5.2644 10.6776
endloop
endfacet
facet normal 0.000000 0.000000 -1.000000
outer loop
vertex 24.3103 -6.3467 0.0000
vertex 26.1848 -5.2644 0.0000
vertex 26.4010 -5.7865 0.0000
endloop
endfacet
facet normal 0.793353 0.608761 0.000000
outer loop
vertex 26.1848 -5.2644 0.0000
vertex 25.8408 -4.8162 0.0000
vertex 25.8408 -4.8162 10.6776
endloop
endfacet
facet normal 0.793353 0.608761 -0.000000
outer loop
vertex 26.1848 -5.2644 0.0000
vertex 25.8408 -4.8162 10.6776
vertex 26.1848 -5.2644 10.6776
endloop
endfacet
facet normal 0.000000 0.000000 1.000000
outer loop
vertex 24.3103 -6.3467 10.6776
vertex 26.1848 -5.2644 10.6776
vertex 25.8408 -4.8162 10.6776
endloop
endfacet
facet normal 0.000000 0.000000 -1.000000
outer loop
vertex 24.3103 -6.3467 0.0000
vertex 25.8408 -4.8162 0.0000
vertex 26.1848 -5.2644 0.0000
endloop
endfacet
facet normal 0.608761 0.793353 0.000000
outer loop
vertex 25.8408 -4.8162 0.0000
vertex 25.3925 -4.4722 0.0000
vertex 25.3925 -4.4722 10.6776
endloop
endfacet
facet normal 0.608761 0.793353 -0.000000
outer loop
vertex 25.8408 -4.8162 0.0000
vertex 25.3925 -4.4722 10.6776
vertex 25.8408 -4.8162 10.6776
endloop
endfacet
facet normal 0.000000 0.000000 1.000000
outer loop
vertex 24.3103 -6.3467 10.6776
vertex 25.8408 -4.8162 10.6776
vertex 25.3925 -4.4722 10.6776
endloop
endfacet
facet normal 0.000000 0.000000 -1.000000
outer loop
vertex 24.3103 -6.3467 0.0000
vertex 25.3925 -4.4722 0.0000
vertex 25.8408 -4.8162 0.0000
endloop
endfacet
facet normal 0.382683 0.923880 0.000000
outer loop
vertex 25.3925 -4.4722 0.0000
vertex 24.8705 -4.2560 0.0000
vertex 24.8705 -4.2560 10.6776
endloop
endfacet
facet normal 0.382683 0.923880 -0.000000
outer loop
vertex 25.3925 -4.4722 0.0000
vertex 24.8705 -4.2560 10.6776
vertex 25.3925 -4.4722 10.6776
endloop
endfacet
facet normal 0.000000 0.000000 1.000000
outer loop
vertex 24.3103 -6.3467 10.6776
vertex 25.3925 -4.4722 10.6776
vertex 24.8705 -4.2560 10.6776
endloop
endfacet
facet normal 0.000000 0.000000 -1.000000
outer loop
vertex 24.3103 -6.3467 0.0000
vertex 24.8705 -4.2560 0.0000
vertex 25.3925 -4.4722 0.0000
endloop
endfacet
facet normal 0.130526 0.991445 0.000000
outer loop
vertex 24.8705 -4.2560 0.0000
vertex 24.3103 -4.1822 0.0000
vertex 24.3103 -4.1822 10.6776
endloop
endfacet
facet normal 0.130526 0.991445 -0.000000
outer loop
vertex 24.8705 -4.2560 0.0000
vertex 24.3103 -4.1822 10.6776
vertex 24.8705 -4.2560 10.6776
endloop
endfacet
facet normal 0.000000 0.000000 1.000000
outer loop
vertex 24.3103 -6.3467 10.6776
vertex 24.8705 -4.2560 10.6776
vertex 24.3103 -4.1822 10.6776
endloop
endfacet
facet normal 0.000000 0.000000 -1.000000
outer loop
vertex 24.3103 -6.3467 0.0000
vertex 24.3103 -4.1822 0.0000
vertex 24.8705 -4.2560 0.0000
endloop
endfacet
facet normal -0.130526 0.991445 0.000000
outer loop
vertex 24.3103 -4.1822 0.0000
vertex 23.7501 -4.2560 0.0000
vertex 23.7501 -4.2560 10.6776
endloop
endfacet
facet normal -0.130526 0.991445 0.000000
outer loop
vertex 24.3103 -4.1822 0.0000
vertex 23.7501 -4.2560 10.6776
vertex 24.3103 -4.1822 10.6776
endloop
endfacet
facet normal 0.000000 -0.000000 1.000000
outer loop
vertex 24.3103 -6.3467 10.6776
vertex 24.3103 -4.1822 10.6776
vertex 23.7501 -4.2560 10.6776
endloop
endfacet
facet normal 0.000000 0.000000 -1.000000
outer loop
vertex 24.3103 -6.3467 0.0000
vertex 23.7501 -4.2560 0.0000
vertex 24.3103 -4.1822 0.0000
endloop
endfacet
facet normal -0.382683 0.923880 0.000000
outer loop
vertex 23.7501 -4.2560 0.0000
vertex 23.2280 -4.4722 0.0000
vertex 23.2280 -4.4722 10.6776
endloop
endfacet
facet normal -0.382683 0.923880 0.000000
outer loop
vertex 23.7501 -4.2560 0.0000
vertex 23.2280 -4.4722 10.6776
vertex 23.7501 -4.2560 10.6776
endloop
endfacet
facet normal 0.000000 0.000000 1.000000
outer loop
vertex 24.3103 -6.3467 10.6776
vertex 23.7501 -4.2560 10.6776
vertex 23.2280 -4.4722 10.6776
endloop
endfacet
facet normal 0.000000 0.000000 -1.000000
outer loop
vertex 24.3103 -6.3467 0.0000
vertex 23.2280 -4.4722 0.0000
vertex 23.7501 -4.2560 0.0000
endloop
endfacet
facet normal -0.608761 0.793353 0.000000
outer loop
vertex 23.2280 -4.4722 0.0000
vertex 22.7798 -4.8162 0.0000
vertex 22.7798 -4.8162 10.6776
endloop
endfacet
facet normal -0.608761 0.793353 0.000000
outer loop
vertex 23.2280 -4.4722 0.0000
vertex 22.7798 -4.8162 10.6776
vertex 23.2280 -4.4722 10.6776
endloop
endfacet
facet normal 0.000000 0.000000 1.000000
outer loop
vertex 24.3103 -6.3467 10.6776
vertex 23.2280 -4.4722 10.6776
vertex 22.7798 -4.8162 10.6776
endloop
endfacet
facet normal 0.000000 0.000000 -1.000000
outer loop
vertex 24.3103 -6.3467 0.0000
vertex 22.7798 -4.8162 0.0000
vertex 23.2280 -4.4722 0.0000
endloop
endfacet
facet normal -0.793353 0.608761 0.000000
outer loop
vertex 22.7798 -4.8162 0.0000
vertex 22.4358 -5.2644 0.0000
vertex 22.4358 -5.2644 10.6776
endloop
endfacet
facet normal -0.793353 0.608761 0.000000
outer loop
vertex 22.7798 -4.8162 0.0000
vertex 22.4358 -5.2644 10.6776
vertex 22.7798 -4.8162 10.6776
endloop
endfacet
facet normal 0.000000 0.000000 1.000000
outer loop
vertex 24.3103 -6.3467 10.6776
vertex 22.7798 -4.8162 10.6776
vertex 22.4358 -5.2644 10.6776
endloop
endfacet
facet normal 0.000000 0.000000 -1.000000
outer loop
vertex 24.3103 -6.3467 0.0000
vertex 22.4358 -5.2644 0.0000
vertex 22.7798 -4.8162 0.0000
endloop
endfacet
facet normal -0.923880 0.382683 0.000000
outer loop
vertex 22.4358 -5.2644 0.0000
vertex 22.2196 -5.7865 0.0000
vertex 22.2196 -5.7865 10.6776
endloop
endfacet
facet normal -0.923880 0.382683 0.000000
outer loop
vertex 22.4358 -5.2644 0.0000
vertex 22.2196 -5.7865 10.6776
vertex 22.4358 -5.2644 10.6776
endloop
endfacet
facet normal 0.000000 0.000000 1.000000
outer loop
vertex 24.3103 -6.3467 10.6776
vertex 22.4358 -5.2644 10.6776
vertex 22.2196 -5.7865 10.6776
endloop
endfacet
facet normal 0.000000 0.000000 -1.000000
outer loop
vertex 24.3103 -6.3467 0.0000
vertex 22.2196 -5.7865 0.0000
vertex 22.4358 -5.2644 0.0000
endloop
endfacet
facet normal -0.991445 0.130526 0.000000
outer loop
vertex 22.2196 -5.7865 0.0000
vertex 22.1458 -6.3467 0.0000
vertex 22.1458 -6.3467 10.6776
endloop
endfacet
facet normal -0.991445 0.130526 0.000000
outer loop
vertex 22.2196 -5.7865 0.0000
vertex 22.1458 -6.3467 10.6776
vertex 22.2196 -5.7865 10.6776
endloop
endfacet
facet normal 0.000000 0.000000 1.000000
outer loop
vertex 24.3103 -6.3467 10.6776
vertex 22.2196 -5.7865 10.6776
vertex 22.1458 -6.3467 10.6776
endloop
endfacet
facet normal 0.000000 0.000000 -1.000000
outer loop
vertex 24.3103 -6.3467 0.0000
vertex 22.1458 -6.3467 0.0000
vertex 22.2196 -5.7865 0.0000
endloop
endfacet
facet normal -0.991445 -0.130526 0.000000
outer loop
vertex 22.1458 -6.3467 0.0000
vertex 22.2196 -6.9069 0.0000
vertex 22.2196 -6.9069 10.6776
endloop
endfacet
facet normal -0.991445 -0.130526 0.000000
outer loop
vertex 22.1458 -6.3467 0.0000
vertex 22.2196 -6.9069 10.6776
vertex 22.1458 -6.3467 10.6776
endloop
endfacet
facet normal 0.000000 0.000000 1.000000
outer loop
vertex 24.3103 -6.3467 10.6776
vertex 22.1458 -6.3467 10.6776
vertex 22.2196 -6.9069 10.6776
endloop
endfacet
facet normal -0.000000 0.000000 -1.000000
outer loop
vertex 24.3103 -6.3467 0.0000
vertex 22.2196 -6.9069 0.0000
vertex 22.1458 -6.3467 0.0000
endloop
endfacet
facet normal -0.923880 -0.382683 0.000000
outer loop
vertex 22.2196 -6.9069 0.0000
vertex 22.4358 -7.4289 0.0000
vertex 22.4358 -7.4289 10.6776
endloop
endfacet
facet normal -0.923880 -0.382683 0.000000
outer loop
vertex 22.2196 -6.9069 0.0000
vertex 22.4358 -7.4289 10.6776
vertex 22.2196 -6.9069 10.6776
endloop
endfacet
facet normal 0.000000 0.000000 1.000000
outer loop
vertex 24.3103 -6.3467 10.6776
vertex 22.2196 -6.9069 10.6776
vertex 22.4358 -7.4289 10.6776
endloop
endfacet
facet normal 0.000000 0.000000 -1.000000
outer loop
vertex 24.3103 -6.3467 0.0000
vertex 22.4358 -7.4289 0.0000
vertex 22.2196 -6.9069 0.0000
endloop
endfacet
facet normal -0.793353 -0.608761 0.000000
outer loop
vertex 22.4358 -7.4289 0.0000
vertex 22.7798 -7.8772 0.0000
vertex 22.7798 -7.8772 10.6776
endloop
endfacet
facet normal -0.793353 -0.608761 0.000000
outer loop
vertex 22.4358 -7.4289 0.0000
vertex 22.7798 -7.8772 10.6776
vertex 22.4358 -7.4289 10.6776
endloop
endfacet
facet normal 0.000000 0.000000 1.000000
outer loop
vertex 24.3103 -6.3467 10.6776
vertex 22.4358 -7.4289 10.6776
vertex 22.7798 -7.8772 10.6776
endloop
endfacet
facet normal 0.000000 0.000000 -1.000000
outer loop
vertex 24.3103 -6.3467 0.0000
vertex 22.7798 -7.8772 0.0000
vertex 22.4358 -7.4289 0.0000
endloop
endfacet
facet normal -0.608761 -0.793353 0.000000
outer loop
vertex 22.7798 -7.8772 0.0000
vertex 23.2280 -8.2212 0.0000
vertex 23.2280 -8.2212 10.6776
endloop
endfacet
facet normal -0.608761 -0.793353 0.000000
outer loop
vertex 22.7798 -7.8772 0.0000
vertex 23.2280 -8.2212 10.6776
vertex 22.7798 -7.8772 10.6776
endloop
endfacet
facet normal 0.000000 0.000000 1.000000
outer loop
vertex 24.3103 -6.3467 10.6776
vertex 22.7798 -7.8772 10.6776
vertex 23.2280 -8.2212 10.6776
endloop
endfacet
facet normal 0.000000 0.000000 -1.000000
outer loop
vertex 24.3103 -6.3467 0.0000
vertex 23.2280 -8.2212 0.0000
vertex 22.7798 -7.8772 0.0000
endloop
endfacet
facet normal -0.382683 -0.923880 0.000000
outer loop
vertex 23.2280 -8.2212 0.0000
vertex 23.7501 -8.4374 0.0000
vertex 23.7501 -8.4374 10.6776
endloop
endfacet
facet normal -0.382683 -0.923880 0.000000
outer loop
vertex 23.2280 -8.2212 0.0000
vertex 23.7501 -8.4374 10.6776
vertex 23.2280 -8.2212 10.6776
endloop
endfacet
facet normal 0.000000 0.000000 1.000000
outer loop
vertex 24.3103 -6.3467 10.6776
vertex 23.2280 -8.2212 10.6776
vertex 23.7501 -8.4374 10.6776
endloop
endfacet
facet normal 0.000000 0.000000 -1.000000
outer loop
vertex 24.3103 -6.3467 0.0000
vertex 23.7501 -8.4374 0.0000
vertex 23.2280 -8.2212 0.0000
endloop
endfacet
facet normal -0.130526 -0.991445 0.000000
outer loop
vertex 23.7501 -8.4374 0.0000
vertex 24.3103 -8.5112 0.0000
vertex 24.3103 -8.5112 10.6776
endloop
endfacet
facet normal -0.130526 -0.991445 0.000000
outer loop
vertex 23.7501 -8.4374 0.0000
vertex 24.3103 -8.5112 10.6776
vertex 23.7501 -8.4374 10.6776
endloop
endfacet
facet normal 0.000000 0.000000 1.000000
outer loop
vertex 24.3103 -6.3467 10.6776
vertex 23.7501 -8.4374 10.6776
vertex 24.3103 -8.5112 10.6776
endloop
endfacet
facet normal 0.000000 -0.000000 -1.000000
outer loop
vertex 24.3103 -6.3467 0.0000
vertex 24.3103 -8.5112 0.0000
vertex 23.7501 -8.4374 0.0000
endloop
endfacet
facet normal 0.130526 -0.991445 0.000000
outer loop
vertex 24.3103 -8.5112 0.0000
vertex 24.8705 -8.4374 0.0000
vertex 24.8705 -8.4374 10.6776
endloop
endfacet
facet normal 0.130526 -0.991445 0.000000
outer loop
vertex 24.3103 -8.5112 0.0000
vertex 24.8705 -8.4374 10.6776
vertex 24.3103 -8.5112 10.6776
endloop
endfacet
facet normal 0.000000 0.000000 1.000000
outer loop
vertex 24.3103 -6.3467 10.6776
vertex 24.3103 -8.5112 10.6776
vertex 24.8705 -8.4374 10.6776
endloop
endfacet
facet normal 0.000000 0.000000 -1.000000
outer loop
vertex 24.3103 -6.3467 0.0000
vertex 24.8705 -8.4374 0.0000
vertex 24.3103 -8.5112 0.0000
endloop
endfacet
facet normal 0.382683 -0.923880 0.000000
outer loop
vertex 24.8705 -8.4374 0.0000
vertex 25.3925 -8.2212 0.0000
vertex 25.3925 -8.2212 10.6776
endloop
endfacet
facet normal 0.382683 -0.923880 0.000000
outer loop
vertex 24.8705 -8.4374 0.0000
vertex 25.3925 -8.2212 10.6776
vertex 24.8705 -8.4374 10.6776
endloop
endfacet
facet normal 0.000000 0.000000 1.000000
outer loop
vertex 24.3103 -6.3467 10.6776
vertex 24.8705 -8.4374 10.6776
vertex 25.3925 -8.2212 10.6776
endloop
endfacet
facet normal 0.000000 0.000000 -1.000000
outer loop
vertex 24.3103 -6.3467 0.0000
vertex 25.3925 -8.2212 0.0000
vertex 24.8705 -8.4374 0.0000
endloop
endfacet
facet normal 0.608761 -0.793353 0.000000
outer loop
vertex 25.3925 -8.2212 0.0000
vertex 25.8408 -7.8772 0.0000
vertex 25.8408 -7.8772 10.6776
endloop
endfacet
facet normal 0.608761 -0.793353 0.000000
outer loop
vertex 25.3925 -8.2212 0.0000
vertex 25.8408 -7.8772 10.6776
vertex 25.3925 -8.2212 10.6776
endloop
endfacet
facet normal 0.000000 0.000000 1.000000
outer loop
vertex 24.3103 -6.3467 10.6776
vertex 25.3925 -8.2212 10.6776
vertex 25.8408 -7.8772 10.6776
endloop
endfacet
facet normal 0.000000 0.000000 -1.000000
outer loop
vertex 24.3103 -6.3467 0.0000
vertex 25.8408 -7.8772 0.0000
vertex 25.3925 -8.2212 0.0000
endloop
endfacet
facet normal 0.793353 -0.608761 0.000000
outer loop
vertex 25.8408 -7.8772 0.0000
vertex 26.1848 -7.4289 0.0000
vertex 26.1848 -7.4289 10.6776
endloop
endfacet
facet normal 0.793353 -0.608761 0.000000
outer loop
vertex 25.8408 -7.8772 0.0000
vertex 26.1848 -7.4289 10.6776
vertex 25.8408 -7.8772 10.6776
endloop
endfacet
facet normal 0.000000 0.000000 1.000000
outer loop
vertex 24.3103 -6.3467 10.6776
vertex 25.8408 -7.8772 10.6776
vertex 26.1848 -7.4289 10.6776
endloop
endfacet
facet normal 0.000000 0.000000 -1.000000
outer loop
vertex 24.3103 -6.3467 0.0000
vertex 26.1848 -7.4289 0.0000
vertex 25.8408 -7.8772 0.0000
endloop
endfacet
facet normal 0.923880 -0.382683 0.000000
outer loop
vertex 26.1848 -7.4289 0.0000
vertex 26.4010 -6.9069 0.0000
vertex 26.4010 -6.9069 10.6776
endloop
endfacet
facet normal 0.923880 -0.382683 0.000000
outer loop
vertex 26.1848 -7.4289 0.0000
vertex 26.4010 -6.9069 10.6776
vertex 26.1848 -7.4289 10.6776
endloop
endfacet
facet normal 0.000000 0.000000 1.000000
outer loop
vertex 24.3103 -6.3467 10.6776
vertex 26.1848 -7.4289 10.6776
vertex 26.4010 -6.9069 10.6776
endloop
endfacet
facet normal 0.000000 0.000000 -1.000000
outer loop
vertex 24.3103 -6.3467 0.0000
vertex 26.4010 -6.9069 0.0000
vertex 26.1848 -7.4289 0.0000
endloop
endfacet
facet normal 0.991445 -0.130526 0.000000
outer loop
vertex 26.4010 -6.9069 0.0000
vertex 26.4748 -6.3467 0.0000
vertex 26.4748 -6.3467 10.6776
endloop
endfacet
facet normal 0.991445 -0.130526 0.000000
outer loop
vertex 26.4010 -6.9069 0.0000
vertex 26.4748 -6.3467 10.6776
vertex 26.4010 -6.9069 10.6776
endloop
endfacet
facet normal 0.000000 0.000000 1.000000
outer loop
vertex 24.3103 -6.3467 10.6776
vertex 26.4010 -6.9069 10.6776
vertex 26.4748 -6.3467 10.6776
endloop
endfacet
facet normal 0.000000 0.000000 -1.000000
outer loop
vertex 24.3103 -6.3467 0.0000
vertex 26.4748 -6.3467 0.0000
vertex 26.4010 -6.9069 0.0000
endloop
endfacet
facet normal 0.991445 0.130526 0.000000
outer loop
vertex 8.9898 -34.5380 0.0000
vertex 8.8967 -33.8305 0.0000
vertex 8.8967 -33.8305 11.2205
endloop
endfacet
facet normal 0.991445 0.130526 -0.000000
outer loop
vertex 8.9898 -34.5380 0.0000
vertex 8.8967 -33.8305 11.2205
vertex 8.9898 -34.5380 11.2205
endloop
endfacet
facet normal 0.000000 0.000000 1.000000
outer loop
vertex 6.2565 -34.5380 11.2205
vertex 8.9898 -34.5380 11.2205
vertex 8.8967 -33.8305 11.2205
endloop
endfacet
facet normal 0.000000 0.000000 -1.000000
outer loop
vertex 6.2565 -34.5380 0.0000
vertex 8.8967 -33.8305 0.0000
vertex 8.9898 -34.5380 0.0000
endloop
endfacet
facet normal 0.923880 0.382683 0.000000
outer loop
vertex 8.8967 -33.8305 0.0000
vertex 8.6236 -33.1713 0.0000
vertex 8.6236 -33.1713 11.2205
endloop
endfacet
facet normal 0.923880 0.382683 -0.000000
outer loop
vertex 8.8967 -33.8305 0.0000
vertex 8.6236 -33.1713 11.2205
vertex 8.8967 -33.8305 11.2205
endloop
endfacet
facet normal 0.000000 0.000000 1.000000
outer loop
vertex 6.2565 -34.5380 11.2205
vertex 8.8967 -33.8305 11.2205
vertex 8.6236 -33.1713 11.2205
endloop
endfacet
facet normal 0.000000 0.000000 -1.000000
outer loop
vertex 6.2565 -34.5380 0.0000
vertex 8.6236 -33.1713 0.0000
vertex 8.8967 -33.8305 0.0000
endloop
endfacet
facet normal 0.793353 0.608761 0.000000
outer loop
vertex 8.6236 -33.1713 0.0000
vertex 8.1892 -32.6053 0.0000
vertex 8.1892 -32.6053 11.2205
endloop
endfacet
facet normal 0.793353 0.608761 -0.000000
outer loop
vertex 8.6236 -33.1713 0.0000
vertex 8.1892 -32.6053 11.2205
vertex 8.6236 -33.1713 11.2205
endloop
endfacet
facet normal 0.000000 0.000000 1.000000
outer loop
vertex 6.2565 -34.5380 11.2205
vertex 8.6236 -33.1713 11.2205
vertex 8.1892 -32.6053 11.2205
endloop
endfacet
facet normal 0.000000 0.000000 -1.000000
outer loop
vertex 6.2565 -34.5380 0.0000
vertex 8.1892 -32.6053 0.0000
vertex 8.6236 -33.1713 0.0000
endloop
endfacet
facet normal 0.608761 0.793353 0.000000
outer loop
vertex 8.1892 -32.6053 0.0000
vertex 7.6232 -32.1709 0.0000
vertex 7.6232 -32.1709 11.2205
endloop
endfacet
facet normal 0.608761 0.793353 -0.000000
outer loop
vertex 8.1892 -32.6053 0.0000
vertex 7.6232 -32.1709 11.2205
vertex 8.1892 -32.6053 11.2205
endloop
endfacet
facet normal 0.000000 0.000000 1.000000
outer loop
vertex 6.2565 -34.5380 11.2205
vertex 8.1892 -32.6053 11.2205
vertex 7.6232 -32.1709 11.2205
endloop
endfacet
facet normal 0.000000 0.000000 -1.000000
outer loop
vertex 6.2565 -34.5380 0.0000
vertex 7.6232 -32.1709 0.0000
vertex 8.1892 -32.6053 0.0000
endloop
endfacet
facet normal 0.382683 0.923880 0.000000
outer loop
vertex 7.6232 -32.1709 0.0000
vertex 6.9639 -31.8978 0.0000
vertex 6.9639 -31.8978 11.2205
endloop
endfacet
facet normal 0.382683 0.923880 -0.000000
outer loop
vertex 7.6232 -32.1709 0.0000
vertex 6.9639 -31.8978 11.2205
vertex 7.6232 -32.1709 11.2205
endloop
endfacet
facet normal 0.000000 0.000000 1.000000
outer loop
vertex 6.2565 -34.5380 11.2205
vertex 7.6232 -32.1709 11.2205
vertex 6.9639 -31.8978 11.2205
endloop
endfacet
facet normal 0.000000 0.000000 -1.000000
outer loop
vertex 6.2565 -34.5380 0.0000
vertex 6.9639 -31.8978 0.0000
vertex 7.6232 -32.1709 0.0000
endloop
endfacet
facet normal 0.130526 0.991445 0.000000
outer loop
vertex 6.9639 -31.8978 0.0000
vertex 6.2565 -31.8047 0.0000
vertex 6.2565 -31.8047 11.2205
endloop
endfacet
facet normal 0.130526 0.991445 -0.000000
outer loop
vertex 6.9639 -31.8978 0.0000
vertex 6.2565 -31.8047 11.2205
vertex 6.9639 -31.8978 11.2205
endloop
endfacet
facet normal 0.000000 0.000000 1.000000
outer loop
vertex 6.2565 -34.5380 11.2205
vertex 6.9639 -31.8978 11.2205
vertex 6.2565 -31.8047 11.2205
endloop
endfacet
facet normal 0.000000 0.000000 -1.000000
outer loop
vertex 6.2565 -34.5380 0.0000
vertex 6.2565 -31.8047 0.0000
vertex 6.9639 -31.8978 0.0000
endloop
endfacet
facet normal -0.130526 0.991445 0.000000
outer loop
vertex 6.2565 -31.8047 0.0000
vertex 5.5491 -31.8978 0.0000
vertex 5.5491 -31.8978 11.2205
endloop
endfacet
facet normal -0.130526 0.991445 0.000000
outer loop
vertex 6.2565 -31.8047 0.0000
vertex 5.5491 -31.8978 11.2205
vertex 6.2565 -31.8047 11.2205
endloop
endfacet
facet normal 0.000000 -0.000000 1.000000
outer loop
vertex 6.2565 -34.5380 11.2205
vertex 6.2565 -31.8047 11.2205
vertex 5.5491 -31.8978 11.2205
endloop
endfacet
facet normal 0.000000 0.000000 -1.000000
outer loop
vertex 6.2565 -34.5380 0.0000
vertex 5.5491 -31.8978 0.0000
vertex 6.2565 -31.8047 0.0000
endloop
endfacet
facet normal -0.382683 0.923880 0.000000
outer loop
vertex 5.5491 -31.8978 0.0000
vertex 4.8899 -32.1709 0.0000
vertex 4.8899 -32.1709 11.2205
endloop
endfacet
facet normal -0.382683 0.923880 0.000000
outer loop
vertex 5.5491 -31.8978 0.0000
vertex 4.8899 -32.1709 11.2205
vertex 5.5491 -31.8978 11.2205
endloop
endfacet
facet normal 0.000000 0.000000 1.000000
outer loop
vertex 6.2565 -34.5380 11.2205
vertex 5.5491 -31.8978 11.2205
vertex 4.8899 -32.1709 11.2205
endloop
endfacet
facet normal 0.000000 0.000000 -1.000000
outer loop
vertex 6.2565 -34.5380 0.0000
vertex 4.8899 -32.1709 0.0000
vertex 5.5491 -31.8978 0.0000
endloop
endfacet
facet normal -0.608761 0.793353 0.000000
outer loop
vertex 4.8899 -32.1709 0.0000
vertex 4.3238 -32.6053 0.0000
vertex 4.3238 -32.6053 11.2205
endloop
endfacet
facet normal -0.608761 0.793353 0.000000
outer loop
vertex 4.8899 -32.1709 0.0000
vertex 4.3238 -32.6053 11.2205
vertex 4.8899 -32.1709 11.2205
endloop
endfacet
facet normal 0.000000 0.000000 1.000000
outer loop
vertex 6.2565 -34.5380 11.2205
vertex 4.8899 -32.1709 11.2205
vertex 4.3238 -32.6053 11.2205
endloop
endfacet
facet normal 0.000000 0.000000 -1.000000
outer loop
vertex 6.2565 -34.5380 0.0000
vertex 4.3238 -32.6053 0.0000
vertex 4.8899 -32.1709 0.0000
endloop
endfacet
facet normal -0.793353 0.608761 0.000000
outer loop
vertex 4.3238 -32.6053 0.0000
vertex 3.8894 -33.1713 0.0000
vertex 3.8894 -33.1713 11.2205
endloop
endfacet
facet normal -0.793353 0.608761 0.000000
outer loop
vertex 4.3238 -32.6053 0.0000
vertex 3.8894 -33.1713 11.2205
vertex 4.3238 -32.6053 11.2205
endloop
endfacet
facet normal 0.000000 0.000000 1.000000
outer loop
vertex 6.2565 -34.5380 11.2205
vertex 4.3238 -32.6053 11.2205
vertex 3.8894 -33.1713 11.2205
endloop
endfacet
facet normal 0.000000 0.000000 -1.000000
outer loop
vertex 6.2565 -34.5380 0.0000
vertex 3.8894 -33.1713 0.0000
vertex 4.3238 -32.6053 0.0000
endloop
endfacet
facet normal -0.923880 0.382683 0.000000
outer loop
vertex 3.8894 -33.1713 0.0000
vertex 3.6164 -33.8305 0.0000
vertex 3.6164 -33.8305 11.2205
endloop
endfacet
facet normal -0.923880 0.382683 0.000000
outer loop
vertex 3.8894 -33.1713 0.0000
vertex 3.6164 -33.8305 11.2205
vertex 3.8894 -33.1713 11.2205
endloop
endfacet
facet normal 0.000000 0.000000 1.000000
outer loop
vertex 6.2565 -34.5380 11.2205
vertex 3.8894 -33.1713 11.2205
vertex 3.6164 -33.8305 11.2205
endloop
endfacet
facet normal 0.000000 0.000000 -1.000000
outer loop
vertex 6.2565 -34.5380 0.0000
vertex 3.6164 -33.8305 0.0000
vertex 3.8894 -33.1713 0.0000
endloop
endfacet
facet normal -0.991445 0.130526 0.000000
outer loop
vertex 3.6164 -33.8305 0.0000
vertex 3.5233 -34.5380 0.0000
vertex 3.5233 -34.5380 11.2205
endloop
endfacet
facet normal -0.991445 0.130526 0.000000
outer loop
vertex 3.6164 -33.8305 0.0000
vertex 3.5233 -34.5380 11.2205
vertex 3.6164 -33.8305 11.2205
endloop
endfacet
facet normal 0.000000 0.000000 1.000000
outer loop
vertex 6.2565 -34.5380 11.2205
vertex 3.6164 -33.8305 11.2205
vertex 3.5233 -34.5380 11.2205
endloop
endfacet
facet normal 0.000000 0.000000 -1.000000
outer loop
vertex 6.2565 -34.5380 0.0000
vertex 3.5233 -34.5380 0.0000
vertex 3.6164 -33.8305 0.0000
endloop
endfacet
facet normal -0.991445 -0.130526 0.000000
outer loop
vertex 3.5233 -34.5380 0.0000
vertex 3.6164 -35.2454 0.0000
vertex 3.6164 -35.2454 11.2205
endloop
endfacet
facet normal -0.991445 -0.130526 0.000000
outer loop
vertex 3.5233 -34.5380 0.0000
vertex 3.6164 -35.2454 11.2205
vertex 3.5233 -34.5380 11.2205
endloop
endfacet
facet normal 0.000000 0.000000 1.000000
outer loop
vertex 6.2565 -34.5380 11.2205
vertex 3.5233 -34.5380 11.2205
vertex 3.6164 -35.2454 11.2205
endloop
endfacet
facet normal -0.000000 0.000000 -1.000000
outer loop
vertex 6.2565 -34.5380 0.0000
vertex 3.6164 -35.2454 0.0000
vertex 3.5233 -34.5380 0.0000
endloop
endfacet
facet normal -0.923880 -0.382683 0.000000
outer loop
vertex 3.6164 -35.2454 0.0000
vertex 3.8894 -35.9046 0.0000
vertex 3.8894 -35.9046 11.2205
endloop
endfacet
facet normal -0.923880 -0.382683 0.000000
outer loop
vertex 3.6164 -35.2454 0.0000
vertex 3.8894 -35.9046 11.2205
vertex 3.6164 -35.2454 11.2205
endloop
endfacet
facet normal 0.000000 0.000000 1.000000
outer loop
vertex 6.2565 -34.5380 11.2205
vertex 3.6164 -35.2454 11.2205
vertex 3.8894 -35.9046 11.2205
endloop
endfacet
facet normal 0.000000 0.000000 -1.000000
outer loop
vertex 6.2565 -34.5380 0.0000
vertex 3.8894 -35.9046 0.0000
vertex 3.6164 -35.2454 0.0000
endloop
endfacet
facet normal -0.793353 -0.608761 0.000000
outer loop
vertex 3.8894 -35.9046 0.0000
vertex 4.3238 -36.4707 0.0000
vertex 4.3238 -36.4707 11.2205
endloop
endfacet
facet normal -0.793353 -0.608761 0.000000
outer loop
vertex 3.8894 -35.9046 0.0000
vertex 4.3238 -36.4707 11.2205
vertex 3.8894 -35.9046 11.2205
endloop
endfacet
facet normal 0.000000 0.000000 1.000000
outer loop
vertex 6.2565 -34.5380 11.2205
vertex 3.8894 -35.9046 11.2205
vertex 4.3238 -36.4707 11.2205
endloop
endfacet
facet normal 0.000000 0.000000 -1.000000
outer loop
vertex 6.2565 -34.5380 0.0000
vertex 4.3238 -36.4707 0.0000
vertex 3.8894 -35.9046 0.0000
endloop
endfacet
facet normal -0.608761 -0.793353 0.000000
outer loop
vertex 4.3238 -36.4707 0.0000
vertex 4.8899 -36.9050 0.0000
vertex 4.8899 -36.9050 11.2205
endloop
endfacet
facet normal -0.608761 -0.793353 0.000000
outer loop
vertex 4.3238 -36.4707 0.0000
vertex 4.8899 -36.9050 11.2205
vertex 4.3238 -36.4707 11.2205
endloop
endfacet
facet normal 0.000000 0.000000 1.000000
outer loop
vertex 6.2565 -34.5380 11.2205
vertex 4.3238 -36.4707 11.2205
vertex 4.8899 -36.9050 11.2205
endloop
endfacet
facet normal 0.000000 0.000000 -1.000000
outer loop
vertex 6.2565 -34.5380 0.0000
vertex 4.8899 -36.9050 0.0000
vertex 4.3238 -36.4707 0.0000
endloop
endfacet
facet normal -0.382683 -0.923880 0.000000
outer loop
vertex 4.8899 -36.9050 0.0000
vertex 5.5491 -37.1781 0.0000
vertex 5.5491 -37.1781 11.2205
endloop
endfacet
facet normal -0.382683 -0.923880 0.000000
outer loop
vertex 4.8899 -36.9050 0.0000
vertex 5.5491 -37.1781 11.2205
vertex 4.8899 -36.9050 11.2205
endloop
endfacet
facet normal 0.000000 0.000000 1.000000
outer loop
vertex 6.2565 -34.5380 11.2205
vertex 4.8899 -36.9050 11.2205
vertex 5.5491 -37.1781 11.2205
endloop
endfacet
facet normal 0.000000 0.000000 -1.000000
outer loop
vertex 6.2565 -34.5380 0.0000
vertex 5.5491 -37.1781 0.0000
vertex 4.8899 -36.9050 0.0000
endloop
endfacet
facet normal -0.130526 -0.991445 0.000000
outer loop
vertex 5.5491 -37.1781 0.0000
vertex 6.2565 -37.2712 0.0000
vertex 6.2565 -37.2712 11.2205
endloop
endfacet
facet normal -0.130526 -0.991445 0.000000
outer loop
vertex 5.5491 -37.1781 0.0000
vertex 6.2565 -37.2712 11.2205
vertex 5.5491 -37.1781 11.2205
endloop
endfacet
facet normal 0.000000 0.000000 1.000000
outer loop
vertex 6.2565 -34.5380 11.2205
vertex 5.5491 -37.1781 11.2205
vertex 6.2565 -37.2712 11.2205
endloop
endfacet
facet normal 0.000000 0.000000 -1.000000
outer loop
vertex 6.2565 -34.5380 0.0000
vertex 6.2565 -37.2712 0.0000
vertex 5.5491 -37.1781 0.0000
endloop
endfacet
facet normal 0.130526 -0.991445 0.000000
outer loop
vertex 6.2565 -37.2712 0.0000
vertex 6.9639 -37.1781 0.0000
vertex 6.9639 -37.1781 11.2205
endloop
endfacet
facet normal 0.130526 -0.991445 0.000000
outer loop
vertex 6.2565 -37.2712 0.0000
vertex 6.9639 -37.1781 11.2205
vertex 6.2565 -37.2712 11.2205
endloop
endfacet
facet normal 0.000000 0.000000 1.000000
outer loop
vertex 6.2565 -34.5380 11.2205
vertex 6.2565 -37.2712 11.2205
vertex 6.9639 -37.1781 11.2205
endloop
endfacet
facet normal 0.000000 -0.000000 -1.000000
outer loop
vertex 6.2565 -34.5380 0.0000
vertex 6.9639 -37.1781 0.0000
vertex 6.2565 -37.2712 0.0000
endloop
endfacet
facet normal 0.382683 -0.923880 0.000000
outer loop
vertex 6.9639 -37.1781 0.0000
vertex 7.6232 -36.9050 0.0000
vertex 7.6232 -36.9050 11.2205
endloop
endfacet
facet normal 0.382683 -0.923880 0.000000
outer loop
vertex 6.9639 -37.1781 0.0000
vertex 7.6232 -36.9050 11.2205
vertex 6.9639 -37.1781 11.2205
endloop
endfacet
facet normal 0.000000 0.000000 1.000000
outer loop
vertex 6.2565 -34.5380 11.2205
vertex 6.9639 -37.1781 11.2205
vertex 7.6232 -36.9050 11.2205
endloop
endfacet
facet normal 0.000000 0.000000 -1.000000
outer loop
vertex 6.2565 -34.5380 0.0000
vertex 7.6232 -36.9050 0.0000
vertex 6.9639 -37.1781 0.0000
endloop
endfacet
facet normal 0.608761 -0.793353 0.000000
outer loop
vertex 7.6232 -36.9050 0.0000
vertex 8.1892 -36.4707 0.0000
vertex 8.1892 -36.4707 11.2205
endloop
endfacet
facet normal 0.608761 -0.793353 0.000000
outer loop
vertex 7.6232 -36.9050 0.0000
vertex 8.1892 -36.4707 11.2205
vertex 7.6232 -36.9050 11.2205
endloop
endfacet
facet normal 0.000000 0.000000 1.000000
outer loop
vertex 6.2565 -34.5380 11.2205
vertex 7.6232 -36.9050 11.2205
vertex 8.1892 -36.4707 11.2205
endloop
endfacet
facet normal 0.000000 0.000000 -1.000000
outer loop
vertex 6.2565 -34.5380 0.0000
vertex 8.1892 -36.4707 0.0000
vertex 7.6232 -36.9050 0.0000
endloop
endfacet
facet normal 0.793353 -0.608761 0.000000
outer loop
vertex 8.1892 -36.4707 0.0000
vertex 8.6236 -35.9046 0.0000
vertex 8.6236 -35.9046 11.2205
endloop
endfacet
facet normal 0.793353 -0.608761 0.000000
outer loop
vertex 8.1892 -36.4707 0.0000
vertex 8.6236 -35.9046 11.2205
vertex 8.1892 -36.4707 11.2205
endloop
endfacet
facet normal 0.000000 0.000000 1.000000
outer loop
vertex 6.2565 -34.5380 11.2205
vertex 8.1892 -36.4707 11.2205
vertex 8.6236 -35.9046 11.2205
endloop
endfacet
facet normal 0.000000 0.000000 -1.000000
outer loop
vertex 6.2565 -34.5380 0.0000
vertex 8.6236 -35.9046 0.0000
vertex 8.1892 -36.4707 0.0000
endloop
endfacet
facet normal 0.923880 -0.382683 0.000000
outer loop
vertex 8.6236 -35.9046 0.0000
vertex 8.8967 -35.2454 0.0000
vertex 8.8967 -35.2454 11.2205
endloop
endfacet
facet normal 0.923880 -0.382683 0.000000
outer loop
vertex 8.6236 -35.9046 0.0000
vertex 8.8967 -35.2454 11.2205
vertex 8.6236 -35.9046 11.2205
endloop
endfacet
facet normal 0.000000 0.000000 1.000000
outer loop
vertex 6.2565 -34.5380 11.2205
vertex 8.6236 -35.9046 11.2205
vertex 8.8967 -35.2454 11.2205
endloop
endfacet
facet normal 0.000000 0.000000 -1.000000
outer loop
vertex 6.2565 -34.5380 0.0000
vertex 8.8967 -35.2454 0.0000
vertex 8.6236 -35.9046 0.0000
endloop
endfacet
facet normal 0.991445 -0.130526 0.000000
outer loop
vertex 8.8967 -35.2454 0.0000
vertex 8.9898 -34.5380 0.0000
vertex 8.9898 -34.5380 11.2205
endloop
endfacet
facet normal 0.991445 -0.130526 0.000000
outer loop
vertex 8.8967 -35.2454 0.0000
vertex 8.9898 -34.5380 11.2205
vertex 8.8967 -35.2454 11.2205
endloop
endfacet
facet normal -0.000000 0.000000 1.000000
outer loop
vertex 6.2565 -34.5380 11.2205
vertex 8.8967 -35.2454 11.2205
vertex 8.9898 -34.5380 11.2205
endloop
endfacet
facet normal 0.000000 0.000000 -1.000000
outer loop
vertex 6.2565 -34.5380 0.0000
vertex 8.9898 -34.5380 0.0000
vertex 8.8967 -35.2454 0.0000
endloop
endfacet
facet normal 0.991445 0.130526 0.000000
outer loop
vertex -23.0464 1.3378 0.0000
vertex -23.1292 1.9670 0.0000
vertex -23.1292 1.9670 10.3434
endloop
endfacet
facet normal 0.991445 0.130526 -0.000000
outer loop
vertex -23.0464 1.3378 0.0000
vertex -23.1292 1.9670 10.3434
vertex -23.0464 1.3378 10.3434
endloop
endfacet
facet normal 0.000000 0.000000 1.000000
outer loop
vertex -25.4774 1.3378 10.3434
vertex -23.0464 1.3378 10.3434
vertex -23.1292 1.9670 10.3434
endloop
endfacet
facet normal 0.000000 0.000000 -1.000000
outer loop
vertex -25.4774 1.3378 0.0000
vertex -23.1292 1.9670 0.0000
vertex -23.0464 1.3378 0.0000
endloop
endfacet
facet normal 0.923880 0.382683 0.000000
outer loop
vertex -23.1292 1.9670 0.0000
vertex -23.3721 2.5533 0.0000
vertex -23.3721 2.5533 10.3434
endloop
endfacet
facet normal 0.923880 0.382683 -0.000000
outer loop
vertex -23.1292 1.9670 0.0000
vertex -23.3721 2.5533 10.3434
vertex -23.1292 1.9670 10.3434
endloop
endfacet
facet normal 0.000000 0.000000 1.000000
outer loop
vertex -25.4774 1.3378 10.3434
vertex -23.1292 1.9670 10.3434
vertex -23.3721 2.5533 10.3434
endloop
endfacet
facet normal 0.000000 0.000000 -1.000000
outer loop
vertex -25.4774 1.3378 0.0000
vertex -23.3721 2.5533 0.0000
vertex -23.1292 1.9670 0.0000
endloop
endfacet
facet normal 0.793353 0.608761 0.000000
outer loop
vertex -23.3721 2.5533 0.0000
vertex -23.7584 3.0568 0.0000
vertex -23.7584 3.0568 10.3434
endloop
endfacet
facet normal 0.793353 0.608761 -0.000000
outer loop
vertex -23.3721 2.5533 0.0000
vertex -23.7584 3.0568 10.3434
vertex -23.3721 2.5533 10.3434
endloop
endfacet
facet normal 0.000000 0.000000 1.000000
outer loop
vertex -25.4774 1.3378 10.3434
vertex -23.3721 2.5533 10.3434
vertex -23.7584 3.0568 10.3434
endloop
endfacet
facet normal 0.000000 0.000000 -1.000000
outer loop
vertex -25.4774 1.3378 0.0000
vertex -23.7584 3.0568 0.0000
vertex -23.3721 2.5533 0.0000
endloop
endfacet
facet normal 0.608761 0.793353 0.000000
outer loop
vertex -23.7584 3.0568 0.0000
vertex -24.2619 3.4431 0.0000
vertex -24.2619 3.4431 10.3434
endloop
endfacet
facet normal 0.608761 0.793353 -0.000000
outer loop
vertex -23.7584 3.0568 0.0000
vertex -24.2619 3.4431 10.3434
vertex -23.7584 3.0568 10.3434
endloop
endfacet
facet normal 0.000000 0.000000 1.000000
outer loop
vertex -25.4774 1.3378 10.3434
vertex -23.7584 3.0568 10.3434
vertex -24.2619 3.4431 10.3434
endloop
endfacet
facet normal 0.000000 0.000000 -1.000000
outer loop
vertex -25.4774 1.3378 0.0000
vertex -24.2619 3.4431 0.0000
vertex -23.7584 3.0568 0.0000
endloop
endfacet
facet normal 0.382683 0.923880 0.000000
outer loop
vertex -24.2619 3.4431 0.0000
vertex -24.8482 3.6860 0.0000
vertex -24.8482 3.6860 10.3434
endloop
endfacet
facet normal 0.382683 0.923880 -0.000000
outer loop
vertex -24.2619 3.4431 0.0000
vertex -24.8482 3.6860 10.3434
vertex -24.2619 3.4431 10.3434
endloop
endfacet
facet normal 0.000000 0.000000 1.000000
outer loop
vertex -25.4774 1.3378 10.3434
vertex -24.2619 3.4431 10.3434
vertex -24.8482 3.6860 10.3434
endloop
endfacet
facet normal 0.000000 0.000000 -1.000000
outer loop
vertex -25.4774 1.3378 0.0000
vertex -24.8482 3.6860 0.0000
vertex -24.2619 3.4431 0.0000
endloop
endfacet
facet normal 0.130526 0.991445 0.000000
outer loop
vertex -24.8482 3.6860 0.0000
vertex -25.4774 3.7688 0.0000
vertex -25.4774 3.7688 10.3434
endloop
endfacet
facet normal 0.130526 0.991445 -0.000000
outer loop
vertex -24.8482 3.6860 0.0000
vertex -25.4774 3.7688 10.3434
vertex -24.8482 3.6860 10.3434
endloop
endfacet
facet normal 0.000000 0.000000 1.000000
outer loop
vertex -25.4774 1.3378 10.3434
vertex -24.8482 3.6860 10.3434
vertex -25.4774 3.7688 10.3434
endloop
endfacet
facet normal 0.000000 0.000000 -1.000000
outer loop
vertex -25.4774 1.3378 0.0000
vertex -25.4774 3.7688 0.0000
vertex -24.8482 3.6860 0.0000
endloop
endfacet
facet normal -0.130526 0.991445 0.000000
outer loop
vertex -25.4774 3.7688 0.0000
vertex -26.1066 3.6860 0.0000
vertex -26.1066 3.6860 10.3434
endloop
endfacet
facet normal -0.130526 0.991445 0.000000
outer loop
vertex -25.4774 3.7688 0.0000
vertex -26.1066 3.6860 10.3434
vertex -25.4774 3.7688 10.3434
endloop
endfacet
facet normal 0.000000 -0.000000 1.000000
outer loop
vertex -25.4774 1.3378 10.3434
vertex -25.4774 3.7688 10.3434
vertex -26.1066 3.6860 10.3434
endloop
endfacet
facet normal 0.000000 0.000000 -1.000000
outer loop
vertex -25.4774 1.3378 0.0000
vertex -26.1066 3.6860 0.0000
vertex -25.4774 3.7688 0.0000
endloop
endfacet
facet normal -0.382683 0.923880 0.000000
outer loop
vertex -26.1066 3.6860 0.0000
vertex -26.6930 3.4431 0.0000
vertex -26.6930 3.4431 10.3434
endloop
endfacet
facet normal -0.382683 0.923880 0.000000
outer loop
vertex -26.1066 3.6860 0.0000
vertex -26.6930 3.4431 10.3434
vertex -26.1066 3.6860 10.3434
endloop
endfacet
facet normal 0.000000 0.000000 1.000000
outer loop
vertex -25.4774 1.3378 10.3434
vertex -26.1066 3.6860 10.3434
vertex -26.6930 3.4431 10.3434
endloop
endfacet
facet normal 0.000000 0.000000 -1.000000
outer loop
vertex -25.4774 1.3378 0.0000
vertex -26.6930 3.4431 0.0000
vertex -26.1066 3.6860 0.0000
endloop
endfacet
facet normal -0.608761 0.793353 0.000000
outer loop
vertex -26.6930 3.4431 0.0000
vertex -27.1965 3.0568 0.0000
vertex -27.1965 3.0568 10.3434
endloop
endfacet
facet normal -0.608761 0.793353 0.000000
outer loop
vertex -26.6930 3.4431 0.0000
vertex -27.1965 3.0568 10.3434
vertex -26.6930 3.4431 10.3434
endloop
endfacet
facet normal 0.000000 0.000000 1.000000
outer loop
vertex -25.4774 1.3378 10.3434
vertex -26.6930 3.4431 10.3434
vertex -27.1965 3.0568 10.3434
endloop
endfacet
facet normal 0.000000 0.000000 -1.000000
outer loop
vertex -25.4774 1.3378 0.0000
vertex -27.1965 3.0568 0.0000
vertex -26.6930 3.4431 0.0000
endloop
endfacet
facet normal -0.793353 0.608761 0.000000
outer loop
vertex -27.1965 3.0568 0.0000
vertex -27.5828 2.5533 0.0000
vertex -27.5828 2.5533 10.3434
endloop
endfacet
facet normal -0.793353 0.608761 0.000000
outer loop
vertex -27.1965 3.0568 0.0000
vertex -27.5828 2.5533 10.3434
vertex -27.1965 3.0568 10.3434
endloop
endfacet
facet normal 0.000000 0.000000 1.000000
outer loop
vertex -25.4774 1.3378 10.3434
vertex -27.1965 3.0568 10.3434
vertex -27.5828 2.5533 10.3434
endloop
endfacet
facet normal 0.000000 0.000000 -1.000000
outer loop
vertex -25.4774 1.3378 0.0000
vertex -27.5828 2.5533 0.0000
vertex -27.1965 3.0568 0.0000
endloop
endfacet
facet normal -0.923880 0.382683 0.000000
outer loop
vertex -27.5828 2.5533 0.0000
vertex -27.8257 1.9670 0.0000
vertex -27.8257 1.9670 10.3434
endloop
endfacet
facet normal -0.923880 0.382683 0.000000
outer loop
vertex -27.5828 2.5533 0.0000
vertex -27.8257 1.9670 10.3434
vertex -27.5828 2.5533 10.3434
endloop
endfacet
facet normal 0.000000 0.000000 1.000000
outer loop
vertex -25.4774 1.3378 10.3434
vertex -27.5828 2.5533 10.3434
vertex -27.8257 1.9670 10.3434
endloop
endfacet
facet normal 0.000000 0.000000 -1.000000
outer loop
vertex -25.4774 1.3378 0.0000
vertex -27.8257 1.9670 0.0000
vertex -27.5828 2.5533 0.0000
endloop
endfacet
facet normal -0.991445 0.130526 0.000000
outer loop
vertex -27.8257 1.9670 0.0000
vertex -27.9085 1.3378 0.0000
vertex -27.9085 1.3378 10.3434
endloop
endfacet
facet normal -0.991445 0.130526 0.000000
outer loop
vertex -27.8257 1.9670 0.0000
vertex -27.9085 1.3378 10.3434
vertex -27.8257 1.9670 10.3434
endloop
endfacet
facet normal 0.000000 0.000000 1.000000
outer loop
vertex -25.4774 1.3378 10.3434
vertex -27.8257 1.9670 10.3434
vertex -27.9085 1.3378 10.3434
endloop
endfacet
facet normal 0.000000 0.000000 -1.000000
outer loop
vertex -25.4774 1.3378 0.0000
vertex -27.9085 1.3378 0.0000
vertex -27.8257 1.9670 0.0000
endloop
endfacet
facet normal -0.991445 -0.130526 0.000000
outer loop
vertex -27.9085 1.3378 0.0000
vertex -27.8257 0.7086 0.0000
vertex -27.8257 0.7086 10.3434
endloop
endfacet
facet normal -0.991445 -0.130526 0.000000
outer loop
vertex -27.9085 1.3378 0.0000
vertex -27.8257 0.7086 10.3434
vertex -27.9085 1.3378 10.3434
endloop
endfacet
facet normal 0.000000 0.000000 1.000000
outer loop
vertex -25.4774 1.3378 10.3434
vertex -27.9085 1.3378 10.3434
vertex -27.8257 0.7086 10.3434
endloop
endfacet
facet normal -0.000000 0.000000 -1.000000
outer loop
vertex -25.4774 1.3378 0.0000
vertex -27.8257 0.7086 0.0000
vertex -27.9085 1.3378 0.0000
endloop
endfacet
facet normal -0.923880 -0.382683 0.000000
outer loop
vertex -27.8257 0.7086 0.0000
vertex -27.5828 0.1222 0.0000
vertex -27.5828 0.1222 10.3434
endloop
endfacet
facet normal -0.923880 -0.382683 0.000000
outer loop
vertex -27.8257 0.7086 0.0000
vertex -27.5828 0.1222 10.3434
vertex -27.8257 0.7086 10.3434
endloop
endfacet
facet normal 0.000000 0.000000 1.000000
outer loop
vertex -25.4774 1.3378 10.3434
vertex -27.8257 0.7086 10.3434
vertex -27.5828 0.1222 10.3434
endloop
endfacet
facet normal 0.000000 0.000000 -1.000000
outer loop
vertex -25.4774 1.3378 0.0000
vertex -27.5828 0.1222 0.0000
vertex -27.8257 0.7086 0.0000
endloop
endfacet
facet normal -0.793353 -0.608761 0.000000
outer loop
vertex -27.5828 0.1222 0.0000
vertex -27.1965 -0.3812 0.0000
vertex -27.1965 -0.3812 10.3434
endloop
endfacet
facet normal -0.793353 -0.608761 0.000000
outer loop
vertex -27.5828 0.1222 0.0000
vertex -27.1965 -0.3812 10.3434
vertex -27.5828 0.1222 10.3434
endloop
endfacet
facet normal 0.000000 0.000000 1.000000
outer loop
vertex -25.4774 1.3378 10.3434
vertex -27.5828 0.1222 10.3434
vertex -27.1965 -0.3812 10.3434
endloop
endfacet
facet normal 0.000000 0.000000 -1.000000
outer loop
vertex -25.4774 1.3378 0.0000
vertex -27.1965 -0.3812 0.0000
vertex -27.5828 0.1222 0.0000
endloop
endfacet
facet normal -0.608761 -0.793353 0.000000
outer loop
vertex -27.1965 -0.3812 0.0000
vertex -26.6930 -0.7676 0.0000
vertex -26.6930 -0.7676 10.3434
endloop
endfacet
facet normal -0.608761 -0.793353 0.000000
outer loop
vertex -27.1965 -0.3812 0.0000
vertex -26.6930 -0.7676 10.3434
vertex -27.1965 -0.3812 10.3434
endloop
endfacet
facet normal 0.000000 0.000000 1.000000
outer loop
vertex -25.4774 1.3378 10.3434
vertex -27.1965 -0.3812 10.3434
vertex -26.6930 -0.7676 10.3434
endloop
endfacet
facet normal 0.000000 0.000000 -1.000000
outer loop
vertex -25.4774 1.3378 0.0000
vertex -26.6930 -0.7676 0.0000
vertex -27.1965 -0.3812 0.0000
endloop
endfacet
facet normal -0.382683 -0.923880 0.000000
outer loop
vertex -26.6930 -0.7676 0.0000
vertex -26.1066 -1.0104 0.0000
vertex -26.1066 -1.0104 10.3434
endloop
endfacet
facet normal -0.382683 -0.923880 0.000000
outer loop
vertex -26.6930 -0.7676 0.0000
vertex -26.1066 -1.0104 10.3434
vertex -26.6930 -0.7676 10.3434
endloop
endfacet
facet normal 0.000000 0.000000 1.000000
outer loop
vertex -25.4774 1.3378 10.3434
vertex -26.6930 -0.7676 10.3434
vertex -26.1066 -1.0104 10.3434
endloop
endfacet
facet normal 0.000000 0.000000 -1.000000
outer loop
vertex -25.4774 1.3378 0.0000
vertex -26.1066 -1.0104 0.0000
vertex -26.6930 -0.7676 0.0000
endloop
endfacet
facet normal -0.130526 -0.991445 0.000000
outer loop
vertex -26.1066 -1.0104 0.0000
vertex -25.4774 -1.0933 0.0000
vertex -25.4774 -1.0933 10.3434
endloop
endfacet
facet normal -0.130526 -0.991445 0.000000
outer loop
vertex -26.1066 -1.0104 0.0000
vertex -25.4774 -1.0933 10.3434
vertex -26.1066 -1.0104 10.3434
endloop
endfacet
facet normal 0.000000 0.000000 1.000000
outer loop
vertex -25.4774 1.3378 10.3434
vertex -26.1066 -1.0104 10.3434
vertex -25.4774 -1.0933 10.3434
endloop
endfacet
facet normal 0.000000 -0.000000 -1.000000
outer loop
vertex -25.4774 1.3378 0.0000
vertex -25.4774 -1.0933 0.0000
vertex -26.1066 -1.0104 0.0000
endloop
endfacet
facet normal 0.130526 -0.991445 0.000000
outer loop
vertex -25.4774 -1.0933 0.0000
vertex -24.8482 -1.0104 0.0000
vertex -24.8482 -1.0104 10.3434
endloop
endfacet
facet normal 0.130526 -0.991445 0.000000
outer loop
vertex -25.4774 -1.0933 0.0000
vertex -24.8482 -1.0104 10.3434
vertex -25.4774 -1.0933 10.3434
endloop
endfacet
facet normal 0.000000 0.000000 1.000000
outer loop
vertex -25.4774 1.3378 10.3434
vertex -25.4774 -1.0933 10.3434
vertex -24.8482 -1.0104 10.3434
endloop
endfacet
facet normal 0.000000 0.000000 -1.000000
outer loop
vertex -25.4774 1.3378 0.0000
vertex -24.8482 -1.0104 0.0000
vertex -25.4774 -1.0933 0.0000
endloop
endfacet
facet normal 0.382683 -0.923880 0.000000
outer loop
vertex -24.8482 -1.0104 0.0000
vertex -24.2619 -0.7676 0.0000
vertex -24.2619 -0.7676 10.3434
endloop
endfacet
facet normal 0.382683 -0.923880 0.000000
outer loop
vertex -24.8482 -1.0104 0.0000
vertex -24.2619 -0.7676 10.3434
vertex -24.8482 -1.0104 10.3434
endloop
endfacet
facet normal 0.000000 0.000000 1.000000
outer loop
vertex -25.4774 1.3378 10.3434
vertex -24.8482 -1.0104 10.3434
vertex -24.2619 -0.7676 10.3434
endloop
endfacet
facet normal 0.000000 0.000000 -1.000000
outer loop
vertex -25.4774 1.3378 0.0000
vertex -24.2619 -0.7676 0.0000
vertex -24.8482 -1.0104 0.0000
endloop
endfacet
facet normal 0.608761 -0.793353 0.000000
outer loop
vertex -24.2619 -0.7676 0.0000
vertex -23.7584 -0.3812 0.0000
vertex -23.7584 -0.3812 10.3434
endloop
endfacet
facet normal 0.608761 -0.793353 0.000000
outer loop
vertex -24.2619 -0.7676 0.0000
vertex -23.7584 -0.3812 10.3434
vertex -24.2619 -0.7676 10.3434
endloop
endfacet
facet normal 0.000000 0.000000 1.000000
outer loop
vertex -25.4774 1.3378 10.3434
vertex -24.2619 -0.7676 10.3434
vertex -23.7584 -0.3812 10.3434
endloop
endfacet
facet normal 0.000000 0.000000 -1.000000
outer loop
vertex -25.4774 1.3378 0.0000
vertex -23.7584 -0.3812 0.0000
vertex -24.2619 -0.7676 0.0000
endloop
endfacet
facet normal 0.793353 -0.608761 0.000000
outer loop
vertex -23.7584 -0.3812 0.0000
vertex -23.3721 0.1222 0.0000
vertex -23.3721 0.1222 10.3434
endloop
endfacet
facet normal 0.793353 -0.608761 0.000000
outer loop
vertex -23.7584 -0.3812 0.0000
vertex -23.3721 0.1222 10.3434
vertex -23.7584 -0.3812 10.3434
endloop
endfacet
facet normal 0.000000 0.000000 1.000000
outer loop
vertex -25.4774 1.3378 10.3434
vertex -23.7584 -0.3812 10.3434
vertex -23.3721 0.1222 10.3434
endloop
endfacet
facet normal 0.000000 0.000000 -1.000000
outer loop
vertex -25.4774 1.3378 0.0000
vertex -23.3721 0.1222 0.0000
vertex -23.7584 -0.3812 0.0000
endloop
endfacet
facet normal 0.923880 -0.382683 0.000000
outer loop
vertex -23.3721 0.1222 0.0000
vertex -23.1292 0.7086 0.0000
vertex -23.1292 0.7086 10.3434
endloop
endfacet
facet normal 0.923880 -0.382683 0.000000
outer loop
vertex -23.3721 0.1222 0.0000
vertex -23.1292 0.7086 10.3434
vertex -23.3721 0.1222 10.3434
endloop
endfacet
facet normal 0.000000 0.000000 1.000000
outer loop
vertex -25.4774 1.3378 10.3434
vertex -23.3721 0.1222 10.3434
vertex -23.1292 0.7086 10.3434
endloop
endfacet
facet normal 0.000000 0.000000 -1.000000
outer loop
vertex -25.4774 1.3378 0.0000
vertex -23.1292 0.7086 0.0000
vertex -23.3721 0.1222 0.0000
endloop
endfacet
facet normal 0.991445 -0.130526 0.000000
outer loop
vertex -23.1292 0.7086 0.0000
vertex -23.0464 1.3378 0.0000
vertex -23.0464 1.3378 10.3434
endloop
endfacet
facet normal 0.991445 -0.130526 0.000000
outer loop
vertex -23.1292 0.7086 0.0000
vertex -23.0464 1.3378 10.3434
vertex -23.1292 0.7086 10.3434
endloop
endfacet
facet normal 0.000000 0.000000 1.000000
outer loop
vertex -25.4774 1.3378 10.3434
vertex -23.1292 0.7086 10.3434
vertex -23.0464 1.3378 10.3434
endloop
endfacet
facet normal 0.000000 0.000000 -1.000000
outer loop
vertex -25.4774 1.3378 0.0000
vertex -23.0464 1.3378 0.0000
vertex -23.1292 0.7086 0.0000
endloop
endfacet
facet normal 0.991445 0.130526 0.000000
outer loop
vertex -10.4487 36.7202 0.0000
vertex -10.5010 37.1173 0.0000
vertex -10.5010 37.1173 13.1161
endloop
endfacet
facet normal 0.991445 0.130526 -0.000000
outer loop
vertex -10.4487 36.7202 0.0000
vertex -10.5010 37.1173 13.1161
vertex -10.4487 36.7202 13.1161
endloop
endfacet
facet normal 0.000000 0.000000 1.000000
outer loop
vertex -11.9829 36.7202 13.1161
vertex -10.4487 36.7202 13.1161
vertex -10.5010 37.1173 13.1161
endloop
endfacet
facet normal 0.000000 0.000000 -1.000000
outer loop
vertex -11.9829 36.7202 0.0000
vertex -10.5010 37.1173 0.0000
vertex -10.4487 36.7202 0.0000
endloop
endfacet
facet normal 0.923880 0.382683 0.000000
outer loop
vertex -10.5010 37.1173 0.0000
vertex -10.6543 37.4873 0.0000
vertex -10.6543 37.4873 13.1161
endloop
endfacet
facet normal 0.923880 0.382683 -0.000000
outer loop
vertex -10.5010 37.1173 0.0000
vertex -10.6543 37.4873 13.1161
vertex -10.5010 37.1173 13.1161
endloop
endfacet
facet normal 0.000000 0.000000 1.000000
outer loop
vertex -11.9829 36.7202 13.1161
vertex -10.5010 37.1173 13.1161
vertex -10.6543 37.4873 13.1161
endloop
endfacet
facet normal 0.000000 0.000000 -1.000000
outer loop
vertex -11.9829 36.7202 0.0000
vertex -10.6543 37.4873 0.0000
vertex -10.5010 37.1173 0.0000
endloop
endfacet
facet normal 0.793353 0.608761 0.000000
outer loop
vertex -10.6543 37.4873 0.0000
vertex -10.8981 37.8051 0.0000
vertex -10.8981 37.8051 13.1161
endloop
endfacet
facet normal 0.793353 0.608761 -0.000000
outer loop
vertex -10.6543 37.4873 0.0000
vertex -10.8981 37.8051 13.1161
vertex -10.6543 37.4873 13.1161
endloop
endfacet
facet normal 0.000000 0.000000 1.000000
outer loop
vertex -11.9829 36.7202 13.1161
vertex -10.6543 37.4873 13.1161
vertex -10.8981 37.8051 13.1161
endloop
endfacet
facet normal 0.000000 0.000000 -1.000000
outer loop
vertex -11.9829 36.7202 0.0000
vertex -10.8981 37.8051 0.0000
vertex -10.6543 37.4873 0.0000
endloop
endfacet
facet normal 0.608761 0.793353 0.000000
outer loop
vertex -10.8981 37.8051 0.0000
vertex -11.2158 38.0489 0.0000
vertex -11.2158 38.0489 13.1161
endloop
endfacet
facet normal 0.608761 0.793353 -0.000000
outer loop
vertex -10.8981 37.8051 0.0000
vertex -11.2158 38.0489 13.1161
vertex -10.8981 37.8051 13.1161
endloop
endfacet
facet normal 0.000000 0.000000 1.000000
outer loop
vertex -11.9829 36.7202 13.1161
vertex -10.8981 37.8051 13.1161
vertex -11.2158 38.0489 13.1161
endloop
endfacet
facet normal 0.000000 0.000000 -1.000000
outer loop
vertex -11.9829 36.7202 0.0000
vertex -11.2158 38.0489 0.0000
vertex -10.8981 37.8051 0.0000
endloop
endfacet
facet normal 0.382683 0.923880 0.000000
outer loop
vertex -11.2158 38.0489 0.0000
vertex -11.5858 38.2022 0.0000
vertex -11.5858 38.2022 13.1161
endloop
endfacet
facet normal 0.382683 0.923880 -0.000000
outer loop
vertex -11.2158 38.0489 0.0000
vertex -11.5858 38.2022 13.1161
vertex -11.2158 38.0489 13.1161
endloop
endfacet
facet normal 0.000000 0.000000 1.000000
outer loop
vertex -11.9829 36.7202 13.1161
vertex -11.2158 38.0489 13.1161
vertex -11.5858 38.2022 13.1161
endloop
endfacet
facet normal 0.000000 0.000000 -1.000000
outer loop
vertex -11.9829 36.7202 0.0000
vertex -11.5858 38.2022 0.0000
vertex -11.2158 38.0489 0.0000
endloop
endfacet
facet normal 0.130526 0.991445 0.000000
outer loop
vertex -11.5858 38.2022 0.0000
vertex -11.9829 38.2544 0.0000
vertex -11.9829 38.2544 13.1161
endloop
endfacet
facet normal 0.130526 0.991445 -0.000000
outer loop
vertex -11.5858 38.2022 0.0000
vertex -11.9829 38.2544 13.1161
vertex -11.5858 38.2022 13.1161
endloop
endfacet
facet normal 0.000000 0.000000 1.000000
outer loop
vertex -11.9829 36.7202 13.1161
vertex -11.5858 38.2022 13.1161
vertex -11.9829 38.2544 13.1161
endloop
endfacet
facet normal 0.000000 0.000000 -1.000000
outer loop
vertex -11.9829 36.7202 0.0000
vertex -11.9829 38.2544 0.0000
vertex -11.5858 38.2022 0.0000
endloop
endfacet
facet normal -0.130526 0.991445 0.000000
outer loop
vertex -11.9829 38.2544 0.0000
vertex -12.3800 38.2022 0.0000
vertex -12.3800 38.2022 13.1161
endloop
endfacet
facet normal -0.130526 0.991445 0.000000
outer loop
vertex -11.9829 38.2544 0.0000
vertex -12.3800 38.2022 13.1161
vertex -11.9829 38.2544 13.1161
endloop
endfacet
facet normal 0.000000 -0.000000 1.000000
outer loop
vertex -11.9829 36.7202 13.1161
vertex -11.9829 38.2544 13.1161
vertex -12.3800 38.2022 13.1161
endloop
endfacet
facet normal 0.000000 0.000000 -1.000000
outer loop
vertex -11.9829 36.7202 0.0000
vertex -12.3800 38.2022 0.0000
vertex -11.9829 38.2544 0.0000
endloop
endfacet
facet normal -0.382683 0.923880 0.000000
outer loop
vertex -12.3800 38.2022 0.0000
vertex -12.7500 38.0489 0.0000
vertex -12.7500 38.0489 13.1161
endloop
endfacet
facet normal -0.382683 0.923880 0.000000
outer loop
vertex -12.3800 38.2022 0.0000
vertex -12.7500 38.0489 13.1161
vertex -12.3800 38.2022 13.1161
endloop
endfacet
facet normal 0.000000 0.000000 1.000000
outer loop
vertex -11.9829 36.7202 13.1161
vertex -12.3800 38.2022 13.1161
vertex -12.7500 38.0489 13.1161
endloop
endfacet
facet normal 0.000000 0.000000 -1.000000
outer loop
vertex -11.9829 36.7202 0.0000
vertex -12.7500 38.0489 0.0000
vertex -12.3800 38.2022 0.0000
endloop
endfacet
facet normal -0.608761 0.793353 0.000000
outer loop
vertex -12.7500 38.0489 0.0000
vertex -13.0677 37.8051 0.0000
vertex -13.0677 37.8051 13.1161
endloop
endfacet
facet normal -0.608761 0.793353 0.000000
outer loop
vertex -12.7500 38.0489 0.0000
vertex -13.0677 37.8051 13.1161
vertex -12.7500 38.0489 13.1161
endloop
endfacet
facet normal 0.000000 0.000000 1.000000
outer loop
vertex -11.9829 36.7202 13.1161
vertex -12.7500 38.0489 13.1161
vertex -13.0677 37.8051 13.1161
endloop
endfacet
facet normal 0.000000 0.000000 -1.000000
outer loop
vertex -11.9829 36.7202 0.0000
vertex -13.0677 37.8051 0.0000
vertex -12.7500 38.0489 0.0000
endloop
endfacet
facet normal -0.793353 0.608761 0.000000
outer loop
vertex -13.0677 37.8051 0.0000
vertex -13.3115 37.4873 0.0000
vertex -13.3115 37.4873 13.1161
endloop
endfacet
facet normal -0.793353 0.608761 0.000000
outer loop
vertex -13.0677 37.8051 0.0000
vertex -13.3115 37.4873 13.1161
vertex -13.0677 37.8051 13.1161
endloop
endfacet
facet normal 0.000000 0.000000 1.000000
outer loop
vertex -11.9829 36.7202 13.1161
vertex -13.0677 37.8051 13.1161
vertex -13.3115 37.4873 13.1161
endloop
endfacet
facet normal 0.000000 0.000000 -1.000000
outer loop
vertex -11.9829 36.7202 0.0000
vertex -13.3115 37.4873 0.0000
vertex -13.0677 37.8051 0.0000
endloop
endfacet
facet normal -0.923880 0.382683 0.000000
outer loop
vertex -13.3115 37.4873 0.0000
vertex -13.4648 37.1173 0.0000
vertex -13.4648 37.1173 13.1161
endloop
endfacet
facet normal -0.923880 0.382683 0.000000
outer loop
vertex -13.3115 37.4873 0.0000
vertex -13.4648 37.1173 13.1161
vertex -13.3115 37.4873 13.1161
endloop
endfacet
facet normal 0.000000 0.000000 1.000000
outer loop
vertex -11.9829 36.7202 13.1161
vertex -13.3115 37.4873 13.1161
vertex -13.4648 37.1173 13.1161
endloop
endfacet
facet normal 0.000000 0.000000 -1.000000
outer loop
vertex -11.9829 36.7202 0.0000
vertex -13.4648 37.1173 0.0000
vertex -13.3115 37.4873 0.0000
endloop
endfacet
facet normal -0.991445 0.130526 0.000000
outer loop
vertex -13.4648 37.1173 0.0000
vertex -13.5171 36.7202 0.0000
vertex -13.5171 36.7202 13.1161
endloop
endfacet
facet normal -0.991445 0.130526 0.000000
outer loop
vertex -13.4648 37.1173 0.0000
vertex -13.5171 36.7202 13.1161
vertex -13.4648 37.1173 13.1161
endloop
endfacet
facet normal 0.000000 0.000000 1.000000
outer loop
vertex -11.9829 36.7202 13.1161
vertex -13.4648 37.1173 13.1161
vertex -13.5171 36.7202 13.1161
endloop
endfacet
facet normal 0.000000 0.000000 -1.000000
outer loop
vertex -11.9829 36.7202 0.0000
vertex -13.5171 36.7202 0.0000
vertex -13.4648 37.1173 0.0000
endloop
endfacet
facet normal -0.991445 -0.130526 0.000000
outer loop
vertex -13.5171 36.7202 0.0000
vertex -13.4648 36.3232 0.0000
vertex -13.4648 36.3232 13.1161
endloop
endfacet
facet normal -0.991445 -0.130526 0.000000
outer loop
vertex -13.5171 36.7202 0.0000
vertex -13.4648 36.3232 13.1161
vertex -13.5171 36.7202 13.1161
endloop
endfacet
facet normal 0.000000 0.000000 1.000000
outer loop
vertex -11.9829 36.7202 13.1161
vertex -13.5171 36.7202 13.1161
vertex -13.4648 36.3232 13.1161
endloop
endfacet
facet normal -0.000000 0.000000 -1.000000
outer loop
vertex -11.9829 36.7202 0.0000
vertex -13.4648 36.3232 0.0000
vertex -13.5171 36.7202 0.0000
endloop
endfacet
facet normal -0.923880 -0.382683 0.000000
outer loop
vertex -13.4648 36.3232 0.0000
vertex -13.3115 35.9532 0.0000
vertex -13.3115 35.9532 13.1161
endloop
endfacet
facet normal -0.923880 -0.382683 0.000000
outer loop
vertex -13.4648 36.3232 0.0000
vertex -13.3115 35.9532 13.1161
vertex -13.4648 36.3232 13.1161
endloop
endfacet
facet normal 0.000000 0.000000 1.000000
outer loop
vertex -11.9829 36.7202 13.1161
vertex -13.4648 36.3232 13.1161
vertex -13.3115 35.9532 13.1161
endloop
endfacet
facet normal 0.000000 0.000000 -1.000000
outer loop
vertex -11.9829 36.7202 0.0000
vertex -13.3115 35.9532 0.0000
vertex -13.4648 36.3232 0.0000
endloop
endfacet
facet normal -0.793353 -0.608761 0.000000
outer loop
vertex -13.3115 35.9532 0.0000
vertex -13.0677 35.6354 0.0000
vertex -13.0677 35.6354 13.1161
endloop
endfacet
facet normal -0.793353 -0.608761 0.000000
outer loop
vertex -13.3115 35.9532 0.0000
vertex -13.0677 35.6354 13.1161
vertex -13.3115 35.9532 13.1161
endloop
endfacet
facet normal 0.000000 0.000000 1.000000
outer loop
vertex -11.9829 36.7202 13.1161
vertex -13.3115 35.9532 13.1161
vertex -13.0677 35.6354 13.1161
endloop
endfacet
facet normal 0.000000 0.000000 -1.000000
outer loop
vertex -11.9829 36.7202 0.0000
vertex -13.0677 35.6354 0.0000
vertex -13.3115 35.9532 0.0000
endloop
endfacet
facet normal -0.608761 -0.793353 0.000000
outer loop
vertex -13.0677 35.6354 0.0000
vertex -12.7500 35.3916 0.0000
vertex -12.7500 35.3916 13.1161
endloop
endfacet
facet normal -0.608761 -0.793353 0.000000
outer loop
vertex -13.0677 35.6354 0.0000
vertex -12.7500 35.3916 13.1161
vertex -13.0677 35.6354 13.1161
endloop
endfacet
facet normal 0.000000 0.000000 1.000000
outer loop
vertex -11.9829 36.7202 13.1161
vertex -13.0677 35.6354 13.1161
vertex -12.7500 35.3916 13.1161
endloop
endfacet
facet normal 0.000000 0.000000 -1.000000
outer loop
vertex -11.9829 36.7202 0.0000
vertex -12.7500 35.3916 0.0000
vertex -13.0677 35.6354 0.0000
endloop
endfacet
facet normal -0.382683 -0.923880 0.000000
outer loop
vertex -12.7500 35.3916 0.0000
vertex -12.3800 35.2383 0.0000
vertex -12.3800 35.2383 13.1161
endloop
endfacet
facet normal -0.382683 -0.923880 0.000000
outer loop
vertex -12.7500 35.3916 0.0000
vertex -12.3800 35.2383 13.1161
vertex -12.7500 35.3916 13.1161
endloop
endfacet
facet normal 0.000000 0.000000 1.000000
outer loop
vertex -11.9829 36.7202 13.1161
vertex -12.7500 35.3916 13.1161
vertex -12.3800 35.2383 13.1161
endloop
endfacet
facet normal 0.000000 0.000000 -1.000000
outer loop
vertex -11.9829 36.7202 0.0000
vertex -12.3800 35.2383 0.0000
vertex -12.7500 35.3916 0.0000
endloop
endfacet
facet normal -0.130526 -0.991445 0.000000
outer loop
vertex -12.3800 35.2383 0.0000
vertex -11.9829 35.1861 0.0000
vertex -11.9829 35.1861 13.1161
endloop
endfacet
facet normal -0.130526 -0.991445 0.000000
outer loop
vertex -12.3800 35.2383 0.0000
vertex -11.9829 35.1861 13.1161
vertex -12.3800 35.2383 13.1161
endloop
endfacet
facet normal 0.000000 0.000000 1.000000
outer loop
vertex -11.9829 36.7202 13.1161
vertex -12.3800 35.2383 13.1161
vertex -11.9829 35.1861 13.1161
endloop
endfacet
facet normal 0.000000 -0.000000 -1.000000
outer loop
vertex -11.9829 36.7202 0.0000
vertex -11.9829 35.1861 0.0000
vertex -12.3800 35.2383 0.0000
endloop
endfacet
facet normal 0.130526 -0.991445 0.000000
outer loop
vertex -11.9829 35.1861 0.0000
vertex -11.5858 35.2383 0.0000
vertex -11.5858 35.2383 13.1161
endloop
endfacet
facet normal 0.130526 -0.991445 0.000000
outer loop
vertex -11.9829 35.1861 0.0000
vertex -11.5858 35.2383 13.1161
vertex -11.9829 35.1861 13.1161
endloop
endfacet
facet normal 0.000000 0.000000 1.000000
outer loop
vertex -11.9829 36.7202 13.1161
vertex -11.9829 35.1861 13.1161
vertex -11.5858 35.2383 13.1161
endloop
endfacet
facet normal 0.000000 0.000000 -1.000000
outer loop
vertex -11.9829 36.7202 0.0000
vertex -11.5858 35.2383 0.0000
vertex -11.9829 35.1861 0.0000
endloop
endfacet
facet normal 0.382683 -0.923880 0.000000
outer loop
vertex -11.5858 35.2383 0.0000
vertex -11.2158 35.3916 0.0000
vertex -11.2158 35.3916 13.1161
endloop
endfacet
facet normal 0.382683 -0.923880 0.000000
outer loop
vertex -11.5858 35.2383 0.0000
vertex -11.2158 35.3916 13.1161
vertex -11.5858 35.2383 13.1161
endloop
endfacet
facet normal 0.000000 0.000000 1.000000
outer loop
vertex -11.9829 36.7202 13.1161
vertex -11.5858 35.2383 13.1161
vertex -11.2158 35.3916 13.1161
endloop
endfacet
facet normal 0.000000 0.000000 -1.000000
outer loop
vertex -11.9829 36.7202 0.0000
vertex -11.2158 35.3916 0.0000
vertex -11.5858 35.2383 0.0000
endloop
endfacet
facet normal 0.608761 -0.793353 0.000000
outer loop
vertex -11.2158 35.3916 0.0000
vertex -10.8981 35.6354 0.0000
vertex -10.8981 35.6354 13.1161
endloop
endfacet
facet normal 0.608761 -0.793353 0.000000
outer loop
vertex -11.2158 35.3916 0.0000
vertex -10.8981 35.6354 13.1161
vertex -11.2158 35.3916 13.1161
endloop
endfacet
facet normal 0.000000 0.000000 1.000000
outer loop
vertex -11.9829 36.7202 13.1161
vertex -11.2158 35.3916 13.1161
vertex -10.8981 35.6354 13.1161
endloop
endfacet
facet normal 0.000000 0.000000 -1.000000
outer loop
vertex -11.9829 36.7202 0.0000
vertex -10.8981 35.6354 0.0000
vertex -11.2158 35.3916 0.0000
endloop
endfacet
facet normal 0.793353 -0.608761 0.000000
outer loop
vertex -10.8981 35.6354 0.0000
vertex -10.6543 35.9532 0.0000
vertex -10.6543 35.9532 13.1161
endloop
endfacet
facet normal 0.793353 -0.608761 0.000000
outer loop
vertex -10.8981 35.6354 0.0000
vertex -10.6543 35.9532 13.1161
vertex -10.8981 35.6354 13.1161
endloop
endfacet
facet normal 0.000000 0.000000 1.000000
outer loop
vertex -11.9829 36.7202 13.1161
vertex -10.8981 35.6354 13.1161
vertex -10.6543 35.9532 13.1161
endloop
endfacet
facet normal 0.000000 0.000000 -1.000000
outer loop
vertex -11.9829 36.7202 0.0000
vertex -10.6543 35.9532 0.0000
vertex -10.8981 35.6354 0.0000
endloop
endfacet
facet normal 0.923880 -0.382683 0.000000
outer loop
vertex -10.6543 35.9532 0.0000
vertex -10.5010 36.3232 0.0000
vertex -10.5010 36.3232 13.1161
endloop
endfacet
facet normal 0.923880 -0.382683 0.000000
outer loop
vertex -10.6543 35.9532 0.0000
vertex -10.5010 36.3232 13.1161
vertex -10.6543 35.9532 13.1161
endloop
endfacet
facet normal 0.000000 0.000000 1.000000
outer loop
vertex -11.9829 36.7202 13.1161
vertex -10.6543 35.9532 13.1161
vertex -10.5010 36.3232 13.1161
endloop
endfacet
facet normal 0.000000 0.000000 -1.000000
outer loop
vertex -11.9829 36.7202 0.0000
vertex -10.5010 36.3232 0.0000
vertex -10.6543 35.9532 0.0000
endloop
endfacet
facet normal 0.991445 -0.130526 0.000000
outer loop
vertex -10.5010 36.3232 0.0000
vertex -10.4487 36.7202 0.0000
vertex -10.4487 36.7202 13.1161
endloop
endfacet
facet normal 0.991445 -0.130526 0.000000
outer loop
vertex -10.5010 36.3232 0.0000
vertex -10.4487 36.7202 13.1161
vertex -10.5010 36.3232 13.1161
endloop
endfacet
facet normal -0.000000 0.000000 1.000000
outer loop
vertex -11.9829 36.7202 13.1161
vertex -10.5010 36.3232 13.1161
vertex -10.4487 36.7202 13.1161
endloop
endfacet
facet normal 0.000000 0.000000 -1.000000
outer loop
vertex -11.9829 36.7202 0.0000
vertex -10.4487 36.7202 0.0000
vertex -10.5010 36.3232 0.0000
endloop
endfacet
facet normal 0.991445 0.130526 0.000000
outer loop
vertex 27.9626 31.0422 0.0000
vertex 27.8776 31.6878 0.0000
vertex 27.8776 31.6878 23.3798
endloop
endfacet
facet normal 0.991445 0.130526 -0.000000
outer loop
vertex 27.9626 31.0422 0.0000
vertex 27.8776 31.6878 23.3798
vertex 27.9626 31.0422 23.3798
endloop
endfacet
facet normal 0.000000 0.000000 1.000000
outer loop
vertex 25.4683 31.0422 23.3798
vertex 27.9626 31.0422 23.3798
vertex 27.8776 31.6878 23.3798
endloop
endfacet
facet normal 0.000000 0.000000 -1.000000
outer loop
vertex 25.4683 31.0422 0.0000
vertex 27.8776 31.6878 0.0000
vertex 27.9626 31.0422 0.0000
endloop
endfacet
facet normal 0.923880 0.382683 0.000000
outer loop
vertex 27.8776 31.6878 0.0000
vertex 27.6284 32.2894 0.0000
vertex 27.6284 32.2894 23.3798
endloop
endfacet
facet normal 0.923880 0.382683 -0.000000
outer loop
vertex 27.8776 31.6878 0.0000
vertex 27.6284 32.2894 23.3798
vertex 27.8776 31.6878 23.3798
endloop
endfacet
facet normal 0.000000 0.000000 1.000000
outer loop
vertex 25.4683 31.0422 23.3798
vertex 27.8776 31.6878 23.3798
vertex 27.6284 32.2894 23.3798
endloop
endfacet
facet normal 0.000000 0.000000 -1.000000
outer loop
vertex 25.4683 31.0422 0.0000
vertex 27.6284 32.2894 0.0000
vertex 27.8776 31.6878 0.0000
endloop
endfacet
facet normal 0.793353 0.608761 0.000000
outer loop
vertex 27.6284 32.2894 0.0000
vertex 27.2320 32.8060 0.0000
vertex 27.2320 32.8060 23.3798
endloop
endfacet
facet normal 0.793353 0.608761 -0.000000
outer loop
vertex 27.6284 32.2894 0.0000
vertex 27.2320 32.8060 23.3798
vertex 27.6284 32.2894 23.3798
endloop
endfacet
facet normal 0.000000 0.000000 1.000000
outer loop
vertex 25.4683 31.0422 23.3798
vertex 27.6284 32.2894 23.3798
vertex 27.2320 32.8060 23.3798
endloop
endfacet
facet normal 0.000000 0.000000 -1.000000
outer loop
vertex 25.4683 31.0422 0.0000
vertex 27.2320 32.8060 0.0000
vertex 27.6284 32.2894 0.0000
endloop
endfacet
facet normal 0.608761 0.793353 0.000000
outer loop
vertex 27.2320 32.8060 0.0000
vertex 26.7154 33.2024 0.0000
vertex 26.7154 33.2024 23.3798
endloop
endfacet
facet normal 0.608761 0.793353 -0.000000
outer loop
vertex 27.2320 32.8060 0.0000
vertex 26.7154 33.2024 23.3798
vertex 27.2320 32.8060 23.3798
endloop
endfacet
facet normal 0.000000 0.000000 1.000000
outer loop
vertex 25.4683 31.0422 23.3798
vertex 27.2320 32.8060 23.3798
vertex 26.7154 33.2024 23.3798
endloop
endfacet
facet normal 0.000000 0.000000 -1.000000
outer loop
vertex 25.4683 31.0422 0.0000
vertex 26.7154 33.2024 0.0000
vertex 27.2320 32.8060 0.0000
endloop
endfacet
facet normal 0.382683 0.923880 0.000000
outer loop
vertex 26.7154 33.2024 0.0000
vertex 26.1138 33.4515 0.0000
vertex 26.1138 33.4515 23.3798
endloop
endfacet
facet normal 0.382683 0.923880 -0.000000
outer loop
vertex 26.7154 33.2024 0.0000
vertex 26.1138 33.4515 23.3798
vertex 26.7154 33.2024 23.3798
endloop
endfacet
facet normal 0.000000 0.000000 1.000000
outer loop
vertex 25.4683 31.0422 23.3798
vertex 26.7154 33.2024 23.3798
vertex 26.1138 33.4515 23.3798
endloop
endfacet
facet normal 0.000000 0.000000 -1.000000
outer loop
vertex 25.4683 31.0422 0.0000
vertex 26.1138 33.4515 0.0000
vertex 26.7154 33.2024 0.0000
endloop
endfacet
facet normal 0.130526 0.991445 0.000000
outer loop
vertex 26.1138 33.4515 0.0000
vertex 25.4683 33.5365 0.0000
vertex 25.4683 33.5365 23.3798
endloop
endfacet
facet normal 0.130526 0.991445 -0.000000
outer loop
vertex 26.1138 33.4515 0.0000
vertex 25.4683 33.5365 23.3798
vertex 26.1138 33.4515 23.3798
endloop
endfacet
facet normal 0.000000 0.000000 1.000000
outer loop
vertex 25.4683 31.0422 23.3798
vertex 26.1138 33.4515 23.3798
vertex 25.4683 33.5365 23.3798
endloop
endfacet
facet normal 0.000000 0.000000 -1.000000
outer loop
vertex 25.4683 31.0422 0.0000
vertex 25.4683 33.5365 0.0000
vertex 26.1138 33.4515 0.0000
endloop
endfacet
facet normal -0.130526 0.991445 0.000000
outer loop
vertex 25.4683 33.5365 0.0000
vertex 24.8227 33.4515 0.0000
vertex 24.8227 33.4515 23.3798
endloop
endfacet
facet normal -0.130526 0.991445 0.000000
outer loop
vertex 25.4683 33.5365 0.0000
vertex 24.8227 33.4515 23.3798
vertex 25.4683 33.5365 23.3798
endloop
endfacet
facet normal 0.000000 -0.000000 1.000000
outer loop
vertex 25.4683 31.0422 23.3798
vertex 25.4683 33.5365 23.3798
vertex 24.8227 33.4515 23.3798
endloop
endfacet
facet normal 0.000000 0.000000 -1.000000
outer loop
vertex 25.4683 31.0422 0.0000
vertex 24.8227 33.4515 0.0000
vertex 25.4683 33.5365 0.0000
endloop
endfacet
facet normal -0.382683 0.923880 0.000000
outer loop
vertex 24.8227 33.4515 0.0000
vertex 24.2211 33.2024 0.0000
vertex 24.2211 33.2024 23.3798
endloop
endfacet
facet normal -0.382683 0.923880 0.000000
outer loop
vertex 24.8227 33.4515 0.0000
vertex 24.2211 33.2024 23.3798
vertex 24.8227 33.4515 23.3798
endloop
endfacet
facet normal 0.000000 0.000000 1.000000
outer loop
vertex 25.4683 31.0422 23.3798
vertex 24.8227 33.4515 23.3798
vertex 24.2211 33.2024 23.3798
endloop
endfacet
facet normal 0.000000 0.000000 -1.000000
outer loop
vertex 25.4683 31.0422 0.0000
vertex 24.2211 33.2024 0.0000
vertex 24.8227 33.4515 0.0000
endloop
endfacet
facet normal -0.608761 0.793353 0.000000
outer loop
vertex 24.2211 33.2024 0.0000
vertex 23.7045 32.8060 0.0000
vertex 23.7045 32.8060 23.3798
endloop
endfacet
facet normal -0.608761 0.793353 0.000000
outer loop
vertex 24.2211 33.2024 0.0000
vertex 23.7045 32.8060 23.3798
vertex 24.2211 33.2024 23.3798
endloop
endfacet
facet normal 0.000000 0.000000 1.000000
outer loop
vertex 25.4683 31.0422 23.3798
vertex 24.2211 33.2024 23.3798
vertex 23.7045 32.8060 23.3798
endloop
endfacet
facet normal 0.000000 0.000000 -1.000000
outer loop
vertex 25.4683 31.0422 0.0000
vertex 23.7045 32.8060 0.0000
vertex 24.2211 33.2024 0.0000
endloop
endfacet
facet normal -0.793353 0.608761 0.000000
outer loop
vertex 23.7045 32.8060 0.0000
vertex 23.3081 32.2894 0.0000
vertex 23.3081 32.2894 23.3798
endloop
endfacet
facet normal -0.793353 0.608761 0.000000
outer loop
vertex 23.7045 32.8060 0.0000
vertex 23.3081 32.2894 23.3798
vertex 23.7045 32.8060 23.3798
endloop
endfacet
facet normal 0.000000 0.000000 1.000000
outer loop
vertex 25.4683 31.0422 23.3798
vertex 23.7045 32.8060 23.3798
vertex 23.3081 32.2894 23.3798
endloop
endfacet
facet normal 0.000000 0.000000 -1.000000
outer loop
vertex 25.4683 31.0422 0.0000
vertex 23.3081 32.2894 0.0000
vertex 23.7045 32.8060 0.0000
endloop
endfacet
facet normal -0.923880 0.382683 0.000000
outer loop
vertex 23.3081 32.2894 0.0000
vertex 23.0590 31.6878 0.0000
vertex 23.0590 31.6878 23.3798
endloop
endfacet
facet normal -0.923880 0.382683 0.000000
outer loop
vertex 23.3081 32.2894 0.0000
vertex 23.0590 31.6878 23.3798
vertex 23.3081 32.2894 23.3798
endloop
endfacet
facet normal 0.000000 0.000000 1.000000
outer loop
vertex 25.4683 31.0422 23.3798
vertex 23.3081 32.2894 23.3798
vertex 23.0590 31.6878 23.3798
endloop
endfacet
facet normal 0.000000 0.000000 -1.000000
outer loop
vertex 25.4683 31.0422 0.0000
vertex 23.0590 31.6878 0.0000
vertex 23.3081 32.2894 0.0000
endloop
endfacet
facet normal -0.991445 0.130526 0.000000
outer loop
vertex 23.0590 31.6878 0.0000
vertex 22.9740 31.0422 0.0000
vertex 22.9740 31.0422 23.3798
endloop
endfacet
facet normal -0.991445 0.130526 0.000000
outer loop
vertex 23.0590 31.6878 0.0000
vertex 22.9740 31.0422 23.3798
vertex 23.0590 31.6878 23.3798
endloop
endfacet
facet normal 0.000000 0.000000 1.000000
outer loop
vertex 25.4683 31.0422 23.3798
vertex 23.0590 31.6878 23.3798
vertex 22.9740 31.0422 23.3798
endloop
endfacet
facet normal 0.000000 0.000000 -1.000000
outer loop
vertex 25.4683 31.0422 0.0000
vertex 22.9740 31.0422 0.0000
vertex 23.0590 31.6878 0.0000
endloop
endfacet
facet normal -0.991445 -0.130526 0.000000
outer loop
vertex 22.9740 31.0422 0.0000
vertex 23.0590 30.3966 0.0000
vertex 23.0590 30.3966 23.3798
endloop
endfacet
facet normal -0.991445 -0.130526 0.000000
outer loop
vertex 22.9740 31.0422 0.0000
vertex 23.0590 30.3966 23.3798
vertex 22.9740 31.0422 23.3798
endloop
endfacet
facet normal 0.000000 0.000000 1.000000
outer loop
vertex 25.4683 31.0422 23.3798
vertex 22.9740 31.0422 23.3798
vertex 23.0590 30.3966 23.3798
endloop
endfacet
facet normal -0.000000 0.000000 -1.000000
outer loop
vertex 25.4683 31.0422 0.0000
vertex 23.0590 30.3966 0.0000
vertex 22.9740 31.0422 0.0000
endloop
endfacet
facet normal -0.923880 -0.382683 0.000000
outer loop
vertex 23.0590 30.3966 0.0000
vertex 23.3081 29.7951 0.0000
vertex 23.3081 29.7951 23.3798
endloop
endfacet
facet normal -0.923880 -0.382683 0.000000
outer loop
vertex 23.0590 30.3966 0.0000
vertex 23.3081 29.7951 23.3798
vertex 23.0590 30.3966 23.3798
endloop
endfacet
facet normal 0.000000 0.000000 1.000000
outer loop
vertex 25.4683 31.0422 23.3798
vertex 23.0590 30.3966 23.3798
vertex 23.3081 29.7951 23.3798
endloop
endfacet
facet normal 0.000000 0.000000 -1.000000
outer loop
vertex 25.4683 31.0422 0.0000
vertex 23.3081 29.7951 0.0000
vertex 23.0590 30.3966 0.0000
endloop
endfacet
facet normal -0.793353 -0.608761 0.000000
outer loop
vertex 23.3081 29.7951 0.0000
vertex 23.7045 29.2785 0.0000
vertex 23.7045 29.2785 23.3798
endloop
endfacet
facet normal -0.793353 -0.608761 0.000000
outer loop
vertex 23.3081 29.7951 0.0000
vertex 23.7045 29.2785 23.3798
vertex 23.3081 29.7951 23.3798
endloop
endfacet
facet normal 0.000000 0.000000 1.000000
outer loop
vertex 25.4683 31.0422 23.3798
vertex 23.3081 29.7951 23.3798
vertex 23.7045 29.2785 23.3798
endloop
endfacet
facet normal 0.000000 0.000000 -1.000000
outer loop
vertex 25.4683 31.0422 0.0000
vertex 23.7045 29.2785 0.0000
vertex 23.3081 29.7951 0.0000
endloop
endfacet
facet normal -0.608761 -0.793353 0.000000
outer loop
vertex 23.7045 29.2785 0.0000
vertex 24.2211 28.8821 0.0000
vertex 24.2211 28.8821 23.3798
endloop
endfacet
facet normal -0.608761 -0.793353 0.000000
outer loop
vertex 23.7045 29.2785 0.0000
vertex 24.2211 28.8821 23.3798
vertex 23.7045 29.2785 23.3798
endloop
endfacet
facet normal 0.000000 0.000000 1.000000
outer loop
vertex 25.4683 31.0422 23.3798
vertex 23.7045 29.2785 23.3798
vertex 24.2211 28.8821 23.3798
endloop
endfacet
facet normal 0.000000 0.000000 -1.000000
outer loop
vertex 25.4683 31.0422 0.0000
vertex 24.2211 28.8821 0.0000
vertex 23.7045 29.2785 0.0000
endloop
endfacet
facet normal -0.382683 -0.923880 0.000000
outer loop
vertex 24.2211 28.8821 0.0000
vertex 24.8227 28.6329 0.0000
vertex 24.8227 28.6329 23.3798
endloop
endfacet
facet normal -0.382683 -0.923880 0.000000
outer loop
vertex 24.2211 28.8821 0.0000
vertex 24.8227 28.6329 23.3798
vertex 24.2211 28.8821 23.3798
endloop
endfacet
facet normal 0.000000 0.000000 1.000000
outer loop
vertex 25.4683 31.0422 23.3798
vertex 24.2211 28.8821 23.3798
vertex 24.8227 28.6329 23.3798
endloop
endfacet
facet normal 0.000000 0.000000 -1.000000
outer loop
vertex 25.4683 31.0422 0.0000
vertex 24.8227 28.6329 0.0000
vertex 24.2211 28.8821 0.0000
endloop
endfacet
facet normal -0.130526 -0.991445 0.000000
outer loop
vertex 24.8227 28.6329 0.0000
vertex 25.4683 28.5479 0.0000
vertex 25.4683 28.5479 23.3798
endloop
endfacet
facet normal -0.130526 -0.991445 0.000000
outer loop
vertex 24.8227 28.6329 0.0000
vertex 25.4683 28.5479 23.3798
vertex 24.8227 28.6329 23.3798
endloop
endfacet
facet normal 0.000000 0.000000 1.000000
outer loop
vertex 25.4683 31.0422 23.3798
vertex 24.8227 28.6329 23.3798
vertex 25.4683 28.5479 23.3798
endloop
endfacet
facet normal 0.000000 -0.000000 -1.000000
outer loop
vertex 25.4683 31.0422 0.0000
vertex 25.4683 28.5479 0.0000
vertex 24.8227 28.6329 0.0000
endloop
endfacet
facet normal 0.130526 -0.991445 0.000000
outer loop
vertex 25.4683 28.5479 0.0000
vertex 26.1138 28.6329 0.0000
vertex 26.1138 28.6329 23.3798
endloop
endfacet
facet normal 0.130526 -0.991445 0.000000
outer loop
vertex 25.4683 28.5479 0.0000
vertex 26.1138 28.6329 23.3798
vertex 25.4683 28.5479 23.3798
endloop
endfacet
facet normal 0.000000 0.000000 1.000000
outer loop
vertex 25.4683 31.0422 23.3798
vertex 25.4683 28.5479 23.3798
vertex 26.1138 28.6329 23.3798
endloop
endfacet
facet normal 0.000000 0.000000 -1.000000
outer loop
vertex 25.4683 31.0422 0.0000
vertex 26.1138 28.6329 0.0000
vertex 25.4683 28.5479 0.0000
endloop
endfacet
facet normal 0.382683 -0.923880 0.000000
outer loop
vertex 26.1138 28.6329 0.0000
vertex 26.7154 28.8821 0.0000
vertex 26.7154 28.8821 23.3798
endloop
endfacet
facet normal 0.382683 -0.923880 0.000000
outer loop
vertex 26.1138 28.6329 0.0000
vertex 26.7154 28.8821 23.3798
vertex 26.1138 28.6329 23.3798
endloop
endfacet
facet normal 0.000000 0.000000 1.000000
outer loop
vertex 25.4683 31.0422 23.3798
vertex 26.1138 28.6329 23.3798
vertex 26.7154 28.8821 23.3798
endloop
endfacet
facet normal 0.000000 0.000000 -1.000000
outer loop
vertex 25.4683 31.0422 0.0000
vertex 26.7154 28.8821 0.0000
vertex 26.1138 28.6329 0.0000
endloop
endfacet
facet normal 0.608761 -0.793353 0.000000
outer loop
vertex 26.7154 28.8821 0.0000
vertex 27.2320 29.2785 0.0000
vertex 27.2320 29.2785 23.3798
endloop
endfacet
facet normal 0.608761 -0.793353 0.000000
outer loop
vertex 26.7154 28.8821 0.0000
vertex 27.2320 29.2785 23.3798
vertex 26.7154 28.8821 23.3798
endloop
endfacet
facet normal 0.000000 0.000000 1.000000
outer loop
vertex 25.4683 31.0422 23.3798
vertex 26.7154 28.8821 23.3798
vertex 27.2320 29.2785 23.3798
endloop
endfacet
facet normal 0.000000 0.000000 -1.000000
outer loop
vertex 25.4683 31.0422 0.0000
vertex 27.2320 29.2785 0.0000
vertex 26.7154 28.8821 0.0000
endloop
endfacet
facet normal 0.793353 -0.608761 0.000000
outer loop
vertex 27.2320 29.2785 0.0000
vertex 27.6284 29.7951 0.0000
vertex 27.6284 29.7951 23.3798
endloop
endfacet
facet normal 0.793353 -0.608761 0.000000
outer loop
vertex 27.2320 29.2785 0.0000
vertex 27.6284 29.7951 23.3798
vertex 27.2320 29.2785 23.3798
endloop
endfacet
facet normal 0.000000 0.000000 1.000000
outer loop
vertex 25.4683 31.0422 23.3798
vertex 27.2320 29.2785 23.3798
vertex 27.6284 29.7951 23.3798
endloop
endfacet
facet normal 0.000000 0.000000 -1.000000
outer loop
vertex 25.4683 31.0422 0.0000
vertex 27.6284 29.7951 0.0000
vertex 27.2320 29.2785 0.0000
endloop
endfacet
facet normal 0.923880 -0.382683 0.000000
outer loop
vertex 27.6284 29.7951 0.0000
vertex 27.8776 30.3966 0.0000
vertex 27.8776 30.3966 23.3798
endloop
endfacet
facet normal 0.923880 -0.382683 0.000000
outer loop
vertex 27.6284 29.7951 0.0000
vertex 27.8776 30.3966 23.3798
vertex 27.6284 29.7951 23.3798
endloop
endfacet
facet normal 0.000000 0.000000 1.000000
outer loop
vertex 25.4683 31.0422 23.3798
vertex 27.6284 29.7951 23.3798
vertex 27.8776 30.3966 23.3798
endloop
endfacet
facet normal 0.000000 0.000000 -1.000000
outer loop
vertex 25.4683 31.0422 0.0000
vertex 27.8776 30.3966 0.0000
vertex 27.6284 29.7951 0.0000
endloop
endfacet
facet normal 0.991445 -0.130526 0.000000
outer loop
vertex 27.8776 30.3966 0.0000
vertex 27.9626 31.0422 0.0000
vertex 27.9626 31.0422 23.3798
endloop
endfacet
facet normal 0.991445 -0.130526 0.000000
outer loop
vertex 27.8776 30.3966 0.0000
vertex 27.9626 31.0422 23.3798
vertex 27.8776 30.3966 23.3798
endloop
endfacet
facet normal -0.000000 0.000000 1.000000
outer loop
vertex 25.4683 31.0422 23.3798
vertex 27.8776 30.3966 23.3798
vertex 27.9626 31.0422 23.3798
endloop
endfacet
facet normal 0.000000 0.000000 -1.000000
outer loop
vertex 25.4683 31.0422 0.0000
vertex 27.9626 31.0422 0.0000
vertex 27.8776 30.3966 0.0000
endloop
endfacet
facet normal 0.991445 0.130526 0.000000
outer loop
vertex 26.8005 -35.7969 0.0000
vertex 26.7316 -35.2733 0.0000
vertex 26.7316 -35.2733 17.4831
endloop
endfacet
facet normal 0.991445 0.130526 -0.000000
outer loop
vertex 26.8005 -35.7969 0.0000
vertex 26.7316 -35.2733 17.4831
vertex 26.8005 -35.7969 17.4831
endloop
endfacet
facet normal 0.000000 0.000000 1.000000
outer loop
vertex 24.7774 -35.7969 17.4831
vertex 26.8005 -35.7969 17.4831
vertex 26.7316 -35.2733 17.4831
endloop
endfacet
facet normal 0.000000 0.000000 -1.000000
outer loop
vertex 24.7774 -35.7969 0.0000
vertex 26.7316 -35.2733 0.0000
vertex 26.8005 -35.7969 0.0000
endloop
endfacet
facet normal 0.923880 0.382683 0.000000
outer loop
vertex 26.7316 -35.2733 0.0000
vertex 26.5295 -34.7854 0.0000
vertex 26.5295 -34.7854 17.4831
endloop
endfacet
facet normal 0.923880 0.382683 -0.000000
outer loop
vertex 26.7316 -35.2733 0.0000
vertex 26.5295 -34.7854 17.4831
vertex 26.7316 -35.2733 17.4831
endloop
endfacet
facet normal 0.000000 0.000000 1.000000
outer loop
vertex 24.7774 -35.7969 17.4831
vertex 26.7316 -35.2733 17.4831
vertex 26.5295 -34.7854 17.4831
endloop
endfacet
facet normal 0.000000 0.000000 -1.000000
outer loop
vertex 24.7774 -35.7969 0.0000
vertex 26.5295 -34.7854 0.0000
vertex 26.7316 -35.2733 0.0000
endloop
endfacet
facet normal 0.793353 0.608761 0.000000
outer loop
vertex 26.5295 -34.7854 0.0000
vertex 26.2080 -34.3664 0.0000
vertex 26.2080 -34.3664 17.4831
endloop
endfacet
facet normal 0.793353 0.608761 -0.000000
outer loop
vertex 26.5295 -34.7854 0.0000
vertex 26.2080 -34.3664 17.4831
vertex 26.5295 -34.7854 17.4831
endloop
endfacet
facet normal 0.000000 0.000000 1.000000
outer loop
vertex 24.7774 -35.7969 17.4831
vertex 26.5295 -34.7854 17.4831
vertex 26.2080 -34.3664 17.4831
endloop
endfacet
facet normal 0.000000 0.000000 -1.000000
outer loop
vertex 24.7774 -35.7969 0.0000
vertex 26.2080 -34.3664 0.0000
vertex 26.5295 -34.7854 0.0000
endloop
endfacet
facet normal 0.608761 0.793353 0.000000
outer loop
vertex 26.2080 -34.3664 0.0000
vertex 25.7890 -34.0449 0.0000
vertex 25.7890 -34.0449 17.4831
endloop
endfacet
facet normal 0.608761 0.793353 -0.000000
outer loop
vertex 26.2080 -34.3664 0.0000
vertex 25.7890 -34.0449 17.4831
vertex 26.2080 -34.3664 17.4831
endloop
endfacet
facet normal 0.000000 0.000000 1.000000
outer loop
vertex 24.7774 -35.7969 17.4831
vertex 26.2080 -34.3664 17.4831
vertex 25.7890 -34.0449 17.4831
endloop
endfacet
facet normal 0.000000 0.000000 -1.000000
outer loop
vertex 24.7774 -35.7969 0.0000
vertex 25.7890 -34.0449 0.0000
vertex 26.2080 -34.3664 0.0000
endloop
endfacet
facet normal 0.382683 0.923880 0.000000
outer loop
vertex 25.7890 -34.0449 0.0000
vertex 25.3010 -33.8428 0.0000
vertex 25.3010 -33.8428 17.4831
endloop
endfacet
facet normal 0.382683 0.923880 -0.000000
outer loop
vertex 25.7890 -34.0449 0.0000
vertex 25.3010 -33.8428 17.4831
vertex 25.7890 -34.0449 17.4831
endloop
endfacet
facet normal 0.000000 0.000000 1.000000
outer loop
vertex 24.7774 -35.7969 17.4831
vertex 25.7890 -34.0449 17.4831
vertex 25.3010 -33.8428 17.4831
endloop
endfacet
facet normal 0.000000 0.000000 -1.000000
outer loop
vertex 24.7774 -35.7969 0.0000
vertex 25.3010 -33.8428 0.0000
vertex 25.7890 -34.0449 0.0000
endloop
endfacet
facet normal 0.130526 0.991445 0.000000
outer loop
vertex 25.3010 -33.8428 0.0000
vertex 24.7774 -33.7738 0.0000
vertex 24.7774 -33.7738 17.4831
endloop
endfacet
facet normal 0.130526 0.991445 -0.000000
outer loop
vertex 25.3010 -33.8428 0.0000
vertex 24.7774 -33.7738 17.4831
vertex 25.3010 -33.8428 17.4831
endloop
endfacet
facet normal 0.000000 0.000000 1.000000
outer loop
vertex 24.7774 -35.7969 17.4831
vertex 25.3010 -33.8428 17.4831
vertex 24.7774 -33.7738 17.4831
endloop
endfacet
facet normal 0.000000 0.000000 -1.000000
outer loop
vertex 24.7774 -35.7969 0.0000
vertex 24.7774 -33.7738 0.0000
vertex 25.3010 -33.8428 0.0000
endloop
endfacet
facet normal -0.130526 0.991445 0.000000
outer loop
vertex 24.7774 -33.7738 0.0000
vertex 24.2538 -33.8428 0.0000
vertex 24.2538 -33.8428 17.4831
endloop
endfacet
facet normal -0.130526 0.991445 0.000000
outer loop
vertex 24.7774 -33.7738 0.0000
vertex 24.2538 -33.8428 17.4831
vertex 24.7774 -33.7738 17.4831
endloop
endfacet
facet normal 0.000000 -0.000000 1.000000
outer loop
vertex 24.7774 -35.7969 17.4831
vertex 24.7774 -33.7738 17.4831
vertex 24.2538 -33.8428 17.4831
endloop
endfacet
facet normal 0.000000 0.000000 -1.000000
outer loop
vertex 24.7774 -35.7969 0.0000
vertex 24.2538 -33.8428 0.0000
vertex 24.7774 -33.7738 0.0000
endloop
endfacet
facet normal -0.382683 0.923880 0.000000
outer loop
vertex 24.2538 -33.8428 0.0000
vertex 23.7659 -34.0449 0.0000
vertex 23.7659 -34.0449 17.4831
endloop
endfacet
facet normal -0.382683 0.923880 0.000000
outer loop
vertex 24.2538 -33.8428 0.0000
vertex 23.7659 -34.0449 17.4831
vertex 24.2538 -33.8428 17.4831
endloop
endfacet
facet normal 0.000000 0.000000 1.000000
outer loop
vertex 24.7774 -35.7969 17.4831
vertex 24.2538 -33.8428 17.4831
vertex 23.7659 -34.0449 17.4831
endloop
endfacet
facet normal 0.000000 0.000000 -1.000000
outer loop
vertex 24.7774 -35.7969 0.0000
vertex 23.7659 -34.0449 0.0000
vertex 24.2538 -33.8428 0.0000
endloop
endfacet
facet normal -0.608761 0.793353 0.000000
outer loop
vertex 23.7659 -34.0449 0.0000
vertex 23.3469 -34.3664 0.0000
vertex 23.3469 -34.3664 17.4831
endloop
endfacet
facet normal -0.608761 0.793353 0.000000
outer loop
vertex 23.7659 -34.0449 0.0000
vertex 23.3469 -34.3664 17.4831
vertex 23.7659 -34.0449 17.4831
endloop
endfacet
facet normal 0.000000 0.000000 1.000000
outer loop
vertex 24.7774 -35.7969 17.4831
vertex 23.7659 -34.0449 17.4831
vertex 23.3469 -34.3664 17.4831
endloop
endfacet
facet normal 0.000000 0.000000 -1.000000
outer loop
vertex 24.7774 -35.7969 0.0000
vertex 23.3469 -34.3664 0.0000
vertex 23.7659 -34.0449 0.0000
endloop
endfacet
facet normal -0.793353 0.608761 0.000000
outer loop
vertex 23.3469 -34.3664 0.0000
vertex 23.0254 -34.7854 0.0000
vertex 23.0254 -34.7854 17.4831
endloop
endfacet
facet normal -0.793353 0.608761 0.000000
outer loop
vertex 23.3469 -34.3664 0.0000
vertex 23.0254 -34.7854 17.4831
vertex 23.3469 -34.3664 17.4831
endloop
endfacet
facet normal 0.000000 0.000000 1.000000
outer loop
vertex 24.7774 -35.7969 17.4831
vertex 23.3469 -34.3664 17.4831
vertex 23.0254 -34.7854 17.4831
endloop
endfacet
facet normal 0.000000 0.000000 -1.000000
outer loop
vertex 24.7774 -35.7969 0.0000
vertex 23.0254 -34.7854 0.0000
vertex 23.3469 -34.3664 0.0000
endloop
endfacet
facet normal -0.923880 0.382683 0.000000
outer loop
vertex 23.0254 -34.7854 0.0000
vertex 22.8233 -35.2733 0.0000
vertex 22.8233 -35.2733 17.4831
endloop
endfacet
facet normal -0.923880 0.382683 0.000000
outer loop
vertex 23.0254 -34.7854 0.0000
vertex 22.8233 -35.2733 17.4831
vertex 23.0254 -34.7854 17.4831
endloop
endfacet
facet normal 0.000000 0.000000 1.000000
outer loop
vertex 24.7774 -35.7969 17.4831
vertex 23.0254 -34.7854 17.4831
vertex 22.8233 -35.2733 17.4831
endloop
endfacet
facet normal 0.000000 0.000000 -1.000000
outer loop
vertex 24.7774 -35.7969 0.0000
vertex 22.8233 -35.2733 0.0000
vertex 23.0254 -34.7854 0.0000
endloop
endfacet
facet normal -0.991445 0.130526 0.000000
outer loop
vertex 22.8233 -35.2733 0.0000
vertex 22.7543 -35.7969 0.0000
vertex 22.7543 -35.7969 17.4831
endloop
endfacet
facet normal -0.991445 0.130526 0.000000
outer loop
vertex 22.8233 -35.2733 0.0000
vertex 22.7543 -35.7969 17.4831
vertex 22.8233 -35.2733 17.4831
endloop
endfacet
facet normal 0.000000 0.000000 1.000000
outer loop
vertex 24.7774 -35.7969 17.4831
vertex 22.8233 -35.2733 17.4831
vertex 22.7543 -35.7969 17.4831
endloop
endfacet
facet normal 0.000000 0.000000 -1.000000
outer loop
vertex 24.7774 -35.7969 0.0000
vertex 22.7543 -35.7969 0.0000
vertex 22.8233 -35.2733 0.0000
endloop
endfacet
facet normal -0.991445 -0.130526 0.000000
outer loop
vertex 22.7543 -35.7969 0.0000
vertex 22.8233 -36.3205 0.0000
vertex 22.8233 -36.3205 17.4831
endloop
endfacet
facet normal -0.991445 -0.130526 0.000000
outer loop
vertex 22.7543 -35.7969 0.0000
vertex 22.8233 -36.3205 17.4831
vertex 22.7543 -35.7969 17.4831
endloop
endfacet
facet normal 0.000000 0.000000 1.000000
outer loop
vertex 24.7774 -35.7969 17.4831
vertex 22.7543 -35.7969 17.4831
vertex 22.8233 -36.3205 17.4831
endloop
endfacet
facet normal -0.000000 0.000000 -1.000000
outer loop
vertex 24.7774 -35.7969 0.0000
vertex 22.8233 -36.3205 0.0000
vertex 22.7543 -35.7969 0.0000
endloop
endfacet
facet normal -0.923880 -0.382683 0.000000
outer loop
vertex 22.8233 -36.3205 0.0000
vertex 23.0254 -36.8085 0.0000
vertex 23.0254 -36.8085 17.4831
endloop
endfacet
facet normal -0.923880 -0.382683 0.000000
outer loop
vertex 22.8233 -36.3205 0.0000
vertex 23.0254 -36.8085 17.4831
vertex 22.8233 -36.3205 17.4831
endloop
endfacet
facet normal 0.000000 0.000000 1.000000
outer loop
vertex 24.7774 -35.7969 17.4831
vertex 22.8233 -36.3205 17.4831
vertex 23.0254 -36.8085 17.4831
endloop
endfacet
facet normal 0.000000 0.000000 -1.000000
outer loop
vertex 24.7774 -35.7969 0.0000
vertex 23.0254 -36.8085 0.0000
vertex 22.8233 -36.3205 0.0000
endloop
endfacet
facet normal -0.793353 -0.608761 0.000000
outer loop
vertex 23.0254 -36.8085 0.0000
vertex 23.3469 -37.2275 0.0000
vertex 23.3469 -37.2275 17.4831
endloop
endfacet
facet normal -0.793353 -0.608761 0.000000
outer loop
vertex 23.0254 -36.8085 0.0000
vertex 23.3469 -37.2275 17.4831
vertex 23.0254 -36.8085 17.4831
endloop
endfacet
facet normal 0.000000 0.000000 1.000000
outer loop
vertex 24.7774 -35.7969 17.4831
vertex 23.0254 -36.8085 17.4831
vertex 23.3469 -37.2275 17.4831
endloop
endfacet
facet normal 0.000000 0.000000 -1.000000
outer loop
vertex 24.7774 -35.7969 0.0000
vertex 23.3469 -37.2275 0.0000
vertex 23.0254 -36.8085 0.0000
endloop
endfacet
facet normal -0.608761 -0.793353 0.000000
outer loop
vertex 23.3469 -37.2275 0.0000
vertex 23.7659 -37.5490 0.0000
vertex 23.7659 -37.5490 17.4831
endloop
endfacet
facet normal -0.608761 -0.793353 0.000000
outer loop
vertex 23.3469 -37.2275 0.0000
vertex 23.7659 -37.5490 17.4831
vertex 23.3469 -37.2275 17.4831
endloop
endfacet
facet normal 0.000000 0.000000 1.000000
outer loop
vertex 24.7774 -35.7969 17.4831
vertex 23.3469 -37.2275 17.4831
vertex 23.7659 -37.5490 17.4831
endloop
endfacet
facet normal 0.000000 0.000000 -1.000000
outer loop
vertex 24.7774 -35.7969 0.0000
vertex 23.7659 -37.5490 0.0000
vertex 23.3469 -37.2275 0.0000
endloop
endfacet
facet normal -0.382683 -0.923880 0.000000
outer loop
vertex 23.7659 -37.5490 0.0000
vertex 24.2538 -37.7511 0.0000
vertex 24.2538 -37.7511 17.4831
endloop
endfacet
facet normal -0.382683 -0.923880 0.000000
outer loop
vertex 23.7659 -37.5490 0.0000
vertex 24.2538 -37.7511 17.4831
vertex 23.7659 -37.5490 17.4831
endloop
endfacet
facet normal 0.000000 0.000000 1.000000
outer loop
vertex 24.7774 -35.7969 17.4831
vertex 23.7659 -37.5490 17.4831
vertex 24.2538 -37.7511 17.4831
endloop
endfacet
facet normal 0.000000 0.000000 -1.000000
outer loop
vertex 24.7774 -35.7969 0.0000
vertex 24.2538 -37.7511 0.0000
vertex 23.7659 -37.5490 0.0000
endloop
endfacet
facet normal -0.130526 -0.991445 0.000000
outer loop
vertex 24.2538 -37.7511 0.0000
vertex 24.7774 -37.8200 0.0000
vertex 24.7774 -37.8200 17.4831
endloop
endfacet
facet normal -0.130526 -0.991445 0.000000
outer loop
vertex 24.2538 -37.7511 0.0000
vertex 24.7774 -37.8200 17.4831
vertex 24.2538 -37.7511 17.4831
endloop
endfacet
facet normal 0.000000 0.000000 1.000000
outer loop
vertex 24.7774 -35.7969 17.4831
vertex 24.2538 -37.7511 17.4831
vertex 24.7774 -37.8200 17.4831
endloop
endfacet
facet normal 0.000000 -0.000000 -1.000000
outer loop
vertex 24.7774 -35.7969 0.0000
vertex 24.7774 -37.8200 0.0000
vertex 24.2538 -37.7511 0.0000
endloop
endfacet
facet normal 0.130526 -0.991445 0.000000
outer loop
vertex 24.7774 -37.8200 0.0000
vertex 25.3010 -37.7511 0.0000
vertex 25.3010 -37.7511 17.4831
endloop
endfacet
facet normal 0.130526 -0.991445 0.000000
outer loop
vertex 24.7774 -37.8200 0.0000
vertex 25.3010 -37.7511 17.4831
vertex 24.7774 -37.8200 17.4831
endloop
endfacet
facet normal 0.000000 0.000000 1.000000
outer loop
vertex 24.7774 -35.7969 17.4831
vertex 24.7774 -37.8200 17.4831
vertex 25.3010 -37.7511 17.4831
endloop
endfacet
facet normal 0.000000 0.000000 -1.000000
outer loop
vertex 24.7774 -35.7969 0.0000
vertex 25.3010 -37.7511 0.0000
vertex 24.7774 -37.8200 0.0000
endloop
endfacet
facet normal 0.382683 -0.923880 0.000000
outer loop
vertex 25.3010 -37.7511 0.0000
vertex 25.7890 -37.5490 0.0000
vertex 25.7890 -37.5490 17.4831
endloop
endfacet
facet normal 0.382683 -0.923880 0.000000
outer loop
vertex 25.3010 -37.7511 0.0000
vertex 25.7890 -37.5490 17.4831
vertex 25.3010 -37.7511 17.4831
endloop
endfacet
facet normal 0.000000 0.000000 1.000000
outer loop
vertex 24.7774 -35.7969 17.4831
vertex 25.3010 -37.7511 17.4831
vertex 25.7890 -37.5490 17.4831
endloop
endfacet
facet normal 0.000000 0.000000 -1.000000
outer loop
vertex 24.7774 -35.7969 0.0000
vertex 25.7890 -37.5490 0.0000
vertex 25.3010 -37.7511 0.0000
endloop
endfacet
facet normal 0.608761 -0.793353 0.000000
outer loop
vertex 25.7890 -37.5490 0.0000
vertex 26.2080 -37.2275 0.0000
vertex 26.2080 -37.2275 17.4831
endloop
endfacet
facet normal 0.608761 -0.793353 0.000000
outer loop
vertex 25.7890 -37.5490 0.0000
vertex 26.2080 -37.2275 17.4831
vertex 25.7890 -37.5490 17.4831
endloop
endfacet
facet normal 0.000000 0.000000 1.000000
outer loop
vertex 24.7774 -35.7969 17.4831
vertex 25.7890 -37.5490 17.4831
vertex 26.2080 -37.2275 17.4831
endloop
endfacet
facet normal 0.000000 0.000000 -1.000000
outer loop
vertex 24.7774 -35.7969 0.0000
vertex 26.2080 -37.2275 0.0000
vertex 25.7890 -37.5490 0.0000
endloop
endfacet
facet normal 0.793353 -0.608761 0.000000
outer loop
vertex 26.2080 -37.2275 0.0000
vertex 26.5295 -36.8085 0.0000
vertex 26.5295 -36.8085 17.4831
endloop
endfacet
facet normal 0.793353 -0.608761 0.000000
outer loop
vertex 26.2080 -37.2275 0.0000
vertex 26.5295 -36.8085 17.4831
vertex 26.2080 -37.2275 17.4831
endloop
endfacet
facet normal 0.000000 0.000000 1.000000
outer loop
vertex 24.7774 -35.7969 17.4831
vertex 26.2080 -37.2275 17.4831
vertex 26.5295 -36.8085 17.4831
endloop
endfacet
facet normal 0.000000 0.000000 -1.000000
outer loop
vertex 24.7774 -35.7969 0.0000
vertex 26.5295 -36.8085 0.0000
vertex 26.2080 -37.2275 0.0000
endloop
endfacet
facet normal 0.923880 -0.382683 0.000000
outer loop
vertex 26.5295 -36.8085 0.0000
vertex 26.7316 -36.3205 0.0000
vertex 26.7316 -36.3205 17.4831
endloop
endfacet
facet normal 0.923880 -0.382683 0.000000
outer loop
vertex 26.5295 -36.8085 0.0000
vertex 26.7316 -36.3205 17.4831
vertex 26.5295 -36.8085 17.4831
endloop
endfacet
facet normal 0.000000 0.000000 1.000000
outer loop
vertex 24.7774 -35.7969 17.4831
vertex 26.5295 -36.8085 17.4831
vertex 26.7316 -36.3205 17.4831
endloop
endfacet
facet normal 0.000000 0.000000 -1.000000
outer loop
vertex 24.7774 -35.7969 0.0000
vertex 26.7316 -36.3205 0.0000
vertex 26.5295 -36.8085 0.0000
endloop
endfacet
facet normal 0.991445 -0.130526 0.000000
outer loop
vertex 26.7316 -36.3205 0.0000
vertex 26.8005 -35.7969 0.0000
vertex 26.8005 -35.7969 17.4831
endloop
endfacet
facet normal 0.991445 -0.130526 0.000000
outer loop
vertex 26.7316 -36.3205 0.0000
vertex 26.8005 -35.7969 17.4831
vertex 26.7316 -36.3205 17.4831
endloop
endfacet
facet normal -0.000000 0.000000 1.000000
outer loop
vertex 24.7774 -35.7969 17.4831
vertex 26.7316 -36.3205 17.4831
vertex 26.8005 -35.7969 17.4831
endloop
endfacet
facet normal 0.000000 0.000000 -1.000000
outer loop
vertex 24.7774 -35.7969 0.0000
vertex 26.8005 -35.7969 0.0000
vertex 26.7316 -36.3205 0.0000
endloop
endfacet
facet normal 0.991445 0.130526 0.000000
outer loop
vertex -18.4527 -24.2050 0.0000
vertex -18.5071 -23.7920 0.0000
vertex -18.5071 -23.7920 8.6724
endloop
endfacet
facet normal 0.991445 0.130526 -0.000000
outer loop
vertex -18.4527 -24.2050 0.0000
vertex -18.5071 -23.7920 8.6724
vertex -18.4527 -24.2050 8.6724
endloop
endfacet
facet normal 0.000000 0.000000 1.000000
outer loop
vertex -20.0486 -24.2050 8.6724
vertex -18.4527 -24.2050 8.6724
vertex -18.5071 -23.7920 8.6724
endloop
endfacet
facet normal 0.000000 0.000000 -1.000000
outer loop
vertex -20.0486 -24.2050 0.0000
vertex -18.5071 -23.7920 0.0000
vertex -18.4527 -24.2050 0.0000
endloop
endfacet
facet normal 0.923880 0.382683 0.000000
outer loop
vertex -18.5071 -23.7920 0.0000
vertex -18.6665 -23.4070 0.0000
vertex -18.6665 -23.4070 8.6724
endloop
endfacet
facet normal 0.923880 0.382683 -0.000000
outer loop
vertex -18.5071 -23.7920 0.0000
vertex -18.6665 -23.4070 8.6724
vertex -18.5071 -23.7920 8.6724
endloop
endfacet
facet normal 0.000000 0.000000 1.000000
outer loop
vertex -20.0486 -24.2050 8.6724
vertex -18.5071 -23.7920 8.6724
vertex -18.6665 -23.4070 8.6724
endloop
endfacet
facet normal 0.000000 0.000000 -1.000000
outer loop
vertex -20.0486 -24.2050 0.0000
vertex -18.6665 -23.4070 0.0000
vertex -18.5071 -23.7920 0.0000
endloop
endfacet
facet normal 0.793353 0.608761 0.000000
outer loop
vertex -18.6665 -23.4070 0.0000
vertex -18.9201 -23.0765 0.0000
vertex -18.9201 -23.0765 8.6724
endloop
endfacet
facet normal 0.793353 0.608761 -0.000000
outer loop
vertex -18.6665 -23.4070 0.0000
vertex -18.9201 -23.0765 8.6724
vertex -18.6665 -23.4070 8.6724
endloop
endfacet
facet normal 0.000000 0.000000 1.000000
outer loop
vertex -20.0486 -24.2050 8.6724
vertex -18.6665 -23.4070 8.6724
vertex -18.9201 -23.0765 8.6724
endloop
endfacet
facet normal 0.000000 0.000000 -1.000000
outer loop
vertex -20.0486 -24.2050 0.0000
vertex -18.9201 -23.0765 0.0000
vertex -18.6665 -23.4070 0.0000
endloop
endfacet
facet normal 0.608761 0.793353 0.000000
outer loop
vertex -18.9201 -23.0765 0.0000
vertex -19.2506 -22.8229 0.0000
vertex -19.2506 -22.8229 8.6724
endloop
endfacet
facet normal 0.608761 0.793353 -0.000000
outer loop
vertex -18.9201 -23.0765 0.0000
vertex -19.2506 -22.8229 8.6724
vertex -18.9201 -23.0765 8.6724
endloop
endfacet
facet normal 0.000000 0.000000 1.000000
outer loop
vertex -20.0486 -24.2050 8.6724
vertex -18.9201 -23.0765 8.6724
vertex -19.2506 -22.8229 8.6724
endloop
endfacet
facet normal 0.000000 0.000000 -1.000000
outer loop
vertex -20.0486 -24.2050 0.0000
vertex -19.2506 -22.8229 0.0000
vertex -18.9201 -23.0765 0.0000
endloop
endfacet
facet normal 0.382683 0.923880 0.000000
outer loop
vertex -19.2506 -22.8229 0.0000
vertex -19.6355 -22.6635 0.0000
vertex -19.6355 -22.6635 8.6724
endloop
endfacet
facet normal 0.382683 0.923880 -0.000000
outer loop
vertex -19.2506 -22.8229 0.0000
vertex -19.6355 -22.6635 8.6724
vertex -19.2506 -22.8229 8.6724
endloop
endfacet
facet normal 0.000000 0.000000 1.000000
outer loop
vertex -20.0486 -24.2050 8.6724
vertex -19.2506 -22.8229 8.6724
vertex -19.6355 -22.6635 8.6724
endloop
endfacet
facet normal 0.000000 0.000000 -1.000000
outer loop
vertex -20.0486 -24.2050 0.0000
vertex -19.6355 -22.6635 0.0000
vertex -19.2506 -22.8229 0.0000
endloop
endfacet
facet normal 0.130526 0.991445 0.000000
outer loop
vertex -19.6355 -22.6635 0.0000
vertex -20.0486 -22.6091 0.0000
vertex -20.0486 -22.6091 8.6724
endloop
endfacet
facet normal 0.130526 0.991445 -0.000000
outer loop
vertex -19.6355 -22.6635 0.0000
vertex -20.0486 -22.6091 8.6724
vertex -19.6355 -22.6635 8.6724
endloop
endfacet
facet normal 0.000000 0.000000 1.000000
outer loop
vertex -20.0486 -24.2050 8.6724
vertex -19.6355 -22.6635 8.6724
vertex -20.0486 -22.6091 8.6724
endloop
endfacet
facet normal 0.000000 0.000000 -1.000000
outer loop
vertex -20.0486 -24.2050 0.0000
vertex -20.0486 -22.6091 0.0000
vertex -19.6355 -22.6635 0.0000
endloop
endfacet
facet normal -0.130526 0.991445 0.000000
outer loop
vertex -20.0486 -22.6091 0.0000
vertex -20.4616 -22.6635 0.0000
vertex -20.4616 -22.6635 8.6724
endloop
endfacet
facet normal -0.130526 0.991445 0.000000
outer loop
vertex -20.0486 -22.6091 0.0000
vertex -20.4616 -22.6635 8.6724
vertex -20.0486 -22.6091 8.6724
endloop
endfacet
facet normal 0.000000 -0.000000 1.000000
outer loop
vertex -20.0486 -24.2050 8.6724
vertex -20.0486 -22.6091 8.6724
vertex -20.4616 -22.6635 8.6724
endloop
endfacet
facet normal 0.000000 0.000000 -1.000000
outer loop
vertex -20.0486 -24.2050 0.0000
vertex -20.4616 -22.6635 0.0000
vertex -20.0486 -22.6091 0.0000
endloop
endfacet
facet normal -0.382683 0.923880 0.000000
outer loop
vertex -20.4616 -22.6635 0.0000
vertex -20.8465 -22.8229 0.0000
vertex -20.8465 -22.8229 8.6724
endloop
endfacet
facet normal -0.382683 0.923880 0.000000
outer loop
vertex -20.4616 -22.6635 0.0000
vertex -20.8465 -22.8229 8.6724
vertex -20.4616 -22.6635 8.6724
endloop
endfacet
facet normal 0.000000 0.000000 1.000000
outer loop
vertex -20.0486 -24.2050 8.6724
vertex -20.4616 -22.6635 8.6724
vertex -20.8465 -22.8229 8.6724
endloop
endfacet
facet normal 0.000000 0.000000 -1.000000
outer loop
vertex -20.0486 -24.2050 0.0000
vertex -20.8465 -22.8229 0.0000
vertex -20.4616 -22.6635 0.0000
endloop
endfacet
facet normal -0.608761 0.793353 0.000000
outer loop
vertex -20.8465 -22.8229 0.0000
vertex -21.1771 -23.0765 0.0000
vertex -21.1771 -23.0765 8.6724
endloop
endfacet
facet normal -0.608761 0.793353 0.000000
outer loop
vertex -20.8465 -22.8229 0.0000
vertex -21.1771 -23.0765 8.6724
vertex -20.8465 -22.8229 8.6724
endloop
endfacet
facet normal 0.000000 0.000000 1.000000
outer loop
vertex -20.0486 -24.2050 8.6724
vertex -20.8465 -22.8229 8.6724
vertex -21.1771 -23.0765 8.6724
endloop
endfacet
facet normal 0.000000 0.000000 -1.000000
outer loop
vertex -20.0486 -24.2050 0.0000
vertex -21.1771 -23.0765 0.0000
vertex -20.8465 -22.8229 0.0000
endloop
endfacet
facet normal -0.793353 0.608761 0.000000
outer loop
vertex -21.1771 -23.0765 0.0000
vertex -21.4307 -23.4070 0.0000
vertex -21.4307 -23.4070 8.6724
endloop
endfacet
facet normal -0.793353 0.608761 0.000000
outer loop
vertex -21.1771 -23.0765 0.0000
vertex -21.4307 -23.4070 8.6724
vertex -21.1771 -23.0765 8.6724
endloop
endfacet
facet normal 0.000000 0.000000 1.000000
outer loop
vertex -20.0486 -24.2050 8.6724
vertex -21.1771 -23.0765 8.6724
vertex -21.4307 -23.4070 8.6724
endloop
endfacet
facet normal 0.000000 0.000000 -1.000000
outer loop
vertex -20.0486 -24.2050 0.0000
vertex -21.4307 -23.4070 0.0000
vertex -21.1771 -23.0765 0.0000
endloop
endfacet
facet normal -0.923880 0.382683 0.000000
outer loop
vertex -21.4307 -23.4070 0.0000
vertex -21.5901 -23.7920 0.0000
vertex -21.5901 -23.7920 8.6724
endloop
endfacet
facet normal -0.923880 0.382683 0.000000
outer loop
vertex -21.4307 -23.4070 0.0000
vertex -21.5901 -23.7920 8.6724
vertex -21.4307 -23.4070 8.6724
endloop
endfacet
facet normal 0.000000 0.000000 1.000000
outer loop
vertex -20.0486 -24.2050 8.6724
vertex -21.4307 -23.4070 8.6724
vertex -21.5901 -23.7920 8.6724
endloop
endfacet
facet normal 0.000000 0.000000 -1.000000
outer loop
vertex -20.0486 -24.2050 0.0000
vertex -21.5901 -23.7920 0.0000
vertex -21.4307 -23.4070 0.0000
endloop
endfacet
facet normal -0.991445 0.130526 0.000000
outer loop
vertex -21.5901 -23.7920 0.0000
vertex -21.6445 -24.2050 0.0000
vertex -21.6445 -24.2050 8.6724
endloop
endfacet
facet normal -0.991445 0.130526 0.000000
outer loop
vertex -21.5901 -23.7920 0.0000
vertex -21.6445 -24.2050 8.6724
vertex -21.5901 -23.7920 8.6724
endloop
endfacet
facet normal 0.000000 0.000000 1.000000
outer loop
vertex -20.0486 -24.2050 8.6724
vertex -21.5901 -23.7920 8.6724
vertex -21.6445 -24.2050 8.6724
endloop
endfacet
facet normal 0.000000 0.000000 -1.000000
outer loop
vertex -20.0486 -24.2050 0.0000
vertex -21.6445 -24.2050 0.0000
vertex -21.5901 -23.7920 0.0000
endloop
endfacet
facet normal -0.991445 -0.130526 0.000000
outer loop
vertex -21.6445 -24.2050 0.0000
vertex -21.5901 -24.6181 0.0000
vertex -21.5901 -24.6181 8.6724
endloop
endfacet
facet normal -0.991445 -0.130526 0.000000
outer loop
vertex -21.6445 -24.2050 0.0000
vertex -21.5901 -24.6181 8.6724
vertex -21.6445 -24.2050 8.6724
endloop
endfacet
facet normal 0.000000 0.000000 1.000000
outer loop
vertex -20.0486 -24.2050 8.6724
vertex -21.6445 -24.2050 8.6724
vertex -21.5901 -24.6181 8.6724
endloop
endfacet
facet normal -0.000000 0.000000 -1.000000
outer loop
vertex -20.0486 -24.2050 0.0000
vertex -21.5901 -24.6181 0.0000
vertex -21.6445 -24.2050 0.0000
endloop
endfacet
facet normal -0.923880 -0.382683 0.000000
outer loop
vertex -21.5901 -24.6181 0.0000
vertex -21.4307 -25.0030 0.0000
vertex -21.4307 -25.0030 8.6724
endloop
endfacet
facet normal -0.923880 -0.382683 0.000000
outer loop
vertex -21.5901 -24.6181 0.0000
vertex -21.4307 -25.0030 8.6724
vertex -21.5901 -24.6181 8.6724
endloop
endfacet
facet normal 0.000000 0.000000 1.000000
outer loop
vertex -20.0486 -24.2050 8.6724
vertex -21.5901 -24.6181 8.6724
vertex -21.4307 -25.0030 8.6724
endloop
endfacet
facet normal 0.000000 0.000000 -1.000000
outer loop
vertex -20.0486 -24.2050 0.0000
vertex -21.4307 -25.0030 0.0000
vertex -21.5901 -24.6181 0.0000
endloop
endfacet
facet normal -0.793353 -0.608761 0.000000
outer loop
vertex -21.4307 -25.0030 0.0000
vertex -21.1771 -25.3335 0.0000
vertex -21.1771 -25.3335 8.6724
endloop
endfacet
facet normal -0.793353 -0.608761 0.000000
outer loop
vertex -21.4307 -25.0030 0.0000
vertex -21.1771 -25.3335 8.6724
vertex -21.4307 -25.0030 8.6724
endloop
endfacet
facet normal 0.000000 0.000000 1.000000
outer loop
vertex -20.0486 -24.2050 8.6724
vertex -21.4307 -25.0030 8.6724
vertex -21.1771 -25.3335 8.6724
endloop
endfacet
facet normal 0.000000 0.000000 -1.000000
outer loop
vertex -20.0486 -24.2050 0.0000
vertex -21.1771 -25.3335 0.0000
vertex -21.4307 -25.0030 0.0000
endloop
endfacet
facet normal -0.608761 -0.793353 0.000000
outer loop
vertex -21.1771 -25.3335 0.0000
vertex -20.8465 -25.5871 0.0000
vertex -20.8465 -25.5871 8.6724
endloop
endfacet
facet normal -0.608761 -0.793353 0.000000
outer loop
vertex -21.1771 -25.3335 0.0000
vertex -20.8465 -25.5871 8.6724
vertex -21.1771 -25.3335 8.6724
endloop
endfacet
facet normal 0.000000 0.000000 1.000000
outer loop
vertex -20.0486 -24.2050 8.6724
vertex -21.1771 -25.3335 8.6724
vertex -20.8465 -25.5871 8.6724
endloop
endfacet
facet normal 0.000000 0.000000 -1.000000
outer loop
vertex -20.0486 -24.2050 0.0000
vertex -20.8465 -25.5871 0.0000
vertex -21.1771 -25.3335 0.0000
endloop
endfacet
facet normal -0.382683 -0.923880 0.000000
outer loop
vertex -20.8465 -25.5871 0.0000
vertex -20.4616 -25.7465 0.0000
vertex -20.4616 -25.7465 8.6724
endloop
endfacet
facet normal -0.382683 -0.923880 0.000000
outer loop
vertex -20.8465 -25.5871 0.0000
vertex -20.4616 -25.7465 8.6724
vertex -20.8465 -25.5871 8.6724
endloop
endfacet
facet normal 0.000000 0.000000 1.000000
outer loop
vertex -20.0486 -24.2050 8.6724
vertex -20.8465 -25.5871 8.6724
vertex -20.4616 -25.7465 8.6724
endloop
endfacet
facet normal 0.000000 0.000000 -1.000000
outer loop
vertex -20.0486 -24.2050 0.0000
vertex -20.4616 -25.7465 0.0000
vertex -20.8465 -25.5871 0.0000
endloop
endfacet
facet normal -0.130526 -0.991445 0.000000
outer loop
vertex -20.4616 -25.7465 0.0000
vertex -20.0486 -25.8009 0.0000
vertex -20.0486 -25.8009 8.6724
endloop
endfacet
facet normal -0.130526 -0.991445 0.000000
outer loop
vertex -20.4616 -25.7465 0.0000
vertex -20.0486 -25.8009 8.6724
vertex -20.4616 -25.7465 8.6724
endloop
endfacet
facet normal 0.000000 0.000000 1.000000
outer loop
vertex -20.0486 -24.2050 8.6724
vertex -20.4616 -25.7465 8.6724
vertex -20.0486 -25.8009 8.6724
endloop
endfacet
facet normal 0.000000 -0.000000 -1.000000
outer loop
vertex -20.0486 -24.2050 0.0000
vertex -20.0486 -25.8009 0.0000
vertex -20.4616 -25.7465 0.0000
endloop
endfacet
facet normal 0.130526 -0.991445 0.000000
outer loop
vertex -20.0486 -25.8009 0.0000
vertex -19.6355 -25.7465 0.0000
vertex -19.6355 -25.7465 8.6724
endloop
endfacet
facet normal 0.130526 -0.991445 0.000000
outer loop
vertex -20.0486 -25.8009 0.0000
vertex -19.6355 -25.7465 8.6724
vertex -20.0486 -25.8009 8.6724
endloop
endfacet
facet normal 0.000000 0.000000 1.000000
outer loop
vertex -20.0486 -24.2050 8.6724
vertex -20.0486 -25.8009 8.6724
vertex -19.6355 -25.7465 8.6724
endloop
endfacet
facet normal 0.000000 0.000000 -1.000000
outer loop
vertex -20.0486 -24.2050 0.0000
vertex -19.6355 -25.7465 0.0000
vertex -20.0486 -25.8009 0.0000
endloop
endfacet
facet normal 0.382683 -0.923880 0.000000
outer loop
vertex -19.6355 -25.7465 0.0000
vertex -19.2506 -25.5871 0.0000
vertex -19.2506 -25.5871 8.6724
endloop
endfacet
facet normal 0.382683 -0.923880 0.000000
outer loop
vertex -19.6355 -25.7465 0.0000
vertex -19.2506 -25.5871 8.6724
vertex -19.6355 -25.7465 8.6724
endloop
endfacet
facet normal 0.000000 0.000000 1.000000
outer loop
vertex -20.0486 -24.2050 8.6724
vertex -19.6355 -25.7465 8.6724
vertex -19.2506 -25.5871 8.6724
endloop
endfacet
facet normal 0.000000 0.000000 -1.000000
outer loop
vertex -20.0486 -24.2050 0.0000
vertex -19.2506 -25.5871 0.0000
vertex -19.6355 -25.7465 0.0000
endloop
endfacet
facet normal 0.608761 -0.793353 0.000000
outer loop
vertex -19.2506 -25.5871 0.0000
vertex -18.9201 -25.3335 0.0000
vertex -18.9201 -25.3335 8.6724
endloop
endfacet
facet normal 0.608761 -0.793353 0.000000
outer loop
vertex -19.2506 -25.5871 0.0000
vertex -18.9201 -25.3335 8.6724
vertex -19.2506 -25.5871 8.6724
endloop
endfacet
facet normal 0.000000 0.000000 1.000000
outer loop
vertex -20.0486 -24.2050 8.6724
vertex -19.2506 -25.5871 8.6724
vertex -18.9201 -25.3335 8.6724
endloop
endfacet
facet normal 0.000000 0.000000 -1.000000
outer loop
vertex -20.0486 -24.2050 0.0000
vertex -18.9201 -25.3335 0.0000
vertex -19.2506 -25.5871 0.0000
endloop
endfacet
facet normal 0.793353 -0.608761 0.000000
outer loop
vertex -18.9201 -25.3335 0.0000
vertex -18.6665 -25.0030 0.0000
vertex -18.6665 -25.0030 8.6724
endloop
endfacet
facet normal 0.793353 -0.608761 0.000000
outer loop
vertex -18.9201 -25.3335 0.0000
vertex -18.6665 -25.0030 8.6724
vertex -18.9201 -25.3335 8.6724
endloop
endfacet
facet normal 0.000000 0.000000 1.000000
outer loop
vertex -20.0486 -24.2050 8.6724
vertex -18.9201 -25.3335 8.6724
vertex -18.6665 -25.0030 8.6724
endloop
endfacet
facet normal 0.000000 0.000000 -1.000000
outer loop
vertex -20.0486 -24.2050 0.0000
vertex -18.6665 -25.0030 0.0000
vertex -18.9201 -25.3335 0.0000
endloop
endfacet
facet normal 0.923880 -0.382683 0.000000
outer loop
vertex -18.6665 -25.0030 0.0000
vertex -18.5071 -24.6181 0.0000
vertex -18.5071 -24.6181 8.6724
endloop
endfacet
facet normal 0.923880 -0.382683 0.000000
outer loop
vertex -18.6665 -25.0030 0.0000
vertex -18.5071 -24.6181 8.6724
vertex -18.6665 -25.0030 8.6724
endloop
endfacet
facet normal 0.000000 0.000000 1.000000
outer loop
vertex -20.0486 -24.2050 8.6724
vertex -18.6665 -25.0030 8.6724
vertex -18.5071 -24.6181 8.6724
endloop
endfacet
facet normal 0.000000 0.000000 -1.000000
outer loop
vertex -20.0486 -24.2050 0.0000
vertex -18.5071 -24.6181 0.0000
vertex -18.6665 -25.0030 0.0000
endloop
endfacet
facet normal 0.991445 -0.130526 0.000000
outer loop
vertex -18.5071 -24.6181 0.0000
vertex -18.4527 -24.2050 0.0000
vertex -18.4527 -24.2050 8.6724
endloop
endfacet
facet normal 0.991445 -0.130526 0.000000
outer loop
vertex -18.5071 -24.6181 0.0000
vertex -18.4527 -24.2050 8.6724
vertex -18.5071 -24.6181 8.6724
endloop
endfacet
facet normal -0.000000 0.000000 1.000000
outer loop
vertex -20.0486 -24.2050 8.6724
vertex -18.5071 -24.6181 8.6724
vertex -18.4527 -24.2050 8.6724
endloop
endfacet
facet normal 0.000000 0.000000 -1.000000
outer loop
vertex -20.0486 -24.2050 0.0000
vertex -18.4527 -24.2050 0.0000
vertex -18.5071 -24.6181 0.0000
endloop
endfacet
facet normal 0.991445 0.130526 0.000000
outer loop
vertex -11.4267 -1.1390 0.0000
vertex -11.4855 -0.6919 0.0000
vertex -11.4855 -0.6919 10.1673
endloop
endfacet
facet normal 0.991445 0.130526 -0.000000
outer loop
vertex -11.4267 -1.1390 0.0000
vertex -11.4855 -0.6919 10.1673
vertex -11.4267 -1.1390 10.1673
endloop
endfacet
facet normal 0.000000 0.000000 1.000000
outer loop
vertex -13.1540 -1.1390 10.1673
vertex -11.4267 -1.1390 10.1673
vertex -11.4855 -0.6919 10.1673
endloop
endfacet
facet normal 0.000000 0.000000 -1.000000
outer loop
vertex -13.1540 -1.1390 0.0000
vertex -11.4855 -0.6919 0.0000
vertex -11.4267 -1.1390 0.0000
endloop
endfacet
facet normal 0.923880 0.382683 0.000000
outer loop
vertex -11.4855 -0.6919 0.0000
vertex -11.6581 -0.2753 0.0000
vertex -11.6581 -0.2753 10.1673
endloop
endfacet
facet normal 0.923880 0.382683 -0.000000
outer loop
vertex -11.4855 -0.6919 0.0000
vertex -11.6581 -0.2753 10.1673
vertex -11.4855 -0.6919 10.1673
endloop
endfacet
facet normal 0.000000 0.000000 1.000000
outer loop
vertex -13.1540 -1.1390 10.1673
vertex -11.4855 -0.6919 10.1673
vertex -11.6581 -0.2753 10.1673
endloop
endfacet
facet normal 0.000000 0.000000 -1.000000
outer loop
vertex -13.1540 -1.1390 0.0000
vertex -11.6581 -0.2753 0.0000
vertex -11.4855 -0.6919 0.0000
endloop
endfacet
facet normal 0.793353 0.608761 0.000000
outer loop
vertex -11.6581 -0.2753 0.0000
vertex -11.9326 0.0824 0.0000
vertex -11.9326 0.0824 10.1673
endloop
endfacet
facet normal 0.793353 0.608761 -0.000000
outer loop
vertex -11.6581 -0.2753 0.0000
vertex -11.9326 0.0824 10.1673
vertex -11.6581 -0.2753 10.1673
endloop
endfacet
facet normal 0.000000 0.000000 1.000000
outer loop
vertex -13.1540 -1.1390 10.1673
vertex -11.6581 -0.2753 10.1673
vertex -11.9326 0.0824 10.1673
endloop
endfacet
facet normal 0.000000 0.000000 -1.000000
outer loop
vertex -13.1540 -1.1390 0.0000
vertex -11.9326 0.0824 0.0000
vertex -11.6581 -0.2753 0.0000
endloop
endfacet
facet normal 0.608761 0.793353 0.000000
outer loop
vertex -11.9326 0.0824 0.0000
vertex -12.2904 0.3570 0.0000
vertex -12.2904 0.3570 10.1673
endloop
endfacet
facet normal 0.608761 0.793353 -0.000000
outer loop
vertex -11.9326 0.0824 0.0000
vertex -12.2904 0.3570 10.1673
vertex -11.9326 0.0824 10.1673
endloop
endfacet
facet normal 0.000000 0.000000 1.000000
outer loop
vertex -13.1540 -1.1390 10.1673
vertex -11.9326 0.0824 10.1673
vertex -12.2904 0.3570 10.1673
endloop
endfacet
facet normal 0.000000 0.000000 -1.000000
outer loop
vertex -13.1540 -1.1390 0.0000
vertex -12.2904 0.3570 0.0000
vertex -11.9326 0.0824 0.0000
endloop
endfacet
facet normal 0.382683 0.923880 0.000000
outer loop
vertex -12.2904 0.3570 0.0000
vertex -12.7070 0.5295 0.0000
vertex -12.7070 0.5295 10.1673
endloop
endfacet
facet normal 0.382683 0.923880 -0.000000
outer loop
vertex -12.2904 0.3570 0.0000
vertex -12.7070 0.5295 10.1673
vertex -12.2904 0.3570 10.1673
endloop
endfacet
facet normal 0.000000 0.000000 1.000000
outer loop
vertex -13.1540 -1.1390 10.1673
vertex -12.2904 0.3570 10.1673
vertex -12.7070 0.5295 10.1673
endloop
endfacet
facet normal 0.000000 0.000000 -1.000000
outer loop
vertex -13.1540 -1.1390 0.0000
vertex -12.7070 0.5295 0.0000
vertex -12.2904 0.3570 0.0000
endloop
endfacet
facet normal 0.130526 0.991445 0.000000
outer loop
vertex -12.7070 0.5295 0.0000
vertex -13.1540 0.5884 0.0000
vertex -13.1540 0.5884 10.1673
endloop
endfacet
facet normal 0.130526 0.991445 -0.000000
outer loop
vertex -12.7070 0.5295 0.0000
vertex -13.1540 0.5884 10.1673
vertex -12.7070 0.5295 10.1673
endloop
endfacet
facet normal 0.000000 0.000000 1.000000
outer loop
vertex -13.1540 -1.1390 10.1673
vertex -12.7070 0.5295 10.1673
vertex -13.1540 0.5884 10.1673
endloop
endfacet
facet normal 0.000000 0.000000 -1.000000
outer loop
vertex -13.1540 -1.1390 0.0000
vertex -13.1540 0.5884 0.0000
vertex -12.7070 0.5295 0.0000
endloop
endfacet
facet normal -0.130526 0.991445 0.000000
outer loop
vertex -13.1540 0.5884 0.0000
vertex -13.6011 0.5295 0.0000
vertex -13.6011 0.5295 10.1673
endloop
endfacet
facet normal -0.130526 0.991445 0.000000
outer loop
vertex -13.1540 0.5884 0.0000
vertex -13.6011 0.5295 10.1673
vertex -13.1540 0.5884 10.1673
endloop
endfacet
facet normal 0.000000 -0.000000 1.000000
outer loop
vertex -13.1540 -1.1390 10.1673
vertex -13.1540 0.5884 10.1673
vertex -13.6011 0.5295 10.1673
endloop
endfacet
facet normal 0.000000 0.000000 -1.000000
outer loop
vertex -13.1540 -1.1390 0.0000
vertex -13.6011 0.5295 0.0000
vertex -13.1540 0.5884 0.0000
endloop
endfacet
facet normal -0.382683 0.923880 0.000000
outer loop
vertex -13.6011 0.5295 0.0000
vertex -14.0177 0.3570 0.0000
vertex -14.0177 0.3570 10.1673
endloop
endfacet
facet normal -0.382683 0.923880 0.000000
outer loop
vertex -13.6011 0.5295 0.0000
vertex -14.0177 0.3570 10.1673
vertex -13.6011 0.5295 10.1673
endloop
endfacet
facet normal 0.000000 0.000000 1.000000
outer loop
vertex -13.1540 -1.1390 10.1673
vertex -13.6011 0.5295 10.1673
vertex -14.0177 0.3570 10.1673
endloop
endfacet
facet normal 0.000000 0.000000 -1.000000
outer loop
vertex -13.1540 -1.1390 0.0000
vertex -14.0177 0.3570 0.0000
vertex -13.6011 0.5295 0.0000
endloop
endfacet
facet normal -0.608761 0.793353 0.000000
outer loop
vertex -14.0177 0.3570 0.0000
vertex -14.3755 0.0824 0.0000
vertex -14.3755 0.0824 10.1673
endloop
endfacet
facet normal -0.608761 0.793353 0.000000
outer loop
vertex -14.0177 0.3570 0.0000
vertex -14.3755 0.0824 10.1673
vertex -14.0177 0.3570 10.1673
endloop
endfacet
facet normal 0.000000 0.000000 1.000000
outer loop
vertex -13.1540 -1.1390 10.1673
vertex -14.0177 0.3570 10.1673
vertex -14.3755 0.0824 10.1673
endloop
endfacet
facet normal 0.000000 0.000000 -1.000000
outer loop
vertex -13.1540 -1.1390 0.0000
vertex -14.3755 0.0824 0.0000
vertex -14.0177 0.3570 0.0000
endloop
endfacet
facet normal -0.793353 0.608761 0.000000
outer loop
vertex -14.3755 0.0824 0.0000
vertex -14.6500 -0.2753 0.0000
vertex -14.6500 -0.2753 10.1673
endloop
endfacet
facet normal -0.793353 0.608761 0.000000
outer loop
vertex -14.3755 0.0824 0.0000
vertex -14.6500 -0.2753 10.1673
vertex -14.3755 0.0824 10.1673
endloop
endfacet
facet normal 0.000000 0.000000 1.000000
outer loop
vertex -13.1540 -1.1390 10.1673
vertex -14.3755 0.0824 10.1673
vertex -14.6500 -0.2753 10.1673
endloop
endfacet
facet normal 0.000000 0.000000 -1.000000
outer loop
vertex -13.1540 -1.1390 0.0000
vertex -14.6500 -0.2753 0.0000
vertex -14.3755 0.0824 0.0000
endloop
endfacet
facet normal -0.923880 0.382683 0.000000
outer loop
vertex -14.6500 -0.2753 0.0000
vertex -14.8226 -0.6919 0.0000
vertex -14.8226 -0.6919 10.1673
endloop
endfacet
facet normal -0.923880 0.382683 0.000000
outer loop
vertex -14.6500 -0.2753 0.0000
vertex -14.8226 -0.6919 10.1673
vertex -14.6500 -0.2753 10.1673
endloop
endfacet
facet normal 0.000000 0.000000 1.000000
outer loop
vertex -13.1540 -1.1390 10.1673
vertex -14.6500 -0.2753 10.1673
vertex -14.8226 -0.6919 10.1673
endloop
endfacet
facet normal 0.000000 0.000000 -1.000000
outer loop
vertex -13.1540 -1.1390 0.0000
vertex -14.8226 -0.6919 0.0000
vertex -14.6500 -0.2753 0.0000
endloop
endfacet
facet normal -0.991445 0.130526 0.000000
outer loop
vertex -14.8226 -0.6919 0.0000
vertex -14.8814 -1.1390 0.0000
vertex -14.8814 -1.1390 10.1673
endloop
endfacet
facet normal -0.991445 0.130526 0.000000
outer loop
vertex -14.8226 -0.6919 0.0000
vertex -14.8814 -1.1390 10.1673
vertex -14.8226 -0.6919 10.1673
endloop
endfacet
facet normal 0.000000 0.000000 1.000000
outer loop
vertex -13.1540 -1.1390 10.1673
vertex -14.8226 -0.6919 10.1673
vertex -14.8814 -1.1390 10.1673
endloop
endfacet
facet normal 0.000000 0.000000 -1.000000
outer loop
vertex -13.1540 -1.1390 0.0000
vertex -14.8814 -1.1390 0.0000
vertex -14.8226 -0.6919 0.0000
endloop
endfacet
facet normal -0.991445 -0.130526 0.000000
outer loop
vertex -14.8814 -1.1390 0.0000
vertex -14.8226 -1.5861 0.0000
vertex -14.8226 -1.5861 10.1673
endloop
endfacet
facet normal -0.991445 -0.130526 0.000000
outer loop
vertex -14.8814 -1.1390 0.0000
vertex -14.8226 -1.5861 10.1673
vertex -14.8814 -1.1390 10.1673
endloop
endfacet
facet normal 0.000000 0.000000 1.000000
outer loop
vertex -13.1540 -1.1390 10.1673
vertex -14.8814 -1.1390 10.1673
vertex -14.8226 -1.5861 10.1673
endloop
endfacet
facet normal -0.000000 0.000000 -1.000000
outer loop
vertex -13.1540 -1.1390 0.0000
vertex -14.8226 -1.5861 0.0000
vertex -14.8814 -1.1390 0.0000
endloop
endfacet
facet normal -0.923880 -0.382683 0.000000
outer loop
vertex -14.8226 -1.5861 0.0000
vertex -14.6500 -2.0027 0.0000
vertex -14.6500 -2.0027 10.1673
endloop
endfacet
facet normal -0.923880 -0.382683 0.000000
outer loop
vertex -14.8226 -1.5861 0.0000
vertex -14.6500 -2.0027 10.1673
vertex -14.8226 -1.5861 10.1673
endloop
endfacet
facet normal 0.000000 0.000000 1.000000
outer loop
vertex -13.1540 -1.1390 10.1673
vertex -14.8226 -1.5861 10.1673
vertex -14.6500 -2.0027 10.1673
endloop
endfacet
facet normal 0.000000 0.000000 -1.000000
outer loop
vertex -13.1540 -1.1390 0.0000
vertex -14.6500 -2.0027 0.0000
vertex -14.8226 -1.5861 0.0000
endloop
endfacet
facet normal -0.793353 -0.608761 0.000000
outer loop
vertex -14.6500 -2.0027 0.0000
vertex -14.3755 -2.3604 0.0000
vertex -14.3755 -2.3604 10.1673
endloop
endfacet
facet normal -0.793353 -0.608761 0.000000
outer loop
vertex -14.6500 -2.0027 0.0000
vertex -14.3755 -2.3604 10.1673
vertex -14.6500 -2.0027 10.1673
endloop
endfacet
facet normal 0.000000 0.000000 1.000000
outer loop
vertex -13.1540 -1.1390 10.1673
vertex -14.6500 -2.0027 10.1673
vertex -14.3755 -2.3604 10.1673
endloop
endfacet
facet normal 0.000000 0.000000 -1.000000
outer loop
vertex -13.1540 -1.1390 0.0000
vertex -14.3755 -2.3604 0.0000
vertex -14.6500 -2.0027 0.0000
endloop
endfacet
facet normal -0.608761 -0.793353 0.000000
outer loop
vertex -14.3755 -2.3604 0.0000
vertex -14.0177 -2.6350 0.0000
vertex -14.0177 -2.6350 10.1673
endloop
endfacet
facet normal -0.608761 -0.793353 0.000000
outer loop
vertex -14.3755 -2.3604 0.0000
vertex -14.0177 -2.6350 10.1673
vertex -14.3755 -2.3604 10.1673
endloop
endfacet
facet normal 0.000000 0.000000 1.000000
outer loop
vertex -13.1540 -1.1390 10.1673
vertex -14.3755 -2.3604 10.1673
vertex -14.0177 -2.6350 10.1673
endloop
endfacet
facet normal 0.000000 0.000000 -1.000000
outer loop
vertex -13.1540 -1.1390 0.0000
vertex -14.0177 -2.6350 0.0000
vertex -14.3755 -2.3604 0.0000
endloop
endfacet
facet normal -0.382683 -0.923880 0.000000
outer loop
vertex -14.0177 -2.6350 0.0000
vertex -13.6011 -2.8075 0.0000
vertex -13.6011 -2.8075 10.1673
endloop
endfacet
facet normal -0.382683 -0.923880 0.000000
outer loop
vertex -14.0177 -2.6350 0.0000
vertex -13.6011 -2.8075 10.1673
vertex -14.0177 -2.6350 10.1673
endloop
endfacet
facet normal 0.000000 0.000000 1.000000
outer loop
vertex -13.1540 -1.1390 10.1673
vertex -14.0177 -2.6350 10.1673
vertex -13.6011 -2.8075 10.1673
endloop
endfacet
facet normal 0.000000 0.000000 -1.000000
outer loop
vertex -13.1540 -1.1390 0.0000
vertex -13.6011 -2.8075 0.0000
vertex -14.0177 -2.6350 0.0000
endloop
endfacet
facet normal -0.130526 -0.991445 0.000000
outer loop
vertex -13.6011 -2.8075 0.0000
vertex -13.1540 -2.8664 0.0000
vertex -13.1540 -2.8664 10.1673
endloop
endfacet
facet normal -0.130526 -0.991445 0.000000
outer loop
vertex -13.6011 -2.8075 0.0000
vertex -13.1540 -2.8664 10.1673
vertex -13.6011 -2.8075 10.1673
endloop
endfacet
facet normal 0.000000 0.000000 1.000000
outer loop
vertex -13.1540 -1.1390 10.1673
vertex -13.6011 -2.8075 10.1673
vertex -13.1540 -2.8664 10.1673
endloop
endfacet
facet normal 0.000000 -0.000000 -1.000000
outer loop
vertex -13.1540 -1.1390 0.0000
vertex -13.1540 -2.8664 0.0000
vertex -13.6011 -2.8075 0.0000
endloop
endfacet
facet normal 0.130526 -0.991445 0.000000
outer loop
vertex -13.1540 -2.8664 0.0000
vertex -12.7070 -2.8075 0.0000
vertex -12.7070 -2.8075 10.1673
endloop
endfacet
facet normal 0.130526 -0.991445 0.000000
outer loop
vertex -13.1540 -2.8664 0.0000
vertex -12.7070 -2.8075 10.1673
vertex -13.1540 -2.8664 10.1673
endloop
endfacet
facet normal 0.000000 0.000000 1.000000
outer loop
vertex -13.1540 -1.1390 10.1673
vertex -13.1540 -2.8664 10.1673
vertex -12.7070 -2.8075 10.1673
endloop
endfacet
facet normal 0.000000 0.000000 -1.000000
outer loop
vertex -13.1540 -1.1390 0.0000
vertex -12.7070 -2.8075 0.0000
vertex -13.1540 -2.8664 0.0000
endloop
endfacet
facet normal 0.382683 -0.923880 0.000000
outer loop
vertex -12.7070 -2.8075 0.0000
vertex -12.2904 -2.6350 0.0000
vertex -12.2904 -2.6350 10.1673
endloop
endfacet
facet normal 0.382683 -0.923880 0.000000
outer loop
vertex -12.7070 -2.8075 0.0000
vertex -12.2904 -2.6350 10.1673
vertex -12.7070 -2.8075 10.1673
endloop
endfacet
facet normal 0.000000 0.000000 1.000000
outer loop
vertex -13.1540 -1.1390 10.1673
vertex -12.7070 -2.8075 10.1673
vertex -12.2904 -2.6350 10.1673
endloop
endfacet
facet normal 0.000000 0.000000 -1.000000
outer loop
vertex -13.1540 -1.1390 0.0000
vertex -12.2904 -2.6350 0.0000
vertex -12.7070 -2.8075 0.0000
endloop
endfacet
facet normal 0.608761 -0.793353 0.000000
outer loop
vertex -12.2904 -2.6350 0.0000
vertex -11.9326 -2.3604 0.0000
vertex -11.9326 -2.3604 10.1673
endloop
endfacet
facet normal 0.608761 -0.793353 0.000000
outer loop
vertex -12.2904 -2.6350 0.0000
vertex -11.9326 -2.3604 10.1673
vertex -12.2904 -2.6350 10.1673
endloop
endfacet
facet normal 0.000000 0.000000 1.000000
outer loop
vertex -13.1540 -1.1390 10.1673
vertex -12.2904 -2.6350 10.1673
vertex -11.9326 -2.3604 10.1673
endloop
endfacet
facet normal 0.000000 0.000000 -1.000000
outer loop
vertex -13.1540 -1.1390 0.0000
vertex -11.9326 -2.3604 0.0000
vertex -12.2904 -2.6350 0.0000
endloop
endfacet
facet normal 0.793353 -0.608761 0.000000
outer loop
vertex -11.9326 -2.3604 0.0000
vertex -11.6581 -2.0027 0.0000
vertex -11.6581 -2.0027 10.1673
endloop
endfacet
facet normal 0.793353 -0.608761 0.000000
outer loop
vertex -11.9326 -2.3604 0.0000
vertex -11.6581 -2.0027 10.1673
vertex -11.9326 -2.3604 10.1673
endloop
endfacet
facet normal 0.000000 0.000000 1.000000
outer loop
vertex -13.1540 -1.1390 10.1673
vertex -11.9326 -2.3604 10.1673
vertex -11.6581 -2.0027 10.1673
endloop
endfacet
facet normal 0.000000 0.000000 -1.000000
outer loop
vertex -13.1540 -1.1390 0.0000
vertex -11.6581 -2.0027 0.0000
vertex -11.9326 -2.3604 0.0000
endloop
endfacet
facet normal 0.923880 -0.382683 0.000000
outer loop
vertex -11.6581 -2.0027 0.0000
vertex -11.4855 -1.5861 0.0000
vertex -11.4855 -1.5861 10.1673
endloop
endfacet
facet normal 0.923880 -0.382683 0.000000
outer loop
vertex -11.6581 -2.0027 0.0000
vertex -11.4855 -1.5861 10.1673
vertex -11.6581 -2.0027 10.1673
endloop
endfacet
facet normal 0.000000 0.000000 1.000000
outer loop
vertex -13.1540 -1.1390 10.1673
vertex -11.6581 -2.0027 10.1673
vertex -11.4855 -1.5861 10.1673
endloop
endfacet
facet normal 0.000000 0.000000 -1.000000
outer loop
vertex -13.1540 -1.1390 0.0000
vertex -11.4855 -1.5861 0.0000
vertex -11.6581 -2.0027 0.0000
endloop
endfacet
facet normal 0.991445 -0.130526 0.000000
outer loop
vertex -11.4855 -1.5861 0.0000
vertex -11.4267 -1.1390 0.0000
vertex -11.4267 -1.1390 10.1673
endloop
endfacet
facet normal 0.991445 -0.130526 0.000000
outer loop
vertex -11.4855 -1.5861 0.0000
vertex -11.4267 -1.1390 10.1673
vertex -11.4855 -1.5861 10.1673
endloop
endfacet
facet normal 0.000000 0.000000 1.000000
outer loop
vertex -13.1540 -1.1390 10.1673
vertex -11.4855 -1.5861 10.1673
vertex -11.4267 -1.1390 10.1673
endloop
endfacet
facet normal 0.000000 0.000000 -1.000000
outer loop
vertex -13.1540 -1.1390 0.0000
vertex -11.4267 -1.1390 0.0000
vertex -11.4855 -1.5861 0.0000
endloop
endfacet
facet normal 0.991445 0.130526 0.000000
outer loop
vertex -10.8372 27.1418 0.0000
vertex -10.8928 27.5638 0.0000
vertex -10.8928 27.5638 16.6637
endloop
endfacet
facet normal 0.991445 0.130526 -0.000000
outer loop
vertex -10.8372 27.1418 0.0000
vertex -10.8928 27.5638 16.6637
vertex -10.8372 27.1418 16.6637
endloop
endfacet
facet normal 0.000000 0.000000 1.000000
outer loop
vertex -12.4676 27.1418 16.6637
vertex -10.8372 27.1418 16.6637
vertex -10.8928 27.5638 16.6637
endloop
endfacet
facet normal 0.000000 0.000000 -1.000000
outer loop
vertex -12.4676 27.1418 0.0000
vertex -10.8928 27.5638 0.0000
vertex -10.8372 27.1418 0.0000
endloop
endfacet
facet normal 0.923880 0.382683 0.000000
outer loop
vertex -10.8928 27.5638 0.0000
vertex -11.0556 27.9570 0.0000
vertex -11.0556 27.9570 16.6637
endloop
endfacet
facet normal 0.923880 0.382683 -0.000000
outer loop
vertex -10.8928 27.5638 0.0000
vertex -11.0556 27.9570 16.6637
vertex -10.8928 27.5638 16.6637
endloop
endfacet
facet normal 0.000000 0.000000 1.000000
outer loop
vertex -12.4676 27.1418 16.6637
vertex -10.8928 27.5638 16.6637
vertex -11.0556 27.9570 16.6637
endloop
endfacet
facet normal 0.000000 0.000000 -1.000000
outer loop
vertex -12.4676 27.1418 0.0000
vertex -11.0556 27.9570 0.0000
vertex -10.8928 27.5638 0.0000
endloop
endfacet
facet normal 0.793353 0.608761 0.000000
outer loop
vertex -11.0556 27.9570 0.0000
vertex -11.3148 28.2947 0.0000
vertex -11.3148 28.2947 16.6637
endloop
endfacet
facet normal 0.793353 0.608761 -0.000000
outer loop
vertex -11.0556 27.9570 0.0000
vertex -11.3148 28.2947 16.6637
vertex -11.0556 27.9570 16.6637
endloop
endfacet
facet normal 0.000000 0.000000 1.000000
outer loop
vertex -12.4676 27.1418 16.6637
vertex -11.0556 27.9570 16.6637
vertex -11.3148 28.2947 16.6637
endloop
endfacet
facet normal 0.000000 0.000000 -1.000000
outer loop
vertex -12.4676 27.1418 0.0000
vertex -11.3148 28.2947 0.0000
vertex -11.0556 27.9570 0.0000
endloop
endfacet
facet normal 0.608761 0.793353 0.000000
outer loop
vertex -11.3148 28.2947 0.0000
vertex -11.6524 28.5538 0.0000
vertex -11.6524 28.5538 16.6637
endloop
endfacet
facet normal 0.608761 0.793353 -0.000000
outer loop
vertex -11.3148 28.2947 0.0000
vertex -11.6524 28.5538 16.6637
vertex -11.3148 28.2947 16.6637
endloop
endfacet
facet normal 0.000000 0.000000 1.000000
outer loop
vertex -12.4676 27.1418 16.6637
vertex -11.3148 28.2947 16.6637
vertex -11.6524 28.5538 16.6637
endloop
endfacet
facet normal 0.000000 0.000000 -1.000000
outer loop
vertex -12.4676 27.1418 0.0000
vertex -11.6524 28.5538 0.0000
vertex -11.3148 28.2947 0.0000
endloop
endfacet
facet normal 0.382683 0.923880 0.000000
outer loop
vertex -11.6524 28.5538 0.0000
vertex -12.0457 28.7167 0.0000
vertex -12.0457 28.7167 16.6637
endloop
endfacet
facet normal 0.382683 0.923880 -0.000000
outer loop
vertex -11.6524 28.5538 0.0000
vertex -12.0457 28.7167 16.6637
vertex -11.6524 28.5538 16.6637
endloop
endfacet
facet normal 0.000000 0.000000 1.000000
outer loop
vertex -12.4676 27.1418 16.6637
vertex -11.6524 28.5538 16.6637
vertex -12.0457 28.7167 16.6637
endloop
endfacet
facet normal 0.000000 0.000000 -1.000000
outer loop
vertex -12.4676 27.1418 0.0000
vertex -12.0457 28.7167 0.0000
vertex -11.6524 28.5538 0.0000
endloop
endfacet
facet normal 0.130526 0.991445 0.000000
outer loop
vertex -12.0457 28.7167 0.0000
vertex -12.4676 28.7722 0.0000
vertex -12.4676 28.7722 16.6637
endloop
endfacet
facet normal 0.130526 0.991445 -0.000000
outer loop
vertex -12.0457 28.7167 0.0000
vertex -12.4676 28.7722 16.6637
vertex -12.0457 28.7167 16.6637
endloop
endfacet
facet normal 0.000000 0.000000 1.000000
outer loop
vertex -12.4676 27.1418 16.6637
vertex -12.0457 28.7167 16.6637
vertex -12.4676 28.7722 16.6637
endloop
endfacet
facet normal 0.000000 0.000000 -1.000000
outer loop
vertex -12.4676 27.1418 0.0000
vertex -12.4676 28.7722 0.0000
vertex -12.0457 28.7167 0.0000
endloop
endfacet
facet normal -0.130526 0.991445 0.000000
outer loop
vertex -12.4676 28.7722 0.0000
vertex -12.8896 28.7167 0.0000
vertex -12.8896 28.7167 16.6637
endloop
endfacet
facet normal -0.130526 0.991445 0.000000
outer loop
vertex -12.4676 28.7722 0.0000
vertex -12.8896 28.7167 16.6637
vertex -12.4676 28.7722 16.6637
endloop
endfacet
facet normal 0.000000 -0.000000 1.000000
outer loop
vertex -12.4676 27.1418 16.6637
vertex -12.4676 28.7722 16.6637
vertex -12.8896 28.7167 16.6637
endloop
endfacet
facet normal 0.000000 0.000000 -1.000000
outer loop
vertex -12.4676 27.1418 0.0000
vertex -12.8896 28.7167 0.0000
vertex -12.4676 28.7722 0.0000
endloop
endfacet
facet normal -0.382683 0.923880 0.000000
outer loop
vertex -12.8896 28.7167 0.0000
vertex -13.2829 28.5538 0.0000
vertex -13.2829 28.5538 16.6637
endloop
endfacet
facet normal -0.382683 0.923880 0.000000
outer loop
vertex -12.8896 28.7167 0.0000
vertex -13.2829 28.5538 16.6637
vertex -12.8896 28.7167 16.6637
endloop
endfacet
facet normal 0.000000 0.000000 1.000000
outer loop
vertex -12.4676 27.1418 16.6637
vertex -12.8896 28.7167 16.6637
vertex -13.2829 28.5538 16.6637
endloop
endfacet
facet normal 0.000000 0.000000 -1.000000
outer loop
vertex -12.4676 27.1418 0.0000
vertex -13.2829 28.5538 0.0000
vertex -12.8896 28.7167 0.0000
endloop
endfacet
facet normal -0.608761 0.793353 0.000000
outer loop
vertex -13.2829 28.5538 0.0000
vertex -13.6205 28.2947 0.0000
vertex -13.6205 28.2947 16.6637
endloop
endfacet
facet normal -0.608761 0.793353 0.000000
outer loop
vertex -13.2829 28.5538 0.0000
vertex -13.6205 28.2947 16.6637
vertex -13.2829 28.5538 16.6637
endloop
endfacet
facet normal 0.000000 0.000000 1.000000
outer loop
vertex -12.4676 27.1418 16.6637
vertex -13.2829 28.5538 16.6637
vertex -13.6205 28.2947 16.6637
endloop
endfacet
facet normal 0.000000 0.000000 -1.000000
outer loop
vertex -12.4676 27.1418 0.0000
vertex -13.6205 28.2947 0.0000
vertex -13.2829 28.5538 0.0000
endloop
endfacet
facet normal -0.793353 0.608761 0.000000
outer loop
vertex -13.6205 28.2947 0.0000
vertex -13.8796 27.9570 0.0000
vertex -13.8796 27.9570 16.6637
endloop
endfacet
facet normal -0.793353 0.608761 0.000000
outer loop
vertex -13.6205 28.2947 0.0000
vertex -13.8796 27.9570 16.6637
vertex -13.6205 28.2947 16.6637
endloop
endfacet
facet normal 0.000000 0.000000 1.000000
outer loop
vertex -12.4676 27.1418 16.6637
vertex -13.6205 28.2947 16.6637
vertex -13.8796 27.9570 16.6637
endloop
endfacet
facet normal 0.000000 0.000000 -1.000000
outer loop
vertex -12.4676 27.1418 0.0000
vertex -13.8796 27.9570 0.0000
vertex -13.6205 28.2947 0.0000
endloop
endfacet
facet normal -0.923880 0.382683 0.000000
outer loop
vertex -13.8796 27.9570 0.0000
vertex -14.0425 27.5638 0.0000
vertex -14.0425 27.5638 16.6637
endloop
endfacet
facet normal -0.923880 0.382683 0.000000
outer loop
vertex -13.8796 27.9570 0.0000
vertex -14.0425 27.5638 16.6637
vertex -13.8796 27.9570 16.6637
endloop
endfacet
facet normal 0.000000 0.000000 1.000000
outer loop
vertex -12.4676 27.1418 16.6637
vertex -13.8796 27.9570 16.6637
vertex -14.0425 27.5638 16.6637
endloop
endfacet
facet normal 0.000000 0.000000 -1.000000
outer loop
vertex -12.4676 27.1418 0.0000
vertex -14.0425 27.5638 0.0000
vertex -13.8796 27.9570 0.0000
endloop
endfacet
facet normal -0.991445 0.130526 0.000000
outer loop
vertex -14.0425 27.5638 0.0000
vertex -14.0981 27.1418 0.0000
vertex -14.0981 27.1418 16.6637
endloop
endfacet
facet normal -0.991445 0.130526 0.000000
outer loop
vertex -14.0425 27.5638 0.0000
vertex -14.0981 27.1418 16.6637
vertex -14.0425 27.5638 16.6637
endloop
endfacet
facet normal 0.000000 0.000000 1.000000
outer loop
vertex -12.4676 27.1418 16.6637
vertex -14.0425 27.5638 16.6637
vertex -14.0981 27.1418 16.6637
endloop
endfacet
facet normal 0.000000 0.000000 -1.000000
outer loop
vertex -12.4676 27.1418 0.0000
vertex -14.0981 27.1418 0.0000
vertex -14.0425 27.5638 0.0000
endloop
endfacet
facet normal -0.991445 -0.130526 0.000000
outer loop
vertex -14.0981 27.1418 0.0000
vertex -14.0425 26.7198 0.0000
vertex -14.0425 26.7198 16.6637
endloop
endfacet
facet normal -0.991445 -0.130526 0.000000
outer loop
vertex -14.0981 27.1418 0.0000
vertex -14.0425 26.7198 16.6637
vertex -14.0981 27.1418 16.6637
endloop
endfacet
facet normal 0.000000 0.000000 1.000000
outer loop
vertex -12.4676 27.1418 16.6637
vertex -14.0981 27.1418 16.6637
vertex -14.0425 26.7198 16.6637
endloop
endfacet
facet normal -0.000000 0.000000 -1.000000
outer loop
vertex -12.4676 27.1418 0.0000
vertex -14.0425 26.7198 0.0000
vertex -14.0981 27.1418 0.0000
endloop
endfacet
facet normal -0.923880 -0.382683 0.000000
outer loop
vertex -14.0425 26.7198 0.0000
vertex -13.8796 26.3266 0.0000
vertex -13.8796 26.3266 16.6637
endloop
endfacet
facet normal -0.923880 -0.382683 0.000000
outer loop
vertex -14.0425 26.7198 0.0000
vertex -13.8796 26.3266 16.6637
vertex -14.0425 26.7198 16.6637
endloop
endfacet
facet normal 0.000000 0.000000 1.000000
outer loop
vertex -12.4676 27.1418 16.6637
vertex -14.0425 26.7198 16.6637
vertex -13.8796 26.3266 16.6637
endloop
endfacet
facet normal 0.000000 0.000000 -1.000000
outer loop
vertex -12.4676 27.1418 0.0000
vertex -13.8796 26.3266 0.0000
vertex -14.0425 26.7198 0.0000
endloop
endfacet
facet normal -0.793353 -0.608761 0.000000
outer loop
vertex -13.8796 26.3266 0.0000
vertex -13.6205 25.9889 0.0000
vertex -13.6205 25.9889 16.6637
endloop
endfacet
facet normal -0.793353 -0.608761 0.000000
outer loop
vertex -13.8796 26.3266 0.0000
vertex -13.6205 25.9889 16.6637
vertex -13.8796 26.3266 16.6637
endloop
endfacet
facet normal 0.000000 0.000000 1.000000
outer loop
vertex -12.4676 27.1418 16.6637
vertex -13.8796 26.3266 16.6637
vertex -13.6205 25.9889 16.6637
endloop
endfacet
facet normal 0.000000 0.000000 -1.000000
outer loop
vertex -12.4676 27.1418 0.0000
vertex -13.6205 25.9889 0.0000
vertex -13.8796 26.3266 0.0000
endloop
endfacet
facet normal -0.608761 -0.793353 0.000000
outer loop
vertex -13.6205 25.9889 0.0000
vertex -13.2829 25.7298 0.0000
vertex -13.2829 25.7298 16.6637
endloop
endfacet
facet normal -0.608761 -0.793353 0.000000
outer loop
vertex -13.6205 25.9889 0.0000
vertex -13.2829 25.7298 16.6637
vertex -13.6205 25.9889 16.6637
endloop
endfacet
facet normal 0.000000 0.000000 1.000000
outer loop
vertex -12.4676 27.1418 16.6637
vertex -13.6205 25.9889 16.6637
vertex -13.2829 25.7298 16.6637
endloop
endfacet
facet normal 0.000000 0.000000 -1.000000
outer loop
vertex -12.4676 27.1418 0.0000
vertex -13.2829 25.7298 0.0000
vertex -13.6205 25.9889 0.0000
endloop
endfacet
facet normal -0.382683 -0.923880 0.000000
outer loop
vertex -13.2829 25.7298 0.0000
vertex -12.8896 25.5669 0.0000
vertex -12.8896 25.5669 16.6637
endloop
endfacet
facet normal -0.382683 -0.923880 0.000000
outer loop
vertex -13.2829 25.7298 0.0000
vertex -12.8896 25.5669 16.6637
vertex -13.2829 25.7298 16.6637
endloop
endfacet
facet normal 0.000000 0.000000 1.000000
outer loop
vertex -12.4676 27.1418 16.6637
vertex -13.2829 25.7298 16.6637
vertex -12.8896 25.5669 16.6637
endloop
endfacet
facet normal 0.000000 0.000000 -1.000000
outer loop
vertex -12.4676 27.1418 0.0000
vertex -12.8896 25.5669 0.0000
vertex -13.2829 25.7298 0.0000
endloop
endfacet
facet normal -0.130526 -0.991445 0.000000
outer loop
vertex -12.8896 25.5669 0.0000
vertex -12.4676 25.5114 0.0000
vertex -12.4676 25.5114 16.6637
endloop
endfacet
facet normal -0.130526 -0.991445 0.000000
outer loop
vertex -12.8896 25.5669 0.0000
vertex -12.4676 25.5114 16.6637
vertex -12.8896 25.5669 16.6637
endloop
endfacet
facet normal 0.000000 0.000000 1.000000
outer loop
vertex -12.4676 27.1418 16.6637
vertex -12.8896 25.5669 16.6637
vertex -12.4676 25.5114 16.6637
endloop
endfacet
facet normal 0.000000 -0.000000 -1.000000
outer loop
vertex -12.4676 27.1418 0.0000
vertex -12.4676 25.5114 0.0000
vertex -12.8896 25.5669 0.0000
endloop
endfacet
facet normal 0.130526 -0.991445 0.000000
outer loop
vertex -12.4676 25.5114 0.0000
vertex -12.0457 25.5669 0.0000
vertex -12.0457 25.5669 16.6637
endloop
endfacet
facet normal 0.130526 -0.991445 0.000000
outer loop
vertex -12.4676 25.5114 0.0000
vertex -12.0457 25.5669 16.6637
vertex -12.4676 25.5114 16.6637
endloop
endfacet
facet normal 0.000000 0.000000 1.000000
outer loop
vertex -12.4676 27.1418 16.6637
vertex -12.4676 25.5114 16.6637
vertex -12.0457 25.5669 16.6637
endloop
endfacet
facet normal 0.000000 0.000000 -1.000000
outer loop
vertex -12.4676 27.1418 0.0000
vertex -12.0457 25.5669 0.0000
vertex -12.4676 25.5114 0.0000
endloop
endfacet
facet normal 0.382683 -0.923880 0.000000
outer loop
vertex -12.0457 25.5669 0.0000
vertex -11.6524 25.7298 0.0000
vertex -11.6524 25.7298 16.6637
endloop
endfacet
facet normal 0.382683 -0.923880 0.000000
outer loop
vertex -12.0457 25.5669 0.0000
vertex -11.6524 25.7298 16.6637
vertex -12.0457 25.5669 16.6637
endloop
endfacet
facet normal 0.000000 0.000000 1.000000
outer loop
vertex -12.4676 27.1418 16.6637
vertex -12.0457 25.5669 16.6637
vertex -11.6524 25.7298 16.6637
endloop
endfacet
facet normal 0.000000 0.000000 -1.000000
outer loop
vertex -12.4676 27.1418 0.0000
vertex -11.6524 25.7298 0.0000
vertex -12.0457 25.5669 0.0000
endloop
endfacet
facet normal 0.608761 -0.793353 0.000000
outer loop
vertex -11.6524 25.7298 0.0000
vertex -11.3148 25.9889 0.0000
vertex -11.3148 25.9889 16.6637
endloop
endfacet
facet normal 0.608761 -0.793353 0.000000
outer loop
vertex -11.6524 25.7298 0.0000
vertex -11.3148 25.9889 16.6637
vertex -11.6524 25.7298 16.6637
endloop
endfacet
facet normal 0.000000 0.000000 1.000000
outer loop
vertex -12.4676 27.1418 16.6637
vertex -11.6524 25.7298 16.6637
vertex -11.3148 25.9889 16.6637
endloop
endfacet
facet normal 0.000000 0.000000 -1.000000
outer loop
vertex -12.4676 27.1418 0.0000
vertex -11.3148 25.9889 0.0000
vertex -11.6524 25.7298 0.0000
endloop
endfacet
facet normal 0.793353 -0.608761 0.000000
outer loop
vertex -11.3148 25.9889 0.0000
vertex -11.0556 26.3266 0.0000
vertex -11.0556 26.3266 16.6637
endloop
endfacet
facet normal 0.793353 -0.608761 0.000000
outer loop
vertex -11.3148 25.9889 0.0000
vertex -11.0556 26.3266 16.6637
vertex -11.3148 25.9889 16.6637
endloop
endfacet
facet normal 0.000000 0.000000 1.000000
outer loop
vertex -12.4676 27.1418 16.6637
vertex -11.3148 25.9889 16.6637
vertex -11.0556 26.3266 16.6637
endloop
endfacet
facet normal 0.000000 0.000000 -1.000000
outer loop
vertex -12.4676 27.1418 0.0000
vertex -11.0556 26.3266 0.0000
vertex -11.3148 25.9889 0.0000
endloop
endfacet
facet normal 0.923880 -0.382683 0.000000
outer loop
vertex -11.0556 26.3266 0.0000
vertex -10.8928 26.7198 0.0000
vertex -10.8928 26.7198 16.6637
endloop
endfacet
facet normal 0.923880 -0.382683 0.000000
outer loop
vertex -11.0556 26.3266 0.0000
vertex -10.8928 26.7198 16.6637
vertex -11.0556 26.3266 16.6637
endloop
endfacet
facet normal 0.000000 0.000000 1.000000
outer loop
vertex -12.4676 27.1418 16.6637
vertex -11.0556 26.3266 16.6637
vertex -10.8928 26.7198 16.6637
endloop
endfacet
facet normal 0.000000 0.000000 -1.000000
outer loop
vertex -12.4676 27.1418 0.0000
vertex -10.8928 26.7198 0.0000
vertex -11.0556 26.3266 0.0000
endloop
endfacet
facet normal 0.991445 -0.130526 0.000000
outer loop
vertex -10.8928 26.7198 0.0000
vertex -10.8372 27.1418 0.0000
vertex -10.8372 27.1418 16.6637
endloop
endfacet
facet normal 0.991445 -0.130526 0.000000
outer loop
vertex -10.8928 26.7198 0.0000
vertex -10.8372 27.1418 16.6637
vertex -10.8928 26.7198 16.6637
endloop
endfacet
facet normal -0.000000 0.000000 1.000000
outer loop
vertex -12.4676 27.1418 16.6637
vertex -10.8928 26.7198 16.6637
vertex -10.8372 27.1418 16.6637
endloop
endfacet
facet normal 0.000000 0.000000 -1.000000
outer loop
vertex -12.4676 27.1418 0.0000
vertex -10.8372 27.1418 0.0000
vertex -10.8928 26.7198 0.0000
endloop
endfacet
facet normal 0.991445 0.130526 0.000000
outer loop
vertex -5.8516 -11.0760 0.0000
vertex -5.9109 -10.6258 0.0000
vertex -5.9109 -10.6258 14.7782
endloop
endfacet
facet normal 0.991445 0.130526 -0.000000
outer loop
vertex -5.8516 -11.0760 0.0000
vertex -5.9109 -10.6258 14.7782
vertex -5.8516 -11.0760 14.7782
endloop
endfacet
facet normal 0.000000 0.000000 1.000000
outer loop
vertex -7.5910 -11.0760 14.7782
vertex -5.8516 -11.0760 14.7782
vertex -5.9109 -10.6258 14.7782
endloop
endfacet
facet normal 0.000000 0.000000 -1.000000
outer loop
vertex -7.5910 -11.0760 0.0000
vertex -5.9109 -10.6258 0.0000
vertex -5.8516 -11.0760 0.0000
endloop
endfacet
facet normal 0.923880 0.382683 0.000000
outer loop
vertex -5.9109 -10.6258 0.0000
vertex -6.0846 -10.2063 0.0000
vertex -6.0846 -10.2063 14.7782
endloop
endfacet
facet normal 0.923880 0.382683 -0.000000
outer loop
vertex -5.9109 -10.6258 0.0000
vertex -6.0846 -10.2063 14.7782
vertex -5.9109 -10.6258 14.7782
endloop
endfacet
facet normal 0.000000 0.000000 1.000000
outer loop
vertex -7.5910 -11.0760 14.7782
vertex -5.9109 -10.6258 14.7782
vertex -6.0846 -10.2063 14.7782
endloop
endfacet
facet normal 0.000000 0.000000 -1.000000
outer loop
vertex -7.5910 -11.0760 0.0000
vertex -6.0846 -10.2063 0.0000
vertex -5.9109 -10.6258 0.0000
endloop
endfacet
facet normal 0.793353 0.608761 0.000000
outer loop
vertex -6.0846 -10.2063 0.0000
vertex -6.3611 -9.8461 0.0000
vertex -6.3611 -9.8461 14.7782
endloop
endfacet
facet normal 0.793353 0.608761 -0.000000
outer loop
vertex -6.0846 -10.2063 0.0000
vertex -6.3611 -9.8461 14.7782
vertex -6.0846 -10.2063 14.7782
endloop
endfacet
facet normal 0.000000 0.000000 1.000000
outer loop
vertex -7.5910 -11.0760 14.7782
vertex -6.0846 -10.2063 14.7782
vertex -6.3611 -9.8461 14.7782
endloop
endfacet
facet normal 0.000000 0.000000 -1.000000
outer loop
vertex -7.5910 -11.0760 0.0000
vertex -6.3611 -9.8461 0.0000
vertex -6.0846 -10.2063 0.0000
endloop
endfacet
facet normal 0.608761 0.793353 0.000000
outer loop
vertex -6.3611 -9.8461 0.0000
vertex -6.7213 -9.5697 0.0000
vertex -6.7213 -9.5697 14.7782
endloop
endfacet
facet normal 0.608761 0.793353 -0.000000
outer loop
vertex -6.3611 -9.8461 0.0000
vertex -6.7213 -9.5697 14.7782
vertex -6.3611 -9.8461 14.7782
endloop
endfacet
facet normal 0.000000 0.000000 1.000000
outer loop
vertex -7.5910 -11.0760 14.7782
vertex -6.3611 -9.8461 14.7782
vertex -6.7213 -9.5697 14.7782
endloop
endfacet
facet normal 0.000000 0.000000 -1.000000
outer loop
vertex -7.5910 -11.0760 0.0000
vertex -6.7213 -9.5697 0.0000
vertex -6.3611 -9.8461 0.0000
endloop
endfacet
facet normal 0.382683 0.923880 0.000000
outer loop
vertex -6.7213 -9.5697 0.0000
vertex -7.1408 -9.3959 0.0000
vertex -7.1408 -9.3959 14.7782
endloop
endfacet
facet normal 0.382683 0.923880 -0.000000
outer loop
vertex -6.7213 -9.5697 0.0000
vertex -7.1408 -9.3959 14.7782
vertex -6.7213 -9.5697 14.7782
endloop
endfacet
facet normal 0.000000 0.000000 1.000000
outer loop
vertex -7.5910 -11.0760 14.7782
vertex -6.7213 -9.5697 14.7782
vertex -7.1408 -9.3959 14.7782
endloop
endfacet
facet normal 0.000000 0.000000 -1.000000
outer loop
vertex -7.5910 -11.0760 0.0000
vertex -7.1408 -9.3959 0.0000
vertex -6.7213 -9.5697 0.0000
endloop
endfacet
facet normal 0.130526 0.991445 0.000000
outer loop
vertex -7.1408 -9.3959 0.0000
vertex -7.5910 -9.3366 0.0000
vertex -7.5910 -9.3366 14.7782
endloop
endfacet
facet normal 0.130526 0.991445 -0.000000
outer loop
vertex -7.1408 -9.3959 0.0000
vertex -7.5910 -9.3366 14.7782
vertex -7.1408 -9.3959 14.7782
endloop
endfacet
facet normal 0.000000 0.000000 1.000000
outer loop
vertex -7.5910 -11.0760 14.7782
vertex -7.1408 -9.3959 14.7782
vertex -7.5910 -9.3366 14.7782
endloop
endfacet
facet normal 0.000000 0.000000 -1.000000
outer loop
vertex -7.5910 -11.0760 0.0000
vertex -7.5910 -9.3366 0.0000
vertex -7.1408 -9.3959 0.0000
endloop
endfacet
facet normal -0.130526 0.991445 0.000000
outer loop
vertex -7.5910 -9.3366 0.0000
vertex -8.0412 -9.3959 0.0000
vertex -8.0412 -9.3959 14.7782
endloop
endfacet
facet normal -0.130526 0.991445 0.000000
outer loop
vertex -7.5910 -9.3366 0.0000
vertex -8.0412 -9.3959 14.7782
vertex -7.5910 -9.3366 14.7782
endloop
endfacet
facet normal 0.000000 -0.000000 1.000000
outer loop
vertex -7.5910 -11.0760 14.7782
vertex -7.5910 -9.3366 14.7782
vertex -8.0412 -9.3959 14.7782
endloop
endfacet
facet normal 0.000000 0.000000 -1.000000
outer loop
vertex -7.5910 -11.0760 0.0000
vertex -8.0412 -9.3959 0.0000
vertex -7.5910 -9.3366 0.0000
endloop
endfacet
facet normal -0.382683 0.923880 0.000000
outer loop
vertex -8.0412 -9.3959 0.0000
vertex -8.4607 -9.5697 0.0000
vertex -8.4607 -9.5697 14.7782
endloop
endfacet
facet normal -0.382683 0.923880 0.000000
outer loop
vertex -8.0412 -9.3959 0.0000
vertex -8.4607 -9.5697 14.7782
vertex -8.0412 -9.3959 14.7782
endloop
endfacet
facet normal 0.000000 0.000000 1.000000
outer loop
vertex -7.5910 -11.0760 14.7782
vertex -8.0412 -9.3959 14.7782
vertex -8.4607 -9.5697 14.7782
endloop
endfacet
facet normal 0.000000 0.000000 -1.000000
outer loop
vertex -7.5910 -11.0760 0.0000
vertex -8.4607 -9.5697 0.0000
vertex -8.0412 -9.3959 0.0000
endloop
endfacet
facet normal -0.608761 0.793353 0.000000
outer loop
vertex -8.4607 -9.5697 0.0000
vertex -8.8210 -9.8461 0.0000
vertex -8.8210 -9.8461 14.7782
endloop
endfacet
facet normal -0.608761 0.793353 0.000000
outer loop
vertex -8.4607 -9.5697 0.0000
vertex -8.8210 -9.8461 14.7782
vertex -8.4607 -9.5697 14.7782
endloop
endfacet
facet normal 0.000000 0.000000 1.000000
outer loop
vertex -7.5910 -11.0760 14.7782
vertex -8.4607 -9.5697 14.7782
vertex -8.8210 -9.8461 14.7782
endloop
endfacet
facet normal 0.000000 0.000000 -1.000000
outer loop
vertex -7.5910 -11.0760 0.0000
vertex -8.8210 -9.8461 0.0000
vertex -8.4607 -9.5697 0.0000
endloop
endfacet
facet normal -0.793353 0.608761 0.000000
outer loop
vertex -8.8210 -9.8461 0.0000
vertex -9.0974 -10.2063 0.0000
vertex -9.0974 -10.2063 14.7782
endloop
endfacet
facet normal -0.793353 0.608761 0.000000
outer loop
vertex -8.8210 -9.8461 0.0000
vertex -9.0974 -10.2063 14.7782
vertex -8.8210 -9.8461 14.7782
endloop
endfacet
facet normal 0.000000 0.000000 1.000000
outer loop
vertex -7.5910 -11.0760 14.7782
vertex -8.8210 -9.8461 14.7782
vertex -9.0974 -10.2063 14.7782
endloop
endfacet
facet normal 0.000000 0.000000 -1.000000
outer loop
vertex -7.5910 -11.0760 0.0000
vertex -9.0974 -10.2063 0.0000
vertex -8.8210 -9.8461 0.0000
endloop
endfacet
facet normal -0.923880 0.382683 0.000000
outer loop
vertex -9.0974 -10.2063 0.0000
vertex -9.2712 -10.6258 0.0000
vertex -9.2712 -10.6258 14.7782
endloop
endfacet
facet normal -0.923880 0.382683 0.000000
outer loop
vertex -9.0974 -10.2063 0.0000
vertex -9.2712 -10.6258 14.7782
vertex -9.0974 -10.2063 14.7782
endloop
endfacet
facet normal 0.000000 0.000000 1.000000
outer loop
vertex -7.5910 -11.0760 14.7782
vertex -9.0974 -10.2063 14.7782
vertex -9.2712 -10.6258 14.7782
endloop
endfacet
facet normal 0.000000 0.000000 -1.000000
outer loop
vertex -7.5910 -11.0760 0.0000
vertex -9.2712 -10.6258 0.0000
vertex -9.0974 -10.2063 0.0000
endloop
endfacet
facet normal -0.991445 0.130526 0.000000
outer loop
vertex -9.2712 -10.6258 0.0000
vertex -9.3304 -11.0760 0.0000
vertex -9.3304 -11.0760 14.7782
endloop
endfacet
facet normal -0.991445 0.130526 0.000000
outer loop
vertex -9.2712 -10.6258 0.0000
vertex -9.3304 -11.0760 14.7782
vertex -9.2712 -10.6258 14.7782
endloop
endfacet
facet normal 0.000000 0.000000 1.000000
outer loop
vertex -7.5910 -11.0760 14.7782
vertex -9.2712 -10.6258 14.7782
vertex -9.3304 -11.0760 14.7782
endloop
endfacet
facet normal 0.000000 0.000000 -1.000000
outer loop
vertex -7.5910 -11.0760 0.0000
vertex -9.3304 -11.0760 0.0000
vertex -9.2712 -10.6258 0.0000
endloop
endfacet
facet normal -0.991445 -0.130526 0.000000
outer loop
vertex -9.3304 -11.0760 0.0000
vertex -9.2712 -11.5262 0.0000
vertex -9.2712 -11.5262 14.7782
endloop
endfacet
facet normal -0.991445 -0.130526 0.000000
outer loop
vertex -9.3304 -11.0760 0.0000
vertex -9.2712 -11.5262 14.7782
vertex -9.3304 -11.0760 14.7782
endloop
endfacet
facet normal 0.000000 0.000000 1.000000
outer loop
vertex -7.5910 -11.0760 14.7782
vertex -9.3304 -11.0760 14.7782
vertex -9.2712 -11.5262 14.7782
endloop
endfacet
facet normal -0.000000 0.000000 -1.000000
outer loop
vertex -7.5910 -11.0760 0.0000
vertex -9.2712 -11.5262 0.0000
vertex -9.3304 -11.0760 0.0000
endloop
endfacet
facet normal -0.923880 -0.382683 0.000000
outer loop
vertex -9.2712 -11.5262 0.0000
vertex -9.0974 -11.9457 0.0000
vertex -9.0974 -11.9457 14.7782
endloop
endfacet
facet normal -0.923880 -0.382683 0.000000
outer loop
vertex -9.2712 -11.5262 0.0000
vertex -9.0974 -11.9457 14.7782
vertex -9.2712 -11.5262 14.7782
endloop
endfacet
facet normal 0.000000 0.000000 1.000000
outer loop
vertex -7.5910 -11.0760 14.7782
vertex -9.2712 -11.5262 14.7782
vertex -9.0974 -11.9457 14.7782
endloop
endfacet
facet normal 0.000000 0.000000 -1.000000
outer loop
vertex -7.5910 -11.0760 0.0000
vertex -9.0974 -11.9457 0.0000
vertex -9.2712 -11.5262 0.0000
endloop
endfacet
facet normal -0.793353 -0.608761 0.000000
outer loop
vertex -9.0974 -11.9457 0.0000
vertex -8.8210 -12.3060 0.0000
vertex -8.8210 -12.3060 14.7782
endloop
endfacet
facet normal -0.793353 -0.608761 0.000000
outer loop
vertex -9.0974 -11.9457 0.0000
vertex -8.8210 -12.3060 14.7782
vertex -9.0974 -11.9457 14.7782
endloop
endfacet
facet normal 0.000000 0.000000 1.000000
outer loop
vertex -7.5910 -11.0760 14.7782
vertex -9.0974 -11.9457 14.7782
vertex -8.8210 -12.3060 14.7782
endloop
endfacet
facet normal 0.000000 0.000000 -1.000000
outer loop
vertex -7.5910 -11.0760 0.0000
vertex -8.8210 -12.3060 0.0000
vertex -9.0974 -11.9457 0.0000
endloop
endfacet
facet normal -0.608761 -0.793353 0.000000
outer loop
vertex -8.8210 -12.3060 0.0000
vertex -8.4607 -12.5824 0.0000
vertex -8.4607 -12.5824 14.7782
endloop
endfacet
facet normal -0.608761 -0.793353 0.000000
outer loop
vertex -8.8210 -12.3060 0.0000
vertex -8.4607 -12.5824 14.7782
vertex -8.8210 -12.3060 14.7782
endloop
endfacet
facet normal 0.000000 0.000000 1.000000
outer loop
vertex -7.5910 -11.0760 14.7782
vertex -8.8210 -12.3060 14.7782
vertex -8.4607 -12.5824 14.7782
endloop
endfacet
facet normal 0.000000 0.000000 -1.000000
outer loop
vertex -7.5910 -11.0760 0.0000
vertex -8.4607 -12.5824 0.0000
vertex -8.8210 -12.3060 0.0000
endloop
endfacet
facet normal -0.382683 -0.923880 0.000000
outer loop
vertex -8.4607 -12.5824 0.0000
vertex -8.0412 -12.7562 0.0000
vertex -8.0412 -12.7562 14.7782
endloop
endfacet
facet normal -0.382683 -0.923880 0.000000
outer loop
vertex -8.4607 -12.5824 0.0000
vertex -8.0412 -12.7562 14.7782
vertex -8.4607 -12.5824 14.7782
endloop
endfacet
facet normal 0.000000 0.000000 1.000000
outer loop
vertex -7.5910 -11.0760 14.7782
vertex -8.4607 -12.5824 14.7782
vertex -8.0412 -12.7562 14.7782
endloop
endfacet
facet normal 0.000000 0.000000 -1.000000
outer loop
vertex -7.5910 -11.0760 0.0000
vertex -8.0412 -12.7562 0.0000
vertex -8.4607 -12.5824 0.0000
endloop
endfacet
facet normal -0.130526 -0.991445 0.000000
outer loop
vertex -8.0412 -12.7562 0.0000
vertex -7.5910 -12.8155 0.0000
vertex -7.5910 -12.8155 14.7782
endloop
endfacet
facet normal -0.130526 -0.991445 0.000000
outer loop
vertex -8.0412 -12.7562 0.0000
vertex -7.5910 -12.8155 14.7782
vertex -8.0412 -12.7562 14.7782
endloop
endfacet
facet normal 0.000000 0.000000 1.000000
outer loop
vertex -7.5910 -11.0760 14.7782
vertex -8.0412 -12.7562 14.7782
vertex -7.5910 -12.8155 14.7782
endloop
endfacet
facet normal 0.000000 -0.000000 -1.000000
outer loop
vertex -7.5910 -11.0760 0.0000
vertex -7.5910 -12.8155 0.0000
vertex -8.0412 -12.7562 0.0000
endloop
endfacet
facet normal 0.130526 -0.991445 0.000000
outer loop
vertex -7.5910 -12.8155 0.0000
vertex -7.1408 -12.7562 0.0000
vertex -7.1408 -12.7562 14.7782
endloop
endfacet
facet normal 0.130526 -0.991445 0.000000
outer loop
vertex -7.5910 -12.8155 0.0000
vertex -7.1408 -12.7562 14.7782
vertex -7.5910 -12.8155 14.7782
endloop
endfacet
facet normal 0.000000 0.000000 1.000000
outer loop
vertex -7.5910 -11.0760 14.7782
vertex -7.5910 -12.8155 14.7782
vertex -7.1408 -12.7562 14.7782
endloop
endfacet
facet normal 0.000000 0.000000 -1.000000
outer loop
vertex -7.5910 -11.0760 0.0000
vertex -7.1408 -12.7562 0.0000
vertex -7.5910 -12.8155 0.0000
endloop
endfacet
facet normal 0.382683 -0.923880 0.000000
outer loop
vertex -7.1408 -12.7562 0.0000
vertex -6.7213 -12.5824 0.0000
vertex -6.7213 -12.5824 14.7782
endloop
endfacet
facet normal 0.382683 -0.923880 0.000000
outer loop
vertex -7.1408 -12.7562 0.0000
vertex -6.7213 -12.5824 14.7782
vertex -7.1408 -12.7562 14.7782
endloop
endfacet
facet normal 0.000000 0.000000 1.000000
outer loop
vertex -7.5910 -11.0760 14.7782
vertex -7.1408 -12.7562 14.7782
vertex -6.7213 -12.5824 14.7782
endloop
endfacet
facet normal 0.000000 0.000000 -1.000000
outer loop
vertex -7.5910 -11.0760 0.0000
vertex -6.7213 -12.5824 0.0000
vertex -7.1408 -12.7562 0.0000
endloop
endfacet
facet normal 0.608761 -0.793353 0.000000
outer loop
vertex -6.7213 -12.5824 0.0000
vertex -6.3611 -12.3060 0.0000
vertex -6.3611 -12.3060 14.7782
endloop
endfacet
facet normal 0.608761 -0.793353 0.000000
outer loop
vertex -6.7213 -12.5824 0.0000
vertex -6.3611 -12.3060 14.7782
vertex -6.7213 -12.5824 14.7782
endloop
endfacet
facet normal 0.000000 0.000000 1.000000
outer loop
vertex -7.5910 -11.0760 14.7782
vertex -6.7213 -12.5824 14.7782
vertex -6.3611 -12.3060 14.7782
endloop
endfacet
facet normal 0.000000 0.000000 -1.000000
outer loop
vertex -7.5910 -11.0760 0.0000
vertex -6.3611 -12.3060 0.0000
vertex -6.7213 -12.5824 0.0000
endloop
endfacet
facet normal 0.793353 -0.608761 0.000000
outer loop
vertex -6.3611 -12.3060 0.0000
vertex -6.0846 -11.9457 0.0000
vertex -6.0846 -11.9457 14.7782
endloop
endfacet
facet normal 0.793353 -0.608761 0.000000
outer loop
vertex -6.3611 -12.3060 0.0000
vertex -6.0846 -11.9457 14.7782
vertex -6.3611 -12.3060 14.7782
endloop
endfacet
facet normal 0.000000 0.000000 1.000000
outer loop
vertex -7.5910 -11.0760 14.7782
vertex -6.3611 -12.3060 14.7782
vertex -6.0846 -11.9457 14.7782
endloop
endfacet
facet normal 0.000000 0.000000 -1.000000
outer loop
vertex -7.5910 -11.0760 0.0000
vertex -6.0846 -11.9457 0.0000
vertex -6.3611 -12.3060 0.0000
endloop
endfacet
facet normal 0.923880 -0.382683 0.000000
outer loop
vertex -6.0846 -11.9457 0.0000
vertex -5.9109 -11.5262 0.0000
vertex -5.9109 -11.5262 14.7782
endloop
endfacet
facet normal 0.923880 -0.382683 0.000000
outer loop
vertex -6.0846 -11.9457 0.0000
vertex -5.9109 -11.5262 14.7782
vertex -6.0846 -11.9457 14.7782
endloop
endfacet
facet normal 0.000000 0.000000 1.000000
outer loop
vertex -7.5910 -11.0760 14.7782
vertex -6.0846 -11.9457 14.7782
vertex -5.9109 -11.5262 14.7782
endloop
endfacet
facet normal 0.000000 0.000000 -1.000000
outer loop
vertex -7.5910 -11.0760 0.0000
vertex -5.9109 -11.5262 0.0000
vertex -6.0846 -11.9457 0.0000
endloop
endfacet
facet normal 0.991445 -0.130526 0.000000
outer loop
vertex -5.9109 -11.5262 0.0000
vertex -5.8516 -11.0760 0.0000
vertex -5.8516 -11.0760 14.7782
endloop
endfacet
facet normal 0.991445 -0.130526 0.000000
outer loop
vertex -5.9109 -11.5262 0.0000
vertex -5.8516 -11.0760 14.7782
vertex -5.9109 -11.5262 14.7782
endloop
endfacet
facet normal -0.000000 0.000000 1.000000
outer loop
vertex -7.5910 -11.0760 14.7782
vertex -5.9109 -11.5262 14.7782
vertex -5.8516 -11.0760 14.7782
endloop
endfacet
facet normal 0.000000 0.000000 -1.000000
outer loop
vertex -7.5910 -11.0760 0.0000
vertex -5.8516 -11.0760 0.0000
vertex -5.9109 -11.5262 0.0000
endloop
endfacet
facet normal 0.991445 0.130526 0.000000
outer loop
vertex 28.2350 6.5193 0.0000
vertex 28.1672 7.0345 0.0000
vertex 28.1672 7.0345 9.2799
endloop
endfacet
facet normal 0.991445 0.130526 -0.000000
outer loop
vertex 28.2350 6.5193 0.0000
vertex 28.1672 7.0345 9.2799
vertex 28.2350 6.5193 9.2799
endloop
endfacet
facet normal 0.000000 0.000000 1.000000
outer loop
vertex 26.2441 6.5193 9.2799
vertex 28.2350 6.5193 9.2799
vertex 28.1672 7.0345 9.2799
endloop
endfacet
facet normal 0.000000 0.000000 -1.000000
outer loop
vertex 26.2441 6.5193 0.0000
vertex 28.1672 7.0345 0.0000
vertex 28.2350 6.5193 0.0000
endloop
endfacet
facet normal 0.923880 0.382683 0.000000
outer loop
vertex 28.1672 7.0345 0.0000
vertex 27.9683 7.5147 0.0000
vertex 27.9683 7.5147 9.2799
endloop
endfacet
facet normal 0.923880 0.382683 -0.000000
outer loop
vertex 28.1672 7.0345 0.0000
vertex 27.9683 7.5147 9.2799
vertex 28.1672 7.0345 9.2799
endloop
endfacet
facet normal 0.000000 0.000000 1.000000
outer loop
vertex 26.2441 6.5193 9.2799
vertex 28.1672 7.0345 9.2799
vertex 27.9683 7.5147 9.2799
endloop
endfacet
facet normal 0.000000 0.000000 -1.000000
outer loop
vertex 26.2441 6.5193 0.0000
vertex 27.9683 7.5147 0.0000
vertex 28.1672 7.0345 0.0000
endloop
endfacet
facet normal 0.793353 0.608761 0.000000
outer loop
vertex 27.9683 7.5147 0.0000
vertex 27.6519 7.9270 0.0000
vertex 27.6519 7.9270 9.2799
endloop
endfacet
facet normal 0.793353 0.608761 -0.000000
outer loop
vertex 27.9683 7.5147 0.0000
vertex 27.6519 7.9270 9.2799
vertex 27.9683 7.5147 9.2799
endloop
endfacet
facet normal 0.000000 0.000000 1.000000
outer loop
vertex 26.2441 6.5193 9.2799
vertex 27.9683 7.5147 9.2799
vertex 27.6519 7.9270 9.2799
endloop
endfacet
facet normal 0.000000 0.000000 -1.000000
outer loop
vertex 26.2441 6.5193 0.0000
vertex 27.6519 7.9270 0.0000
vertex 27.9683 7.5147 0.0000
endloop
endfacet
facet normal 0.608761 0.793353 0.000000
outer loop
vertex 27.6519 7.9270 0.0000
vertex 27.2396 8.2434 0.0000
vertex 27.2396 8.2434 9.2799
endloop
endfacet
facet normal 0.608761 0.793353 -0.000000
outer loop
vertex 27.6519 7.9270 0.0000
vertex 27.2396 8.2434 9.2799
vertex 27.6519 7.9270 9.2799
endloop
endfacet
facet normal 0.000000 0.000000 1.000000
outer loop
vertex 26.2441 6.5193 9.2799
vertex 27.6519 7.9270 9.2799
vertex 27.2396 8.2434 9.2799
endloop
endfacet
facet normal 0.000000 0.000000 -1.000000
outer loop
vertex 26.2441 6.5193 0.0000
vertex 27.2396 8.2434 0.0000
vertex 27.6519 7.9270 0.0000
endloop
endfacet
facet normal 0.382683 0.923880 0.000000
outer loop
vertex 27.2396 8.2434 0.0000
vertex 26.7594 8.4423 0.0000
vertex 26.7594 8.4423 9.2799
endloop
endfacet
facet normal 0.382683 0.923880 -0.000000
outer loop
vertex 27.2396 8.2434 0.0000
vertex 26.7594 8.4423 9.2799
vertex 27.2396 8.2434 9.2799
endloop
endfacet
facet normal 0.000000 0.000000 1.000000
outer loop
vertex 26.2441 6.5193 9.2799
vertex 27.2396 8.2434 9.2799
vertex 26.7594 8.4423 9.2799
endloop
endfacet
facet normal 0.000000 0.000000 -1.000000
outer loop
vertex 26.2441 6.5193 0.0000
vertex 26.7594 8.4423 0.0000
vertex 27.2396 8.2434 0.0000
endloop
endfacet
facet normal 0.130526 0.991445 0.000000
outer loop
vertex 26.7594 8.4423 0.0000
vertex 26.2441 8.5101 0.0000
vertex 26.2441 8.5101 9.2799
endloop
endfacet
facet normal 0.130526 0.991445 -0.000000
outer loop
vertex 26.7594 8.4423 0.0000
vertex 26.2441 8.5101 9.2799
vertex 26.7594 8.4423 9.2799
endloop
endfacet
facet normal 0.000000 0.000000 1.000000
outer loop
vertex 26.2441 6.5193 9.2799
vertex 26.7594 8.4423 9.2799
vertex 26.2441 8.5101 9.2799
endloop
endfacet
facet normal 0.000000 0.000000 -1.000000
outer loop
vertex 26.2441 6.5193 0.0000
vertex 26.2441 8.5101 0.0000
vertex 26.7594 8.4423 0.0000
endloop
endfacet
facet normal -0.130526 0.991445 0.000000
outer loop
vertex 26.2441 8.5101 0.0000
vertex 25.7289 8.4423 0.0000
vertex 25.7289 8.4423 9.2799
endloop
endfacet
facet normal -0.130526 0.991445 0.000000
outer loop
vertex 26.2441 8.5101 0.0000
vertex 25.7289 8.4423 9.2799
vertex 26.2441 8.5101 9.2799
endloop
endfacet
facet normal 0.000000 -0.000000 1.000000
outer loop
vertex 26.2441 6.5193 9.2799
vertex 26.2441 8.5101 9.2799
vertex 25.7289 8.4423 9.2799
endloop
endfacet
facet normal 0.000000 0.000000 -1.000000
outer loop
vertex 26.2441 6.5193 0.0000
vertex 25.7289 8.4423 0.0000
vertex 26.2441 8.5101 0.0000
endloop
endfacet
facet normal -0.382683 0.923880 0.000000
outer loop
vertex 25.7289 8.4423 0.0000
vertex 25.2487 8.2434 0.0000
vertex 25.2487 8.2434 9.2799
endloop
endfacet
facet normal -0.382683 0.923880 0.000000
outer loop
vertex 25.7289 8.4423 0.0000
vertex 25.2487 8.2434 9.2799
vertex 25.7289 8.4423 9.2799
endloop
endfacet
facet normal 0.000000 0.000000 1.000000
outer loop
vertex 26.2441 6.5193 9.2799
vertex 25.7289 8.4423 9.2799
vertex 25.2487 8.2434 9.2799
endloop
endfacet
facet normal 0.000000 0.000000 -1.000000
outer loop
vertex 26.2441 6.5193 0.0000
vertex 25.2487 8.2434 0.0000
vertex 25.7289 8.4423 0.0000
endloop
endfacet
facet normal -0.608761 0.793353 0.000000
outer loop
vertex 25.2487 8.2434 0.0000
vertex 24.8364 7.9270 0.0000
vertex 24.8364 7.9270 9.2799
endloop
endfacet
facet normal -0.608761 0.793353 0.000000
outer loop
vertex 25.2487 8.2434 0.0000
vertex 24.8364 7.9270 9.2799
vertex 25.2487 8.2434 9.2799
endloop
endfacet
facet normal 0.000000 0.000000 1.000000
outer loop
vertex 26.2441 6.5193 9.2799
vertex 25.2487 8.2434 9.2799
vertex 24.8364 7.9270 9.2799
endloop
endfacet
facet normal 0.000000 0.000000 -1.000000
outer loop
vertex 26.2441 6.5193 0.0000
vertex 24.8364 7.9270 0.0000
vertex 25.2487 8.2434 0.0000
endloop
endfacet
facet normal -0.793353 0.608761 0.000000
outer loop
vertex 24.8364 7.9270 0.0000
vertex 24.5200 7.5147 0.0000
vertex 24.5200 7.5147 9.2799
endloop
endfacet
facet normal -0.793353 0.608761 0.000000
outer loop
vertex 24.8364 7.9270 0.0000
vertex 24.5200 7.5147 9.2799
vertex 24.8364 7.9270 9.2799
endloop
endfacet
facet normal 0.000000 0.000000 1.000000
outer loop
vertex 26.2441 6.5193 9.2799
vertex 24.8364 7.9270 9.2799
vertex 24.5200 7.5147 9.2799
endloop
endfacet
facet normal 0.000000 0.000000 -1.000000
outer loop
vertex 26.2441 6.5193 0.0000
vertex 24.5200 7.5147 0.0000
vertex 24.8364 7.9270 0.0000
endloop
endfacet
facet normal -0.923880 0.382683 0.000000
outer loop
vertex 24.5200 7.5147 0.0000
vertex 24.3211 7.0345 0.0000
vertex 24.3211 7.0345 9.2799
endloop
endfacet
facet normal -0.923880 0.382683 0.000000
outer loop
vertex 24.5200 7.5147 0.0000
vertex 24.3211 7.0345 9.2799
vertex 24.5200 7.5147 9.2799
endloop
endfacet
facet normal 0.000000 0.000000 1.000000
outer loop
vertex 26.2441 6.5193 9.2799
vertex 24.5200 7.5147 9.2799
vertex 24.3211 7.0345 9.2799
endloop
endfacet
facet normal 0.000000 0.000000 -1.000000
outer loop
vertex 26.2441 6.5193 0.0000
vertex 24.3211 7.0345 0.0000
vertex 24.5200 7.5147 0.0000
endloop
endfacet
facet normal -0.991445 0.130526 0.000000
outer loop
vertex 24.3211 7.0345 0.0000
vertex 24.2533 6.5193 0.0000
vertex 24.2533 6.5193 9.2799
endloop
endfacet
facet normal -0.991445 0.130526 0.000000
outer loop
vertex 24.3211 7.0345 0.0000
vertex 24.2533 6.5193 9.2799
vertex 24.3211 7.0345 9.2799
endloop
endfacet
facet normal 0.000000 0.000000 1.000000
outer loop
vertex 26.2441 6.5193 9.2799
vertex 24.3211 7.0345 9.2799
vertex 24.2533 6.5193 9.2799
endloop
endfacet
facet normal 0.000000 0.000000 -1.000000
outer loop
vertex 26.2441 6.5193 0.0000
vertex 24.2533 6.5193 0.0000
vertex 24.3211 7.0345 0.0000
endloop
endfacet
facet normal -0.991445 -0.130526 0.000000
outer loop
vertex 24.2533 6.5193 0.0000
vertex 24.3211 6.0040 0.0000
vertex 24.3211 6.0040 9.2799
endloop
endfacet
facet normal -0.991445 -0.130526 0.000000
outer loop
vertex 24.2533 6.5193 0.0000
vertex 24.3211 6.0040 9.2799
vertex 24.2533 6.5193 9.2799
endloop
endfacet
facet normal 0.000000 0.000000 1.000000
outer loop
vertex 26.2441 6.5193 9.2799
vertex 24.2533 6.5193 9.2799
vertex 24.3211 6.0040 9.2799
endloop
endfacet
facet normal -0.000000 0.000000 -1.000000
outer loop
vertex 26.2441 6.5193 0.0000
vertex 24.3211 6.0040 0.0000
vertex 24.2533 6.5193 0.0000
endloop
endfacet
facet normal -0.923880 -0.382683 0.000000
outer loop
vertex 24.3211 6.0040 0.0000
vertex 24.5200 5.5238 0.0000
vertex 24.5200 5.5238 9.2799
endloop
endfacet
facet normal -0.923880 -0.382683 0.000000
outer loop
vertex 24.3211 6.0040 0.0000
vertex 24.5200 5.5238 9.2799
vertex 24.3211 6.0040 9.2799
endloop
endfacet
facet normal 0.000000 0.000000 1.000000
outer loop
vertex 26.2441 6.5193 9.2799
vertex 24.3211 6.0040 9.2799
vertex 24.5200 5.5238 9.2799
endloop
endfacet
facet normal 0.000000 0.000000 -1.000000
outer loop
vertex 26.2441 6.5193 0.0000
vertex 24.5200 5.5238 0.0000
vertex 24.3211 6.0040 0.0000
endloop
endfacet
facet normal -0.793353 -0.608761 0.000000
outer loop
vertex 24.5200 5.5238 0.0000
vertex 24.8364 5.1115 0.0000
vertex 24.8364 5.1115 9.2799
endloop
endfacet
facet normal -0.793353 -0.608761 0.000000
outer loop
vertex 24.5200 5.5238 0.0000
vertex 24.8364 5.1115 9.2799
vertex 24.5200 5.5238 9.2799
endloop
endfacet
facet normal 0.000000 0.000000 1.000000
outer loop
vertex 26.2441 6.5193 9.2799
vertex 24.5200 5.5238 9.2799
vertex 24.8364 5.1115 9.2799
endloop
endfacet
facet normal 0.000000 0.000000 -1.000000
outer loop
vertex 26.2441 6.5193 0.0000
vertex 24.8364 5.1115 0.0000
vertex 24.5200 5.5238 0.0000
endloop
endfacet
facet normal -0.608761 -0.793353 0.000000
outer loop
vertex 24.8364 5.1115 0.0000
vertex 25.2487 4.7951 0.0000
vertex 25.2487 4.7951 9.2799
endloop
endfacet
facet normal -0.608761 -0.793353 0.000000
outer loop
vertex 24.8364 5.1115 0.0000
vertex 25.2487 4.7951 9.2799
vertex 24.8364 5.1115 9.2799
endloop
endfacet
facet normal 0.000000 0.000000 1.000000
outer loop
vertex 26.2441 6.5193 9.2799
vertex 24.8364 5.1115 9.2799
vertex 25.2487 4.7951 9.2799
endloop
endfacet
facet normal 0.000000 0.000000 -1.000000
outer loop
vertex 26.2441 6.5193 0.0000
vertex 25.2487 4.7951 0.0000
vertex 24.8364 5.1115 0.0000
endloop
endfacet
facet normal -0.382683 -0.923880 0.000000
outer loop
vertex 25.2487 4.7951 0.0000
vertex 25.7289 4.5962 0.0000
vertex 25.7289 4.5962 9.2799
endloop
endfacet
facet normal -0.382683 -0.923880 0.000000
outer loop
vertex 25.2487 4.7951 0.0000
vertex 25.7289 4.5962 9.2799
vertex 25.2487 4.7951 9.2799
endloop
endfacet
facet normal 0.000000 0.000000 1.000000
outer loop
vertex 26.2441 6.5193 9.2799
vertex 25.2487 4.7951 9.2799
vertex 25.7289 4.5962 9.2799
endloop
endfacet
facet normal 0.000000 0.000000 -1.000000
outer loop
vertex 26.2441 6.5193 0.0000
vertex 25.7289 4.5962 0.0000
vertex 25.2487 4.7951 0.0000
endloop
endfacet
facet normal -0.130526 -0.991445 0.000000
outer loop
vertex 25.7289 4.5962 0.0000
vertex 26.2441 4.5284 0.0000
vertex 26.2441 4.5284 9.2799
endloop
endfacet
facet normal -0.130526 -0.991445 0.000000
outer loop
vertex 25.7289 4.5962 0.0000
vertex 26.2441 4.5284 9.2799
vertex 25.7289 4.5962 9.2799
endloop
endfacet
facet normal 0.000000 0.000000 1.000000
outer loop
vertex 26.2441 6.5193 9.2799
vertex 25.7289 4.5962 9.2799
vertex 26.2441 4.5284 9.2799
endloop
endfacet
facet normal 0.000000 -0.000000 -1.000000
outer loop
vertex 26.2441 6.5193 0.0000
vertex 26.2441 4.5284 0.0000
vertex 25.7289 4.5962 0.0000
endloop
endfacet
facet normal 0.130526 -0.991445 0.000000
outer loop
vertex 26.2441 4.5284 0.0000
vertex 26.7594 4.5962 0.0000
vertex 26.7594 4.5962 9.2799
endloop
endfacet
facet normal 0.130526 -0.991445 0.000000
outer loop
vertex 26.2441 4.5284 0.0000
vertex 26.7594 4.5962 9.2799
vertex 26.2441 4.5284 9.2799
endloop
endfacet
facet normal 0.000000 0.000000 1.000000
outer loop
vertex 26.2441 6.5193 9.2799
vertex 26.2441 4.5284 9.2799
vertex 26.7594 4.5962 9.2799
endloop
endfacet
facet normal 0.000000 0.000000 -1.000000
outer loop
vertex 26.2441 6.5193 0.0000
vertex 26.7594 4.5962 0.0000
vertex 26.2441 4.5284 0.0000
endloop
endfacet
facet normal 0.382683 -0.923880 0.000000
outer loop
vertex 26.7594 4.5962 0.0000
vertex 27.2396 4.7951 0.0000
vertex 27.2396 4.7951 9.2799
endloop
endfacet
facet normal 0.382683 -0.923880 0.000000
outer loop
vertex 26.7594 4.5962 0.0000
vertex 27.2396 4.7951 9.2799
vertex 26.7594 4.5962 9.2799
endloop
endfacet
facet normal 0.000000 0.000000 1.000000
outer loop
vertex 26.2441 6.5193 9.2799
vertex 26.7594 4.5962 9.2799
vertex 27.2396 4.7951 9.2799
endloop
endfacet
facet normal 0.000000 0.000000 -1.000000
outer loop
vertex 26.2441 6.5193 0.0000
vertex 27.2396 4.7951 0.0000
vertex 26.7594 4.5962 0.0000
endloop
endfacet
facet normal 0.608761 -0.793353 0.000000
outer loop
vertex 27.2396 4.7951 0.0000
vertex 27.6519 5.1115 0.0000
vertex 27.6519 5.1115 9.2799
endloop
endfacet
facet normal 0.608761 -0.793353 0.000000
outer loop
vertex 27.2396 4.7951 0.0000
vertex 27.6519 5.1115 9.2799
vertex 27.2396 4.7951 9.2799
endloop
endfacet
facet normal 0.000000 0.000000 1.000000
outer loop
vertex 26.2441 6.5193 9.2799
vertex 27.2396 4.7951 9.2799
vertex 27.6519 5.1115 9.2799
endloop
endfacet
facet normal 0.000000 0.000000 -1.000000
outer loop
vertex 26.2441 6.5193 0.0000
vertex 27.6519 5.1115 0.0000
vertex 27.2396 4.7951 0.0000
endloop
endfacet
facet normal 0.793353 -0.608761 0.000000
outer loop
vertex 27.6519 5.1115 0.0000
vertex 27.9683 5.5238 0.0000
vertex 27.9683 5.5238 9.2799
endloop
endfacet
facet normal 0.793353 -0.608761 0.000000
outer loop
vertex 27.6519 5.1115 0.0000
vertex 27.9683 5.5238 9.2799
vertex 27.6519 5.1115 9.2799
endloop
endfacet
facet normal 0.000000 0.000000 1.000000
outer loop
vertex 26.2441 6.5193 9.2799
vertex 27.6519 5.1115 9.2799
vertex 27.9683 5.5238 9.2799
endloop
endfacet
facet normal 0.000000 0.000000 -1.000000
outer loop
vertex 26.2441 6.5193 0.0000
vertex 27.9683 5.5238 0.0000
vertex 27.6519 5.1115 0.0000
endloop
endfacet
facet normal 0.923880 -0.382683 0.000000
outer loop
vertex 27.9683 5.5238 0.0000
vertex 28.1672 6.0040 0.0000
vertex 28.1672 6.0040 9.2799
endloop
endfacet
facet normal 0.923880 -0.382683 0.000000
outer loop
vertex 27.9683 5.5238 0.0000
vertex 28.1672 6.0040 9.2799
vertex 27.9683 5.5238 9.2799
endloop
endfacet
facet normal 0.000000 0.000000 1.000000
outer loop
vertex 26.2441 6.5193 9.2799
vertex 27.9683 5.5238 9.2799
vertex 28.1672 6.0040 9.2799
endloop
endfacet
facet normal 0.000000 0.000000 -1.000000
outer loop
vertex 26.2441 6.5193 0.0000
vertex 28.1672 6.0040 0.0000
vertex 27.9683 5.5238 0.0000
endloop
endfacet
facet normal 0.991445 -0.130526 0.000000
outer loop
vertex 28.1672 6.0040 0.0000
vertex 28.2350 6.5193 0.0000
vertex 28.2350 6.5193 9.2799
endloop
endfacet
facet normal 0.991445 -0.130526 0.000000
outer loop
vertex 28.1672 6.0040 0.0000
vertex 28.2350 6.5193 9.2799
vertex 28.1672 6.0040 9.2799
endloop
endfacet
facet normal 0.000000 0.000000 1.000000
outer loop
vertex 26.2441 6.5193 9.2799
vertex 28.1672 6.0040 9.2799
vertex 28.2350 6.5193 9.2799
endloop
endfacet
facet normal 0.000000 0.000000 -1.000000
outer loop
vertex 26.2441 6.5193 0.0000
vertex 28.2350 6.5193 0.0000
vertex 28.1672 6.0040 0.0000
endloop
endfacet
endsolid terrain
