solid terrain
facet normal 0.000000 0.000000 -1.000000
outer loop
vertex -33.0000 -43.0000 0.0000
vertex -33.0000 43.0000 0.0000
vertex 33.0000 43.0000 0.0000
endloop
endfacet
facet normal 0.000000 0.000000 -1.000000
outer loop
vertex -33.0000 -43.0000 0.0000
vertex 33.0000 43.0000 0.0000
vertex 33.0000 -43.0000 0.0000
endloop
endfacet
facet normal 0.000000 0.000000 1.000000
outer loop
vertex -33.0000 -43.0000 0.0500
vertex 33.0000 -43.0000 0.0500
vertex 33.0000 43.0000 0.0500
endloop
endfacet
facet normal 0.000000 0.000000 1.000000
outer loop
vertex -33.0000 -43.0000 0.0500
vertex 33.0000 43.0000 0.0500
vertex -33.0000 43.0000 0.0500
endloop
endfacet
facet normal 0.000000 -1.000000 0.000000
outer loop
vertex -33.0000 -43.0000 0.0000
vertex 33.0000 -43.0000 0.0000
vertex 33.0000 -43.0000 0.0500
endloop
endfacet
facet normal 0.000000 -1.000000 0.000000
outer loop
vertex -33.0000 -43.0000 0.0000
vertex 33.0000 -43.0000 0.0500
vertex -33.0000 -43.0000 0.0500
endloop
endfacet
facet normal 1.000000 0.000000 0.000000
outer loop
vertex 33.0000 -43.0000 0.0000
vertex 33.0000 43.0000 0.0000
vertex 33.0000 43.0000 0.0500
endloop
endfacet
facet normal 1.000000 0.000000 0.000000
outer loop
vertex 33.0000 -43.0000 0.0000
vertex 33.0000 43.0000 0.0500
vertex 33.0000 -43.0000 0.0500
endloop
endfacet
facet normal 0.000000 1.000000 0.000000
outer loop
vertex 33.0000 43.0000 0.0000
vertex -33.0000 43.0000 0.0000
vertex -33.0000 43.0000 0.0500
endloop
endfacet
facet normal 0.000000 1.000000 -0.000000
outer loop
vertex 33.0000 43.0000 0.0000
vertex -33.0000 43.0000 0.0500
vertex 33.0000 43.0000 0.0500
endloop
endfacet
facet normal -1.000000 0.000000 0.000000
outer loop
vertex -33.0000 43.0000 0.0000
vertex -33.0000 -43.0000 0.0000
vertex -33.0000 -43.0000 0.0500
endloop
endfacet
facet normal -1.000000 0.000000 0.000000
outer loop
vertex -33.0000 43.0000 0.0000
vertex -33.0000 -43.0000 0.0500
vertex -33.0000 43.0000 0.0500
endloop
endfacet
facet normal 0.991445 0.130526 0.000000
outer loop
vertex 21.9201 13.7787 0.0000
vertex 21.8579 14.2515 0.0000
vertex 21.8579 14.2515 15.4007
endloop
endfacet
facet normal 0.991445 0.130526 -0.000000
outer loop
vertex 21.9201 13.7787 0.0000
vertex 21.8579 14.2515 15.4007
vertex 21.9201 13.7787 15.4007
endloop
endfacet
facet normal 0.000000 0.000000 1.000000
outer loop
vertex 20.0934 13.7787 15.4007
vertex 21.9201 13.7787 15.4007
vertex 21.8579 14.2515 15.4007
endloop
endfacet
facet normal 0.000000 0.000000 -1.000000
outer loop
vertex 20.0934 13.7787 0.0000
vertex 21.8579 14.2515 0.0000
vertex 21.9201 13.7787 0.0000
endloop
endfacet
facet normal 0.923880 0.382683 0.000000
outer loop
vertex 21.8579 14.2515 0.0000
vertex 21.6754 14.6920 0.0000
vertex 21.6754 14.6920 15.4007
endloop
endfacet
facet normal 0.923880 0.382683 -0.000000
outer loop
vertex 21.8579 14.2515 0.0000
vertex 21.6754 14.6920 15.4007
vertex 21.8579 14.2515 15.4007
endloop
endfacet
facet normal 0.000000 0.000000 1.000000
outer loop
vertex 20.0934 13.7787 15.4007
vertex 21.8579 14.2515 15.4007
vertex 21.6754 14.6920 15.4007
endloop
endfacet
facet normal 0.000000 0.000000 -1.000000
outer loop
vertex 20.0934 13.7787 0.0000
vertex 21.6754 14.6920 0.0000
vertex 21.8579 14.2515 0.0000
endloop
endfacet
facet normal 0.793353 0.608761 0.000000
outer loop
vertex 21.6754 14.6920 0.0000
vertex 21.3851 15.0703 0.0000
vertex 21.3851 15.0703 15.4007
endloop
endfacet
facet normal 0.793353 0.608761 -0.000000
outer loop
vertex 21.6754 14.6920 0.0000
vertex 21.3851 15.0703 15.4007
vertex 21.6754 14.6920 15.4007
endloop
endfacet
facet normal 0.000000 0.000000 1.000000
outer loop
vertex 20.0934 13.7787 15.4007
vertex 21.6754 14.6920 15.4007
vertex 21.3851 15.0703 15.4007
endloop
endfacet
facet normal 0.000000 0.000000 -1.000000
outer loop
vertex 20.0934 13.7787 0.0000
vertex 21.3851 15.0703 0.0000
vertex 21.6754 14.6920 0.0000
endloop
endfacet
facet normal 0.608761 0.793353 0.000000
outer loop
vertex 21.3851 15.0703 0.0000
vertex 21.0068 15.3606 0.0000
vertex 21.0068 15.3606 15.4007
endloop
endfacet
facet normal 0.608761 0.793353 -0.000000
outer loop
vertex 21.3851 15.0703 0.0000
vertex 21.0068 15.3606 15.4007
vertex 21.3851 15.0703 15.4007
endloop
endfacet
facet normal 0.000000 0.000000 1.000000
outer loop
vertex 20.0934 13.7787 15.4007
vertex 21.3851 15.0703 15.4007
vertex 21.0068 15.3606 15.4007
endloop
endfacet
facet normal 0.000000 0.000000 -1.000000
outer loop
vertex 20.0934 13.7787 0.0000
vertex 21.0068 15.3606 0.0000
vertex 21.3851 15.0703 0.0000
endloop
endfacet
facet normal 0.382683 0.923880 0.000000
outer loop
vertex 21.0068 15.3606 0.0000
vertex 20.5662 15.5431 0.0000
vertex 20.5662 15.5431 15.4007
endloop
endfacet
facet normal 0.382683 0.923880 -0.000000
outer loop
vertex 21.0068 15.3606 0.0000
vertex 20.5662 15.5431 15.4007
vertex 21.0068 15.3606 15.4007
endloop
endfacet
facet normal 0.000000 0.000000 1.000000
outer loop
vertex 20.0934 13.7787 15.4007
vertex 21.0068 15.3606 15.4007
vertex 20.5662 15.5431 15.4007
endloop
endfacet
facet normal 0.000000 0.000000 -1.000000
outer loop
vertex 20.0934 13.7787 0.0000
vertex 20.5662 15.5431 0.0000
vertex 21.0068 15.3606 0.0000
endloop
endfacet
facet normal 0.130526 0.991445 0.000000
outer loop
vertex 20.5662 15.5431 0.0000
vertex 20.0934 15.6054 0.0000
vertex 20.0934 15.6054 15.4007
endloop
endfacet
facet normal 0.130526 0.991445 -0.000000
outer loop
vertex 20.5662 15.5431 0.0000
vertex 20.0934 15.6054 15.4007
vertex 20.5662 15.5431 15.4007
endloop
endfacet
facet normal 0.000000 0.000000 1.000000
outer loop
vertex 20.0934 13.7787 15.4007
vertex 20.5662 15.5431 15.4007
vertex 20.0934 15.6054 15.4007
endloop
endfacet
facet normal 0.000000 0.000000 -1.000000
outer loop
vertex 20.0934 13.7787 0.0000
vertex 20.0934 15.6054 0.0000
vertex 20.5662 15.5431 0.0000
endloop
endfacet
facet normal -0.130526 0.991445 0.000000
outer loop
vertex 20.0934 15.6054 0.0000
vertex 19.6206 15.5431 0.0000
vertex 19.6206 15.5431 15.4007
endloop
endfacet
facet normal -0.130526 0.991445 0.000000
outer loop
vertex 20.0934 15.6054 0.0000
vertex 19.6206 15.5431 15.4007
vertex 20.0934 15.6054 15.4007
endloop
endfacet
facet normal 0.000000 -0.000000 1.000000
outer loop
vertex 20.0934 13.7787 15.4007
vertex 20.0934 15.6054 15.4007
vertex 19.6206 15.5431 15.4007
endloop
endfacet
facet normal 0.000000 0.000000 -1.000000
outer loop
vertex 20.0934 13.7787 0.0000
vertex 19.6206 15.5431 0.0000
vertex 20.0934 15.6054 0.0000
endloop
endfacet
facet normal -0.382683 0.923880 0.000000
outer loop
vertex 19.6206 15.5431 0.0000
vertex 19.1801 15.3606 0.0000
vertex 19.1801 15.3606 15.4007
endloop
endfacet
facet normal -0.382683 0.923880 0.000000
outer loop
vertex 19.6206 15.5431 0.0000
vertex 19.1801 15.3606 15.4007
vertex 19.6206 15.5431 15.4007
endloop
endfacet
facet normal 0.000000 0.000000 1.000000
outer loop
vertex 20.0934 13.7787 15.4007
vertex 19.6206 15.5431 15.4007
vertex 19.1801 15.3606 15.4007
endloop
endfacet
facet normal 0.000000 0.000000 -1.000000
outer loop
vertex 20.0934 13.7787 0.0000
vertex 19.1801 15.3606 0.0000
vertex 19.6206 15.5431 0.0000
endloop
endfacet
facet normal -0.608761 0.793353 0.000000
outer loop
vertex 19.1801 15.3606 0.0000
vertex 18.8017 15.0703 0.0000
vertex 18.8017 15.0703 15.4007
endloop
endfacet
facet normal -0.608761 0.793353 0.000000
outer loop
vertex 19.1801 15.3606 0.0000
vertex 18.8017 15.0703 15.4007
vertex 19.1801 15.3606 15.4007
endloop
endfacet
facet normal 0.000000 0.000000 1.000000
outer loop
vertex 20.0934 13.7787 15.4007
vertex 19.1801 15.3606 15.4007
vertex 18.8017 15.0703 15.4007
endloop
endfacet
facet normal 0.000000 0.000000 -1.000000
outer loop
vertex 20.0934 13.7787 0.0000
vertex 18.8017 15.0703 0.0000
vertex 19.1801 15.3606 0.0000
endloop
endfacet
facet normal -0.793353 0.608761 0.000000
outer loop
vertex 18.8017 15.0703 0.0000
vertex 18.5114 14.6920 0.0000
vertex 18.5114 14.6920 15.4007
endloop
endfacet
facet normal -0.793353 0.608761 0.000000
outer loop
vertex 18.8017 15.0703 0.0000
vertex 18.5114 14.6920 15.4007
vertex 18.8017 15.0703 15.4007
endloop
endfacet
facet normal 0.000000 0.000000 1.000000
outer loop
vertex 20.0934 13.7787 15.4007
vertex 18.8017 15.0703 15.4007
vertex 18.5114 14.6920 15.4007
endloop
endfacet
facet normal 0.000000 0.000000 -1.000000
outer loop
vertex 20.0934 13.7787 0.0000
vertex 18.5114 14.6920 0.0000
vertex 18.8017 15.0703 0.0000
endloop
endfacet
facet normal -0.923880 0.382683 0.000000
outer loop
vertex 18.5114 14.6920 0.0000
vertex 18.3290 14.2515 0.0000
vertex 18.3290 14.2515 15.4007
endloop
endfacet
facet normal -0.923880 0.382683 0.000000
outer loop
vertex 18.5114 14.6920 0.0000
vertex 18.3290 14.2515 15.4007
vertex 18.5114 14.6920 15.4007
endloop
endfacet
facet normal 0.000000 0.000000 1.000000
outer loop
vertex 20.0934 13.7787 15.4007
vertex 18.5114 14.6920 15.4007
vertex 18.3290 14.2515 15.4007
endloop
endfacet
facet normal 0.000000 0.000000 -1.000000
outer loop
vertex 20.0934 13.7787 0.0000
vertex 18.3290 14.2515 0.0000
vertex 18.5114 14.6920 0.0000
endloop
endfacet
facet normal -0.991445 0.130526 0.000000
outer loop
vertex 18.3290 14.2515 0.0000
vertex 18.2667 13.7787 0.0000
vertex 18.2667 13.7787 15.4007
endloop
endfacet
facet normal -0.991445 0.130526 0.000000
outer loop
vertex 18.3290 14.2515 0.0000
vertex 18.2667 13.7787 15.4007
vertex 18.3290 14.2515 15.4007
endloop
endfacet
facet normal 0.000000 0.000000 1.000000
outer loop
vertex 20.0934 13.7787 15.4007
vertex 18.3290 14.2515 15.4007
vertex 18.2667 13.7787 15.4007
endloop
endfacet
facet normal 0.000000 0.000000 -1.000000
outer loop
vertex 20.0934 13.7787 0.0000
vertex 18.2667 13.7787 0.0000
vertex 18.3290 14.2515 0.0000
endloop
endfacet
facet normal -0.991445 -0.130526 0.000000
outer loop
vertex 18.2667 13.7787 0.0000
vertex 18.3290 13.3059 0.0000
vertex 18.3290 13.3059 15.4007
endloop
endfacet
facet normal -0.991445 -0.130526 0.000000
outer loop
vertex 18.2667 13.7787 0.0000
vertex 18.3290 13.3059 15.4007
vertex 18.2667 13.7787 15.4007
endloop
endfacet
facet normal 0.000000 0.000000 1.000000
outer loop
vertex 20.0934 13.7787 15.4007
vertex 18.2667 13.7787 15.4007
vertex 18.3290 13.3059 15.4007
endloop
endfacet
facet normal -0.000000 0.000000 -1.000000
outer loop
vertex 20.0934 13.7787 0.0000
vertex 18.3290 13.3059 0.0000
vertex 18.2667 13.7787 0.0000
endloop
endfacet
facet normal -0.923880 -0.382683 0.000000
outer loop
vertex 18.3290 13.3059 0.0000
vertex 18.5114 12.8653 0.0000
vertex 18.5114 12.8653 15.4007
endloop
endfacet
facet normal -0.923880 -0.382683 0.000000
outer loop
vertex 18.3290 13.3059 0.0000
vertex 18.5114 12.8653 15.4007
vertex 18.3290 13.3059 15.4007
endloop
endfacet
facet normal 0.000000 0.000000 1.000000
outer loop
vertex 20.0934 13.7787 15.4007
vertex 18.3290 13.3059 15.4007
vertex 18.5114 12.8653 15.4007
endloop
endfacet
facet normal 0.000000 0.000000 -1.000000
outer loop
vertex 20.0934 13.7787 0.0000
vertex 18.5114 12.8653 0.0000
vertex 18.3290 13.3059 0.0000
endloop
endfacet
facet normal -0.793353 -0.608761 0.000000
outer loop
vertex 18.5114 12.8653 0.0000
vertex 18.8017 12.4870 0.0000
vertex 18.8017 12.4870 15.4007
endloop
endfacet
facet normal -0.793353 -0.608761 0.000000
outer loop
vertex 18.5114 12.8653 0.0000
vertex 18.8017 12.4870 15.4007
vertex 18.5114 12.8653 15.4007
endloop
endfacet
facet normal 0.000000 0.000000 1.000000
outer loop
vertex 20.0934 13.7787 15.4007
vertex 18.5114 12.8653 15.4007
vertex 18.8017 12.4870 15.4007
endloop
endfacet
facet normal 0.000000 0.000000 -1.000000
outer loop
vertex 20.0934 13.7787 0.0000
vertex 18.8017 12.4870 0.0000
vertex 18.5114 12.8653 0.0000
endloop
endfacet
facet normal -0.608761 -0.793353 0.000000
outer loop
vertex 18.8017 12.4870 0.0000
vertex 19.1801 12.1967 0.0000
vertex 19.1801 12.1967 15.4007
endloop
endfacet
facet normal -0.608761 -0.793353 0.000000
outer loop
vertex 18.8017 12.4870 0.0000
vertex 19.1801 12.1967 15.4007
vertex 18.8017 12.4870 15.4007
endloop
endfacet
facet normal 0.000000 0.000000 1.000000
outer loop
vertex 20.0934 13.7787 15.4007
vertex 18.8017 12.4870 15.4007
vertex 19.1801 12.1967 15.4007
endloop
endfacet
facet normal 0.000000 0.000000 -1.000000
outer loop
vertex 20.0934 13.7787 0.0000
vertex 19.1801 12.1967 0.0000
vertex 18.8017 12.4870 0.0000
endloop
endfacet
facet normal -0.382683 -0.923880 0.000000
outer loop
vertex 19.1801 12.1967 0.0000
vertex 19.6206 12.0142 0.0000
vertex 19.6206 12.0142 15.4007
endloop
endfacet
facet normal -0.382683 -0.923880 0.000000
outer loop
vertex 19.1801 12.1967 0.0000
vertex 19.6206 12.0142 15.4007
vertex 19.1801 12.1967 15.4007
endloop
endfacet
facet normal 0.000000 0.000000 1.000000
outer loop
vertex 20.0934 13.7787 15.4007
vertex 19.1801 12.1967 15.4007
vertex 19.6206 12.0142 15.4007
endloop
endfacet
facet normal 0.000000 0.000000 -1.000000
outer loop
vertex 20.0934 13.7787 0.0000
vertex 19.6206 12.0142 0.0000
vertex 19.1801 12.1967 0.0000
endloop
endfacet
facet normal -0.130526 -0.991445 0.000000
outer loop
vertex 19.6206 12.0142 0.0000
vertex 20.0934 11.9520 0.0000
vertex 20.0934 11.9520 15.4007
endloop
endfacet
facet normal -0.130526 -0.991445 0.000000
outer loop
vertex 19.6206 12.0142 0.0000
vertex 20.0934 11.9520 15.4007
vertex 19.6206 12.0142 15.4007
endloop
endfacet
facet normal 0.000000 0.000000 1.000000
outer loop
vertex 20.0934 13.7787 15.4007
vertex 19.6206 12.0142 15.4007
vertex 20.0934 11.9520 15.4007
endloop
endfacet
facet normal 0.000000 -0.000000 -1.000000
outer loop
vertex 20.0934 13.7787 0.0000
vertex 20.0934 11.9520 0.0000
vertex 19.6206 12.0142 0.0000
endloop
endfacet
facet normal 0.130526 -0.991445 0.000000
outer loop
vertex 20.0934 11.9520 0.0000
vertex 20.5662 12.0142 0.0000
vertex 20.5662 12.0142 15.4007
endloop
endfacet
facet normal 0.130526 -0.991445 0.000000
outer loop
vertex 20.0934 11.9520 0.0000
vertex 20.5662 12.0142 15.4007
vertex 20.0934 11.9520 15.4007
endloop
endfacet
facet normal 0.000000 0.000000 1.000000
outer loop
vertex 20.0934 13.7787 15.4007
vertex 20.0934 11.9520 15.4007
vertex 20.5662 12.0142 15.4007
endloop
endfacet
facet normal 0.000000 0.000000 -1.000000
outer loop
vertex 20.0934 13.7787 0.0000
vertex 20.5662 12.0142 0.0000
vertex 20.0934 11.9520 0.0000
endloop
endfacet
facet normal 0.382683 -0.923880 0.000000
outer loop
vertex 20.5662 12.0142 0.0000
vertex 21.0068 12.1967 0.0000
vertex 21.0068 12.1967 15.4007
endloop
endfacet
facet normal 0.382683 -0.923880 0.000000
outer loop
vertex 20.5662 12.0142 0.0000
vertex 21.0068 12.1967 15.4007
vertex 20.5662 12.0142 15.4007
endloop
endfacet
facet normal 0.000000 0.000000 1.000000
outer loop
vertex 20.0934 13.7787 15.4007
vertex 20.5662 12.0142 15.4007
vertex 21.0068 12.1967 15.4007
endloop
endfacet
facet normal 0.000000 0.000000 -1.000000
outer loop
vertex 20.0934 13.7787 0.0000
vertex 21.0068 12.1967 0.0000
vertex 20.5662 12.0142 0.0000
endloop
endfacet
facet normal 0.608761 -0.793353 0.000000
outer loop
vertex 21.0068 12.1967 0.0000
vertex 21.3851 12.4870 0.0000
vertex 21.3851 12.4870 15.4007
endloop
endfacet
facet normal 0.608761 -0.793353 0.000000
outer loop
vertex 21.0068 12.1967 0.0000
vertex 21.3851 12.4870 15.4007
vertex 21.0068 12.1967 15.4007
endloop
endfacet
facet normal 0.000000 0.000000 1.000000
outer loop
vertex 20.0934 13.7787 15.4007
vertex 21.0068 12.1967 15.4007
vertex 21.3851 12.4870 15.4007
endloop
endfacet
facet normal 0.000000 0.000000 -1.000000
outer loop
vertex 20.0934 13.7787 0.0000
vertex 21.3851 12.4870 0.0000
vertex 21.0068 12.1967 0.0000
endloop
endfacet
facet normal 0.793353 -0.608761 0.000000
outer loop
vertex 21.3851 12.4870 0.0000
vertex 21.6754 12.8653 0.0000
vertex 21.6754 12.8653 15.4007
endloop
endfacet
facet normal 0.793353 -0.608761 0.000000
outer loop
vertex 21.3851 12.4870 0.0000
vertex 21.6754 12.8653 15.4007
vertex 21.3851 12.4870 15.4007
endloop
endfacet
facet normal 0.000000 0.000000 1.000000
outer loop
vertex 20.0934 13.7787 15.4007
vertex 21.3851 12.4870 15.4007
vertex 21.6754 12.8653 15.4007
endloop
endfacet
facet normal 0.000000 0.000000 -1.000000
outer loop
vertex 20.0934 13.7787 0.0000
vertex 21.6754 12.8653 0.0000
vertex 21.3851 12.4870 0.0000
endloop
endfacet
facet normal 0.923880 -0.382683 0.000000
outer loop
vertex 21.6754 12.8653 0.0000
vertex 21.8579 13.3059 0.0000
vertex 21.8579 13.3059 15.4007
endloop
endfacet
facet normal 0.923880 -0.382683 0.000000
outer loop
vertex 21.6754 12.8653 0.0000
vertex 21.8579 13.3059 15.4007
vertex 21.6754 12.8653 15.4007
endloop
endfacet
facet normal 0.000000 0.000000 1.000000
outer loop
vertex 20.0934 13.7787 15.4007
vertex 21.6754 12.8653 15.4007
vertex 21.8579 13.3059 15.4007
endloop
endfacet
facet normal 0.000000 0.000000 -1.000000
outer loop
vertex 20.0934 13.7787 0.0000
vertex 21.8579 13.3059 0.0000
vertex 21.6754 12.8653 0.0000
endloop
endfacet
facet normal 0.991445 -0.130526 0.000000
outer loop
vertex 21.8579 13.3059 0.0000
vertex 21.9201 13.7787 0.0000
vertex 21.9201 13.7787 15.4007
endloop
endfacet
facet normal 0.991445 -0.130526 0.000000
outer loop
vertex 21.8579 13.3059 0.0000
vertex 21.9201 13.7787 15.4007
vertex 21.8579 13.3059 15.4007
endloop
endfacet
facet normal -0.000000 0.000000 1.000000
outer loop
vertex 20.0934 13.7787 15.4007
vertex 21.8579 13.3059 15.4007
vertex 21.9201 13.7787 15.4007
endloop
endfacet
facet normal 0.000000 0.000000 -1.000000
outer loop
vertex 20.0934 13.7787 0.0000
vertex 21.9201 13.7787 0.0000
vertex 21.8579 13.3059 0.0000
endloop
endfacet
facet normal 0.000000 0.000000 -1.000000
outer loop
vertex -24.5296 14.2540 0.0000
vertex -24.5296 24.6025 0.0000
vertex -13.8296 24.6025 0.0000
endloop
endfacet
facet normal 0.000000 0.000000 -1.000000
outer loop
vertex -24.5296 14.2540 0.0000
vertex -13.8296 24.6025 0.0000
vertex -13.8296 14.2540 0.0000
endloop
endfacet
facet normal 0.000000 0.000000 1.000000
outer loop
vertex -24.5296 14.2540 19.6656
vertex -13.8296 14.2540 19.6656
vertex -13.8296 24.6025 19.6656
endloop
endfacet
facet normal 0.000000 0.000000 1.000000
outer loop
vertex -24.5296 14.2540 19.6656
vertex -13.8296 24.6025 19.6656
vertex -24.5296 24.6025 19.6656
endloop
endfacet
facet normal 0.000000 -1.000000 0.000000
outer loop
vertex -24.5296 14.2540 0.0000
vertex -13.8296 14.2540 0.0000
vertex -13.8296 14.2540 19.6656
endloop
endfacet
facet normal 0.000000 -1.000000 0.000000
outer loop
vertex -24.5296 14.2540 0.0000
vertex -13.8296 14.2540 19.6656
vertex -24.5296 14.2540 19.6656
endloop
endfacet
facet normal 1.000000 0.000000 0.000000
outer loop
vertex -13.8296 14.2540 0.0000
vertex -13.8296 24.6025 0.0000
vertex -13.8296 24.6025 19.6656
endloop
endfacet
facet normal 1.000000 0.000000 0.000000
outer loop
vertex -13.8296 14.2540 0.0000
vertex -13.8296 24.6025 19.6656
vertex -13.8296 14.2540 19.6656
endloop
endfacet
facet normal 0.000000 1.000000 0.000000
outer loop
vertex -13.8296 24.6025 0.0000
vertex -24.5296 24.6025 0.0000
vertex -24.5296 24.6025 19.6656
endloop
endfacet
facet normal 0.000000 1.000000 -0.000000
outer loop
vertex -13.8296 24.6025 0.0000
vertex -24.5296 24.6025 19.6656
vertex -13.8296 24.6025 19.6656
endloop
endfacet
facet normal -1.000000 0.000000 0.000000
outer loop
vertex -24.5296 24.6025 0.0000
vertex -24.5296 14.2540 0.0000
vertex -24.5296 14.2540 19.6656
endloop
endfacet
facet normal -1.000000 0.000000 0.000000
outer loop
vertex -24.5296 24.6025 0.0000
vertex -24.5296 14.2540 19.6656
vertex -24.5296 24.6025 19.6656
endloop
endfacet
facet normal 0.991445 0.130526 0.000000
outer loop
vertex -20.4072 -36.5235 0.0000
vertex -20.4861 -35.9245 0.0000
vertex -20.4861 -35.9245 15.6585
endloop
endfacet
facet normal 0.991445 0.130526 -0.000000
outer loop
vertex -20.4072 -36.5235 0.0000
vertex -20.4861 -35.9245 15.6585
vertex -20.4072 -36.5235 15.6585
endloop
endfacet
facet normal 0.000000 0.000000 1.000000
outer loop
vertex -22.7217 -36.5235 15.6585
vertex -20.4072 -36.5235 15.6585
vertex -20.4861 -35.9245 15.6585
endloop
endfacet
facet normal 0.000000 0.000000 -1.000000
outer loop
vertex -22.7217 -36.5235 0.0000
vertex -20.4861 -35.9245 0.0000
vertex -20.4072 -36.5235 0.0000
endloop
endfacet
facet normal 0.923880 0.382683 0.000000
outer loop
vertex -20.4861 -35.9245 0.0000
vertex -20.7173 -35.3662 0.0000
vertex -20.7173 -35.3662 15.6585
endloop
endfacet
facet normal 0.923880 0.382683 -0.000000
outer loop
vertex -20.4861 -35.9245 0.0000
vertex -20.7173 -35.3662 15.6585
vertex -20.4861 -35.9245 15.6585
endloop
endfacet
facet normal 0.000000 0.000000 1.000000
outer loop
vertex -22.7217 -36.5235 15.6585
vertex -20.4861 -35.9245 15.6585
vertex -20.7173 -35.3662 15.6585
endloop
endfacet
facet normal 0.000000 0.000000 -1.000000
outer loop
vertex -22.7217 -36.5235 0.0000
vertex -20.7173 -35.3662 0.0000
vertex -20.4861 -35.9245 0.0000
endloop
endfacet
facet normal 0.793353 0.608761 0.000000
outer loop
vertex -20.7173 -35.3662 0.0000
vertex -21.0851 -34.8869 0.0000
vertex -21.0851 -34.8869 15.6585
endloop
endfacet
facet normal 0.793353 0.608761 -0.000000
outer loop
vertex -20.7173 -35.3662 0.0000
vertex -21.0851 -34.8869 15.6585
vertex -20.7173 -35.3662 15.6585
endloop
endfacet
facet normal 0.000000 0.000000 1.000000
outer loop
vertex -22.7217 -36.5235 15.6585
vertex -20.7173 -35.3662 15.6585
vertex -21.0851 -34.8869 15.6585
endloop
endfacet
facet normal 0.000000 0.000000 -1.000000
outer loop
vertex -22.7217 -36.5235 0.0000
vertex -21.0851 -34.8869 0.0000
vertex -20.7173 -35.3662 0.0000
endloop
endfacet
facet normal 0.608761 0.793353 0.000000
outer loop
vertex -21.0851 -34.8869 0.0000
vertex -21.5645 -34.5191 0.0000
vertex -21.5645 -34.5191 15.6585
endloop
endfacet
facet normal 0.608761 0.793353 -0.000000
outer loop
vertex -21.0851 -34.8869 0.0000
vertex -21.5645 -34.5191 15.6585
vertex -21.0851 -34.8869 15.6585
endloop
endfacet
facet normal 0.000000 0.000000 1.000000
outer loop
vertex -22.7217 -36.5235 15.6585
vertex -21.0851 -34.8869 15.6585
vertex -21.5645 -34.5191 15.6585
endloop
endfacet
facet normal 0.000000 0.000000 -1.000000
outer loop
vertex -22.7217 -36.5235 0.0000
vertex -21.5645 -34.5191 0.0000
vertex -21.0851 -34.8869 0.0000
endloop
endfacet
facet normal 0.382683 0.923880 0.000000
outer loop
vertex -21.5645 -34.5191 0.0000
vertex -22.1227 -34.2878 0.0000
vertex -22.1227 -34.2878 15.6585
endloop
endfacet
facet normal 0.382683 0.923880 -0.000000
outer loop
vertex -21.5645 -34.5191 0.0000
vertex -22.1227 -34.2878 15.6585
vertex -21.5645 -34.5191 15.6585
endloop
endfacet
facet normal 0.000000 0.000000 1.000000
outer loop
vertex -22.7217 -36.5235 15.6585
vertex -21.5645 -34.5191 15.6585
vertex -22.1227 -34.2878 15.6585
endloop
endfacet
facet normal 0.000000 0.000000 -1.000000
outer loop
vertex -22.7217 -36.5235 0.0000
vertex -22.1227 -34.2878 0.0000
vertex -21.5645 -34.5191 0.0000
endloop
endfacet
facet normal 0.130526 0.991445 0.000000
outer loop
vertex -22.1227 -34.2878 0.0000
vertex -22.7217 -34.2090 0.0000
vertex -22.7217 -34.2090 15.6585
endloop
endfacet
facet normal 0.130526 0.991445 -0.000000
outer loop
vertex -22.1227 -34.2878 0.0000
vertex -22.7217 -34.2090 15.6585
vertex -22.1227 -34.2878 15.6585
endloop
endfacet
facet normal 0.000000 0.000000 1.000000
outer loop
vertex -22.7217 -36.5235 15.6585
vertex -22.1227 -34.2878 15.6585
vertex -22.7217 -34.2090 15.6585
endloop
endfacet
facet normal 0.000000 0.000000 -1.000000
outer loop
vertex -22.7217 -36.5235 0.0000
vertex -22.7217 -34.2090 0.0000
vertex -22.1227 -34.2878 0.0000
endloop
endfacet
facet normal -0.130526 0.991445 0.000000
outer loop
vertex -22.7217 -34.2090 0.0000
vertex -23.3208 -34.2878 0.0000
vertex -23.3208 -34.2878 15.6585
endloop
endfacet
facet normal -0.130526 0.991445 0.000000
outer loop
vertex -22.7217 -34.2090 0.0000
vertex -23.3208 -34.2878 15.6585
vertex -22.7217 -34.2090 15.6585
endloop
endfacet
facet normal 0.000000 -0.000000 1.000000
outer loop
vertex -22.7217 -36.5235 15.6585
vertex -22.7217 -34.2090 15.6585
vertex -23.3208 -34.2878 15.6585
endloop
endfacet
facet normal 0.000000 0.000000 -1.000000
outer loop
vertex -22.7217 -36.5235 0.0000
vertex -23.3208 -34.2878 0.0000
vertex -22.7217 -34.2090 0.0000
endloop
endfacet
facet normal -0.382683 0.923880 0.000000
outer loop
vertex -23.3208 -34.2878 0.0000
vertex -23.8790 -34.5191 0.0000
vertex -23.8790 -34.5191 15.6585
endloop
endfacet
facet normal -0.382683 0.923880 0.000000
outer loop
vertex -23.3208 -34.2878 0.0000
vertex -23.8790 -34.5191 15.6585
vertex -23.3208 -34.2878 15.6585
endloop
endfacet
facet normal 0.000000 0.000000 1.000000
outer loop
vertex -22.7217 -36.5235 15.6585
vertex -23.3208 -34.2878 15.6585
vertex -23.8790 -34.5191 15.6585
endloop
endfacet
facet normal 0.000000 0.000000 -1.000000
outer loop
vertex -22.7217 -36.5235 0.0000
vertex -23.8790 -34.5191 0.0000
vertex -23.3208 -34.2878 0.0000
endloop
endfacet
facet normal -0.608761 0.793353 0.000000
outer loop
vertex -23.8790 -34.5191 0.0000
vertex -24.3584 -34.8869 0.0000
vertex -24.3584 -34.8869 15.6585
endloop
endfacet
facet normal -0.608761 0.793353 0.000000
outer loop
vertex -23.8790 -34.5191 0.0000
vertex -24.3584 -34.8869 15.6585
vertex -23.8790 -34.5191 15.6585
endloop
endfacet
facet normal 0.000000 0.000000 1.000000
outer loop
vertex -22.7217 -36.5235 15.6585
vertex -23.8790 -34.5191 15.6585
vertex -24.3584 -34.8869 15.6585
endloop
endfacet
facet normal 0.000000 0.000000 -1.000000
outer loop
vertex -22.7217 -36.5235 0.0000
vertex -24.3584 -34.8869 0.0000
vertex -23.8790 -34.5191 0.0000
endloop
endfacet
facet normal -0.793353 0.608761 0.000000
outer loop
vertex -24.3584 -34.8869 0.0000
vertex -24.7262 -35.3662 0.0000
vertex -24.7262 -35.3662 15.6585
endloop
endfacet
facet normal -0.793353 0.608761 0.000000
outer loop
vertex -24.3584 -34.8869 0.0000
vertex -24.7262 -35.3662 15.6585
vertex -24.3584 -34.8869 15.6585
endloop
endfacet
facet normal 0.000000 0.000000 1.000000
outer loop
vertex -22.7217 -36.5235 15.6585
vertex -24.3584 -34.8869 15.6585
vertex -24.7262 -35.3662 15.6585
endloop
endfacet
facet normal 0.000000 0.000000 -1.000000
outer loop
vertex -22.7217 -36.5235 0.0000
vertex -24.7262 -35.3662 0.0000
vertex -24.3584 -34.8869 0.0000
endloop
endfacet
facet normal -0.923880 0.382683 0.000000
outer loop
vertex -24.7262 -35.3662 0.0000
vertex -24.9574 -35.9245 0.0000
vertex -24.9574 -35.9245 15.6585
endloop
endfacet
facet normal -0.923880 0.382683 0.000000
outer loop
vertex -24.7262 -35.3662 0.0000
vertex -24.9574 -35.9245 15.6585
vertex -24.7262 -35.3662 15.6585
endloop
endfacet
facet normal 0.000000 0.000000 1.000000
outer loop
vertex -22.7217 -36.5235 15.6585
vertex -24.7262 -35.3662 15.6585
vertex -24.9574 -35.9245 15.6585
endloop
endfacet
facet normal 0.000000 0.000000 -1.000000
outer loop
vertex -22.7217 -36.5235 0.0000
vertex -24.9574 -35.9245 0.0000
vertex -24.7262 -35.3662 0.0000
endloop
endfacet
facet normal -0.991445 0.130526 0.000000
outer loop
vertex -24.9574 -35.9245 0.0000
vertex -25.0363 -36.5235 0.0000
vertex -25.0363 -36.5235 15.6585
endloop
endfacet
facet normal -0.991445 0.130526 0.000000
outer loop
vertex -24.9574 -35.9245 0.0000
vertex -25.0363 -36.5235 15.6585
vertex -24.9574 -35.9245 15.6585
endloop
endfacet
facet normal 0.000000 0.000000 1.000000
outer loop
vertex -22.7217 -36.5235 15.6585
vertex -24.9574 -35.9245 15.6585
vertex -25.0363 -36.5235 15.6585
endloop
endfacet
facet normal 0.000000 0.000000 -1.000000
outer loop
vertex -22.7217 -36.5235 0.0000
vertex -25.0363 -36.5235 0.0000
vertex -24.9574 -35.9245 0.0000
endloop
endfacet
facet normal -0.991445 -0.130526 0.000000
outer loop
vertex -25.0363 -36.5235 0.0000
vertex -24.9574 -37.1226 0.0000
vertex -24.9574 -37.1226 15.6585
endloop
endfacet
facet normal -0.991445 -0.130526 0.000000
outer loop
vertex -25.0363 -36.5235 0.0000
vertex -24.9574 -37.1226 15.6585
vertex -25.0363 -36.5235 15.6585
endloop
endfacet
facet normal 0.000000 0.000000 1.000000
outer loop
vertex -22.7217 -36.5235 15.6585
vertex -25.0363 -36.5235 15.6585
vertex -24.9574 -37.1226 15.6585
endloop
endfacet
facet normal -0.000000 0.000000 -1.000000
outer loop
vertex -22.7217 -36.5235 0.0000
vertex -24.9574 -37.1226 0.0000
vertex -25.0363 -36.5235 0.0000
endloop
endfacet
facet normal -0.923880 -0.382683 0.000000
outer loop
vertex -24.9574 -37.1226 0.0000
vertex -24.7262 -37.6808 0.0000
vertex -24.7262 -37.6808 15.6585
endloop
endfacet
facet normal -0.923880 -0.382683 0.000000
outer loop
vertex -24.9574 -37.1226 0.0000
vertex -24.7262 -37.6808 15.6585
vertex -24.9574 -37.1226 15.6585
endloop
endfacet
facet normal 0.000000 0.000000 1.000000
outer loop
vertex -22.7217 -36.5235 15.6585
vertex -24.9574 -37.1226 15.6585
vertex -24.7262 -37.6808 15.6585
endloop
endfacet
facet normal 0.000000 0.000000 -1.000000
outer loop
vertex -22.7217 -36.5235 0.0000
vertex -24.7262 -37.6808 0.0000
vertex -24.9574 -37.1226 0.0000
endloop
endfacet
facet normal -0.793353 -0.608761 0.000000
outer loop
vertex -24.7262 -37.6808 0.0000
vertex -24.3584 -38.1602 0.0000
vertex -24.3584 -38.1602 15.6585
endloop
endfacet
facet normal -0.793353 -0.608761 0.000000
outer loop
vertex -24.7262 -37.6808 0.0000
vertex -24.3584 -38.1602 15.6585
vertex -24.7262 -37.6808 15.6585
endloop
endfacet
facet normal 0.000000 0.000000 1.000000
outer loop
vertex -22.7217 -36.5235 15.6585
vertex -24.7262 -37.6808 15.6585
vertex -24.3584 -38.1602 15.6585
endloop
endfacet
facet normal 0.000000 0.000000 -1.000000
outer loop
vertex -22.7217 -36.5235 0.0000
vertex -24.3584 -38.1602 0.0000
vertex -24.7262 -37.6808 0.0000
endloop
endfacet
facet normal -0.608761 -0.793353 0.000000
outer loop
vertex -24.3584 -38.1602 0.0000
vertex -23.8790 -38.5280 0.0000
vertex -23.8790 -38.5280 15.6585
endloop
endfacet
facet normal -0.608761 -0.793353 0.000000
outer loop
vertex -24.3584 -38.1602 0.0000
vertex -23.8790 -38.5280 15.6585
vertex -24.3584 -38.1602 15.6585
endloop
endfacet
facet normal 0.000000 0.000000 1.000000
outer loop
vertex -22.7217 -36.5235 15.6585
vertex -24.3584 -38.1602 15.6585
vertex -23.8790 -38.5280 15.6585
endloop
endfacet
facet normal 0.000000 0.000000 -1.000000
outer loop
vertex -22.7217 -36.5235 0.0000
vertex -23.8790 -38.5280 0.0000
vertex -24.3584 -38.1602 0.0000
endloop
endfacet
facet normal -0.382683 -0.923880 0.000000
outer loop
vertex -23.8790 -38.5280 0.0000
vertex -23.3208 -38.7592 0.0000
vertex -23.3208 -38.7592 15.6585
endloop
endfacet
facet normal -0.382683 -0.923880 0.000000
outer loop
vertex -23.8790 -38.5280 0.0000
vertex -23.3208 -38.7592 15.6585
vertex -23.8790 -38.5280 15.6585
endloop
endfacet
facet normal 0.000000 0.000000 1.000000
outer loop
vertex -22.7217 -36.5235 15.6585
vertex -23.8790 -38.5280 15.6585
vertex -23.3208 -38.7592 15.6585
endloop
endfacet
facet normal 0.000000 0.000000 -1.000000
outer loop
vertex -22.7217 -36.5235 0.0000
vertex -23.3208 -38.7592 0.0000
vertex -23.8790 -38.5280 0.0000
endloop
endfacet
facet normal -0.130526 -0.991445 0.000000
outer loop
vertex -23.3208 -38.7592 0.0000
vertex -22.7217 -38.8381 0.0000
vertex -22.7217 -38.8381 15.6585
endloop
endfacet
facet normal -0.130526 -0.991445 0.000000
outer loop
vertex -23.3208 -38.7592 0.0000
vertex -22.7217 -38.8381 15.6585
vertex -23.3208 -38.7592 15.6585
endloop
endfacet
facet normal 0.000000 0.000000 1.000000
outer loop
vertex -22.7217 -36.5235 15.6585
vertex -23.3208 -38.7592 15.6585
vertex -22.7217 -38.8381 15.6585
endloop
endfacet
facet normal 0.000000 -0.000000 -1.000000
outer loop
vertex -22.7217 -36.5235 0.0000
vertex -22.7217 -38.8381 0.0000
vertex -23.3208 -38.7592 0.0000
endloop
endfacet
facet normal 0.130526 -0.991445 0.000000
outer loop
vertex -22.7217 -38.8381 0.0000
vertex -22.1227 -38.7592 0.0000
vertex -22.1227 -38.7592 15.6585
endloop
endfacet
facet normal 0.130526 -0.991445 0.000000
outer loop
vertex -22.7217 -38.8381 0.0000
vertex -22.1227 -38.7592 15.6585
vertex -22.7217 -38.8381 15.6585
endloop
endfacet
facet normal 0.000000 0.000000 1.000000
outer loop
vertex -22.7217 -36.5235 15.6585
vertex -22.7217 -38.8381 15.6585
vertex -22.1227 -38.7592 15.6585
endloop
endfacet
facet normal 0.000000 0.000000 -1.000000
outer loop
vertex -22.7217 -36.5235 0.0000
vertex -22.1227 -38.7592 0.0000
vertex -22.7217 -38.8381 0.0000
endloop
endfacet
facet normal 0.382683 -0.923880 0.000000
outer loop
vertex -22.1227 -38.7592 0.0000
vertex -21.5645 -38.5280 0.0000
vertex -21.5645 -38.5280 15.6585
endloop
endfacet
facet normal 0.382683 -0.923880 0.000000
outer loop
vertex -22.1227 -38.7592 0.0000
vertex -21.5645 -38.5280 15.6585
vertex -22.1227 -38.7592 15.6585
endloop
endfacet
facet normal 0.000000 0.000000 1.000000
outer loop
vertex -22.7217 -36.5235 15.6585
vertex -22.1227 -38.7592 15.6585
vertex -21.5645 -38.5280 15.6585
endloop
endfacet
facet normal 0.000000 0.000000 -1.000000
outer loop
vertex -22.7217 -36.5235 0.0000
vertex -21.5645 -38.5280 0.0000
vertex -22.1227 -38.7592 0.0000
endloop
endfacet
facet normal 0.608761 -0.793353 0.000000
outer loop
vertex -21.5645 -38.5280 0.0000
vertex -21.0851 -38.1602 0.0000
vertex -21.0851 -38.1602 15.6585
endloop
endfacet
facet normal 0.608761 -0.793353 0.000000
outer loop
vertex -21.5645 -38.5280 0.0000
vertex -21.0851 -38.1602 15.6585
vertex -21.5645 -38.5280 15.6585
endloop
endfacet
facet normal 0.000000 0.000000 1.000000
outer loop
vertex -22.7217 -36.5235 15.6585
vertex -21.5645 -38.5280 15.6585
vertex -21.0851 -38.1602 15.6585
endloop
endfacet
facet normal 0.000000 0.000000 -1.000000
outer loop
vertex -22.7217 -36.5235 0.0000
vertex -21.0851 -38.1602 0.0000
vertex -21.5645 -38.5280 0.0000
endloop
endfacet
facet normal 0.793353 -0.608761 0.000000
outer loop
vertex -21.0851 -38.1602 0.0000
vertex -20.7173 -37.6808 0.0000
vertex -20.7173 -37.6808 15.6585
endloop
endfacet
facet normal 0.793353 -0.608761 0.000000
outer loop
vertex -21.0851 -38.1602 0.0000
vertex -20.7173 -37.6808 15.6585
vertex -21.0851 -38.1602 15.6585
endloop
endfacet
facet normal 0.000000 0.000000 1.000000
outer loop
vertex -22.7217 -36.5235 15.6585
vertex -21.0851 -38.1602 15.6585
vertex -20.7173 -37.6808 15.6585
endloop
endfacet
facet normal 0.000000 0.000000 -1.000000
outer loop
vertex -22.7217 -36.5235 0.0000
vertex -20.7173 -37.6808 0.0000
vertex -21.0851 -38.1602 0.0000
endloop
endfacet
facet normal 0.923880 -0.382683 0.000000
outer loop
vertex -20.7173 -37.6808 0.0000
vertex -20.4861 -37.1226 0.0000
vertex -20.4861 -37.1226 15.6585
endloop
endfacet
facet normal 0.923880 -0.382683 0.000000
outer loop
vertex -20.7173 -37.6808 0.0000
vertex -20.4861 -37.1226 15.6585
vertex -20.7173 -37.6808 15.6585
endloop
endfacet
facet normal 0.000000 0.000000 1.000000
outer loop
vertex -22.7217 -36.5235 15.6585
vertex -20.7173 -37.6808 15.6585
vertex -20.4861 -37.1226 15.6585
endloop
endfacet
facet normal 0.000000 0.000000 -1.000000
outer loop
vertex -22.7217 -36.5235 0.0000
vertex -20.4861 -37.1226 0.0000
vertex -20.7173 -37.6808 0.0000
endloop
endfacet
facet normal 0.991445 -0.130526 0.000000
outer loop
vertex -20.4861 -37.1226 0.0000
vertex -20.4072 -36.5235 0.0000
vertex -20.4072 -36.5235 15.6585
endloop
endfacet
facet normal 0.991445 -0.130526 0.000000
outer loop
vertex -20.4861 -37.1226 0.0000
vertex -20.4072 -36.5235 15.6585
vertex -20.4861 -37.1226 15.6585
endloop
endfacet
facet normal -0.000000 0.000000 1.000000
outer loop
vertex -22.7217 -36.5235 15.6585
vertex -20.4861 -37.1226 15.6585
vertex -20.4072 -36.5235 15.6585
endloop
endfacet
facet normal 0.000000 0.000000 -1.000000
outer loop
vertex -22.7217 -36.5235 0.0000
vertex -20.4072 -36.5235 0.0000
vertex -20.4861 -37.1226 0.0000
endloop
endfacet
facet normal 0.986752 0.129908 0.097187
outer loop
vertex -16.2491 -2.4042 0.0000
vertex -16.3578 -1.5785 0.0000
vertex -16.4170 -1.5944 0.6224
endloop
endfacet
facet normal 0.986752 0.129908 0.097187
outer loop
vertex -16.2491 -2.4042 0.0000
vertex -16.4170 -1.5944 0.6224
vertex -16.3104 -2.4042 0.6224
endloop
endfacet
facet normal 0.919506 0.380872 0.097187
outer loop
vertex -16.3578 -1.5785 0.0000
vertex -16.6765 -0.8090 0.0000
vertex -16.7296 -0.8397 0.6224
endloop
endfacet
facet normal 0.919506 0.380872 0.097187
outer loop
vertex -16.3578 -1.5785 0.0000
vertex -16.7296 -0.8397 0.6224
vertex -16.4170 -1.5944 0.6224
endloop
endfacet
facet normal 0.789598 0.605880 0.097187
outer loop
vertex -16.6765 -0.8090 0.0000
vertex -17.1835 -0.1482 0.0000
vertex -17.2269 -0.1916 0.6224
endloop
endfacet
facet normal 0.789598 0.605880 0.097187
outer loop
vertex -16.6765 -0.8090 0.0000
vertex -17.2269 -0.1916 0.6224
vertex -16.7296 -0.8397 0.6224
endloop
endfacet
facet normal 0.605880 0.789598 0.097187
outer loop
vertex -17.1835 -0.1482 0.0000
vertex -17.8443 0.3588 0.0000
vertex -17.8750 0.3057 0.6224
endloop
endfacet
facet normal 0.605880 0.789598 0.097187
outer loop
vertex -17.1835 -0.1482 0.0000
vertex -17.8750 0.3057 0.6224
vertex -17.2269 -0.1916 0.6224
endloop
endfacet
facet normal 0.380872 0.919506 0.097187
outer loop
vertex -17.8443 0.3588 0.0000
vertex -18.6138 0.6775 0.0000
vertex -18.6297 0.6183 0.6224
endloop
endfacet
facet normal 0.380872 0.919506 0.097187
outer loop
vertex -17.8443 0.3588 0.0000
vertex -18.6297 0.6183 0.6224
vertex -17.8750 0.3057 0.6224
endloop
endfacet
facet normal 0.129908 0.986752 0.097187
outer loop
vertex -18.6138 0.6775 0.0000
vertex -19.4395 0.7862 0.0000
vertex -19.4395 0.7249 0.6224
endloop
endfacet
facet normal 0.129908 0.986752 0.097187
outer loop
vertex -18.6138 0.6775 0.0000
vertex -19.4395 0.7249 0.6224
vertex -18.6297 0.6183 0.6224
endloop
endfacet
facet normal -0.129908 0.986752 0.097187
outer loop
vertex -19.4395 0.7862 0.0000
vertex -20.2653 0.6775 0.0000
vertex -20.2494 0.6183 0.6224
endloop
endfacet
facet normal -0.129908 0.986752 0.097187
outer loop
vertex -19.4395 0.7862 0.0000
vertex -20.2494 0.6183 0.6224
vertex -19.4395 0.7249 0.6224
endloop
endfacet
facet normal -0.380872 0.919506 0.097187
outer loop
vertex -20.2653 0.6775 0.0000
vertex -21.0348 0.3588 0.0000
vertex -21.0041 0.3057 0.6224
endloop
endfacet
facet normal -0.380872 0.919506 0.097187
outer loop
vertex -20.2653 0.6775 0.0000
vertex -21.0041 0.3057 0.6224
vertex -20.2494 0.6183 0.6224
endloop
endfacet
facet normal -0.605880 0.789598 0.097187
outer loop
vertex -21.0348 0.3588 0.0000
vertex -21.6955 -0.1482 0.0000
vertex -21.6522 -0.1916 0.6224
endloop
endfacet
facet normal -0.605880 0.789598 0.097187
outer loop
vertex -21.0348 0.3588 0.0000
vertex -21.6522 -0.1916 0.6224
vertex -21.0041 0.3057 0.6224
endloop
endfacet
facet normal -0.789598 0.605880 0.097187
outer loop
vertex -21.6955 -0.1482 0.0000
vertex -22.2026 -0.8090 0.0000
vertex -22.1495 -0.8397 0.6224
endloop
endfacet
facet normal -0.789598 0.605880 0.097187
outer loop
vertex -21.6955 -0.1482 0.0000
vertex -22.1495 -0.8397 0.6224
vertex -21.6522 -0.1916 0.6224
endloop
endfacet
facet normal -0.919506 0.380872 0.097187
outer loop
vertex -22.2026 -0.8090 0.0000
vertex -22.5213 -1.5785 0.0000
vertex -22.4621 -1.5944 0.6224
endloop
endfacet
facet normal -0.919506 0.380872 0.097187
outer loop
vertex -22.2026 -0.8090 0.0000
vertex -22.4621 -1.5944 0.6224
vertex -22.1495 -0.8397 0.6224
endloop
endfacet
facet normal -0.986752 0.129908 0.097187
outer loop
vertex -22.5213 -1.5785 0.0000
vertex -22.6300 -2.4042 0.0000
vertex -22.5687 -2.4042 0.6224
endloop
endfacet
facet normal -0.986752 0.129908 0.097187
outer loop
vertex -22.5213 -1.5785 0.0000
vertex -22.5687 -2.4042 0.6224
vertex -22.4621 -1.5944 0.6224
endloop
endfacet
facet normal -0.986752 -0.129908 0.097187
outer loop
vertex -22.6300 -2.4042 0.0000
vertex -22.5213 -3.2300 0.0000
vertex -22.4621 -3.2141 0.6224
endloop
endfacet
facet normal -0.986752 -0.129908 0.097187
outer loop
vertex -22.6300 -2.4042 0.0000
vertex -22.4621 -3.2141 0.6224
vertex -22.5687 -2.4042 0.6224
endloop
endfacet
facet normal -0.919506 -0.380872 0.097187
outer loop
vertex -22.5213 -3.2300 0.0000
vertex -22.2026 -3.9995 0.0000
vertex -22.1495 -3.9688 0.6224
endloop
endfacet
facet normal -0.919506 -0.380872 0.097187
outer loop
vertex -22.5213 -3.2300 0.0000
vertex -22.1495 -3.9688 0.6224
vertex -22.4621 -3.2141 0.6224
endloop
endfacet
facet normal -0.789598 -0.605880 0.097187
outer loop
vertex -22.2026 -3.9995 0.0000
vertex -21.6955 -4.6602 0.0000
vertex -21.6522 -4.6169 0.6224
endloop
endfacet
facet normal -0.789598 -0.605880 0.097187
outer loop
vertex -22.2026 -3.9995 0.0000
vertex -21.6522 -4.6169 0.6224
vertex -22.1495 -3.9688 0.6224
endloop
endfacet
facet normal -0.605880 -0.789598 0.097187
outer loop
vertex -21.6955 -4.6602 0.0000
vertex -21.0348 -5.1673 0.0000
vertex -21.0041 -5.1142 0.6224
endloop
endfacet
facet normal -0.605880 -0.789598 0.097187
outer loop
vertex -21.6955 -4.6602 0.0000
vertex -21.0041 -5.1142 0.6224
vertex -21.6522 -4.6169 0.6224
endloop
endfacet
facet normal -0.380872 -0.919506 0.097187
outer loop
vertex -21.0348 -5.1673 0.0000
vertex -20.2653 -5.4860 0.0000
vertex -20.2494 -5.4268 0.6224
endloop
endfacet
facet normal -0.380872 -0.919506 0.097187
outer loop
vertex -21.0348 -5.1673 0.0000
vertex -20.2494 -5.4268 0.6224
vertex -21.0041 -5.1142 0.6224
endloop
endfacet
facet normal -0.129908 -0.986752 0.097187
outer loop
vertex -20.2653 -5.4860 0.0000
vertex -19.4395 -5.5947 0.0000
vertex -19.4395 -5.5334 0.6224
endloop
endfacet
facet normal -0.129908 -0.986752 0.097187
outer loop
vertex -20.2653 -5.4860 0.0000
vertex -19.4395 -5.5334 0.6224
vertex -20.2494 -5.4268 0.6224
endloop
endfacet
facet normal 0.129908 -0.986752 0.097187
outer loop
vertex -19.4395 -5.5947 0.0000
vertex -18.6138 -5.4860 0.0000
vertex -18.6297 -5.4268 0.6224
endloop
endfacet
facet normal 0.129908 -0.986752 0.097187
outer loop
vertex -19.4395 -5.5947 0.0000
vertex -18.6297 -5.4268 0.6224
vertex -19.4395 -5.5334 0.6224
endloop
endfacet
facet normal 0.380872 -0.919506 0.097187
outer loop
vertex -18.6138 -5.4860 0.0000
vertex -17.8443 -5.1673 0.0000
vertex -17.8750 -5.1142 0.6224
endloop
endfacet
facet normal 0.380872 -0.919506 0.097187
outer loop
vertex -18.6138 -5.4860 0.0000
vertex -17.8750 -5.1142 0.6224
vertex -18.6297 -5.4268 0.6224
endloop
endfacet
facet normal 0.605880 -0.789598 0.097187
outer loop
vertex -17.8443 -5.1673 0.0000
vertex -17.1835 -4.6602 0.0000
vertex -17.2269 -4.6169 0.6224
endloop
endfacet
facet normal 0.605880 -0.789598 0.097187
outer loop
vertex -17.8443 -5.1673 0.0000
vertex -17.2269 -4.6169 0.6224
vertex -17.8750 -5.1142 0.6224
endloop
endfacet
facet normal 0.789598 -0.605880 0.097187
outer loop
vertex -17.1835 -4.6602 0.0000
vertex -16.6765 -3.9995 0.0000
vertex -16.7296 -3.9688 0.6224
endloop
endfacet
facet normal 0.789598 -0.605880 0.097187
outer loop
vertex -17.1835 -4.6602 0.0000
vertex -16.7296 -3.9688 0.6224
vertex -17.2269 -4.6169 0.6224
endloop
endfacet
facet normal 0.919506 -0.380872 0.097187
outer loop
vertex -16.6765 -3.9995 0.0000
vertex -16.3578 -3.2300 0.0000
vertex -16.4170 -3.2141 0.6224
endloop
endfacet
facet normal 0.919506 -0.380872 0.097187
outer loop
vertex -16.6765 -3.9995 0.0000
vertex -16.4170 -3.2141 0.6224
vertex -16.7296 -3.9688 0.6224
endloop
endfacet
facet normal 0.986752 -0.129908 0.097187
outer loop
vertex -16.3578 -3.2300 0.0000
vertex -16.2491 -2.4042 0.0000
vertex -16.3104 -2.4042 0.6224
endloop
endfacet
facet normal 0.986752 -0.129908 0.097187
outer loop
vertex -16.3578 -3.2300 0.0000
vertex -16.3104 -2.4042 0.6224
vertex -16.4170 -3.2141 0.6224
endloop
endfacet
facet normal 0.949435 0.124996 0.288008
outer loop
vertex -16.3104 -2.4042 0.6224
vertex -16.4170 -1.5944 0.6224
vertex -16.5924 -1.6413 1.2209
endloop
endfacet
facet normal 0.949435 0.124996 0.288008
outer loop
vertex -16.3104 -2.4042 0.6224
vertex -16.5924 -1.6413 1.2209
vertex -16.4919 -2.4042 1.2209
endloop
endfacet
facet normal 0.884733 0.366468 0.288008
outer loop
vertex -16.4170 -1.5944 0.6224
vertex -16.7296 -0.8397 0.6224
vertex -16.8868 -0.9304 1.2209
endloop
endfacet
facet normal 0.884733 0.366468 0.288008
outer loop
vertex -16.4170 -1.5944 0.6224
vertex -16.8868 -0.9304 1.2209
vertex -16.5924 -1.6413 1.2209
endloop
endfacet
facet normal 0.759737 0.582967 0.288008
outer loop
vertex -16.7296 -0.8397 0.6224
vertex -17.2269 -0.1916 0.6224
vertex -17.3553 -0.3200 1.2209
endloop
endfacet
facet normal 0.759737 0.582967 0.288008
outer loop
vertex -16.7296 -0.8397 0.6224
vertex -17.3553 -0.3200 1.2209
vertex -16.8868 -0.9304 1.2209
endloop
endfacet
facet normal 0.582967 0.759737 0.288008
outer loop
vertex -17.2269 -0.1916 0.6224
vertex -17.8750 0.3057 0.6224
vertex -17.9657 0.1485 1.2209
endloop
endfacet
facet normal 0.582967 0.759737 0.288008
outer loop
vertex -17.2269 -0.1916 0.6224
vertex -17.9657 0.1485 1.2209
vertex -17.3553 -0.3200 1.2209
endloop
endfacet
facet normal 0.366468 0.884733 0.288008
outer loop
vertex -17.8750 0.3057 0.6224
vertex -18.6297 0.6183 0.6224
vertex -18.6766 0.4429 1.2209
endloop
endfacet
facet normal 0.366468 0.884733 0.288008
outer loop
vertex -17.8750 0.3057 0.6224
vertex -18.6766 0.4429 1.2209
vertex -17.9657 0.1485 1.2209
endloop
endfacet
facet normal 0.124996 0.949435 0.288008
outer loop
vertex -18.6297 0.6183 0.6224
vertex -19.4395 0.7249 0.6224
vertex -19.4395 0.5434 1.2209
endloop
endfacet
facet normal 0.124996 0.949435 0.288008
outer loop
vertex -18.6297 0.6183 0.6224
vertex -19.4395 0.5434 1.2209
vertex -18.6766 0.4429 1.2209
endloop
endfacet
facet normal -0.124996 0.949435 0.288008
outer loop
vertex -19.4395 0.7249 0.6224
vertex -20.2494 0.6183 0.6224
vertex -20.2024 0.4429 1.2209
endloop
endfacet
facet normal -0.124996 0.949435 0.288008
outer loop
vertex -19.4395 0.7249 0.6224
vertex -20.2024 0.4429 1.2209
vertex -19.4395 0.5434 1.2209
endloop
endfacet
facet normal -0.366468 0.884733 0.288008
outer loop
vertex -20.2494 0.6183 0.6224
vertex -21.0041 0.3057 0.6224
vertex -20.9133 0.1485 1.2209
endloop
endfacet
facet normal -0.366468 0.884733 0.288008
outer loop
vertex -20.2494 0.6183 0.6224
vertex -20.9133 0.1485 1.2209
vertex -20.2024 0.4429 1.2209
endloop
endfacet
facet normal -0.582967 0.759737 0.288008
outer loop
vertex -21.0041 0.3057 0.6224
vertex -21.6522 -0.1916 0.6224
vertex -21.5238 -0.3200 1.2209
endloop
endfacet
facet normal -0.582967 0.759737 0.288008
outer loop
vertex -21.0041 0.3057 0.6224
vertex -21.5238 -0.3200 1.2209
vertex -20.9133 0.1485 1.2209
endloop
endfacet
facet normal -0.759737 0.582967 0.288008
outer loop
vertex -21.6522 -0.1916 0.6224
vertex -22.1495 -0.8397 0.6224
vertex -21.9922 -0.9304 1.2209
endloop
endfacet
facet normal -0.759737 0.582967 0.288008
outer loop
vertex -21.6522 -0.1916 0.6224
vertex -21.9922 -0.9304 1.2209
vertex -21.5238 -0.3200 1.2209
endloop
endfacet
facet normal -0.884733 0.366468 0.288008
outer loop
vertex -22.1495 -0.8397 0.6224
vertex -22.4621 -1.5944 0.6224
vertex -22.2867 -1.6413 1.2209
endloop
endfacet
facet normal -0.884733 0.366468 0.288008
outer loop
vertex -22.1495 -0.8397 0.6224
vertex -22.2867 -1.6413 1.2209
vertex -21.9922 -0.9304 1.2209
endloop
endfacet
facet normal -0.949435 0.124996 0.288008
outer loop
vertex -22.4621 -1.5944 0.6224
vertex -22.5687 -2.4042 0.6224
vertex -22.3871 -2.4042 1.2209
endloop
endfacet
facet normal -0.949435 0.124996 0.288008
outer loop
vertex -22.4621 -1.5944 0.6224
vertex -22.3871 -2.4042 1.2209
vertex -22.2867 -1.6413 1.2209
endloop
endfacet
facet normal -0.949435 -0.124996 0.288008
outer loop
vertex -22.5687 -2.4042 0.6224
vertex -22.4621 -3.2141 0.6224
vertex -22.2867 -3.1671 1.2209
endloop
endfacet
facet normal -0.949435 -0.124996 0.288008
outer loop
vertex -22.5687 -2.4042 0.6224
vertex -22.2867 -3.1671 1.2209
vertex -22.3871 -2.4042 1.2209
endloop
endfacet
facet normal -0.884733 -0.366468 0.288008
outer loop
vertex -22.4621 -3.2141 0.6224
vertex -22.1495 -3.9688 0.6224
vertex -21.9922 -3.8780 1.2209
endloop
endfacet
facet normal -0.884733 -0.366468 0.288008
outer loop
vertex -22.4621 -3.2141 0.6224
vertex -21.9922 -3.8780 1.2209
vertex -22.2867 -3.1671 1.2209
endloop
endfacet
facet normal -0.759737 -0.582967 0.288008
outer loop
vertex -22.1495 -3.9688 0.6224
vertex -21.6522 -4.6169 0.6224
vertex -21.5238 -4.4885 1.2209
endloop
endfacet
facet normal -0.759737 -0.582967 0.288008
outer loop
vertex -22.1495 -3.9688 0.6224
vertex -21.5238 -4.4885 1.2209
vertex -21.9922 -3.8780 1.2209
endloop
endfacet
facet normal -0.582967 -0.759737 0.288008
outer loop
vertex -21.6522 -4.6169 0.6224
vertex -21.0041 -5.1142 0.6224
vertex -20.9133 -4.9569 1.2209
endloop
endfacet
facet normal -0.582967 -0.759737 0.288008
outer loop
vertex -21.6522 -4.6169 0.6224
vertex -20.9133 -4.9569 1.2209
vertex -21.5238 -4.4885 1.2209
endloop
endfacet
facet normal -0.366468 -0.884733 0.288008
outer loop
vertex -21.0041 -5.1142 0.6224
vertex -20.2494 -5.4268 0.6224
vertex -20.2024 -5.2514 1.2209
endloop
endfacet
facet normal -0.366468 -0.884733 0.288008
outer loop
vertex -21.0041 -5.1142 0.6224
vertex -20.2024 -5.2514 1.2209
vertex -20.9133 -4.9569 1.2209
endloop
endfacet
facet normal -0.124996 -0.949435 0.288008
outer loop
vertex -20.2494 -5.4268 0.6224
vertex -19.4395 -5.5334 0.6224
vertex -19.4395 -5.3518 1.2209
endloop
endfacet
facet normal -0.124996 -0.949435 0.288008
outer loop
vertex -20.2494 -5.4268 0.6224
vertex -19.4395 -5.3518 1.2209
vertex -20.2024 -5.2514 1.2209
endloop
endfacet
facet normal 0.124996 -0.949435 0.288008
outer loop
vertex -19.4395 -5.5334 0.6224
vertex -18.6297 -5.4268 0.6224
vertex -18.6766 -5.2514 1.2209
endloop
endfacet
facet normal 0.124996 -0.949435 0.288008
outer loop
vertex -19.4395 -5.5334 0.6224
vertex -18.6766 -5.2514 1.2209
vertex -19.4395 -5.3518 1.2209
endloop
endfacet
facet normal 0.366468 -0.884733 0.288008
outer loop
vertex -18.6297 -5.4268 0.6224
vertex -17.8750 -5.1142 0.6224
vertex -17.9657 -4.9569 1.2209
endloop
endfacet
facet normal 0.366468 -0.884733 0.288008
outer loop
vertex -18.6297 -5.4268 0.6224
vertex -17.9657 -4.9569 1.2209
vertex -18.6766 -5.2514 1.2209
endloop
endfacet
facet normal 0.582967 -0.759737 0.288008
outer loop
vertex -17.8750 -5.1142 0.6224
vertex -17.2269 -4.6169 0.6224
vertex -17.3553 -4.4885 1.2209
endloop
endfacet
facet normal 0.582967 -0.759737 0.288008
outer loop
vertex -17.8750 -5.1142 0.6224
vertex -17.3553 -4.4885 1.2209
vertex -17.9657 -4.9569 1.2209
endloop
endfacet
facet normal 0.759737 -0.582967 0.288008
outer loop
vertex -17.2269 -4.6169 0.6224
vertex -16.7296 -3.9688 0.6224
vertex -16.8868 -3.8780 1.2209
endloop
endfacet
facet normal 0.759737 -0.582967 0.288008
outer loop
vertex -17.2269 -4.6169 0.6224
vertex -16.8868 -3.8780 1.2209
vertex -17.3553 -4.4885 1.2209
endloop
endfacet
facet normal 0.884733 -0.366468 0.288008
outer loop
vertex -16.7296 -3.9688 0.6224
vertex -16.4170 -3.2141 0.6224
vertex -16.5924 -3.1671 1.2209
endloop
endfacet
facet normal 0.884733 -0.366468 0.288008
outer loop
vertex -16.7296 -3.9688 0.6224
vertex -16.5924 -3.1671 1.2209
vertex -16.8868 -3.8780 1.2209
endloop
endfacet
facet normal 0.949435 -0.124996 0.288008
outer loop
vertex -16.4170 -3.2141 0.6224
vertex -16.3104 -2.4042 0.6224
vertex -16.4919 -2.4042 1.2209
endloop
endfacet
facet normal 0.949435 -0.124996 0.288008
outer loop
vertex -16.4170 -3.2141 0.6224
vertex -16.4919 -2.4042 1.2209
vertex -16.5924 -3.1671 1.2209
endloop
endfacet
facet normal 0.876036 0.115332 0.468251
outer loop
vertex -16.4919 -2.4042 1.2209
vertex -16.5924 -1.6413 1.2209
vertex -16.8772 -1.7177 1.7725
endloop
endfacet
facet normal 0.876036 0.115332 0.468251
outer loop
vertex -16.4919 -2.4042 1.2209
vertex -16.8772 -1.7177 1.7725
vertex -16.7868 -2.4042 1.7725
endloop
endfacet
facet normal 0.816336 0.338137 0.468251
outer loop
vertex -16.5924 -1.6413 1.2209
vertex -16.8868 -0.9304 1.2209
vertex -17.1422 -1.0779 1.7725
endloop
endfacet
facet normal 0.816336 0.338137 0.468251
outer loop
vertex -16.5924 -1.6413 1.2209
vertex -17.1422 -1.0779 1.7725
vertex -16.8772 -1.7177 1.7725
endloop
endfacet
facet normal 0.701003 0.537899 0.468251
outer loop
vertex -16.8868 -0.9304 1.2209
vertex -17.3553 -0.3200 1.2209
vertex -17.5637 -0.5284 1.7725
endloop
endfacet
facet normal 0.701003 0.537899 0.468251
outer loop
vertex -16.8868 -0.9304 1.2209
vertex -17.5637 -0.5284 1.7725
vertex -17.1422 -1.0779 1.7725
endloop
endfacet
facet normal 0.537899 0.701003 0.468251
outer loop
vertex -17.3553 -0.3200 1.2209
vertex -17.9657 0.1485 1.2209
vertex -18.1132 -0.1069 1.7725
endloop
endfacet
facet normal 0.537899 0.701003 0.468251
outer loop
vertex -17.3553 -0.3200 1.2209
vertex -18.1132 -0.1069 1.7725
vertex -17.5637 -0.5284 1.7725
endloop
endfacet
facet normal 0.338137 0.816336 0.468251
outer loop
vertex -17.9657 0.1485 1.2209
vertex -18.6766 0.4429 1.2209
vertex -18.7530 0.1581 1.7725
endloop
endfacet
facet normal 0.338137 0.816336 0.468251
outer loop
vertex -17.9657 0.1485 1.2209
vertex -18.7530 0.1581 1.7725
vertex -18.1132 -0.1069 1.7725
endloop
endfacet
facet normal 0.115332 0.876036 0.468251
outer loop
vertex -18.6766 0.4429 1.2209
vertex -19.4395 0.5434 1.2209
vertex -19.4395 0.2485 1.7725
endloop
endfacet
facet normal 0.115332 0.876036 0.468251
outer loop
vertex -18.6766 0.4429 1.2209
vertex -19.4395 0.2485 1.7725
vertex -18.7530 0.1581 1.7725
endloop
endfacet
facet normal -0.115332 0.876036 0.468251
outer loop
vertex -19.4395 0.5434 1.2209
vertex -20.2024 0.4429 1.2209
vertex -20.1261 0.1581 1.7725
endloop
endfacet
facet normal -0.115332 0.876036 0.468251
outer loop
vertex -19.4395 0.5434 1.2209
vertex -20.1261 0.1581 1.7725
vertex -19.4395 0.2485 1.7725
endloop
endfacet
facet normal -0.338137 0.816336 0.468251
outer loop
vertex -20.2024 0.4429 1.2209
vertex -20.9133 0.1485 1.2209
vertex -20.7659 -0.1069 1.7725
endloop
endfacet
facet normal -0.338137 0.816336 0.468251
outer loop
vertex -20.2024 0.4429 1.2209
vertex -20.7659 -0.1069 1.7725
vertex -20.1261 0.1581 1.7725
endloop
endfacet
facet normal -0.537899 0.701003 0.468251
outer loop
vertex -20.9133 0.1485 1.2209
vertex -21.5238 -0.3200 1.2209
vertex -21.3153 -0.5284 1.7725
endloop
endfacet
facet normal -0.537899 0.701003 0.468251
outer loop
vertex -20.9133 0.1485 1.2209
vertex -21.3153 -0.5284 1.7725
vertex -20.7659 -0.1069 1.7725
endloop
endfacet
facet normal -0.701003 0.537899 0.468251
outer loop
vertex -21.5238 -0.3200 1.2209
vertex -21.9922 -0.9304 1.2209
vertex -21.7369 -1.0779 1.7725
endloop
endfacet
facet normal -0.701003 0.537899 0.468251
outer loop
vertex -21.5238 -0.3200 1.2209
vertex -21.7369 -1.0779 1.7725
vertex -21.3153 -0.5284 1.7725
endloop
endfacet
facet normal -0.816336 0.338137 0.468251
outer loop
vertex -21.9922 -0.9304 1.2209
vertex -22.2867 -1.6413 1.2209
vertex -22.0019 -1.7177 1.7725
endloop
endfacet
facet normal -0.816336 0.338137 0.468251
outer loop
vertex -21.9922 -0.9304 1.2209
vertex -22.0019 -1.7177 1.7725
vertex -21.7369 -1.0779 1.7725
endloop
endfacet
facet normal -0.876036 0.115332 0.468251
outer loop
vertex -22.2867 -1.6413 1.2209
vertex -22.3871 -2.4042 1.2209
vertex -22.0923 -2.4042 1.7725
endloop
endfacet
facet normal -0.876036 0.115332 0.468251
outer loop
vertex -22.2867 -1.6413 1.2209
vertex -22.0923 -2.4042 1.7725
vertex -22.0019 -1.7177 1.7725
endloop
endfacet
facet normal -0.876036 -0.115332 0.468251
outer loop
vertex -22.3871 -2.4042 1.2209
vertex -22.2867 -3.1671 1.2209
vertex -22.0019 -3.0908 1.7725
endloop
endfacet
facet normal -0.876036 -0.115332 0.468251
outer loop
vertex -22.3871 -2.4042 1.2209
vertex -22.0019 -3.0908 1.7725
vertex -22.0923 -2.4042 1.7725
endloop
endfacet
facet normal -0.816336 -0.338137 0.468251
outer loop
vertex -22.2867 -3.1671 1.2209
vertex -21.9922 -3.8780 1.2209
vertex -21.7369 -3.7306 1.7725
endloop
endfacet
facet normal -0.816336 -0.338137 0.468251
outer loop
vertex -22.2867 -3.1671 1.2209
vertex -21.7369 -3.7306 1.7725
vertex -22.0019 -3.0908 1.7725
endloop
endfacet
facet normal -0.701003 -0.537899 0.468251
outer loop
vertex -21.9922 -3.8780 1.2209
vertex -21.5238 -4.4885 1.2209
vertex -21.3153 -4.2800 1.7725
endloop
endfacet
facet normal -0.701003 -0.537899 0.468251
outer loop
vertex -21.9922 -3.8780 1.2209
vertex -21.3153 -4.2800 1.7725
vertex -21.7369 -3.7306 1.7725
endloop
endfacet
facet normal -0.537899 -0.701003 0.468251
outer loop
vertex -21.5238 -4.4885 1.2209
vertex -20.9133 -4.9569 1.2209
vertex -20.7659 -4.7016 1.7725
endloop
endfacet
facet normal -0.537899 -0.701003 0.468251
outer loop
vertex -21.5238 -4.4885 1.2209
vertex -20.7659 -4.7016 1.7725
vertex -21.3153 -4.2800 1.7725
endloop
endfacet
facet normal -0.338137 -0.816336 0.468251
outer loop
vertex -20.9133 -4.9569 1.2209
vertex -20.2024 -5.2514 1.2209
vertex -20.1261 -4.9666 1.7725
endloop
endfacet
facet normal -0.338137 -0.816336 0.468251
outer loop
vertex -20.9133 -4.9569 1.2209
vertex -20.1261 -4.9666 1.7725
vertex -20.7659 -4.7016 1.7725
endloop
endfacet
facet normal -0.115332 -0.876036 0.468251
outer loop
vertex -20.2024 -5.2514 1.2209
vertex -19.4395 -5.3518 1.2209
vertex -19.4395 -5.0570 1.7725
endloop
endfacet
facet normal -0.115332 -0.876036 0.468251
outer loop
vertex -20.2024 -5.2514 1.2209
vertex -19.4395 -5.0570 1.7725
vertex -20.1261 -4.9666 1.7725
endloop
endfacet
facet normal 0.115332 -0.876036 0.468251
outer loop
vertex -19.4395 -5.3518 1.2209
vertex -18.6766 -5.2514 1.2209
vertex -18.7530 -4.9666 1.7725
endloop
endfacet
facet normal 0.115332 -0.876036 0.468251
outer loop
vertex -19.4395 -5.3518 1.2209
vertex -18.7530 -4.9666 1.7725
vertex -19.4395 -5.0570 1.7725
endloop
endfacet
facet normal 0.338137 -0.816336 0.468251
outer loop
vertex -18.6766 -5.2514 1.2209
vertex -17.9657 -4.9569 1.2209
vertex -18.1132 -4.7016 1.7725
endloop
endfacet
facet normal 0.338137 -0.816336 0.468251
outer loop
vertex -18.6766 -5.2514 1.2209
vertex -18.1132 -4.7016 1.7725
vertex -18.7530 -4.9666 1.7725
endloop
endfacet
facet normal 0.537899 -0.701003 0.468251
outer loop
vertex -17.9657 -4.9569 1.2209
vertex -17.3553 -4.4885 1.2209
vertex -17.5637 -4.2800 1.7725
endloop
endfacet
facet normal 0.537899 -0.701003 0.468251
outer loop
vertex -17.9657 -4.9569 1.2209
vertex -17.5637 -4.2800 1.7725
vertex -18.1132 -4.7016 1.7725
endloop
endfacet
facet normal 0.701003 -0.537899 0.468251
outer loop
vertex -17.3553 -4.4885 1.2209
vertex -16.8868 -3.8780 1.2209
vertex -17.1422 -3.7306 1.7725
endloop
endfacet
facet normal 0.701003 -0.537899 0.468251
outer loop
vertex -17.3553 -4.4885 1.2209
vertex -17.1422 -3.7306 1.7725
vertex -17.5637 -4.2800 1.7725
endloop
endfacet
facet normal 0.816336 -0.338137 0.468251
outer loop
vertex -16.8868 -3.8780 1.2209
vertex -16.5924 -3.1671 1.2209
vertex -16.8772 -3.0908 1.7725
endloop
endfacet
facet normal 0.816336 -0.338137 0.468251
outer loop
vertex -16.8868 -3.8780 1.2209
vertex -16.8772 -3.0908 1.7725
vertex -17.1422 -3.7306 1.7725
endloop
endfacet
facet normal 0.876036 -0.115332 0.468251
outer loop
vertex -16.5924 -3.1671 1.2209
vertex -16.4919 -2.4042 1.2209
vertex -16.7868 -2.4042 1.7725
endloop
endfacet
facet normal 0.876036 -0.115332 0.468251
outer loop
vertex -16.5924 -3.1671 1.2209
vertex -16.7868 -2.4042 1.7725
vertex -16.8772 -3.0908 1.7725
endloop
endfacet
facet normal 0.769038 0.101246 0.631133
outer loop
vertex -16.7868 -2.4042 1.7725
vertex -16.8772 -1.7177 1.7725
vertex -17.2604 -1.8203 2.2560
endloop
endfacet
facet normal 0.769038 0.101246 0.631133
outer loop
vertex -16.7868 -2.4042 1.7725
vertex -17.2604 -1.8203 2.2560
vertex -17.1835 -2.4042 2.2560
endloop
endfacet
facet normal 0.716630 0.296838 0.631133
outer loop
vertex -16.8772 -1.7177 1.7725
vertex -17.1422 -1.0779 1.7725
vertex -17.4858 -1.2762 2.2560
endloop
endfacet
facet normal 0.716630 0.296838 0.631133
outer loop
vertex -16.8772 -1.7177 1.7725
vertex -17.4858 -1.2762 2.2560
vertex -17.2604 -1.8203 2.2560
endloop
endfacet
facet normal 0.615384 0.472201 0.631133
outer loop
vertex -17.1422 -1.0779 1.7725
vertex -17.5637 -0.5284 1.7725
vertex -17.8443 -0.8090 2.2560
endloop
endfacet
facet normal 0.615384 0.472201 0.631133
outer loop
vertex -17.1422 -1.0779 1.7725
vertex -17.8443 -0.8090 2.2560
vertex -17.4858 -1.2762 2.2560
endloop
endfacet
facet normal 0.472201 0.615384 0.631133
outer loop
vertex -17.5637 -0.5284 1.7725
vertex -18.1132 -0.1069 1.7725
vertex -18.3115 -0.4505 2.2560
endloop
endfacet
facet normal 0.472201 0.615384 0.631133
outer loop
vertex -17.5637 -0.5284 1.7725
vertex -18.3115 -0.4505 2.2560
vertex -17.8443 -0.8090 2.2560
endloop
endfacet
facet normal 0.296838 0.716630 0.631133
outer loop
vertex -18.1132 -0.1069 1.7725
vertex -18.7530 0.1581 1.7725
vertex -18.8556 -0.2251 2.2560
endloop
endfacet
facet normal 0.296838 0.716630 0.631133
outer loop
vertex -18.1132 -0.1069 1.7725
vertex -18.8556 -0.2251 2.2560
vertex -18.3115 -0.4505 2.2560
endloop
endfacet
facet normal 0.101246 0.769038 0.631133
outer loop
vertex -18.7530 0.1581 1.7725
vertex -19.4395 0.2485 1.7725
vertex -19.4395 -0.1482 2.2560
endloop
endfacet
facet normal 0.101246 0.769038 0.631133
outer loop
vertex -18.7530 0.1581 1.7725
vertex -19.4395 -0.1482 2.2560
vertex -18.8556 -0.2251 2.2560
endloop
endfacet
facet normal -0.101246 0.769038 0.631133
outer loop
vertex -19.4395 0.2485 1.7725
vertex -20.1261 0.1581 1.7725
vertex -20.0234 -0.2251 2.2560
endloop
endfacet
facet normal -0.101246 0.769038 0.631133
outer loop
vertex -19.4395 0.2485 1.7725
vertex -20.0234 -0.2251 2.2560
vertex -19.4395 -0.1482 2.2560
endloop
endfacet
facet normal -0.296838 0.716630 0.631133
outer loop
vertex -20.1261 0.1581 1.7725
vertex -20.7659 -0.1069 1.7725
vertex -20.5675 -0.4505 2.2560
endloop
endfacet
facet normal -0.296838 0.716630 0.631133
outer loop
vertex -20.1261 0.1581 1.7725
vertex -20.5675 -0.4505 2.2560
vertex -20.0234 -0.2251 2.2560
endloop
endfacet
facet normal -0.472201 0.615384 0.631133
outer loop
vertex -20.7659 -0.1069 1.7725
vertex -21.3153 -0.5284 1.7725
vertex -21.0348 -0.8090 2.2560
endloop
endfacet
facet normal -0.472201 0.615384 0.631133
outer loop
vertex -20.7659 -0.1069 1.7725
vertex -21.0348 -0.8090 2.2560
vertex -20.5675 -0.4505 2.2560
endloop
endfacet
facet normal -0.615384 0.472201 0.631133
outer loop
vertex -21.3153 -0.5284 1.7725
vertex -21.7369 -1.0779 1.7725
vertex -21.3933 -1.2762 2.2560
endloop
endfacet
facet normal -0.615384 0.472201 0.631133
outer loop
vertex -21.3153 -0.5284 1.7725
vertex -21.3933 -1.2762 2.2560
vertex -21.0348 -0.8090 2.2560
endloop
endfacet
facet normal -0.716630 0.296838 0.631133
outer loop
vertex -21.7369 -1.0779 1.7725
vertex -22.0019 -1.7177 1.7725
vertex -21.6187 -1.8203 2.2560
endloop
endfacet
facet normal -0.716630 0.296838 0.631133
outer loop
vertex -21.7369 -1.0779 1.7725
vertex -21.6187 -1.8203 2.2560
vertex -21.3933 -1.2762 2.2560
endloop
endfacet
facet normal -0.769038 0.101246 0.631133
outer loop
vertex -22.0019 -1.7177 1.7725
vertex -22.0923 -2.4042 1.7725
vertex -21.6955 -2.4042 2.2560
endloop
endfacet
facet normal -0.769038 0.101246 0.631133
outer loop
vertex -22.0019 -1.7177 1.7725
vertex -21.6955 -2.4042 2.2560
vertex -21.6187 -1.8203 2.2560
endloop
endfacet
facet normal -0.769038 -0.101246 0.631133
outer loop
vertex -22.0923 -2.4042 1.7725
vertex -22.0019 -3.0908 1.7725
vertex -21.6187 -2.9881 2.2560
endloop
endfacet
facet normal -0.769038 -0.101246 0.631133
outer loop
vertex -22.0923 -2.4042 1.7725
vertex -21.6187 -2.9881 2.2560
vertex -21.6955 -2.4042 2.2560
endloop
endfacet
facet normal -0.716630 -0.296838 0.631133
outer loop
vertex -22.0019 -3.0908 1.7725
vertex -21.7369 -3.7306 1.7725
vertex -21.3933 -3.5322 2.2560
endloop
endfacet
facet normal -0.716630 -0.296838 0.631133
outer loop
vertex -22.0019 -3.0908 1.7725
vertex -21.3933 -3.5322 2.2560
vertex -21.6187 -2.9881 2.2560
endloop
endfacet
facet normal -0.615384 -0.472201 0.631133
outer loop
vertex -21.7369 -3.7306 1.7725
vertex -21.3153 -4.2800 1.7725
vertex -21.0348 -3.9995 2.2560
endloop
endfacet
facet normal -0.615384 -0.472201 0.631133
outer loop
vertex -21.7369 -3.7306 1.7725
vertex -21.0348 -3.9995 2.2560
vertex -21.3933 -3.5322 2.2560
endloop
endfacet
facet normal -0.472201 -0.615384 0.631133
outer loop
vertex -21.3153 -4.2800 1.7725
vertex -20.7659 -4.7016 1.7725
vertex -20.5675 -4.3580 2.2560
endloop
endfacet
facet normal -0.472201 -0.615384 0.631133
outer loop
vertex -21.3153 -4.2800 1.7725
vertex -20.5675 -4.3580 2.2560
vertex -21.0348 -3.9995 2.2560
endloop
endfacet
facet normal -0.296838 -0.716630 0.631133
outer loop
vertex -20.7659 -4.7016 1.7725
vertex -20.1261 -4.9666 1.7725
vertex -20.0234 -4.5834 2.2560
endloop
endfacet
facet normal -0.296838 -0.716630 0.631133
outer loop
vertex -20.7659 -4.7016 1.7725
vertex -20.0234 -4.5834 2.2560
vertex -20.5675 -4.3580 2.2560
endloop
endfacet
facet normal -0.101246 -0.769038 0.631133
outer loop
vertex -20.1261 -4.9666 1.7725
vertex -19.4395 -5.0570 1.7725
vertex -19.4395 -4.6602 2.2560
endloop
endfacet
facet normal -0.101246 -0.769038 0.631133
outer loop
vertex -20.1261 -4.9666 1.7725
vertex -19.4395 -4.6602 2.2560
vertex -20.0234 -4.5834 2.2560
endloop
endfacet
facet normal 0.101246 -0.769038 0.631133
outer loop
vertex -19.4395 -5.0570 1.7725
vertex -18.7530 -4.9666 1.7725
vertex -18.8556 -4.5834 2.2560
endloop
endfacet
facet normal 0.101246 -0.769038 0.631133
outer loop
vertex -19.4395 -5.0570 1.7725
vertex -18.8556 -4.5834 2.2560
vertex -19.4395 -4.6602 2.2560
endloop
endfacet
facet normal 0.296838 -0.716630 0.631133
outer loop
vertex -18.7530 -4.9666 1.7725
vertex -18.1132 -4.7016 1.7725
vertex -18.3115 -4.3580 2.2560
endloop
endfacet
facet normal 0.296838 -0.716630 0.631133
outer loop
vertex -18.7530 -4.9666 1.7725
vertex -18.3115 -4.3580 2.2560
vertex -18.8556 -4.5834 2.2560
endloop
endfacet
facet normal 0.472201 -0.615384 0.631133
outer loop
vertex -18.1132 -4.7016 1.7725
vertex -17.5637 -4.2800 1.7725
vertex -17.8443 -3.9995 2.2560
endloop
endfacet
facet normal 0.472201 -0.615384 0.631133
outer loop
vertex -18.1132 -4.7016 1.7725
vertex -17.8443 -3.9995 2.2560
vertex -18.3115 -4.3580 2.2560
endloop
endfacet
facet normal 0.615384 -0.472201 0.631133
outer loop
vertex -17.5637 -4.2800 1.7725
vertex -17.1422 -3.7306 1.7725
vertex -17.4858 -3.5322 2.2560
endloop
endfacet
facet normal 0.615384 -0.472201 0.631133
outer loop
vertex -17.5637 -4.2800 1.7725
vertex -17.4858 -3.5322 2.2560
vertex -17.8443 -3.9995 2.2560
endloop
endfacet
facet normal 0.716630 -0.296838 0.631133
outer loop
vertex -17.1422 -3.7306 1.7725
vertex -16.8772 -3.0908 1.7725
vertex -17.2604 -2.9881 2.2560
endloop
endfacet
facet normal 0.716630 -0.296838 0.631133
outer loop
vertex -17.1422 -3.7306 1.7725
vertex -17.2604 -2.9881 2.2560
vertex -17.4858 -3.5322 2.2560
endloop
endfacet
facet normal 0.769038 -0.101246 0.631133
outer loop
vertex -16.8772 -3.0908 1.7725
vertex -16.7868 -2.4042 1.7725
vertex -17.1835 -2.4042 2.2560
endloop
endfacet
facet normal 0.769038 -0.101246 0.631133
outer loop
vertex -16.8772 -3.0908 1.7725
vertex -17.1835 -2.4042 2.2560
vertex -17.2604 -2.9881 2.2560
endloop
endfacet
facet normal 0.632192 0.083230 0.770328
outer loop
vertex -17.1835 -2.4042 2.2560
vertex -17.2604 -1.8203 2.2560
vertex -17.7274 -1.9455 2.6528
endloop
endfacet
facet normal 0.632192 0.083230 0.770328
outer loop
vertex -17.1835 -2.4042 2.2560
vertex -17.7274 -1.9455 2.6528
vertex -17.6670 -2.4042 2.6528
endloop
endfacet
facet normal 0.589109 0.244017 0.770328
outer loop
vertex -17.2604 -1.8203 2.2560
vertex -17.4858 -1.2762 2.2560
vertex -17.9045 -1.5180 2.6528
endloop
endfacet
facet normal 0.589109 0.244017 0.770328
outer loop
vertex -17.2604 -1.8203 2.2560
vertex -17.9045 -1.5180 2.6528
vertex -17.7274 -1.9455 2.6528
endloop
endfacet
facet normal 0.505880 0.388175 0.770328
outer loop
vertex -17.4858 -1.2762 2.2560
vertex -17.8443 -0.8090 2.2560
vertex -18.1862 -1.1509 2.6528
endloop
endfacet
facet normal 0.505880 0.388175 0.770328
outer loop
vertex -17.4858 -1.2762 2.2560
vertex -18.1862 -1.1509 2.6528
vertex -17.9045 -1.5180 2.6528
endloop
endfacet
facet normal 0.388175 0.505880 0.770328
outer loop
vertex -17.8443 -0.8090 2.2560
vertex -18.3115 -0.4505 2.2560
vertex -18.5533 -0.8692 2.6528
endloop
endfacet
facet normal 0.388175 0.505880 0.770328
outer loop
vertex -17.8443 -0.8090 2.2560
vertex -18.5533 -0.8692 2.6528
vertex -18.1862 -1.1509 2.6528
endloop
endfacet
facet normal 0.244017 0.589109 0.770328
outer loop
vertex -18.3115 -0.4505 2.2560
vertex -18.8556 -0.2251 2.2560
vertex -18.9808 -0.6921 2.6528
endloop
endfacet
facet normal 0.244017 0.589109 0.770328
outer loop
vertex -18.3115 -0.4505 2.2560
vertex -18.9808 -0.6921 2.6528
vertex -18.5533 -0.8692 2.6528
endloop
endfacet
facet normal 0.083230 0.632192 0.770328
outer loop
vertex -18.8556 -0.2251 2.2560
vertex -19.4395 -0.1482 2.2560
vertex -19.4395 -0.6317 2.6528
endloop
endfacet
facet normal 0.083230 0.632192 0.770328
outer loop
vertex -18.8556 -0.2251 2.2560
vertex -19.4395 -0.6317 2.6528
vertex -18.9808 -0.6921 2.6528
endloop
endfacet
facet normal -0.083230 0.632192 0.770328
outer loop
vertex -19.4395 -0.1482 2.2560
vertex -20.0234 -0.2251 2.2560
vertex -19.8983 -0.6921 2.6528
endloop
endfacet
facet normal -0.083230 0.632192 0.770328
outer loop
vertex -19.4395 -0.1482 2.2560
vertex -19.8983 -0.6921 2.6528
vertex -19.4395 -0.6317 2.6528
endloop
endfacet
facet normal -0.244017 0.589109 0.770328
outer loop
vertex -20.0234 -0.2251 2.2560
vertex -20.5675 -0.4505 2.2560
vertex -20.3258 -0.8692 2.6528
endloop
endfacet
facet normal -0.244017 0.589109 0.770328
outer loop
vertex -20.0234 -0.2251 2.2560
vertex -20.3258 -0.8692 2.6528
vertex -19.8983 -0.6921 2.6528
endloop
endfacet
facet normal -0.388175 0.505880 0.770328
outer loop
vertex -20.5675 -0.4505 2.2560
vertex -21.0348 -0.8090 2.2560
vertex -20.6929 -1.1509 2.6528
endloop
endfacet
facet normal -0.388175 0.505880 0.770328
outer loop
vertex -20.5675 -0.4505 2.2560
vertex -20.6929 -1.1509 2.6528
vertex -20.3258 -0.8692 2.6528
endloop
endfacet
facet normal -0.505880 0.388175 0.770328
outer loop
vertex -21.0348 -0.8090 2.2560
vertex -21.3933 -1.2762 2.2560
vertex -20.9746 -1.5180 2.6528
endloop
endfacet
facet normal -0.505880 0.388175 0.770328
outer loop
vertex -21.0348 -0.8090 2.2560
vertex -20.9746 -1.5180 2.6528
vertex -20.6929 -1.1509 2.6528
endloop
endfacet
facet normal -0.589109 0.244017 0.770328
outer loop
vertex -21.3933 -1.2762 2.2560
vertex -21.6187 -1.8203 2.2560
vertex -21.1517 -1.9455 2.6528
endloop
endfacet
facet normal -0.589109 0.244017 0.770328
outer loop
vertex -21.3933 -1.2762 2.2560
vertex -21.1517 -1.9455 2.6528
vertex -20.9746 -1.5180 2.6528
endloop
endfacet
facet normal -0.632192 0.083230 0.770328
outer loop
vertex -21.6187 -1.8203 2.2560
vertex -21.6955 -2.4042 2.2560
vertex -21.2121 -2.4042 2.6528
endloop
endfacet
facet normal -0.632192 0.083230 0.770328
outer loop
vertex -21.6187 -1.8203 2.2560
vertex -21.2121 -2.4042 2.6528
vertex -21.1517 -1.9455 2.6528
endloop
endfacet
facet normal -0.632192 -0.083230 0.770328
outer loop
vertex -21.6955 -2.4042 2.2560
vertex -21.6187 -2.9881 2.2560
vertex -21.1517 -2.8630 2.6528
endloop
endfacet
facet normal -0.632192 -0.083230 0.770328
outer loop
vertex -21.6955 -2.4042 2.2560
vertex -21.1517 -2.8630 2.6528
vertex -21.2121 -2.4042 2.6528
endloop
endfacet
facet normal -0.589109 -0.244017 0.770328
outer loop
vertex -21.6187 -2.9881 2.2560
vertex -21.3933 -3.5322 2.2560
vertex -20.9746 -3.2905 2.6528
endloop
endfacet
facet normal -0.589109 -0.244017 0.770328
outer loop
vertex -21.6187 -2.9881 2.2560
vertex -20.9746 -3.2905 2.6528
vertex -21.1517 -2.8630 2.6528
endloop
endfacet
facet normal -0.505880 -0.388175 0.770328
outer loop
vertex -21.3933 -3.5322 2.2560
vertex -21.0348 -3.9995 2.2560
vertex -20.6929 -3.6576 2.6528
endloop
endfacet
facet normal -0.505880 -0.388175 0.770328
outer loop
vertex -21.3933 -3.5322 2.2560
vertex -20.6929 -3.6576 2.6528
vertex -20.9746 -3.2905 2.6528
endloop
endfacet
facet normal -0.388175 -0.505880 0.770328
outer loop
vertex -21.0348 -3.9995 2.2560
vertex -20.5675 -4.3580 2.2560
vertex -20.3258 -3.9393 2.6528
endloop
endfacet
facet normal -0.388175 -0.505880 0.770328
outer loop
vertex -21.0348 -3.9995 2.2560
vertex -20.3258 -3.9393 2.6528
vertex -20.6929 -3.6576 2.6528
endloop
endfacet
facet normal -0.244017 -0.589109 0.770328
outer loop
vertex -20.5675 -4.3580 2.2560
vertex -20.0234 -4.5834 2.2560
vertex -19.8983 -4.1164 2.6528
endloop
endfacet
facet normal -0.244017 -0.589109 0.770328
outer loop
vertex -20.5675 -4.3580 2.2560
vertex -19.8983 -4.1164 2.6528
vertex -20.3258 -3.9393 2.6528
endloop
endfacet
facet normal -0.083230 -0.632192 0.770328
outer loop
vertex -20.0234 -4.5834 2.2560
vertex -19.4395 -4.6602 2.2560
vertex -19.4395 -4.1768 2.6528
endloop
endfacet
facet normal -0.083230 -0.632192 0.770328
outer loop
vertex -20.0234 -4.5834 2.2560
vertex -19.4395 -4.1768 2.6528
vertex -19.8983 -4.1164 2.6528
endloop
endfacet
facet normal 0.083230 -0.632192 0.770328
outer loop
vertex -19.4395 -4.6602 2.2560
vertex -18.8556 -4.5834 2.2560
vertex -18.9808 -4.1164 2.6528
endloop
endfacet
facet normal 0.083230 -0.632192 0.770328
outer loop
vertex -19.4395 -4.6602 2.2560
vertex -18.9808 -4.1164 2.6528
vertex -19.4395 -4.1768 2.6528
endloop
endfacet
facet normal 0.244017 -0.589109 0.770328
outer loop
vertex -18.8556 -4.5834 2.2560
vertex -18.3115 -4.3580 2.2560
vertex -18.5533 -3.9393 2.6528
endloop
endfacet
facet normal 0.244017 -0.589109 0.770328
outer loop
vertex -18.8556 -4.5834 2.2560
vertex -18.5533 -3.9393 2.6528
vertex -18.9808 -4.1164 2.6528
endloop
endfacet
facet normal 0.388175 -0.505880 0.770328
outer loop
vertex -18.3115 -4.3580 2.2560
vertex -17.8443 -3.9995 2.2560
vertex -18.1862 -3.6576 2.6528
endloop
endfacet
facet normal 0.388175 -0.505880 0.770328
outer loop
vertex -18.3115 -4.3580 2.2560
vertex -18.1862 -3.6576 2.6528
vertex -18.5533 -3.9393 2.6528
endloop
endfacet
facet normal 0.505880 -0.388175 0.770328
outer loop
vertex -17.8443 -3.9995 2.2560
vertex -17.4858 -3.5322 2.2560
vertex -17.9045 -3.2905 2.6528
endloop
endfacet
facet normal 0.505880 -0.388175 0.770328
outer loop
vertex -17.8443 -3.9995 2.2560
vertex -17.9045 -3.2905 2.6528
vertex -18.1862 -3.6576 2.6528
endloop
endfacet
facet normal 0.589109 -0.244017 0.770328
outer loop
vertex -17.4858 -3.5322 2.2560
vertex -17.2604 -2.9881 2.2560
vertex -17.7274 -2.8630 2.6528
endloop
endfacet
facet normal 0.589109 -0.244017 0.770328
outer loop
vertex -17.4858 -3.5322 2.2560
vertex -17.7274 -2.8630 2.6528
vertex -17.9045 -3.2905 2.6528
endloop
endfacet
facet normal 0.632192 -0.083230 0.770328
outer loop
vertex -17.2604 -2.9881 2.2560
vertex -17.1835 -2.4042 2.2560
vertex -17.6670 -2.4042 2.6528
endloop
endfacet
facet normal 0.632192 -0.083230 0.770328
outer loop
vertex -17.2604 -2.9881 2.2560
vertex -17.6670 -2.4042 2.6528
vertex -17.7274 -2.8630 2.6528
endloop
endfacet
facet normal 0.470492 0.061941 0.880228
outer loop
vertex -17.6670 -2.4042 2.6528
vertex -17.7274 -1.9455 2.6528
vertex -18.2602 -2.0882 2.9476
endloop
endfacet
facet normal 0.470492 0.061941 0.880228
outer loop
vertex -17.6670 -2.4042 2.6528
vertex -18.2602 -2.0882 2.9476
vertex -18.2186 -2.4042 2.9476
endloop
endfacet
facet normal 0.438428 0.181603 0.880228
outer loop
vertex -17.7274 -1.9455 2.6528
vertex -17.9045 -1.5180 2.6528
vertex -18.3822 -1.7938 2.9476
endloop
endfacet
facet normal 0.438428 0.181603 0.880228
outer loop
vertex -17.7274 -1.9455 2.6528
vertex -18.3822 -1.7938 2.9476
vertex -18.2602 -2.0882 2.9476
endloop
endfacet
facet normal 0.376487 0.288889 0.880228
outer loop
vertex -17.9045 -1.5180 2.6528
vertex -18.1862 -1.1509 2.6528
vertex -18.5762 -1.5409 2.9476
endloop
endfacet
facet normal 0.376487 0.288889 0.880228
outer loop
vertex -17.9045 -1.5180 2.6528
vertex -18.5762 -1.5409 2.9476
vertex -18.3822 -1.7938 2.9476
endloop
endfacet
facet normal 0.288889 0.376487 0.880228
outer loop
vertex -18.1862 -1.1509 2.6528
vertex -18.5533 -0.8692 2.6528
vertex -18.8291 -1.3469 2.9476
endloop
endfacet
facet normal 0.288889 0.376487 0.880228
outer loop
vertex -18.1862 -1.1509 2.6528
vertex -18.8291 -1.3469 2.9476
vertex -18.5762 -1.5409 2.9476
endloop
endfacet
facet normal 0.181603 0.438428 0.880228
outer loop
vertex -18.5533 -0.8692 2.6528
vertex -18.9808 -0.6921 2.6528
vertex -19.1235 -1.2249 2.9476
endloop
endfacet
facet normal 0.181603 0.438428 0.880228
outer loop
vertex -18.5533 -0.8692 2.6528
vertex -19.1235 -1.2249 2.9476
vertex -18.8291 -1.3469 2.9476
endloop
endfacet
facet normal 0.061941 0.470492 0.880228
outer loop
vertex -18.9808 -0.6921 2.6528
vertex -19.4395 -0.6317 2.6528
vertex -19.4395 -1.1833 2.9476
endloop
endfacet
facet normal 0.061941 0.470492 0.880228
outer loop
vertex -18.9808 -0.6921 2.6528
vertex -19.4395 -1.1833 2.9476
vertex -19.1235 -1.2249 2.9476
endloop
endfacet
facet normal -0.061941 0.470492 0.880228
outer loop
vertex -19.4395 -0.6317 2.6528
vertex -19.8983 -0.6921 2.6528
vertex -19.7555 -1.2249 2.9476
endloop
endfacet
facet normal -0.061941 0.470492 0.880228
outer loop
vertex -19.4395 -0.6317 2.6528
vertex -19.7555 -1.2249 2.9476
vertex -19.4395 -1.1833 2.9476
endloop
endfacet
facet normal -0.181603 0.438428 0.880228
outer loop
vertex -19.8983 -0.6921 2.6528
vertex -20.3258 -0.8692 2.6528
vertex -20.0500 -1.3469 2.9476
endloop
endfacet
facet normal -0.181603 0.438428 0.880228
outer loop
vertex -19.8983 -0.6921 2.6528
vertex -20.0500 -1.3469 2.9476
vertex -19.7555 -1.2249 2.9476
endloop
endfacet
facet normal -0.288889 0.376487 0.880228
outer loop
vertex -20.3258 -0.8692 2.6528
vertex -20.6929 -1.1509 2.6528
vertex -20.3029 -1.5409 2.9476
endloop
endfacet
facet normal -0.288889 0.376487 0.880228
outer loop
vertex -20.3258 -0.8692 2.6528
vertex -20.3029 -1.5409 2.9476
vertex -20.0500 -1.3469 2.9476
endloop
endfacet
facet normal -0.376487 0.288889 0.880228
outer loop
vertex -20.6929 -1.1509 2.6528
vertex -20.9746 -1.5180 2.6528
vertex -20.4969 -1.7938 2.9476
endloop
endfacet
facet normal -0.376487 0.288889 0.880228
outer loop
vertex -20.6929 -1.1509 2.6528
vertex -20.4969 -1.7938 2.9476
vertex -20.3029 -1.5409 2.9476
endloop
endfacet
facet normal -0.438428 0.181603 0.880228
outer loop
vertex -20.9746 -1.5180 2.6528
vertex -21.1517 -1.9455 2.6528
vertex -20.6189 -2.0882 2.9476
endloop
endfacet
facet normal -0.438428 0.181603 0.880228
outer loop
vertex -20.9746 -1.5180 2.6528
vertex -20.6189 -2.0882 2.9476
vertex -20.4969 -1.7938 2.9476
endloop
endfacet
facet normal -0.470492 0.061941 0.880228
outer loop
vertex -21.1517 -1.9455 2.6528
vertex -21.2121 -2.4042 2.6528
vertex -20.6605 -2.4042 2.9476
endloop
endfacet
facet normal -0.470492 0.061941 0.880228
outer loop
vertex -21.1517 -1.9455 2.6528
vertex -20.6605 -2.4042 2.9476
vertex -20.6189 -2.0882 2.9476
endloop
endfacet
facet normal -0.470492 -0.061941 0.880228
outer loop
vertex -21.2121 -2.4042 2.6528
vertex -21.1517 -2.8630 2.6528
vertex -20.6189 -2.7202 2.9476
endloop
endfacet
facet normal -0.470492 -0.061941 0.880228
outer loop
vertex -21.2121 -2.4042 2.6528
vertex -20.6189 -2.7202 2.9476
vertex -20.6605 -2.4042 2.9476
endloop
endfacet
facet normal -0.438428 -0.181603 0.880228
outer loop
vertex -21.1517 -2.8630 2.6528
vertex -20.9746 -3.2905 2.6528
vertex -20.4969 -3.0147 2.9476
endloop
endfacet
facet normal -0.438428 -0.181603 0.880228
outer loop
vertex -21.1517 -2.8630 2.6528
vertex -20.4969 -3.0147 2.9476
vertex -20.6189 -2.7202 2.9476
endloop
endfacet
facet normal -0.376487 -0.288889 0.880228
outer loop
vertex -20.9746 -3.2905 2.6528
vertex -20.6929 -3.6576 2.6528
vertex -20.3029 -3.2676 2.9476
endloop
endfacet
facet normal -0.376487 -0.288889 0.880228
outer loop
vertex -20.9746 -3.2905 2.6528
vertex -20.3029 -3.2676 2.9476
vertex -20.4969 -3.0147 2.9476
endloop
endfacet
facet normal -0.288889 -0.376487 0.880228
outer loop
vertex -20.6929 -3.6576 2.6528
vertex -20.3258 -3.9393 2.6528
vertex -20.0500 -3.4616 2.9476
endloop
endfacet
facet normal -0.288889 -0.376487 0.880228
outer loop
vertex -20.6929 -3.6576 2.6528
vertex -20.0500 -3.4616 2.9476
vertex -20.3029 -3.2676 2.9476
endloop
endfacet
facet normal -0.181603 -0.438428 0.880228
outer loop
vertex -20.3258 -3.9393 2.6528
vertex -19.8983 -4.1164 2.6528
vertex -19.7555 -3.5836 2.9476
endloop
endfacet
facet normal -0.181603 -0.438428 0.880228
outer loop
vertex -20.3258 -3.9393 2.6528
vertex -19.7555 -3.5836 2.9476
vertex -20.0500 -3.4616 2.9476
endloop
endfacet
facet normal -0.061941 -0.470492 0.880228
outer loop
vertex -19.8983 -4.1164 2.6528
vertex -19.4395 -4.1768 2.6528
vertex -19.4395 -3.6252 2.9476
endloop
endfacet
facet normal -0.061941 -0.470492 0.880228
outer loop
vertex -19.8983 -4.1164 2.6528
vertex -19.4395 -3.6252 2.9476
vertex -19.7555 -3.5836 2.9476
endloop
endfacet
facet normal 0.061941 -0.470492 0.880228
outer loop
vertex -19.4395 -4.1768 2.6528
vertex -18.9808 -4.1164 2.6528
vertex -19.1235 -3.5836 2.9476
endloop
endfacet
facet normal 0.061941 -0.470492 0.880228
outer loop
vertex -19.4395 -4.1768 2.6528
vertex -19.1235 -3.5836 2.9476
vertex -19.4395 -3.6252 2.9476
endloop
endfacet
facet normal 0.181603 -0.438428 0.880228
outer loop
vertex -18.9808 -4.1164 2.6528
vertex -18.5533 -3.9393 2.6528
vertex -18.8291 -3.4616 2.9476
endloop
endfacet
facet normal 0.181603 -0.438428 0.880228
outer loop
vertex -18.9808 -4.1164 2.6528
vertex -18.8291 -3.4616 2.9476
vertex -19.1235 -3.5836 2.9476
endloop
endfacet
facet normal 0.288889 -0.376487 0.880228
outer loop
vertex -18.5533 -3.9393 2.6528
vertex -18.1862 -3.6576 2.6528
vertex -18.5762 -3.2676 2.9476
endloop
endfacet
facet normal 0.288889 -0.376487 0.880228
outer loop
vertex -18.5533 -3.9393 2.6528
vertex -18.5762 -3.2676 2.9476
vertex -18.8291 -3.4616 2.9476
endloop
endfacet
facet normal 0.376487 -0.288889 0.880228
outer loop
vertex -18.1862 -3.6576 2.6528
vertex -17.9045 -3.2905 2.6528
vertex -18.3822 -3.0147 2.9476
endloop
endfacet
facet normal 0.376487 -0.288889 0.880228
outer loop
vertex -18.1862 -3.6576 2.6528
vertex -18.3822 -3.0147 2.9476
vertex -18.5762 -3.2676 2.9476
endloop
endfacet
facet normal 0.438428 -0.181603 0.880228
outer loop
vertex -17.9045 -3.2905 2.6528
vertex -17.7274 -2.8630 2.6528
vertex -18.2602 -2.7202 2.9476
endloop
endfacet
facet normal 0.438428 -0.181603 0.880228
outer loop
vertex -17.9045 -3.2905 2.6528
vertex -18.2602 -2.7202 2.9476
vertex -18.3822 -3.0147 2.9476
endloop
endfacet
facet normal 0.470492 -0.061941 0.880228
outer loop
vertex -17.7274 -2.8630 2.6528
vertex -17.6670 -2.4042 2.6528
vertex -18.2186 -2.4042 2.9476
endloop
endfacet
facet normal 0.470492 -0.061941 0.880228
outer loop
vertex -17.7274 -2.8630 2.6528
vertex -18.2186 -2.4042 2.9476
vertex -18.2602 -2.7202 2.9476
endloop
endfacet
facet normal 0.290073 0.038189 0.956242
outer loop
vertex -18.2186 -2.4042 2.9476
vertex -18.2602 -2.0882 2.9476
vertex -18.8383 -2.2431 3.1292
endloop
endfacet
facet normal 0.290073 0.038189 0.956242
outer loop
vertex -18.2186 -2.4042 2.9476
vertex -18.8383 -2.2431 3.1292
vertex -18.8171 -2.4042 3.1292
endloop
endfacet
facet normal 0.270305 0.111964 0.956242
outer loop
vertex -18.2602 -2.0882 2.9476
vertex -18.3822 -1.7938 2.9476
vertex -18.9005 -2.0930 3.1292
endloop
endfacet
facet normal 0.270305 0.111964 0.956242
outer loop
vertex -18.2602 -2.0882 2.9476
vertex -18.9005 -2.0930 3.1292
vertex -18.8383 -2.2431 3.1292
endloop
endfacet
facet normal 0.232116 0.178109 0.956242
outer loop
vertex -18.3822 -1.7938 2.9476
vertex -18.5762 -1.5409 2.9476
vertex -18.9994 -1.9641 3.1292
endloop
endfacet
facet normal 0.232116 0.178109 0.956242
outer loop
vertex -18.3822 -1.7938 2.9476
vertex -18.9994 -1.9641 3.1292
vertex -18.9005 -2.0930 3.1292
endloop
endfacet
facet normal 0.178109 0.232116 0.956242
outer loop
vertex -18.5762 -1.5409 2.9476
vertex -18.8291 -1.3469 2.9476
vertex -19.1283 -1.8652 3.1292
endloop
endfacet
facet normal 0.178109 0.232116 0.956242
outer loop
vertex -18.5762 -1.5409 2.9476
vertex -19.1283 -1.8652 3.1292
vertex -18.9994 -1.9641 3.1292
endloop
endfacet
facet normal 0.111964 0.270305 0.956242
outer loop
vertex -18.8291 -1.3469 2.9476
vertex -19.1235 -1.2249 2.9476
vertex -19.2784 -1.8030 3.1292
endloop
endfacet
facet normal 0.111964 0.270305 0.956242
outer loop
vertex -18.8291 -1.3469 2.9476
vertex -19.2784 -1.8030 3.1292
vertex -19.1283 -1.8652 3.1292
endloop
endfacet
facet normal 0.038189 0.290073 0.956242
outer loop
vertex -19.1235 -1.2249 2.9476
vertex -19.4395 -1.1833 2.9476
vertex -19.4395 -1.7818 3.1292
endloop
endfacet
facet normal 0.038189 0.290073 0.956242
outer loop
vertex -19.1235 -1.2249 2.9476
vertex -19.4395 -1.7818 3.1292
vertex -19.2784 -1.8030 3.1292
endloop
endfacet
facet normal -0.038189 0.290073 0.956242
outer loop
vertex -19.4395 -1.1833 2.9476
vertex -19.7555 -1.2249 2.9476
vertex -19.6006 -1.8030 3.1292
endloop
endfacet
facet normal -0.038189 0.290073 0.956242
outer loop
vertex -19.4395 -1.1833 2.9476
vertex -19.6006 -1.8030 3.1292
vertex -19.4395 -1.7818 3.1292
endloop
endfacet
facet normal -0.111964 0.270305 0.956242
outer loop
vertex -19.7555 -1.2249 2.9476
vertex -20.0500 -1.3469 2.9476
vertex -19.7508 -1.8652 3.1292
endloop
endfacet
facet normal -0.111964 0.270305 0.956242
outer loop
vertex -19.7555 -1.2249 2.9476
vertex -19.7508 -1.8652 3.1292
vertex -19.6006 -1.8030 3.1292
endloop
endfacet
facet normal -0.178109 0.232116 0.956242
outer loop
vertex -20.0500 -1.3469 2.9476
vertex -20.3029 -1.5409 2.9476
vertex -19.8797 -1.9641 3.1292
endloop
endfacet
facet normal -0.178109 0.232116 0.956242
outer loop
vertex -20.0500 -1.3469 2.9476
vertex -19.8797 -1.9641 3.1292
vertex -19.7508 -1.8652 3.1292
endloop
endfacet
facet normal -0.232116 0.178109 0.956242
outer loop
vertex -20.3029 -1.5409 2.9476
vertex -20.4969 -1.7938 2.9476
vertex -19.9786 -2.0930 3.1292
endloop
endfacet
facet normal -0.232116 0.178109 0.956242
outer loop
vertex -20.3029 -1.5409 2.9476
vertex -19.9786 -2.0930 3.1292
vertex -19.8797 -1.9641 3.1292
endloop
endfacet
facet normal -0.270305 0.111964 0.956242
outer loop
vertex -20.4969 -1.7938 2.9476
vertex -20.6189 -2.0882 2.9476
vertex -20.0408 -2.2431 3.1292
endloop
endfacet
facet normal -0.270305 0.111964 0.956242
outer loop
vertex -20.4969 -1.7938 2.9476
vertex -20.0408 -2.2431 3.1292
vertex -19.9786 -2.0930 3.1292
endloop
endfacet
facet normal -0.290073 0.038189 0.956242
outer loop
vertex -20.6189 -2.0882 2.9476
vertex -20.6605 -2.4042 2.9476
vertex -20.0620 -2.4042 3.1292
endloop
endfacet
facet normal -0.290073 0.038189 0.956242
outer loop
vertex -20.6189 -2.0882 2.9476
vertex -20.0620 -2.4042 3.1292
vertex -20.0408 -2.2431 3.1292
endloop
endfacet
facet normal -0.290073 -0.038189 0.956242
outer loop
vertex -20.6605 -2.4042 2.9476
vertex -20.6189 -2.7202 2.9476
vertex -20.0408 -2.5653 3.1292
endloop
endfacet
facet normal -0.290073 -0.038189 0.956242
outer loop
vertex -20.6605 -2.4042 2.9476
vertex -20.0408 -2.5653 3.1292
vertex -20.0620 -2.4042 3.1292
endloop
endfacet
facet normal -0.270305 -0.111964 0.956242
outer loop
vertex -20.6189 -2.7202 2.9476
vertex -20.4969 -3.0147 2.9476
vertex -19.9786 -2.7155 3.1292
endloop
endfacet
facet normal -0.270305 -0.111964 0.956242
outer loop
vertex -20.6189 -2.7202 2.9476
vertex -19.9786 -2.7155 3.1292
vertex -20.0408 -2.5653 3.1292
endloop
endfacet
facet normal -0.232116 -0.178109 0.956242
outer loop
vertex -20.4969 -3.0147 2.9476
vertex -20.3029 -3.2676 2.9476
vertex -19.8797 -2.8444 3.1292
endloop
endfacet
facet normal -0.232116 -0.178109 0.956242
outer loop
vertex -20.4969 -3.0147 2.9476
vertex -19.8797 -2.8444 3.1292
vertex -19.9786 -2.7155 3.1292
endloop
endfacet
facet normal -0.178109 -0.232116 0.956242
outer loop
vertex -20.3029 -3.2676 2.9476
vertex -20.0500 -3.4616 2.9476
vertex -19.7508 -2.9433 3.1292
endloop
endfacet
facet normal -0.178109 -0.232116 0.956242
outer loop
vertex -20.3029 -3.2676 2.9476
vertex -19.7508 -2.9433 3.1292
vertex -19.8797 -2.8444 3.1292
endloop
endfacet
facet normal -0.111964 -0.270305 0.956242
outer loop
vertex -20.0500 -3.4616 2.9476
vertex -19.7555 -3.5836 2.9476
vertex -19.6006 -3.0055 3.1292
endloop
endfacet
facet normal -0.111964 -0.270305 0.956242
outer loop
vertex -20.0500 -3.4616 2.9476
vertex -19.6006 -3.0055 3.1292
vertex -19.7508 -2.9433 3.1292
endloop
endfacet
facet normal -0.038189 -0.290073 0.956242
outer loop
vertex -19.7555 -3.5836 2.9476
vertex -19.4395 -3.6252 2.9476
vertex -19.4395 -3.0267 3.1292
endloop
endfacet
facet normal -0.038189 -0.290073 0.956242
outer loop
vertex -19.7555 -3.5836 2.9476
vertex -19.4395 -3.0267 3.1292
vertex -19.6006 -3.0055 3.1292
endloop
endfacet
facet normal 0.038189 -0.290073 0.956242
outer loop
vertex -19.4395 -3.6252 2.9476
vertex -19.1235 -3.5836 2.9476
vertex -19.2784 -3.0055 3.1292
endloop
endfacet
facet normal 0.038189 -0.290073 0.956242
outer loop
vertex -19.4395 -3.6252 2.9476
vertex -19.2784 -3.0055 3.1292
vertex -19.4395 -3.0267 3.1292
endloop
endfacet
facet normal 0.111964 -0.270305 0.956242
outer loop
vertex -19.1235 -3.5836 2.9476
vertex -18.8291 -3.4616 2.9476
vertex -19.1283 -2.9433 3.1292
endloop
endfacet
facet normal 0.111964 -0.270305 0.956242
outer loop
vertex -19.1235 -3.5836 2.9476
vertex -19.1283 -2.9433 3.1292
vertex -19.2784 -3.0055 3.1292
endloop
endfacet
facet normal 0.178109 -0.232116 0.956242
outer loop
vertex -18.8291 -3.4616 2.9476
vertex -18.5762 -3.2676 2.9476
vertex -18.9994 -2.8444 3.1292
endloop
endfacet
facet normal 0.178109 -0.232116 0.956242
outer loop
vertex -18.8291 -3.4616 2.9476
vertex -18.9994 -2.8444 3.1292
vertex -19.1283 -2.9433 3.1292
endloop
endfacet
facet normal 0.232116 -0.178109 0.956242
outer loop
vertex -18.5762 -3.2676 2.9476
vertex -18.3822 -3.0147 2.9476
vertex -18.9005 -2.7155 3.1292
endloop
endfacet
facet normal 0.232116 -0.178109 0.956242
outer loop
vertex -18.5762 -3.2676 2.9476
vertex -18.9005 -2.7155 3.1292
vertex -18.9994 -2.8444 3.1292
endloop
endfacet
facet normal 0.270305 -0.111964 0.956242
outer loop
vertex -18.3822 -3.0147 2.9476
vertex -18.2602 -2.7202 2.9476
vertex -18.8383 -2.5653 3.1292
endloop
endfacet
facet normal 0.270305 -0.111964 0.956242
outer loop
vertex -18.3822 -3.0147 2.9476
vertex -18.8383 -2.5653 3.1292
vertex -18.9005 -2.7155 3.1292
endloop
endfacet
facet normal 0.290073 -0.038189 0.956242
outer loop
vertex -18.2602 -2.7202 2.9476
vertex -18.2186 -2.4042 2.9476
vertex -18.8171 -2.4042 3.1292
endloop
endfacet
facet normal 0.290073 -0.038189 0.956242
outer loop
vertex -18.2602 -2.7202 2.9476
vertex -18.8171 -2.4042 3.1292
vertex -18.8383 -2.5653 3.1292
endloop
endfacet
facet normal 0.098009 0.012903 0.995102
outer loop
vertex -18.8171 -2.4042 3.1292
vertex -18.8383 -2.2431 3.1292
vertex -19.4395 -2.4042 3.1905
endloop
endfacet
facet normal 0.091330 0.037830 0.995102
outer loop
vertex -18.8383 -2.2431 3.1292
vertex -18.9005 -2.0930 3.1292
vertex -19.4395 -2.4042 3.1905
endloop
endfacet
facet normal 0.078427 0.060179 0.995102
outer loop
vertex -18.9005 -2.0930 3.1292
vertex -18.9994 -1.9641 3.1292
vertex -19.4395 -2.4042 3.1905
endloop
endfacet
facet normal 0.060179 0.078427 0.995102
outer loop
vertex -18.9994 -1.9641 3.1292
vertex -19.1283 -1.8652 3.1292
vertex -19.4395 -2.4042 3.1905
endloop
endfacet
facet normal 0.037830 0.091330 0.995102
outer loop
vertex -19.1283 -1.8652 3.1292
vertex -19.2784 -1.8030 3.1292
vertex -19.4395 -2.4042 3.1905
endloop
endfacet
facet normal 0.012903 0.098009 0.995102
outer loop
vertex -19.2784 -1.8030 3.1292
vertex -19.4395 -1.7818 3.1292
vertex -19.4395 -2.4042 3.1905
endloop
endfacet
facet normal -0.012903 0.098009 0.995102
outer loop
vertex -19.4395 -1.7818 3.1292
vertex -19.6006 -1.8030 3.1292
vertex -19.4395 -2.4042 3.1905
endloop
endfacet
facet normal -0.037830 0.091330 0.995102
outer loop
vertex -19.6006 -1.8030 3.1292
vertex -19.7508 -1.8652 3.1292
vertex -19.4395 -2.4042 3.1905
endloop
endfacet
facet normal -0.060179 0.078427 0.995102
outer loop
vertex -19.7508 -1.8652 3.1292
vertex -19.8797 -1.9641 3.1292
vertex -19.4395 -2.4042 3.1905
endloop
endfacet
facet normal -0.078427 0.060179 0.995102
outer loop
vertex -19.8797 -1.9641 3.1292
vertex -19.9786 -2.0930 3.1292
vertex -19.4395 -2.4042 3.1905
endloop
endfacet
facet normal -0.091330 0.037830 0.995102
outer loop
vertex -19.9786 -2.0930 3.1292
vertex -20.0408 -2.2431 3.1292
vertex -19.4395 -2.4042 3.1905
endloop
endfacet
facet normal -0.098009 0.012903 0.995102
outer loop
vertex -20.0408 -2.2431 3.1292
vertex -20.0620 -2.4042 3.1292
vertex -19.4395 -2.4042 3.1905
endloop
endfacet
facet normal -0.098009 -0.012903 0.995102
outer loop
vertex -20.0620 -2.4042 3.1292
vertex -20.0408 -2.5653 3.1292
vertex -19.4395 -2.4042 3.1905
endloop
endfacet
facet normal -0.091330 -0.037830 0.995102
outer loop
vertex -20.0408 -2.5653 3.1292
vertex -19.9786 -2.7155 3.1292
vertex -19.4395 -2.4042 3.1905
endloop
endfacet
facet normal -0.078427 -0.060179 0.995102
outer loop
vertex -19.9786 -2.7155 3.1292
vertex -19.8797 -2.8444 3.1292
vertex -19.4395 -2.4042 3.1905
endloop
endfacet
facet normal -0.060179 -0.078427 0.995102
outer loop
vertex -19.8797 -2.8444 3.1292
vertex -19.7508 -2.9433 3.1292
vertex -19.4395 -2.4042 3.1905
endloop
endfacet
facet normal -0.037830 -0.091330 0.995102
outer loop
vertex -19.7508 -2.9433 3.1292
vertex -19.6006 -3.0055 3.1292
vertex -19.4395 -2.4042 3.1905
endloop
endfacet
facet normal -0.012903 -0.098009 0.995102
outer loop
vertex -19.6006 -3.0055 3.1292
vertex -19.4395 -3.0267 3.1292
vertex -19.4395 -2.4042 3.1905
endloop
endfacet
facet normal 0.012903 -0.098009 0.995102
outer loop
vertex -19.4395 -3.0267 3.1292
vertex -19.2784 -3.0055 3.1292
vertex -19.4395 -2.4042 3.1905
endloop
endfacet
facet normal 0.037830 -0.091330 0.995102
outer loop
vertex -19.2784 -3.0055 3.1292
vertex -19.1283 -2.9433 3.1292
vertex -19.4395 -2.4042 3.1905
endloop
endfacet
facet normal 0.060179 -0.078427 0.995102
outer loop
vertex -19.1283 -2.9433 3.1292
vertex -18.9994 -2.8444 3.1292
vertex -19.4395 -2.4042 3.1905
endloop
endfacet
facet normal 0.078427 -0.060179 0.995102
outer loop
vertex -18.9994 -2.8444 3.1292
vertex -18.9005 -2.7155 3.1292
vertex -19.4395 -2.4042 3.1905
endloop
endfacet
facet normal 0.091330 -0.037830 0.995102
outer loop
vertex -18.9005 -2.7155 3.1292
vertex -18.8383 -2.5653 3.1292
vertex -19.4395 -2.4042 3.1905
endloop
endfacet
facet normal 0.098009 -0.012903 0.995102
outer loop
vertex -18.8383 -2.5653 3.1292
vertex -18.8171 -2.4042 3.1292
vertex -19.4395 -2.4042 3.1905
endloop
endfacet
facet normal 0.000000 0.000000 -1.000000
outer loop
vertex 3.1731 -34.9998 0.0000
vertex 3.1731 -30.3511 0.0000
vertex 13.5016 -30.3511 0.0000
endloop
endfacet
facet normal 0.000000 0.000000 -1.000000
outer loop
vertex 3.1731 -34.9998 0.0000
vertex 13.5016 -30.3511 0.0000
vertex 13.5016 -34.9998 0.0000
endloop
endfacet
facet normal 0.000000 0.000000 1.000000
outer loop
vertex 3.1731 -34.9998 12.7856
vertex 13.5016 -34.9998 12.7856
vertex 13.5016 -30.3511 12.7856
endloop
endfacet
facet normal 0.000000 0.000000 1.000000
outer loop
vertex 3.1731 -34.9998 12.7856
vertex 13.5016 -30.3511 12.7856
vertex 3.1731 -30.3511 12.7856
endloop
endfacet
facet normal 0.000000 -1.000000 0.000000
outer loop
vertex 3.1731 -34.9998 0.0000
vertex 13.5016 -34.9998 0.0000
vertex 13.5016 -34.9998 12.7856
endloop
endfacet
facet normal 0.000000 -1.000000 0.000000
outer loop
vertex 3.1731 -34.9998 0.0000
vertex 13.5016 -34.9998 12.7856
vertex 3.1731 -34.9998 12.7856
endloop
endfacet
facet normal 1.000000 0.000000 0.000000
outer loop
vertex 13.5016 -34.9998 0.0000
vertex 13.5016 -30.3511 0.0000
vertex 13.5016 -30.3511 12.7856
endloop
endfacet
facet normal 1.000000 0.000000 0.000000
outer loop
vertex 13.5016 -34.9998 0.0000
vertex 13.5016 -30.3511 12.7856
vertex 13.5016 -34.9998 12.7856
endloop
endfacet
facet normal 0.000000 1.000000 0.000000
outer loop
vertex 13.5016 -30.3511 0.0000
vertex 3.1731 -30.3511 0.0000
vertex 3.1731 -30.3511 12.7856
endloop
endfacet
facet normal 0.000000 1.000000 -0.000000
outer loop
vertex 13.5016 -30.3511 0.0000
vertex 3.1731 -30.3511 12.7856
vertex 13.5016 -30.3511 12.7856
endloop
endfacet
facet normal -1.000000 0.000000 0.000000
outer loop
vertex 3.1731 -30.3511 0.0000
vertex 3.1731 -34.9998 0.0000
vertex 3.1731 -34.9998 12.7856
endloop
endfacet
facet normal -1.000000 0.000000 0.000000
outer loop
vertex 3.1731 -30.3511 0.0000
vertex 3.1731 -34.9998 12.7856
vertex 3.1731 -30.3511 12.7856
endloop
endfacet
facet normal 0.986752 0.129908 0.097187
outer loop
vertex 24.7122 26.8392 0.0000
vertex 24.5192 28.3046 0.0000
vertex 24.4142 28.2764 1.1046
endloop
endfacet
facet normal 0.986752 0.129908 0.097187
outer loop
vertex 24.7122 26.8392 0.0000
vertex 24.4142 28.2764 1.1046
vertex 24.6034 26.8392 1.1046
endloop
endfacet
facet normal 0.919506 0.380872 0.097187
outer loop
vertex 24.5192 28.3046 0.0000
vertex 23.9536 29.6701 0.0000
vertex 23.8594 29.6157 1.1046
endloop
endfacet
facet normal 0.919506 0.380872 0.097187
outer loop
vertex 24.5192 28.3046 0.0000
vertex 23.8594 29.6157 1.1046
vertex 24.4142 28.2764 1.1046
endloop
endfacet
facet normal 0.789598 0.605880 0.097187
outer loop
vertex 23.9536 29.6701 0.0000
vertex 23.0538 30.8427 0.0000
vertex 22.9769 30.7658 1.1046
endloop
endfacet
facet normal 0.789598 0.605880 0.097187
outer loop
vertex 23.9536 29.6701 0.0000
vertex 22.9769 30.7658 1.1046
vertex 23.8594 29.6157 1.1046
endloop
endfacet
facet normal 0.605880 0.789598 0.097187
outer loop
vertex 23.0538 30.8427 0.0000
vertex 21.8812 31.7425 0.0000
vertex 21.8269 31.6483 1.1046
endloop
endfacet
facet normal 0.605880 0.789598 0.097187
outer loop
vertex 23.0538 30.8427 0.0000
vertex 21.8269 31.6483 1.1046
vertex 22.9769 30.7658 1.1046
endloop
endfacet
facet normal 0.380872 0.919506 0.097187
outer loop
vertex 21.8812 31.7425 0.0000
vertex 20.5157 32.3081 0.0000
vertex 20.4876 32.2030 1.1046
endloop
endfacet
facet normal 0.380872 0.919506 0.097187
outer loop
vertex 21.8812 31.7425 0.0000
vertex 20.4876 32.2030 1.1046
vertex 21.8269 31.6483 1.1046
endloop
endfacet
facet normal 0.129908 0.986752 0.097187
outer loop
vertex 20.5157 32.3081 0.0000
vertex 19.0503 32.5010 0.0000
vertex 19.0503 32.3922 1.1046
endloop
endfacet
facet normal 0.129908 0.986752 0.097187
outer loop
vertex 20.5157 32.3081 0.0000
vertex 19.0503 32.3922 1.1046
vertex 20.4876 32.2030 1.1046
endloop
endfacet
facet normal -0.129908 0.986752 0.097187
outer loop
vertex 19.0503 32.5010 0.0000
vertex 17.5849 32.3081 0.0000
vertex 17.6131 32.2030 1.1046
endloop
endfacet
facet normal -0.129908 0.986752 0.097187
outer loop
vertex 19.0503 32.5010 0.0000
vertex 17.6131 32.2030 1.1046
vertex 19.0503 32.3922 1.1046
endloop
endfacet
facet normal -0.380872 0.919506 0.097187
outer loop
vertex 17.5849 32.3081 0.0000
vertex 16.2194 31.7425 0.0000
vertex 16.2738 31.6483 1.1046
endloop
endfacet
facet normal -0.380872 0.919506 0.097187
outer loop
vertex 17.5849 32.3081 0.0000
vertex 16.2738 31.6483 1.1046
vertex 17.6131 32.2030 1.1046
endloop
endfacet
facet normal -0.605880 0.789598 0.097187
outer loop
vertex 16.2194 31.7425 0.0000
vertex 15.0468 30.8427 0.0000
vertex 15.1237 30.7658 1.1046
endloop
endfacet
facet normal -0.605880 0.789598 0.097187
outer loop
vertex 16.2194 31.7425 0.0000
vertex 15.1237 30.7658 1.1046
vertex 16.2738 31.6483 1.1046
endloop
endfacet
facet normal -0.789598 0.605880 0.097187
outer loop
vertex 15.0468 30.8427 0.0000
vertex 14.1471 29.6701 0.0000
vertex 14.2413 29.6157 1.1046
endloop
endfacet
facet normal -0.789598 0.605880 0.097187
outer loop
vertex 15.0468 30.8427 0.0000
vertex 14.2413 29.6157 1.1046
vertex 15.1237 30.7658 1.1046
endloop
endfacet
facet normal -0.919506 0.380872 0.097187
outer loop
vertex 14.1471 29.6701 0.0000
vertex 13.5814 28.3046 0.0000
vertex 13.6865 28.2764 1.1046
endloop
endfacet
facet normal -0.919506 0.380872 0.097187
outer loop
vertex 14.1471 29.6701 0.0000
vertex 13.6865 28.2764 1.1046
vertex 14.2413 29.6157 1.1046
endloop
endfacet
facet normal -0.986752 0.129908 0.097187
outer loop
vertex 13.5814 28.3046 0.0000
vertex 13.3885 26.8392 0.0000
vertex 13.4973 26.8392 1.1046
endloop
endfacet
facet normal -0.986752 0.129908 0.097187
outer loop
vertex 13.5814 28.3046 0.0000
vertex 13.4973 26.8392 1.1046
vertex 13.6865 28.2764 1.1046
endloop
endfacet
facet normal -0.986752 -0.129908 0.097187
outer loop
vertex 13.3885 26.8392 0.0000
vertex 13.5814 25.3738 0.0000
vertex 13.6865 25.4020 1.1046
endloop
endfacet
facet normal -0.986752 -0.129908 0.097187
outer loop
vertex 13.3885 26.8392 0.0000
vertex 13.6865 25.4020 1.1046
vertex 13.4973 26.8392 1.1046
endloop
endfacet
facet normal -0.919506 -0.380872 0.097187
outer loop
vertex 13.5814 25.3738 0.0000
vertex 14.1471 24.0083 0.0000
vertex 14.2413 24.0627 1.1046
endloop
endfacet
facet normal -0.919506 -0.380872 0.097187
outer loop
vertex 13.5814 25.3738 0.0000
vertex 14.2413 24.0627 1.1046
vertex 13.6865 25.4020 1.1046
endloop
endfacet
facet normal -0.789598 -0.605880 0.097187
outer loop
vertex 14.1471 24.0083 0.0000
vertex 15.0468 22.8357 0.0000
vertex 15.1237 22.9126 1.1046
endloop
endfacet
facet normal -0.789598 -0.605880 0.097187
outer loop
vertex 14.1471 24.0083 0.0000
vertex 15.1237 22.9126 1.1046
vertex 14.2413 24.0627 1.1046
endloop
endfacet
facet normal -0.605880 -0.789598 0.097187
outer loop
vertex 15.0468 22.8357 0.0000
vertex 16.2194 21.9359 0.0000
vertex 16.2738 22.0301 1.1046
endloop
endfacet
facet normal -0.605880 -0.789598 0.097187
outer loop
vertex 15.0468 22.8357 0.0000
vertex 16.2738 22.0301 1.1046
vertex 15.1237 22.9126 1.1046
endloop
endfacet
facet normal -0.380872 -0.919506 0.097187
outer loop
vertex 16.2194 21.9359 0.0000
vertex 17.5849 21.3703 0.0000
vertex 17.6131 21.4754 1.1046
endloop
endfacet
facet normal -0.380872 -0.919506 0.097187
outer loop
vertex 16.2194 21.9359 0.0000
vertex 17.6131 21.4754 1.1046
vertex 16.2738 22.0301 1.1046
endloop
endfacet
facet normal -0.129908 -0.986752 0.097187
outer loop
vertex 17.5849 21.3703 0.0000
vertex 19.0503 21.1774 0.0000
vertex 19.0503 21.2862 1.1046
endloop
endfacet
facet normal -0.129908 -0.986752 0.097187
outer loop
vertex 17.5849 21.3703 0.0000
vertex 19.0503 21.2862 1.1046
vertex 17.6131 21.4754 1.1046
endloop
endfacet
facet normal 0.129908 -0.986752 0.097187
outer loop
vertex 19.0503 21.1774 0.0000
vertex 20.5157 21.3703 0.0000
vertex 20.4876 21.4754 1.1046
endloop
endfacet
facet normal 0.129908 -0.986752 0.097187
outer loop
vertex 19.0503 21.1774 0.0000
vertex 20.4876 21.4754 1.1046
vertex 19.0503 21.2862 1.1046
endloop
endfacet
facet normal 0.380872 -0.919506 0.097187
outer loop
vertex 20.5157 21.3703 0.0000
vertex 21.8812 21.9359 0.0000
vertex 21.8269 22.0301 1.1046
endloop
endfacet
facet normal 0.380872 -0.919506 0.097187
outer loop
vertex 20.5157 21.3703 0.0000
vertex 21.8269 22.0301 1.1046
vertex 20.4876 21.4754 1.1046
endloop
endfacet
facet normal 0.605880 -0.789598 0.097187
outer loop
vertex 21.8812 21.9359 0.0000
vertex 23.0538 22.8357 0.0000
vertex 22.9769 22.9126 1.1046
endloop
endfacet
facet normal 0.605880 -0.789598 0.097187
outer loop
vertex 21.8812 21.9359 0.0000
vertex 22.9769 22.9126 1.1046
vertex 21.8269 22.0301 1.1046
endloop
endfacet
facet normal 0.789598 -0.605880 0.097187
outer loop
vertex 23.0538 22.8357 0.0000
vertex 23.9536 24.0083 0.0000
vertex 23.8594 24.0627 1.1046
endloop
endfacet
facet normal 0.789598 -0.605880 0.097187
outer loop
vertex 23.0538 22.8357 0.0000
vertex 23.8594 24.0627 1.1046
vertex 22.9769 22.9126 1.1046
endloop
endfacet
facet normal 0.919506 -0.380872 0.097187
outer loop
vertex 23.9536 24.0083 0.0000
vertex 24.5192 25.3738 0.0000
vertex 24.4142 25.4020 1.1046
endloop
endfacet
facet normal 0.919506 -0.380872 0.097187
outer loop
vertex 23.9536 24.0083 0.0000
vertex 24.4142 25.4020 1.1046
vertex 23.8594 24.0627 1.1046
endloop
endfacet
facet normal 0.986752 -0.129908 0.097187
outer loop
vertex 24.5192 25.3738 0.0000
vertex 24.7122 26.8392 0.0000
vertex 24.6034 26.8392 1.1046
endloop
endfacet
facet normal 0.986752 -0.129908 0.097187
outer loop
vertex 24.5192 25.3738 0.0000
vertex 24.6034 26.8392 1.1046
vertex 24.4142 25.4020 1.1046
endloop
endfacet
facet normal 0.949435 0.124996 0.288008
outer loop
vertex 24.6034 26.8392 1.1046
vertex 24.4142 28.2764 1.1046
vertex 24.1029 28.1930 2.1667
endloop
endfacet
facet normal 0.949435 0.124996 0.288008
outer loop
vertex 24.6034 26.8392 1.1046
vertex 24.1029 28.1930 2.1667
vertex 24.2812 26.8392 2.1667
endloop
endfacet
facet normal 0.884733 0.366468 0.288008
outer loop
vertex 24.4142 28.2764 1.1046
vertex 23.8594 29.6157 1.1046
vertex 23.5804 29.4546 2.1667
endloop
endfacet
facet normal 0.884733 0.366468 0.288008
outer loop
vertex 24.4142 28.2764 1.1046
vertex 23.5804 29.4546 2.1667
vertex 24.1029 28.1930 2.1667
endloop
endfacet
facet normal 0.759737 0.582967 0.288008
outer loop
vertex 23.8594 29.6157 1.1046
vertex 22.9769 30.7658 1.1046
vertex 22.7491 30.5380 2.1667
endloop
endfacet
facet normal 0.759737 0.582967 0.288008
outer loop
vertex 23.8594 29.6157 1.1046
vertex 22.7491 30.5380 2.1667
vertex 23.5804 29.4546 2.1667
endloop
endfacet
facet normal 0.582967 0.759737 0.288008
outer loop
vertex 22.9769 30.7658 1.1046
vertex 21.8269 31.6483 1.1046
vertex 21.6658 31.3692 2.1667
endloop
endfacet
facet normal 0.582967 0.759737 0.288008
outer loop
vertex 22.9769 30.7658 1.1046
vertex 21.6658 31.3692 2.1667
vertex 22.7491 30.5380 2.1667
endloop
endfacet
facet normal 0.366468 0.884733 0.288008
outer loop
vertex 21.8269 31.6483 1.1046
vertex 20.4876 32.2030 1.1046
vertex 20.4042 31.8918 2.1667
endloop
endfacet
facet normal 0.366468 0.884733 0.288008
outer loop
vertex 21.8269 31.6483 1.1046
vertex 20.4042 31.8918 2.1667
vertex 21.6658 31.3692 2.1667
endloop
endfacet
facet normal 0.124996 0.949435 0.288008
outer loop
vertex 20.4876 32.2030 1.1046
vertex 19.0503 32.3922 1.1046
vertex 19.0503 32.0700 2.1667
endloop
endfacet
facet normal 0.124996 0.949435 0.288008
outer loop
vertex 20.4876 32.2030 1.1046
vertex 19.0503 32.0700 2.1667
vertex 20.4042 31.8918 2.1667
endloop
endfacet
facet normal -0.124996 0.949435 0.288008
outer loop
vertex 19.0503 32.3922 1.1046
vertex 17.6131 32.2030 1.1046
vertex 17.6965 31.8918 2.1667
endloop
endfacet
facet normal -0.124996 0.949435 0.288008
outer loop
vertex 19.0503 32.3922 1.1046
vertex 17.6965 31.8918 2.1667
vertex 19.0503 32.0700 2.1667
endloop
endfacet
facet normal -0.366468 0.884733 0.288008
outer loop
vertex 17.6131 32.2030 1.1046
vertex 16.2738 31.6483 1.1046
vertex 16.4349 31.3692 2.1667
endloop
endfacet
facet normal -0.366468 0.884733 0.288008
outer loop
vertex 17.6131 32.2030 1.1046
vertex 16.4349 31.3692 2.1667
vertex 17.6965 31.8918 2.1667
endloop
endfacet
facet normal -0.582967 0.759737 0.288008
outer loop
vertex 16.2738 31.6483 1.1046
vertex 15.1237 30.7658 1.1046
vertex 15.3516 30.5380 2.1667
endloop
endfacet
facet normal -0.582967 0.759737 0.288008
outer loop
vertex 16.2738 31.6483 1.1046
vertex 15.3516 30.5380 2.1667
vertex 16.4349 31.3692 2.1667
endloop
endfacet
facet normal -0.759737 0.582967 0.288008
outer loop
vertex 15.1237 30.7658 1.1046
vertex 14.2413 29.6157 1.1046
vertex 14.5203 29.4546 2.1667
endloop
endfacet
facet normal -0.759737 0.582967 0.288008
outer loop
vertex 15.1237 30.7658 1.1046
vertex 14.5203 29.4546 2.1667
vertex 15.3516 30.5380 2.1667
endloop
endfacet
facet normal -0.884733 0.366468 0.288008
outer loop
vertex 14.2413 29.6157 1.1046
vertex 13.6865 28.2764 1.1046
vertex 13.9977 28.1930 2.1667
endloop
endfacet
facet normal -0.884733 0.366468 0.288008
outer loop
vertex 14.2413 29.6157 1.1046
vertex 13.9977 28.1930 2.1667
vertex 14.5203 29.4546 2.1667
endloop
endfacet
facet normal -0.949435 0.124996 0.288008
outer loop
vertex 13.6865 28.2764 1.1046
vertex 13.4973 26.8392 1.1046
vertex 13.8195 26.8392 2.1667
endloop
endfacet
facet normal -0.949435 0.124996 0.288008
outer loop
vertex 13.6865 28.2764 1.1046
vertex 13.8195 26.8392 2.1667
vertex 13.9977 28.1930 2.1667
endloop
endfacet
facet normal -0.949435 -0.124996 0.288008
outer loop
vertex 13.4973 26.8392 1.1046
vertex 13.6865 25.4020 1.1046
vertex 13.9977 25.4854 2.1667
endloop
endfacet
facet normal -0.949435 -0.124996 0.288008
outer loop
vertex 13.4973 26.8392 1.1046
vertex 13.9977 25.4854 2.1667
vertex 13.8195 26.8392 2.1667
endloop
endfacet
facet normal -0.884733 -0.366468 0.288008
outer loop
vertex 13.6865 25.4020 1.1046
vertex 14.2413 24.0627 1.1046
vertex 14.5203 24.2238 2.1667
endloop
endfacet
facet normal -0.884733 -0.366468 0.288008
outer loop
vertex 13.6865 25.4020 1.1046
vertex 14.5203 24.2238 2.1667
vertex 13.9977 25.4854 2.1667
endloop
endfacet
facet normal -0.759737 -0.582967 0.288008
outer loop
vertex 14.2413 24.0627 1.1046
vertex 15.1237 22.9126 1.1046
vertex 15.3516 23.1404 2.1667
endloop
endfacet
facet normal -0.759737 -0.582967 0.288008
outer loop
vertex 14.2413 24.0627 1.1046
vertex 15.3516 23.1404 2.1667
vertex 14.5203 24.2238 2.1667
endloop
endfacet
facet normal -0.582967 -0.759737 0.288008
outer loop
vertex 15.1237 22.9126 1.1046
vertex 16.2738 22.0301 1.1046
vertex 16.4349 22.3092 2.1667
endloop
endfacet
facet normal -0.582967 -0.759737 0.288008
outer loop
vertex 15.1237 22.9126 1.1046
vertex 16.4349 22.3092 2.1667
vertex 15.3516 23.1404 2.1667
endloop
endfacet
facet normal -0.366468 -0.884733 0.288008
outer loop
vertex 16.2738 22.0301 1.1046
vertex 17.6131 21.4754 1.1046
vertex 17.6965 21.7866 2.1667
endloop
endfacet
facet normal -0.366468 -0.884733 0.288008
outer loop
vertex 16.2738 22.0301 1.1046
vertex 17.6965 21.7866 2.1667
vertex 16.4349 22.3092 2.1667
endloop
endfacet
facet normal -0.124996 -0.949435 0.288008
outer loop
vertex 17.6131 21.4754 1.1046
vertex 19.0503 21.2862 1.1046
vertex 19.0503 21.6084 2.1667
endloop
endfacet
facet normal -0.124996 -0.949435 0.288008
outer loop
vertex 17.6131 21.4754 1.1046
vertex 19.0503 21.6084 2.1667
vertex 17.6965 21.7866 2.1667
endloop
endfacet
facet normal 0.124996 -0.949435 0.288008
outer loop
vertex 19.0503 21.2862 1.1046
vertex 20.4876 21.4754 1.1046
vertex 20.4042 21.7866 2.1667
endloop
endfacet
facet normal 0.124996 -0.949435 0.288008
outer loop
vertex 19.0503 21.2862 1.1046
vertex 20.4042 21.7866 2.1667
vertex 19.0503 21.6084 2.1667
endloop
endfacet
facet normal 0.366468 -0.884733 0.288008
outer loop
vertex 20.4876 21.4754 1.1046
vertex 21.8269 22.0301 1.1046
vertex 21.6658 22.3092 2.1667
endloop
endfacet
facet normal 0.366468 -0.884733 0.288008
outer loop
vertex 20.4876 21.4754 1.1046
vertex 21.6658 22.3092 2.1667
vertex 20.4042 21.7866 2.1667
endloop
endfacet
facet normal 0.582967 -0.759737 0.288008
outer loop
vertex 21.8269 22.0301 1.1046
vertex 22.9769 22.9126 1.1046
vertex 22.7491 23.1404 2.1667
endloop
endfacet
facet normal 0.582967 -0.759737 0.288008
outer loop
vertex 21.8269 22.0301 1.1046
vertex 22.7491 23.1404 2.1667
vertex 21.6658 22.3092 2.1667
endloop
endfacet
facet normal 0.759737 -0.582967 0.288008
outer loop
vertex 22.9769 22.9126 1.1046
vertex 23.8594 24.0627 1.1046
vertex 23.5804 24.2238 2.1667
endloop
endfacet
facet normal 0.759737 -0.582967 0.288008
outer loop
vertex 22.9769 22.9126 1.1046
vertex 23.5804 24.2238 2.1667
vertex 22.7491 23.1404 2.1667
endloop
endfacet
facet normal 0.884733 -0.366468 0.288008
outer loop
vertex 23.8594 24.0627 1.1046
vertex 24.4142 25.4020 1.1046
vertex 24.1029 25.4854 2.1667
endloop
endfacet
facet normal 0.884733 -0.366468 0.288008
outer loop
vertex 23.8594 24.0627 1.1046
vertex 24.1029 25.4854 2.1667
vertex 23.5804 24.2238 2.1667
endloop
endfacet
facet normal 0.949435 -0.124996 0.288008
outer loop
vertex 24.4142 25.4020 1.1046
vertex 24.6034 26.8392 1.1046
vertex 24.2812 26.8392 2.1667
endloop
endfacet
facet normal 0.949435 -0.124996 0.288008
outer loop
vertex 24.4142 25.4020 1.1046
vertex 24.2812 26.8392 2.1667
vertex 24.1029 25.4854 2.1667
endloop
endfacet
facet normal 0.876036 0.115332 0.468251
outer loop
vertex 24.2812 26.8392 2.1667
vertex 24.1029 28.1930 2.1667
vertex 23.5976 28.0576 3.1455
endloop
endfacet
facet normal 0.876036 0.115332 0.468251
outer loop
vertex 24.2812 26.8392 2.1667
vertex 23.5976 28.0576 3.1455
vertex 23.7580 26.8392 3.1455
endloop
endfacet
facet normal 0.816336 0.338137 0.468251
outer loop
vertex 24.1029 28.1930 2.1667
vertex 23.5804 29.4546 2.1667
vertex 23.1273 29.1930 3.1455
endloop
endfacet
facet normal 0.816336 0.338137 0.468251
outer loop
vertex 24.1029 28.1930 2.1667
vertex 23.1273 29.1930 3.1455
vertex 23.5976 28.0576 3.1455
endloop
endfacet
facet normal 0.701003 0.537899 0.468251
outer loop
vertex 23.5804 29.4546 2.1667
vertex 22.7491 30.5380 2.1667
vertex 22.3791 30.1680 3.1455
endloop
endfacet
facet normal 0.701003 0.537899 0.468251
outer loop
vertex 23.5804 29.4546 2.1667
vertex 22.3791 30.1680 3.1455
vertex 23.1273 29.1930 3.1455
endloop
endfacet
facet normal 0.537899 0.701003 0.468251
outer loop
vertex 22.7491 30.5380 2.1667
vertex 21.6658 31.3692 2.1667
vertex 21.4042 30.9161 3.1455
endloop
endfacet
facet normal 0.537899 0.701003 0.468251
outer loop
vertex 22.7491 30.5380 2.1667
vertex 21.4042 30.9161 3.1455
vertex 22.3791 30.1680 3.1455
endloop
endfacet
facet normal 0.338137 0.816336 0.468251
outer loop
vertex 21.6658 31.3692 2.1667
vertex 20.4042 31.8918 2.1667
vertex 20.2688 31.3864 3.1455
endloop
endfacet
facet normal 0.338137 0.816336 0.468251
outer loop
vertex 21.6658 31.3692 2.1667
vertex 20.2688 31.3864 3.1455
vertex 21.4042 30.9161 3.1455
endloop
endfacet
facet normal 0.115332 0.876036 0.468251
outer loop
vertex 20.4042 31.8918 2.1667
vertex 19.0503 32.0700 2.1667
vertex 19.0503 31.5468 3.1455
endloop
endfacet
facet normal 0.115332 0.876036 0.468251
outer loop
vertex 20.4042 31.8918 2.1667
vertex 19.0503 31.5468 3.1455
vertex 20.2688 31.3864 3.1455
endloop
endfacet
facet normal -0.115332 0.876036 0.468251
outer loop
vertex 19.0503 32.0700 2.1667
vertex 17.6965 31.8918 2.1667
vertex 17.8319 31.3864 3.1455
endloop
endfacet
facet normal -0.115332 0.876036 0.468251
outer loop
vertex 19.0503 32.0700 2.1667
vertex 17.8319 31.3864 3.1455
vertex 19.0503 31.5468 3.1455
endloop
endfacet
facet normal -0.338137 0.816336 0.468251
outer loop
vertex 17.6965 31.8918 2.1667
vertex 16.4349 31.3692 2.1667
vertex 16.6965 30.9161 3.1455
endloop
endfacet
facet normal -0.338137 0.816336 0.468251
outer loop
vertex 17.6965 31.8918 2.1667
vertex 16.6965 30.9161 3.1455
vertex 17.8319 31.3864 3.1455
endloop
endfacet
facet normal -0.537899 0.701003 0.468251
outer loop
vertex 16.4349 31.3692 2.1667
vertex 15.3516 30.5380 2.1667
vertex 15.7215 30.1680 3.1455
endloop
endfacet
facet normal -0.537899 0.701003 0.468251
outer loop
vertex 16.4349 31.3692 2.1667
vertex 15.7215 30.1680 3.1455
vertex 16.6965 30.9161 3.1455
endloop
endfacet
facet normal -0.701003 0.537899 0.468251
outer loop
vertex 15.3516 30.5380 2.1667
vertex 14.5203 29.4546 2.1667
vertex 14.9734 29.1930 3.1455
endloop
endfacet
facet normal -0.701003 0.537899 0.468251
outer loop
vertex 15.3516 30.5380 2.1667
vertex 14.9734 29.1930 3.1455
vertex 15.7215 30.1680 3.1455
endloop
endfacet
facet normal -0.816336 0.338137 0.468251
outer loop
vertex 14.5203 29.4546 2.1667
vertex 13.9977 28.1930 2.1667
vertex 14.5031 28.0576 3.1455
endloop
endfacet
facet normal -0.816336 0.338137 0.468251
outer loop
vertex 14.5203 29.4546 2.1667
vertex 14.5031 28.0576 3.1455
vertex 14.9734 29.1930 3.1455
endloop
endfacet
facet normal -0.876036 0.115332 0.468251
outer loop
vertex 13.9977 28.1930 2.1667
vertex 13.8195 26.8392 2.1667
vertex 14.3427 26.8392 3.1455
endloop
endfacet
facet normal -0.876036 0.115332 0.468251
outer loop
vertex 13.9977 28.1930 2.1667
vertex 14.3427 26.8392 3.1455
vertex 14.5031 28.0576 3.1455
endloop
endfacet
facet normal -0.876036 -0.115332 0.468251
outer loop
vertex 13.8195 26.8392 2.1667
vertex 13.9977 25.4854 2.1667
vertex 14.5031 25.6208 3.1455
endloop
endfacet
facet normal -0.876036 -0.115332 0.468251
outer loop
vertex 13.8195 26.8392 2.1667
vertex 14.5031 25.6208 3.1455
vertex 14.3427 26.8392 3.1455
endloop
endfacet
facet normal -0.816336 -0.338137 0.468251
outer loop
vertex 13.9977 25.4854 2.1667
vertex 14.5203 24.2238 2.1667
vertex 14.9734 24.4854 3.1455
endloop
endfacet
facet normal -0.816336 -0.338137 0.468251
outer loop
vertex 13.9977 25.4854 2.1667
vertex 14.9734 24.4854 3.1455
vertex 14.5031 25.6208 3.1455
endloop
endfacet
facet normal -0.701003 -0.537899 0.468251
outer loop
vertex 14.5203 24.2238 2.1667
vertex 15.3516 23.1404 2.1667
vertex 15.7215 23.5104 3.1455
endloop
endfacet
facet normal -0.701003 -0.537899 0.468251
outer loop
vertex 14.5203 24.2238 2.1667
vertex 15.7215 23.5104 3.1455
vertex 14.9734 24.4854 3.1455
endloop
endfacet
facet normal -0.537899 -0.701003 0.468251
outer loop
vertex 15.3516 23.1404 2.1667
vertex 16.4349 22.3092 2.1667
vertex 16.6965 22.7623 3.1455
endloop
endfacet
facet normal -0.537899 -0.701003 0.468251
outer loop
vertex 15.3516 23.1404 2.1667
vertex 16.6965 22.7623 3.1455
vertex 15.7215 23.5104 3.1455
endloop
endfacet
facet normal -0.338137 -0.816336 0.468251
outer loop
vertex 16.4349 22.3092 2.1667
vertex 17.6965 21.7866 2.1667
vertex 17.8319 22.2920 3.1455
endloop
endfacet
facet normal -0.338137 -0.816336 0.468251
outer loop
vertex 16.4349 22.3092 2.1667
vertex 17.8319 22.2920 3.1455
vertex 16.6965 22.7623 3.1455
endloop
endfacet
facet normal -0.115332 -0.876036 0.468251
outer loop
vertex 17.6965 21.7866 2.1667
vertex 19.0503 21.6084 2.1667
vertex 19.0503 22.1316 3.1455
endloop
endfacet
facet normal -0.115332 -0.876036 0.468251
outer loop
vertex 17.6965 21.7866 2.1667
vertex 19.0503 22.1316 3.1455
vertex 17.8319 22.2920 3.1455
endloop
endfacet
facet normal 0.115332 -0.876036 0.468251
outer loop
vertex 19.0503 21.6084 2.1667
vertex 20.4042 21.7866 2.1667
vertex 20.2688 22.2920 3.1455
endloop
endfacet
facet normal 0.115332 -0.876036 0.468251
outer loop
vertex 19.0503 21.6084 2.1667
vertex 20.2688 22.2920 3.1455
vertex 19.0503 22.1316 3.1455
endloop
endfacet
facet normal 0.338137 -0.816336 0.468251
outer loop
vertex 20.4042 21.7866 2.1667
vertex 21.6658 22.3092 2.1667
vertex 21.4042 22.7623 3.1455
endloop
endfacet
facet normal 0.338137 -0.816336 0.468251
outer loop
vertex 20.4042 21.7866 2.1667
vertex 21.4042 22.7623 3.1455
vertex 20.2688 22.2920 3.1455
endloop
endfacet
facet normal 0.537899 -0.701003 0.468251
outer loop
vertex 21.6658 22.3092 2.1667
vertex 22.7491 23.1404 2.1667
vertex 22.3791 23.5104 3.1455
endloop
endfacet
facet normal 0.537899 -0.701003 0.468251
outer loop
vertex 21.6658 22.3092 2.1667
vertex 22.3791 23.5104 3.1455
vertex 21.4042 22.7623 3.1455
endloop
endfacet
facet normal 0.701003 -0.537899 0.468251
outer loop
vertex 22.7491 23.1404 2.1667
vertex 23.5804 24.2238 2.1667
vertex 23.1273 24.4854 3.1455
endloop
endfacet
facet normal 0.701003 -0.537899 0.468251
outer loop
vertex 22.7491 23.1404 2.1667
vertex 23.1273 24.4854 3.1455
vertex 22.3791 23.5104 3.1455
endloop
endfacet
facet normal 0.816336 -0.338137 0.468251
outer loop
vertex 23.5804 24.2238 2.1667
vertex 24.1029 25.4854 2.1667
vertex 23.5976 25.6208 3.1455
endloop
endfacet
facet normal 0.816336 -0.338137 0.468251
outer loop
vertex 23.5804 24.2238 2.1667
vertex 23.5976 25.6208 3.1455
vertex 23.1273 24.4854 3.1455
endloop
endfacet
facet normal 0.876036 -0.115332 0.468251
outer loop
vertex 24.1029 25.4854 2.1667
vertex 24.2812 26.8392 2.1667
vertex 23.7580 26.8392 3.1455
endloop
endfacet
facet normal 0.876036 -0.115332 0.468251
outer loop
vertex 24.1029 25.4854 2.1667
vertex 23.7580 26.8392 3.1455
vertex 23.5976 25.6208 3.1455
endloop
endfacet
facet normal 0.769038 0.101246 0.631133
outer loop
vertex 23.7580 26.8392 3.1455
vertex 23.5976 28.0576 3.1455
vertex 22.9174 27.8754 4.0035
endloop
endfacet
facet normal 0.769038 0.101246 0.631133
outer loop
vertex 23.7580 26.8392 3.1455
vertex 22.9174 27.8754 4.0035
vertex 23.0538 26.8392 4.0035
endloop
endfacet
facet normal 0.716630 0.296838 0.631133
outer loop
vertex 23.5976 28.0576 3.1455
vertex 23.1273 29.1930 3.1455
vertex 22.5175 28.8410 4.0035
endloop
endfacet
facet normal 0.716630 0.296838 0.631133
outer loop
vertex 23.5976 28.0576 3.1455
vertex 22.5175 28.8410 4.0035
vertex 22.9174 27.8754 4.0035
endloop
endfacet
facet normal 0.615384 0.472201 0.631133
outer loop
vertex 23.1273 29.1930 3.1455
vertex 22.3791 30.1680 3.1455
vertex 21.8812 29.6701 4.0035
endloop
endfacet
facet normal 0.615384 0.472201 0.631133
outer loop
vertex 23.1273 29.1930 3.1455
vertex 21.8812 29.6701 4.0035
vertex 22.5175 28.8410 4.0035
endloop
endfacet
facet normal 0.472201 0.615384 0.631133
outer loop
vertex 22.3791 30.1680 3.1455
vertex 21.4042 30.9161 3.1455
vertex 21.0521 30.3063 4.0035
endloop
endfacet
facet normal 0.472201 0.615384 0.631133
outer loop
vertex 22.3791 30.1680 3.1455
vertex 21.0521 30.3063 4.0035
vertex 21.8812 29.6701 4.0035
endloop
endfacet
facet normal 0.296838 0.716630 0.631133
outer loop
vertex 21.4042 30.9161 3.1455
vertex 20.2688 31.3864 3.1455
vertex 20.0865 30.7063 4.0035
endloop
endfacet
facet normal 0.296838 0.716630 0.631133
outer loop
vertex 21.4042 30.9161 3.1455
vertex 20.0865 30.7063 4.0035
vertex 21.0521 30.3063 4.0035
endloop
endfacet
facet normal 0.101246 0.769038 0.631133
outer loop
vertex 20.2688 31.3864 3.1455
vertex 19.0503 31.5468 3.1455
vertex 19.0503 30.8427 4.0035
endloop
endfacet
facet normal 0.101246 0.769038 0.631133
outer loop
vertex 20.2688 31.3864 3.1455
vertex 19.0503 30.8427 4.0035
vertex 20.0865 30.7063 4.0035
endloop
endfacet
facet normal -0.101246 0.769038 0.631133
outer loop
vertex 19.0503 31.5468 3.1455
vertex 17.8319 31.3864 3.1455
vertex 18.0141 30.7063 4.0035
endloop
endfacet
facet normal -0.101246 0.769038 0.631133
outer loop
vertex 19.0503 31.5468 3.1455
vertex 18.0141 30.7063 4.0035
vertex 19.0503 30.8427 4.0035
endloop
endfacet
facet normal -0.296838 0.716630 0.631133
outer loop
vertex 17.8319 31.3864 3.1455
vertex 16.6965 30.9161 3.1455
vertex 17.0486 30.3063 4.0035
endloop
endfacet
facet normal -0.296838 0.716630 0.631133
outer loop
vertex 17.8319 31.3864 3.1455
vertex 17.0486 30.3063 4.0035
vertex 18.0141 30.7063 4.0035
endloop
endfacet
facet normal -0.472201 0.615384 0.631133
outer loop
vertex 16.6965 30.9161 3.1455
vertex 15.7215 30.1680 3.1455
vertex 16.2194 29.6701 4.0035
endloop
endfacet
facet normal -0.472201 0.615384 0.631133
outer loop
vertex 16.6965 30.9161 3.1455
vertex 16.2194 29.6701 4.0035
vertex 17.0486 30.3063 4.0035
endloop
endfacet
facet normal -0.615384 0.472201 0.631133
outer loop
vertex 15.7215 30.1680 3.1455
vertex 14.9734 29.1930 3.1455
vertex 15.5832 28.8410 4.0035
endloop
endfacet
facet normal -0.615384 0.472201 0.631133
outer loop
vertex 15.7215 30.1680 3.1455
vertex 15.5832 28.8410 4.0035
vertex 16.2194 29.6701 4.0035
endloop
endfacet
facet normal -0.716630 0.296838 0.631133
outer loop
vertex 14.9734 29.1930 3.1455
vertex 14.5031 28.0576 3.1455
vertex 15.1832 27.8754 4.0035
endloop
endfacet
facet normal -0.716630 0.296838 0.631133
outer loop
vertex 14.9734 29.1930 3.1455
vertex 15.1832 27.8754 4.0035
vertex 15.5832 28.8410 4.0035
endloop
endfacet
facet normal -0.769038 0.101246 0.631133
outer loop
vertex 14.5031 28.0576 3.1455
vertex 14.3427 26.8392 3.1455
vertex 15.0468 26.8392 4.0035
endloop
endfacet
facet normal -0.769038 0.101246 0.631133
outer loop
vertex 14.5031 28.0576 3.1455
vertex 15.0468 26.8392 4.0035
vertex 15.1832 27.8754 4.0035
endloop
endfacet
facet normal -0.769038 -0.101246 0.631133
outer loop
vertex 14.3427 26.8392 3.1455
vertex 14.5031 25.6208 3.1455
vertex 15.1832 25.8030 4.0035
endloop
endfacet
facet normal -0.769038 -0.101246 0.631133
outer loop
vertex 14.3427 26.8392 3.1455
vertex 15.1832 25.8030 4.0035
vertex 15.0468 26.8392 4.0035
endloop
endfacet
facet normal -0.716630 -0.296838 0.631133
outer loop
vertex 14.5031 25.6208 3.1455
vertex 14.9734 24.4854 3.1455
vertex 15.5832 24.8374 4.0035
endloop
endfacet
facet normal -0.716630 -0.296838 0.631133
outer loop
vertex 14.5031 25.6208 3.1455
vertex 15.5832 24.8374 4.0035
vertex 15.1832 25.8030 4.0035
endloop
endfacet
facet normal -0.615384 -0.472201 0.631133
outer loop
vertex 14.9734 24.4854 3.1455
vertex 15.7215 23.5104 3.1455
vertex 16.2194 24.0083 4.0035
endloop
endfacet
facet normal -0.615384 -0.472201 0.631133
outer loop
vertex 14.9734 24.4854 3.1455
vertex 16.2194 24.0083 4.0035
vertex 15.5832 24.8374 4.0035
endloop
endfacet
facet normal -0.472201 -0.615384 0.631133
outer loop
vertex 15.7215 23.5104 3.1455
vertex 16.6965 22.7623 3.1455
vertex 17.0486 23.3721 4.0035
endloop
endfacet
facet normal -0.472201 -0.615384 0.631133
outer loop
vertex 15.7215 23.5104 3.1455
vertex 17.0486 23.3721 4.0035
vertex 16.2194 24.0083 4.0035
endloop
endfacet
facet normal -0.296838 -0.716630 0.631133
outer loop
vertex 16.6965 22.7623 3.1455
vertex 17.8319 22.2920 3.1455
vertex 18.0141 22.9721 4.0035
endloop
endfacet
facet normal -0.296838 -0.716630 0.631133
outer loop
vertex 16.6965 22.7623 3.1455
vertex 18.0141 22.9721 4.0035
vertex 17.0486 23.3721 4.0035
endloop
endfacet
facet normal -0.101246 -0.769038 0.631133
outer loop
vertex 17.8319 22.2920 3.1455
vertex 19.0503 22.1316 3.1455
vertex 19.0503 22.8357 4.0035
endloop
endfacet
facet normal -0.101246 -0.769038 0.631133
outer loop
vertex 17.8319 22.2920 3.1455
vertex 19.0503 22.8357 4.0035
vertex 18.0141 22.9721 4.0035
endloop
endfacet
facet normal 0.101246 -0.769038 0.631133
outer loop
vertex 19.0503 22.1316 3.1455
vertex 20.2688 22.2920 3.1455
vertex 20.0865 22.9721 4.0035
endloop
endfacet
facet normal 0.101246 -0.769038 0.631133
outer loop
vertex 19.0503 22.1316 3.1455
vertex 20.0865 22.9721 4.0035
vertex 19.0503 22.8357 4.0035
endloop
endfacet
facet normal 0.296838 -0.716630 0.631133
outer loop
vertex 20.2688 22.2920 3.1455
vertex 21.4042 22.7623 3.1455
vertex 21.0521 23.3721 4.0035
endloop
endfacet
facet normal 0.296838 -0.716630 0.631133
outer loop
vertex 20.2688 22.2920 3.1455
vertex 21.0521 23.3721 4.0035
vertex 20.0865 22.9721 4.0035
endloop
endfacet
facet normal 0.472201 -0.615384 0.631133
outer loop
vertex 21.4042 22.7623 3.1455
vertex 22.3791 23.5104 3.1455
vertex 21.8812 24.0083 4.0035
endloop
endfacet
facet normal 0.472201 -0.615384 0.631133
outer loop
vertex 21.4042 22.7623 3.1455
vertex 21.8812 24.0083 4.0035
vertex 21.0521 23.3721 4.0035
endloop
endfacet
facet normal 0.615384 -0.472201 0.631133
outer loop
vertex 22.3791 23.5104 3.1455
vertex 23.1273 24.4854 3.1455
vertex 22.5175 24.8374 4.0035
endloop
endfacet
facet normal 0.615384 -0.472201 0.631133
outer loop
vertex 22.3791 23.5104 3.1455
vertex 22.5175 24.8374 4.0035
vertex 21.8812 24.0083 4.0035
endloop
endfacet
facet normal 0.716630 -0.296838 0.631133
outer loop
vertex 23.1273 24.4854 3.1455
vertex 23.5976 25.6208 3.1455
vertex 22.9174 25.8030 4.0035
endloop
endfacet
facet normal 0.716630 -0.296838 0.631133
outer loop
vertex 23.1273 24.4854 3.1455
vertex 22.9174 25.8030 4.0035
vertex 22.5175 24.8374 4.0035
endloop
endfacet
facet normal 0.769038 -0.101246 0.631133
outer loop
vertex 23.5976 25.6208 3.1455
vertex 23.7580 26.8392 3.1455
vertex 23.0538 26.8392 4.0035
endloop
endfacet
facet normal 0.769038 -0.101246 0.631133
outer loop
vertex 23.5976 25.6208 3.1455
vertex 23.0538 26.8392 4.0035
vertex 22.9174 25.8030 4.0035
endloop
endfacet
facet normal 0.632192 0.083230 0.770328
outer loop
vertex 23.0538 26.8392 4.0035
vertex 22.9174 27.8754 4.0035
vertex 22.0887 27.6533 4.7076
endloop
endfacet
facet normal 0.632192 0.083230 0.770328
outer loop
vertex 23.0538 26.8392 4.0035
vertex 22.0887 27.6533 4.7076
vertex 22.1959 26.8392 4.7076
endloop
endfacet
facet normal 0.589109 0.244017 0.770328
outer loop
vertex 22.9174 27.8754 4.0035
vertex 22.5175 28.8410 4.0035
vertex 21.7745 28.4120 4.7076
endloop
endfacet
facet normal 0.589109 0.244017 0.770328
outer loop
vertex 22.9174 27.8754 4.0035
vertex 21.7745 28.4120 4.7076
vertex 22.0887 27.6533 4.7076
endloop
endfacet
facet normal 0.505880 0.388175 0.770328
outer loop
vertex 22.5175 28.8410 4.0035
vertex 21.8812 29.6701 4.0035
vertex 21.2746 29.0634 4.7076
endloop
endfacet
facet normal 0.505880 0.388175 0.770328
outer loop
vertex 22.5175 28.8410 4.0035
vertex 21.2746 29.0634 4.7076
vertex 21.7745 28.4120 4.7076
endloop
endfacet
facet normal 0.388175 0.505880 0.770328
outer loop
vertex 21.8812 29.6701 4.0035
vertex 21.0521 30.3063 4.0035
vertex 20.6231 29.5633 4.7076
endloop
endfacet
facet normal 0.388175 0.505880 0.770328
outer loop
vertex 21.8812 29.6701 4.0035
vertex 20.6231 29.5633 4.7076
vertex 21.2746 29.0634 4.7076
endloop
endfacet
facet normal 0.244017 0.589109 0.770328
outer loop
vertex 21.0521 30.3063 4.0035
vertex 20.0865 30.7063 4.0035
vertex 19.8645 29.8776 4.7076
endloop
endfacet
facet normal 0.244017 0.589109 0.770328
outer loop
vertex 21.0521 30.3063 4.0035
vertex 19.8645 29.8776 4.7076
vertex 20.6231 29.5633 4.7076
endloop
endfacet
facet normal 0.083230 0.632192 0.770328
outer loop
vertex 20.0865 30.7063 4.0035
vertex 19.0503 30.8427 4.0035
vertex 19.0503 29.9847 4.7076
endloop
endfacet
facet normal 0.083230 0.632192 0.770328
outer loop
vertex 20.0865 30.7063 4.0035
vertex 19.0503 29.9847 4.7076
vertex 19.8645 29.8776 4.7076
endloop
endfacet
facet normal -0.083230 0.632192 0.770328
outer loop
vertex 19.0503 30.8427 4.0035
vertex 18.0141 30.7063 4.0035
vertex 18.2362 29.8776 4.7076
endloop
endfacet
facet normal -0.083230 0.632192 0.770328
outer loop
vertex 19.0503 30.8427 4.0035
vertex 18.2362 29.8776 4.7076
vertex 19.0503 29.9847 4.7076
endloop
endfacet
facet normal -0.244017 0.589109 0.770328
outer loop
vertex 18.0141 30.7063 4.0035
vertex 17.0486 30.3063 4.0035
vertex 17.4776 29.5633 4.7076
endloop
endfacet
facet normal -0.244017 0.589109 0.770328
outer loop
vertex 18.0141 30.7063 4.0035
vertex 17.4776 29.5633 4.7076
vertex 18.2362 29.8776 4.7076
endloop
endfacet
facet normal -0.388175 0.505880 0.770328
outer loop
vertex 17.0486 30.3063 4.0035
vertex 16.2194 29.6701 4.0035
vertex 16.8261 29.0634 4.7076
endloop
endfacet
facet normal -0.388175 0.505880 0.770328
outer loop
vertex 17.0486 30.3063 4.0035
vertex 16.8261 29.0634 4.7076
vertex 17.4776 29.5633 4.7076
endloop
endfacet
facet normal -0.505880 0.388175 0.770328
outer loop
vertex 16.2194 29.6701 4.0035
vertex 15.5832 28.8410 4.0035
vertex 16.3262 28.4120 4.7076
endloop
endfacet
facet normal -0.505880 0.388175 0.770328
outer loop
vertex 16.2194 29.6701 4.0035
vertex 16.3262 28.4120 4.7076
vertex 16.8261 29.0634 4.7076
endloop
endfacet
facet normal -0.589109 0.244017 0.770328
outer loop
vertex 15.5832 28.8410 4.0035
vertex 15.1832 27.8754 4.0035
vertex 16.0120 27.6533 4.7076
endloop
endfacet
facet normal -0.589109 0.244017 0.770328
outer loop
vertex 15.5832 28.8410 4.0035
vertex 16.0120 27.6533 4.7076
vertex 16.3262 28.4120 4.7076
endloop
endfacet
facet normal -0.632192 0.083230 0.770328
outer loop
vertex 15.1832 27.8754 4.0035
vertex 15.0468 26.8392 4.0035
vertex 15.9048 26.8392 4.7076
endloop
endfacet
facet normal -0.632192 0.083230 0.770328
outer loop
vertex 15.1832 27.8754 4.0035
vertex 15.9048 26.8392 4.7076
vertex 16.0120 27.6533 4.7076
endloop
endfacet
facet normal -0.632192 -0.083230 0.770328
outer loop
vertex 15.0468 26.8392 4.0035
vertex 15.1832 25.8030 4.0035
vertex 16.0120 26.0251 4.7076
endloop
endfacet
facet normal -0.632192 -0.083230 0.770328
outer loop
vertex 15.0468 26.8392 4.0035
vertex 16.0120 26.0251 4.7076
vertex 15.9048 26.8392 4.7076
endloop
endfacet
facet normal -0.589109 -0.244017 0.770328
outer loop
vertex 15.1832 25.8030 4.0035
vertex 15.5832 24.8374 4.0035
vertex 16.3262 25.2664 4.7076
endloop
endfacet
facet normal -0.589109 -0.244017 0.770328
outer loop
vertex 15.1832 25.8030 4.0035
vertex 16.3262 25.2664 4.7076
vertex 16.0120 26.0251 4.7076
endloop
endfacet
facet normal -0.505880 -0.388175 0.770328
outer loop
vertex 15.5832 24.8374 4.0035
vertex 16.2194 24.0083 4.0035
vertex 16.8261 24.6150 4.7076
endloop
endfacet
facet normal -0.505880 -0.388175 0.770328
outer loop
vertex 15.5832 24.8374 4.0035
vertex 16.8261 24.6150 4.7076
vertex 16.3262 25.2664 4.7076
endloop
endfacet
facet normal -0.388175 -0.505880 0.770328
outer loop
vertex 16.2194 24.0083 4.0035
vertex 17.0486 23.3721 4.0035
vertex 17.4776 24.1151 4.7076
endloop
endfacet
facet normal -0.388175 -0.505880 0.770328
outer loop
vertex 16.2194 24.0083 4.0035
vertex 17.4776 24.1151 4.7076
vertex 16.8261 24.6150 4.7076
endloop
endfacet
facet normal -0.244017 -0.589109 0.770328
outer loop
vertex 17.0486 23.3721 4.0035
vertex 18.0141 22.9721 4.0035
vertex 18.2362 23.8008 4.7076
endloop
endfacet
facet normal -0.244017 -0.589109 0.770328
outer loop
vertex 17.0486 23.3721 4.0035
vertex 18.2362 23.8008 4.7076
vertex 17.4776 24.1151 4.7076
endloop
endfacet
facet normal -0.083230 -0.632192 0.770328
outer loop
vertex 18.0141 22.9721 4.0035
vertex 19.0503 22.8357 4.0035
vertex 19.0503 23.6937 4.7076
endloop
endfacet
facet normal -0.083230 -0.632192 0.770328
outer loop
vertex 18.0141 22.9721 4.0035
vertex 19.0503 23.6937 4.7076
vertex 18.2362 23.8008 4.7076
endloop
endfacet
facet normal 0.083230 -0.632192 0.770328
outer loop
vertex 19.0503 22.8357 4.0035
vertex 20.0865 22.9721 4.0035
vertex 19.8645 23.8008 4.7076
endloop
endfacet
facet normal 0.083230 -0.632192 0.770328
outer loop
vertex 19.0503 22.8357 4.0035
vertex 19.8645 23.8008 4.7076
vertex 19.0503 23.6937 4.7076
endloop
endfacet
facet normal 0.244017 -0.589109 0.770328
outer loop
vertex 20.0865 22.9721 4.0035
vertex 21.0521 23.3721 4.0035
vertex 20.6231 24.1151 4.7076
endloop
endfacet
facet normal 0.244017 -0.589109 0.770328
outer loop
vertex 20.0865 22.9721 4.0035
vertex 20.6231 24.1151 4.7076
vertex 19.8645 23.8008 4.7076
endloop
endfacet
facet normal 0.388175 -0.505880 0.770328
outer loop
vertex 21.0521 23.3721 4.0035
vertex 21.8812 24.0083 4.0035
vertex 21.2746 24.6150 4.7076
endloop
endfacet
facet normal 0.388175 -0.505880 0.770328
outer loop
vertex 21.0521 23.3721 4.0035
vertex 21.2746 24.6150 4.7076
vertex 20.6231 24.1151 4.7076
endloop
endfacet
facet normal 0.505880 -0.388175 0.770328
outer loop
vertex 21.8812 24.0083 4.0035
vertex 22.5175 24.8374 4.0035
vertex 21.7745 25.2664 4.7076
endloop
endfacet
facet normal 0.505880 -0.388175 0.770328
outer loop
vertex 21.8812 24.0083 4.0035
vertex 21.7745 25.2664 4.7076
vertex 21.2746 24.6150 4.7076
endloop
endfacet
facet normal 0.589109 -0.244017 0.770328
outer loop
vertex 22.5175 24.8374 4.0035
vertex 22.9174 25.8030 4.0035
vertex 22.0887 26.0251 4.7076
endloop
endfacet
facet normal 0.589109 -0.244017 0.770328
outer loop
vertex 22.5175 24.8374 4.0035
vertex 22.0887 26.0251 4.7076
vertex 21.7745 25.2664 4.7076
endloop
endfacet
facet normal 0.632192 -0.083230 0.770328
outer loop
vertex 22.9174 25.8030 4.0035
vertex 23.0538 26.8392 4.0035
vertex 22.1959 26.8392 4.7076
endloop
endfacet
facet normal 0.632192 -0.083230 0.770328
outer loop
vertex 22.9174 25.8030 4.0035
vertex 22.1959 26.8392 4.7076
vertex 22.0887 26.0251 4.7076
endloop
endfacet
facet normal 0.470492 0.061941 0.880228
outer loop
vertex 22.1959 26.8392 4.7076
vertex 22.0887 27.6533 4.7076
vertex 21.1432 27.4000 5.2308
endloop
endfacet
facet normal 0.470492 0.061941 0.880228
outer loop
vertex 22.1959 26.8392 4.7076
vertex 21.1432 27.4000 5.2308
vertex 21.2170 26.8392 5.2308
endloop
endfacet
facet normal 0.438428 0.181603 0.880228
outer loop
vertex 22.0887 27.6533 4.7076
vertex 21.7745 28.4120 4.7076
vertex 20.9267 27.9225 5.2308
endloop
endfacet
facet normal 0.438428 0.181603 0.880228
outer loop
vertex 22.0887 27.6533 4.7076
vertex 20.9267 27.9225 5.2308
vertex 21.1432 27.4000 5.2308
endloop
endfacet
facet normal 0.376487 0.288889 0.880228
outer loop
vertex 21.7745 28.4120 4.7076
vertex 21.2746 29.0634 4.7076
vertex 20.5824 28.3713 5.2308
endloop
endfacet
facet normal 0.376487 0.288889 0.880228
outer loop
vertex 21.7745 28.4120 4.7076
vertex 20.5824 28.3713 5.2308
vertex 20.9267 27.9225 5.2308
endloop
endfacet
facet normal 0.288889 0.376487 0.880228
outer loop
vertex 21.2746 29.0634 4.7076
vertex 20.6231 29.5633 4.7076
vertex 20.1337 28.7156 5.2308
endloop
endfacet
facet normal 0.288889 0.376487 0.880228
outer loop
vertex 21.2746 29.0634 4.7076
vertex 20.1337 28.7156 5.2308
vertex 20.5824 28.3713 5.2308
endloop
endfacet
facet normal 0.181603 0.438428 0.880228
outer loop
vertex 20.6231 29.5633 4.7076
vertex 19.8645 29.8776 4.7076
vertex 19.6111 28.9321 5.2308
endloop
endfacet
facet normal 0.181603 0.438428 0.880228
outer loop
vertex 20.6231 29.5633 4.7076
vertex 19.6111 28.9321 5.2308
vertex 20.1337 28.7156 5.2308
endloop
endfacet
facet normal 0.061941 0.470492 0.880228
outer loop
vertex 19.8645 29.8776 4.7076
vertex 19.0503 29.9847 4.7076
vertex 19.0503 29.0059 5.2308
endloop
endfacet
facet normal 0.061941 0.470492 0.880228
outer loop
vertex 19.8645 29.8776 4.7076
vertex 19.0503 29.0059 5.2308
vertex 19.6111 28.9321 5.2308
endloop
endfacet
facet normal -0.061941 0.470492 0.880228
outer loop
vertex 19.0503 29.9847 4.7076
vertex 18.2362 29.8776 4.7076
vertex 18.4896 28.9321 5.2308
endloop
endfacet
facet normal -0.061941 0.470492 0.880228
outer loop
vertex 19.0503 29.9847 4.7076
vertex 18.4896 28.9321 5.2308
vertex 19.0503 29.0059 5.2308
endloop
endfacet
facet normal -0.181603 0.438428 0.880228
outer loop
vertex 18.2362 29.8776 4.7076
vertex 17.4776 29.5633 4.7076
vertex 17.9670 28.7156 5.2308
endloop
endfacet
facet normal -0.181603 0.438428 0.880228
outer loop
vertex 18.2362 29.8776 4.7076
vertex 17.9670 28.7156 5.2308
vertex 18.4896 28.9321 5.2308
endloop
endfacet
facet normal -0.288889 0.376487 0.880228
outer loop
vertex 17.4776 29.5633 4.7076
vertex 16.8261 29.0634 4.7076
vertex 17.5183 28.3713 5.2308
endloop
endfacet
facet normal -0.288889 0.376487 0.880228
outer loop
vertex 17.4776 29.5633 4.7076
vertex 17.5183 28.3713 5.2308
vertex 17.9670 28.7156 5.2308
endloop
endfacet
facet normal -0.376487 0.288889 0.880228
outer loop
vertex 16.8261 29.0634 4.7076
vertex 16.3262 28.4120 4.7076
vertex 17.1739 27.9225 5.2308
endloop
endfacet
facet normal -0.376487 0.288889 0.880228
outer loop
vertex 16.8261 29.0634 4.7076
vertex 17.1739 27.9225 5.2308
vertex 17.5183 28.3713 5.2308
endloop
endfacet
facet normal -0.438428 0.181603 0.880228
outer loop
vertex 16.3262 28.4120 4.7076
vertex 16.0120 27.6533 4.7076
vertex 16.9575 27.4000 5.2308
endloop
endfacet
facet normal -0.438428 0.181603 0.880228
outer loop
vertex 16.3262 28.4120 4.7076
vertex 16.9575 27.4000 5.2308
vertex 17.1739 27.9225 5.2308
endloop
endfacet
facet normal -0.470492 0.061941 0.880228
outer loop
vertex 16.0120 27.6533 4.7076
vertex 15.9048 26.8392 4.7076
vertex 16.8836 26.8392 5.2308
endloop
endfacet
facet normal -0.470492 0.061941 0.880228
outer loop
vertex 16.0120 27.6533 4.7076
vertex 16.8836 26.8392 5.2308
vertex 16.9575 27.4000 5.2308
endloop
endfacet
facet normal -0.470492 -0.061941 0.880228
outer loop
vertex 15.9048 26.8392 4.7076
vertex 16.0120 26.0251 4.7076
vertex 16.9575 26.2784 5.2308
endloop
endfacet
facet normal -0.470492 -0.061941 0.880228
outer loop
vertex 15.9048 26.8392 4.7076
vertex 16.9575 26.2784 5.2308
vertex 16.8836 26.8392 5.2308
endloop
endfacet
facet normal -0.438428 -0.181603 0.880228
outer loop
vertex 16.0120 26.0251 4.7076
vertex 16.3262 25.2664 4.7076
vertex 17.1739 25.7559 5.2308
endloop
endfacet
facet normal -0.438428 -0.181603 0.880228
outer loop
vertex 16.0120 26.0251 4.7076
vertex 17.1739 25.7559 5.2308
vertex 16.9575 26.2784 5.2308
endloop
endfacet
facet normal -0.376487 -0.288889 0.880228
outer loop
vertex 16.3262 25.2664 4.7076
vertex 16.8261 24.6150 4.7076
vertex 17.5183 25.3071 5.2308
endloop
endfacet
facet normal -0.376487 -0.288889 0.880228
outer loop
vertex 16.3262 25.2664 4.7076
vertex 17.5183 25.3071 5.2308
vertex 17.1739 25.7559 5.2308
endloop
endfacet
facet normal -0.288889 -0.376487 0.880228
outer loop
vertex 16.8261 24.6150 4.7076
vertex 17.4776 24.1151 4.7076
vertex 17.9670 24.9628 5.2308
endloop
endfacet
facet normal -0.288889 -0.376487 0.880228
outer loop
vertex 16.8261 24.6150 4.7076
vertex 17.9670 24.9628 5.2308
vertex 17.5183 25.3071 5.2308
endloop
endfacet
facet normal -0.181603 -0.438428 0.880228
outer loop
vertex 17.4776 24.1151 4.7076
vertex 18.2362 23.8008 4.7076
vertex 18.4896 24.7463 5.2308
endloop
endfacet
facet normal -0.181603 -0.438428 0.880228
outer loop
vertex 17.4776 24.1151 4.7076
vertex 18.4896 24.7463 5.2308
vertex 17.9670 24.9628 5.2308
endloop
endfacet
facet normal -0.061941 -0.470492 0.880228
outer loop
vertex 18.2362 23.8008 4.7076
vertex 19.0503 23.6937 4.7076
vertex 19.0503 24.6725 5.2308
endloop
endfacet
facet normal -0.061941 -0.470492 0.880228
outer loop
vertex 18.2362 23.8008 4.7076
vertex 19.0503 24.6725 5.2308
vertex 18.4896 24.7463 5.2308
endloop
endfacet
facet normal 0.061941 -0.470492 0.880228
outer loop
vertex 19.0503 23.6937 4.7076
vertex 19.8645 23.8008 4.7076
vertex 19.6111 24.7463 5.2308
endloop
endfacet
facet normal 0.061941 -0.470492 0.880228
outer loop
vertex 19.0503 23.6937 4.7076
vertex 19.6111 24.7463 5.2308
vertex 19.0503 24.6725 5.2308
endloop
endfacet
facet normal 0.181603 -0.438428 0.880228
outer loop
vertex 19.8645 23.8008 4.7076
vertex 20.6231 24.1151 4.7076
vertex 20.1337 24.9628 5.2308
endloop
endfacet
facet normal 0.181603 -0.438428 0.880228
outer loop
vertex 19.8645 23.8008 4.7076
vertex 20.1337 24.9628 5.2308
vertex 19.6111 24.7463 5.2308
endloop
endfacet
facet normal 0.288889 -0.376487 0.880228
outer loop
vertex 20.6231 24.1151 4.7076
vertex 21.2746 24.6150 4.7076
vertex 20.5824 25.3071 5.2308
endloop
endfacet
facet normal 0.288889 -0.376487 0.880228
outer loop
vertex 20.6231 24.1151 4.7076
vertex 20.5824 25.3071 5.2308
vertex 20.1337 24.9628 5.2308
endloop
endfacet
facet normal 0.376487 -0.288889 0.880228
outer loop
vertex 21.2746 24.6150 4.7076
vertex 21.7745 25.2664 4.7076
vertex 20.9267 25.7559 5.2308
endloop
endfacet
facet normal 0.376487 -0.288889 0.880228
outer loop
vertex 21.2746 24.6150 4.7076
vertex 20.9267 25.7559 5.2308
vertex 20.5824 25.3071 5.2308
endloop
endfacet
facet normal 0.438428 -0.181603 0.880228
outer loop
vertex 21.7745 25.2664 4.7076
vertex 22.0887 26.0251 4.7076
vertex 21.1432 26.2784 5.2308
endloop
endfacet
facet normal 0.438428 -0.181603 0.880228
outer loop
vertex 21.7745 25.2664 4.7076
vertex 21.1432 26.2784 5.2308
vertex 20.9267 25.7559 5.2308
endloop
endfacet
facet normal 0.470492 -0.061941 0.880228
outer loop
vertex 22.0887 26.0251 4.7076
vertex 22.1959 26.8392 4.7076
vertex 21.2170 26.8392 5.2308
endloop
endfacet
facet normal 0.470492 -0.061941 0.880228
outer loop
vertex 22.0887 26.0251 4.7076
vertex 21.2170 26.8392 5.2308
vertex 21.1432 26.2784 5.2308
endloop
endfacet
facet normal 0.290073 0.038189 0.956242
outer loop
vertex 21.2170 26.8392 5.2308
vertex 21.1432 27.4000 5.2308
vertex 20.1173 27.1251 5.5530
endloop
endfacet
facet normal 0.290073 0.038189 0.956242
outer loop
vertex 21.2170 26.8392 5.2308
vertex 20.1173 27.1251 5.5530
vertex 20.1549 26.8392 5.5530
endloop
endfacet
facet normal 0.270305 0.111964 0.956242
outer loop
vertex 21.1432 27.4000 5.2308
vertex 20.9267 27.9225 5.2308
vertex 20.0069 27.3915 5.5530
endloop
endfacet
facet normal 0.270305 0.111964 0.956242
outer loop
vertex 21.1432 27.4000 5.2308
vertex 20.0069 27.3915 5.5530
vertex 20.1173 27.1251 5.5530
endloop
endfacet
facet normal 0.232116 0.178109 0.956242
outer loop
vertex 20.9267 27.9225 5.2308
vertex 20.5824 28.3713 5.2308
vertex 19.8314 27.6202 5.5530
endloop
endfacet
facet normal 0.232116 0.178109 0.956242
outer loop
vertex 20.9267 27.9225 5.2308
vertex 19.8314 27.6202 5.5530
vertex 20.0069 27.3915 5.5530
endloop
endfacet
facet normal 0.178109 0.232116 0.956242
outer loop
vertex 20.5824 28.3713 5.2308
vertex 20.1337 28.7156 5.2308
vertex 19.6026 27.7958 5.5530
endloop
endfacet
facet normal 0.178109 0.232116 0.956242
outer loop
vertex 20.5824 28.3713 5.2308
vertex 19.6026 27.7958 5.5530
vertex 19.8314 27.6202 5.5530
endloop
endfacet
facet normal 0.111964 0.270305 0.956242
outer loop
vertex 20.1337 28.7156 5.2308
vertex 19.6111 28.9321 5.2308
vertex 19.3362 27.9061 5.5530
endloop
endfacet
facet normal 0.111964 0.270305 0.956242
outer loop
vertex 20.1337 28.7156 5.2308
vertex 19.3362 27.9061 5.5530
vertex 19.6026 27.7958 5.5530
endloop
endfacet
facet normal 0.038189 0.290073 0.956242
outer loop
vertex 19.6111 28.9321 5.2308
vertex 19.0503 29.0059 5.2308
vertex 19.0503 27.9438 5.5530
endloop
endfacet
facet normal 0.038189 0.290073 0.956242
outer loop
vertex 19.6111 28.9321 5.2308
vertex 19.0503 27.9438 5.5530
vertex 19.3362 27.9061 5.5530
endloop
endfacet
facet normal -0.038189 0.290073 0.956242
outer loop
vertex 19.0503 29.0059 5.2308
vertex 18.4896 28.9321 5.2308
vertex 18.7645 27.9061 5.5530
endloop
endfacet
facet normal -0.038189 0.290073 0.956242
outer loop
vertex 19.0503 29.0059 5.2308
vertex 18.7645 27.9061 5.5530
vertex 19.0503 27.9438 5.5530
endloop
endfacet
facet normal -0.111964 0.270305 0.956242
outer loop
vertex 18.4896 28.9321 5.2308
vertex 17.9670 28.7156 5.2308
vertex 18.4981 27.7958 5.5530
endloop
endfacet
facet normal -0.111964 0.270305 0.956242
outer loop
vertex 18.4896 28.9321 5.2308
vertex 18.4981 27.7958 5.5530
vertex 18.7645 27.9061 5.5530
endloop
endfacet
facet normal -0.178109 0.232116 0.956242
outer loop
vertex 17.9670 28.7156 5.2308
vertex 17.5183 28.3713 5.2308
vertex 18.2693 27.6202 5.5530
endloop
endfacet
facet normal -0.178109 0.232116 0.956242
outer loop
vertex 17.9670 28.7156 5.2308
vertex 18.2693 27.6202 5.5530
vertex 18.4981 27.7958 5.5530
endloop
endfacet
facet normal -0.232116 0.178109 0.956242
outer loop
vertex 17.5183 28.3713 5.2308
vertex 17.1739 27.9225 5.2308
vertex 18.0938 27.3915 5.5530
endloop
endfacet
facet normal -0.232116 0.178109 0.956242
outer loop
vertex 17.5183 28.3713 5.2308
vertex 18.0938 27.3915 5.5530
vertex 18.2693 27.6202 5.5530
endloop
endfacet
facet normal -0.270305 0.111964 0.956242
outer loop
vertex 17.1739 27.9225 5.2308
vertex 16.9575 27.4000 5.2308
vertex 17.9834 27.1251 5.5530
endloop
endfacet
facet normal -0.270305 0.111964 0.956242
outer loop
vertex 17.1739 27.9225 5.2308
vertex 17.9834 27.1251 5.5530
vertex 18.0938 27.3915 5.5530
endloop
endfacet
facet normal -0.290073 0.038189 0.956242
outer loop
vertex 16.9575 27.4000 5.2308
vertex 16.8836 26.8392 5.2308
vertex 17.9458 26.8392 5.5530
endloop
endfacet
facet normal -0.290073 0.038189 0.956242
outer loop
vertex 16.9575 27.4000 5.2308
vertex 17.9458 26.8392 5.5530
vertex 17.9834 27.1251 5.5530
endloop
endfacet
facet normal -0.290073 -0.038189 0.956242
outer loop
vertex 16.8836 26.8392 5.2308
vertex 16.9575 26.2784 5.2308
vertex 17.9834 26.5533 5.5530
endloop
endfacet
facet normal -0.290073 -0.038189 0.956242
outer loop
vertex 16.8836 26.8392 5.2308
vertex 17.9834 26.5533 5.5530
vertex 17.9458 26.8392 5.5530
endloop
endfacet
facet normal -0.270305 -0.111964 0.956242
outer loop
vertex 16.9575 26.2784 5.2308
vertex 17.1739 25.7559 5.2308
vertex 18.0938 26.2869 5.5530
endloop
endfacet
facet normal -0.270305 -0.111964 0.956242
outer loop
vertex 16.9575 26.2784 5.2308
vertex 18.0938 26.2869 5.5530
vertex 17.9834 26.5533 5.5530
endloop
endfacet
facet normal -0.232116 -0.178109 0.956242
outer loop
vertex 17.1739 25.7559 5.2308
vertex 17.5183 25.3071 5.2308
vertex 18.2693 26.0582 5.5530
endloop
endfacet
facet normal -0.232116 -0.178109 0.956242
outer loop
vertex 17.1739 25.7559 5.2308
vertex 18.2693 26.0582 5.5530
vertex 18.0938 26.2869 5.5530
endloop
endfacet
facet normal -0.178109 -0.232116 0.956242
outer loop
vertex 17.5183 25.3071 5.2308
vertex 17.9670 24.9628 5.2308
vertex 18.4981 25.8826 5.5530
endloop
endfacet
facet normal -0.178109 -0.232116 0.956242
outer loop
vertex 17.5183 25.3071 5.2308
vertex 18.4981 25.8826 5.5530
vertex 18.2693 26.0582 5.5530
endloop
endfacet
facet normal -0.111964 -0.270305 0.956242
outer loop
vertex 17.9670 24.9628 5.2308
vertex 18.4896 24.7463 5.2308
vertex 18.7645 25.7723 5.5530
endloop
endfacet
facet normal -0.111964 -0.270305 0.956242
outer loop
vertex 17.9670 24.9628 5.2308
vertex 18.7645 25.7723 5.5530
vertex 18.4981 25.8826 5.5530
endloop
endfacet
facet normal -0.038189 -0.290073 0.956242
outer loop
vertex 18.4896 24.7463 5.2308
vertex 19.0503 24.6725 5.2308
vertex 19.0503 25.7346 5.5530
endloop
endfacet
facet normal -0.038189 -0.290073 0.956242
outer loop
vertex 18.4896 24.7463 5.2308
vertex 19.0503 25.7346 5.5530
vertex 18.7645 25.7723 5.5530
endloop
endfacet
facet normal 0.038189 -0.290073 0.956242
outer loop
vertex 19.0503 24.6725 5.2308
vertex 19.6111 24.7463 5.2308
vertex 19.3362 25.7723 5.5530
endloop
endfacet
facet normal 0.038189 -0.290073 0.956242
outer loop
vertex 19.0503 24.6725 5.2308
vertex 19.3362 25.7723 5.5530
vertex 19.0503 25.7346 5.5530
endloop
endfacet
facet normal 0.111964 -0.270305 0.956242
outer loop
vertex 19.6111 24.7463 5.2308
vertex 20.1337 24.9628 5.2308
vertex 19.6026 25.8826 5.5530
endloop
endfacet
facet normal 0.111964 -0.270305 0.956242
outer loop
vertex 19.6111 24.7463 5.2308
vertex 19.6026 25.8826 5.5530
vertex 19.3362 25.7723 5.5530
endloop
endfacet
facet normal 0.178109 -0.232116 0.956242
outer loop
vertex 20.1337 24.9628 5.2308
vertex 20.5824 25.3071 5.2308
vertex 19.8314 26.0582 5.5530
endloop
endfacet
facet normal 0.178109 -0.232116 0.956242
outer loop
vertex 20.1337 24.9628 5.2308
vertex 19.8314 26.0582 5.5530
vertex 19.6026 25.8826 5.5530
endloop
endfacet
facet normal 0.232116 -0.178109 0.956242
outer loop
vertex 20.5824 25.3071 5.2308
vertex 20.9267 25.7559 5.2308
vertex 20.0069 26.2869 5.5530
endloop
endfacet
facet normal 0.232116 -0.178109 0.956242
outer loop
vertex 20.5824 25.3071 5.2308
vertex 20.0069 26.2869 5.5530
vertex 19.8314 26.0582 5.5530
endloop
endfacet
facet normal 0.270305 -0.111964 0.956242
outer loop
vertex 20.9267 25.7559 5.2308
vertex 21.1432 26.2784 5.2308
vertex 20.1173 26.5533 5.5530
endloop
endfacet
facet normal 0.270305 -0.111964 0.956242
outer loop
vertex 20.9267 25.7559 5.2308
vertex 20.1173 26.5533 5.5530
vertex 20.0069 26.2869 5.5530
endloop
endfacet
facet normal 0.290073 -0.038189 0.956242
outer loop
vertex 21.1432 26.2784 5.2308
vertex 21.2170 26.8392 5.2308
vertex 20.1549 26.8392 5.5530
endloop
endfacet
facet normal 0.290073 -0.038189 0.956242
outer loop
vertex 21.1432 26.2784 5.2308
vertex 20.1549 26.8392 5.5530
vertex 20.1173 26.5533 5.5530
endloop
endfacet
facet normal 0.098009 0.012903 0.995102
outer loop
vertex 20.1549 26.8392 5.5530
vertex 20.1173 27.1251 5.5530
vertex 19.0503 26.8392 5.6618
endloop
endfacet
facet normal 0.091330 0.037830 0.995102
outer loop
vertex 20.1173 27.1251 5.5530
vertex 20.0069 27.3915 5.5530
vertex 19.0503 26.8392 5.6618
endloop
endfacet
facet normal 0.078427 0.060179 0.995102
outer loop
vertex 20.0069 27.3915 5.5530
vertex 19.8314 27.6202 5.5530
vertex 19.0503 26.8392 5.6618
endloop
endfacet
facet normal 0.060179 0.078427 0.995102
outer loop
vertex 19.8314 27.6202 5.5530
vertex 19.6026 27.7958 5.5530
vertex 19.0503 26.8392 5.6618
endloop
endfacet
facet normal 0.037830 0.091330 0.995102
outer loop
vertex 19.6026 27.7958 5.5530
vertex 19.3362 27.9061 5.5530
vertex 19.0503 26.8392 5.6618
endloop
endfacet
facet normal 0.012903 0.098009 0.995102
outer loop
vertex 19.3362 27.9061 5.5530
vertex 19.0503 27.9438 5.5530
vertex 19.0503 26.8392 5.6618
endloop
endfacet
facet normal -0.012903 0.098009 0.995102
outer loop
vertex 19.0503 27.9438 5.5530
vertex 18.7645 27.9061 5.5530
vertex 19.0503 26.8392 5.6618
endloop
endfacet
facet normal -0.037830 0.091330 0.995102
outer loop
vertex 18.7645 27.9061 5.5530
vertex 18.4981 27.7958 5.5530
vertex 19.0503 26.8392 5.6618
endloop
endfacet
facet normal -0.060179 0.078427 0.995102
outer loop
vertex 18.4981 27.7958 5.5530
vertex 18.2693 27.6202 5.5530
vertex 19.0503 26.8392 5.6618
endloop
endfacet
facet normal -0.078427 0.060179 0.995102
outer loop
vertex 18.2693 27.6202 5.5530
vertex 18.0938 27.3915 5.5530
vertex 19.0503 26.8392 5.6618
endloop
endfacet
facet normal -0.091330 0.037830 0.995102
outer loop
vertex 18.0938 27.3915 5.5530
vertex 17.9834 27.1251 5.5530
vertex 19.0503 26.8392 5.6618
endloop
endfacet
facet normal -0.098009 0.012903 0.995102
outer loop
vertex 17.9834 27.1251 5.5530
vertex 17.9458 26.8392 5.5530
vertex 19.0503 26.8392 5.6618
endloop
endfacet
facet normal -0.098009 -0.012903 0.995102
outer loop
vertex 17.9458 26.8392 5.5530
vertex 17.9834 26.5533 5.5530
vertex 19.0503 26.8392 5.6618
endloop
endfacet
facet normal -0.091330 -0.037830 0.995102
outer loop
vertex 17.9834 26.5533 5.5530
vertex 18.0938 26.2869 5.5530
vertex 19.0503 26.8392 5.6618
endloop
endfacet
facet normal -0.078427 -0.060179 0.995102
outer loop
vertex 18.0938 26.2869 5.5530
vertex 18.2693 26.0582 5.5530
vertex 19.0503 26.8392 5.6618
endloop
endfacet
facet normal -0.060179 -0.078427 0.995102
outer loop
vertex 18.2693 26.0582 5.5530
vertex 18.4981 25.8826 5.5530
vertex 19.0503 26.8392 5.6618
endloop
endfacet
facet normal -0.037830 -0.091330 0.995102
outer loop
vertex 18.4981 25.8826 5.5530
vertex 18.7645 25.7723 5.5530
vertex 19.0503 26.8392 5.6618
endloop
endfacet
facet normal -0.012903 -0.098009 0.995102
outer loop
vertex 18.7645 25.7723 5.5530
vertex 19.0503 25.7346 5.5530
vertex 19.0503 26.8392 5.6618
endloop
endfacet
facet normal 0.012903 -0.098009 0.995102
outer loop
vertex 19.0503 25.7346 5.5530
vertex 19.3362 25.7723 5.5530
vertex 19.0503 26.8392 5.6618
endloop
endfacet
facet normal 0.037830 -0.091330 0.995102
outer loop
vertex 19.3362 25.7723 5.5530
vertex 19.6026 25.8826 5.5530
vertex 19.0503 26.8392 5.6618
endloop
endfacet
facet normal 0.060179 -0.078427 0.995102
outer loop
vertex 19.6026 25.8826 5.5530
vertex 19.8314 26.0582 5.5530
vertex 19.0503 26.8392 5.6618
endloop
endfacet
facet normal 0.078427 -0.060179 0.995102
outer loop
vertex 19.8314 26.0582 5.5530
vertex 20.0069 26.2869 5.5530
vertex 19.0503 26.8392 5.6618
endloop
endfacet
facet normal 0.091330 -0.037830 0.995102
outer loop
vertex 20.0069 26.2869 5.5530
vertex 20.1173 26.5533 5.5530
vertex 19.0503 26.8392 5.6618
endloop
endfacet
facet normal 0.098009 -0.012903 0.995102
outer loop
vertex 20.1173 26.5533 5.5530
vertex 20.1549 26.8392 5.5530
vertex 19.0503 26.8392 5.6618
endloop
endfacet
facet normal 0.991445 0.130526 0.000000
outer loop
vertex -2.4273 33.0923 0.0000
vertex -2.5042 33.6768 0.0000
vertex -2.5042 33.6768 19.4430
endloop
endfacet
facet normal 0.991445 0.130526 -0.000000
outer loop
vertex -2.4273 33.0923 0.0000
vertex -2.5042 33.6768 19.4430
vertex -2.4273 33.0923 19.4430
endloop
endfacet
facet normal 0.000000 0.000000 1.000000
outer loop
vertex -4.6855 33.0923 19.4430
vertex -2.4273 33.0923 19.4430
vertex -2.5042 33.6768 19.4430
endloop
endfacet
facet normal 0.000000 0.000000 -1.000000
outer loop
vertex -4.6855 33.0923 0.0000
vertex -2.5042 33.6768 0.0000
vertex -2.4273 33.0923 0.0000
endloop
endfacet
facet normal 0.923880 0.382683 0.000000
outer loop
vertex -2.5042 33.6768 0.0000
vertex -2.7298 34.2214 0.0000
vertex -2.7298 34.2214 19.4430
endloop
endfacet
facet normal 0.923880 0.382683 -0.000000
outer loop
vertex -2.5042 33.6768 0.0000
vertex -2.7298 34.2214 19.4430
vertex -2.5042 33.6768 19.4430
endloop
endfacet
facet normal 0.000000 0.000000 1.000000
outer loop
vertex -4.6855 33.0923 19.4430
vertex -2.5042 33.6768 19.4430
vertex -2.7298 34.2214 19.4430
endloop
endfacet
facet normal 0.000000 0.000000 -1.000000
outer loop
vertex -4.6855 33.0923 0.0000
vertex -2.7298 34.2214 0.0000
vertex -2.5042 33.6768 0.0000
endloop
endfacet
facet normal 0.793353 0.608761 0.000000
outer loop
vertex -2.7298 34.2214 0.0000
vertex -3.0887 34.6891 0.0000
vertex -3.0887 34.6891 19.4430
endloop
endfacet
facet normal 0.793353 0.608761 -0.000000
outer loop
vertex -2.7298 34.2214 0.0000
vertex -3.0887 34.6891 19.4430
vertex -2.7298 34.2214 19.4430
endloop
endfacet
facet normal 0.000000 0.000000 1.000000
outer loop
vertex -4.6855 33.0923 19.4430
vertex -2.7298 34.2214 19.4430
vertex -3.0887 34.6891 19.4430
endloop
endfacet
facet normal 0.000000 0.000000 -1.000000
outer loop
vertex -4.6855 33.0923 0.0000
vertex -3.0887 34.6891 0.0000
vertex -2.7298 34.2214 0.0000
endloop
endfacet
facet normal 0.608761 0.793353 0.000000
outer loop
vertex -3.0887 34.6891 0.0000
vertex -3.5564 35.0479 0.0000
vertex -3.5564 35.0479 19.4430
endloop
endfacet
facet normal 0.608761 0.793353 -0.000000
outer loop
vertex -3.0887 34.6891 0.0000
vertex -3.5564 35.0479 19.4430
vertex -3.0887 34.6891 19.4430
endloop
endfacet
facet normal 0.000000 0.000000 1.000000
outer loop
vertex -4.6855 33.0923 19.4430
vertex -3.0887 34.6891 19.4430
vertex -3.5564 35.0479 19.4430
endloop
endfacet
facet normal 0.000000 0.000000 -1.000000
outer loop
vertex -4.6855 33.0923 0.0000
vertex -3.5564 35.0479 0.0000
vertex -3.0887 34.6891 0.0000
endloop
endfacet
facet normal 0.382683 0.923880 0.000000
outer loop
vertex -3.5564 35.0479 0.0000
vertex -4.1010 35.2735 0.0000
vertex -4.1010 35.2735 19.4430
endloop
endfacet
facet normal 0.382683 0.923880 -0.000000
outer loop
vertex -3.5564 35.0479 0.0000
vertex -4.1010 35.2735 19.4430
vertex -3.5564 35.0479 19.4430
endloop
endfacet
facet normal 0.000000 0.000000 1.000000
outer loop
vertex -4.6855 33.0923 19.4430
vertex -3.5564 35.0479 19.4430
vertex -4.1010 35.2735 19.4430
endloop
endfacet
facet normal 0.000000 0.000000 -1.000000
outer loop
vertex -4.6855 33.0923 0.0000
vertex -4.1010 35.2735 0.0000
vertex -3.5564 35.0479 0.0000
endloop
endfacet
facet normal 0.130526 0.991445 0.000000
outer loop
vertex -4.1010 35.2735 0.0000
vertex -4.6855 35.3505 0.0000
vertex -4.6855 35.3505 19.4430
endloop
endfacet
facet normal 0.130526 0.991445 -0.000000
outer loop
vertex -4.1010 35.2735 0.0000
vertex -4.6855 35.3505 19.4430
vertex -4.1010 35.2735 19.4430
endloop
endfacet
facet normal 0.000000 0.000000 1.000000
outer loop
vertex -4.6855 33.0923 19.4430
vertex -4.1010 35.2735 19.4430
vertex -4.6855 35.3505 19.4430
endloop
endfacet
facet normal 0.000000 0.000000 -1.000000
outer loop
vertex -4.6855 33.0923 0.0000
vertex -4.6855 35.3505 0.0000
vertex -4.1010 35.2735 0.0000
endloop
endfacet
facet normal -0.130526 0.991445 0.000000
outer loop
vertex -4.6855 35.3505 0.0000
vertex -5.2700 35.2735 0.0000
vertex -5.2700 35.2735 19.4430
endloop
endfacet
facet normal -0.130526 0.991445 0.000000
outer loop
vertex -4.6855 35.3505 0.0000
vertex -5.2700 35.2735 19.4430
vertex -4.6855 35.3505 19.4430
endloop
endfacet
facet normal 0.000000 -0.000000 1.000000
outer loop
vertex -4.6855 33.0923 19.4430
vertex -4.6855 35.3505 19.4430
vertex -5.2700 35.2735 19.4430
endloop
endfacet
facet normal 0.000000 0.000000 -1.000000
outer loop
vertex -4.6855 33.0923 0.0000
vertex -5.2700 35.2735 0.0000
vertex -4.6855 35.3505 0.0000
endloop
endfacet
facet normal -0.382683 0.923880 0.000000
outer loop
vertex -5.2700 35.2735 0.0000
vertex -5.8146 35.0479 0.0000
vertex -5.8146 35.0479 19.4430
endloop
endfacet
facet normal -0.382683 0.923880 0.000000
outer loop
vertex -5.2700 35.2735 0.0000
vertex -5.8146 35.0479 19.4430
vertex -5.2700 35.2735 19.4430
endloop
endfacet
facet normal 0.000000 0.000000 1.000000
outer loop
vertex -4.6855 33.0923 19.4430
vertex -5.2700 35.2735 19.4430
vertex -5.8146 35.0479 19.4430
endloop
endfacet
facet normal 0.000000 0.000000 -1.000000
outer loop
vertex -4.6855 33.0923 0.0000
vertex -5.8146 35.0479 0.0000
vertex -5.2700 35.2735 0.0000
endloop
endfacet
facet normal -0.608761 0.793353 0.000000
outer loop
vertex -5.8146 35.0479 0.0000
vertex -6.2823 34.6891 0.0000
vertex -6.2823 34.6891 19.4430
endloop
endfacet
facet normal -0.608761 0.793353 0.000000
outer loop
vertex -5.8146 35.0479 0.0000
vertex -6.2823 34.6891 19.4430
vertex -5.8146 35.0479 19.4430
endloop
endfacet
facet normal 0.000000 0.000000 1.000000
outer loop
vertex -4.6855 33.0923 19.4430
vertex -5.8146 35.0479 19.4430
vertex -6.2823 34.6891 19.4430
endloop
endfacet
facet normal 0.000000 0.000000 -1.000000
outer loop
vertex -4.6855 33.0923 0.0000
vertex -6.2823 34.6891 0.0000
vertex -5.8146 35.0479 0.0000
endloop
endfacet
facet normal -0.793353 0.608761 0.000000
outer loop
vertex -6.2823 34.6891 0.0000
vertex -6.6411 34.2214 0.0000
vertex -6.6411 34.2214 19.4430
endloop
endfacet
facet normal -0.793353 0.608761 0.000000
outer loop
vertex -6.2823 34.6891 0.0000
vertex -6.6411 34.2214 19.4430
vertex -6.2823 34.6891 19.4430
endloop
endfacet
facet normal 0.000000 0.000000 1.000000
outer loop
vertex -4.6855 33.0923 19.4430
vertex -6.2823 34.6891 19.4430
vertex -6.6411 34.2214 19.4430
endloop
endfacet
facet normal 0.000000 0.000000 -1.000000
outer loop
vertex -4.6855 33.0923 0.0000
vertex -6.6411 34.2214 0.0000
vertex -6.2823 34.6891 0.0000
endloop
endfacet
facet normal -0.923880 0.382683 0.000000
outer loop
vertex -6.6411 34.2214 0.0000
vertex -6.8667 33.6768 0.0000
vertex -6.8667 33.6768 19.4430
endloop
endfacet
facet normal -0.923880 0.382683 0.000000
outer loop
vertex -6.6411 34.2214 0.0000
vertex -6.8667 33.6768 19.4430
vertex -6.6411 34.2214 19.4430
endloop
endfacet
facet normal 0.000000 0.000000 1.000000
outer loop
vertex -4.6855 33.0923 19.4430
vertex -6.6411 34.2214 19.4430
vertex -6.8667 33.6768 19.4430
endloop
endfacet
facet normal 0.000000 0.000000 -1.000000
outer loop
vertex -4.6855 33.0923 0.0000
vertex -6.8667 33.6768 0.0000
vertex -6.6411 34.2214 0.0000
endloop
endfacet
facet normal -0.991445 0.130526 0.000000
outer loop
vertex -6.8667 33.6768 0.0000
vertex -6.9437 33.0923 0.0000
vertex -6.9437 33.0923 19.4430
endloop
endfacet
facet normal -0.991445 0.130526 0.000000
outer loop
vertex -6.8667 33.6768 0.0000
vertex -6.9437 33.0923 19.4430
vertex -6.8667 33.6768 19.4430
endloop
endfacet
facet normal 0.000000 0.000000 1.000000
outer loop
vertex -4.6855 33.0923 19.4430
vertex -6.8667 33.6768 19.4430
vertex -6.9437 33.0923 19.4430
endloop
endfacet
facet normal 0.000000 0.000000 -1.000000
outer loop
vertex -4.6855 33.0923 0.0000
vertex -6.9437 33.0923 0.0000
vertex -6.8667 33.6768 0.0000
endloop
endfacet
facet normal -0.991445 -0.130526 0.000000
outer loop
vertex -6.9437 33.0923 0.0000
vertex -6.8667 32.5078 0.0000
vertex -6.8667 32.5078 19.4430
endloop
endfacet
facet normal -0.991445 -0.130526 0.000000
outer loop
vertex -6.9437 33.0923 0.0000
vertex -6.8667 32.5078 19.4430
vertex -6.9437 33.0923 19.4430
endloop
endfacet
facet normal 0.000000 0.000000 1.000000
outer loop
vertex -4.6855 33.0923 19.4430
vertex -6.9437 33.0923 19.4430
vertex -6.8667 32.5078 19.4430
endloop
endfacet
facet normal -0.000000 0.000000 -1.000000
outer loop
vertex -4.6855 33.0923 0.0000
vertex -6.8667 32.5078 0.0000
vertex -6.9437 33.0923 0.0000
endloop
endfacet
facet normal -0.923880 -0.382683 0.000000
outer loop
vertex -6.8667 32.5078 0.0000
vertex -6.6411 31.9632 0.0000
vertex -6.6411 31.9632 19.4430
endloop
endfacet
facet normal -0.923880 -0.382683 0.000000
outer loop
vertex -6.8667 32.5078 0.0000
vertex -6.6411 31.9632 19.4430
vertex -6.8667 32.5078 19.4430
endloop
endfacet
facet normal 0.000000 0.000000 1.000000
outer loop
vertex -4.6855 33.0923 19.4430
vertex -6.8667 32.5078 19.4430
vertex -6.6411 31.9632 19.4430
endloop
endfacet
facet normal 0.000000 0.000000 -1.000000
outer loop
vertex -4.6855 33.0923 0.0000
vertex -6.6411 31.9632 0.0000
vertex -6.8667 32.5078 0.0000
endloop
endfacet
facet normal -0.793353 -0.608761 0.000000
outer loop
vertex -6.6411 31.9632 0.0000
vertex -6.2823 31.4955 0.0000
vertex -6.2823 31.4955 19.4430
endloop
endfacet
facet normal -0.793353 -0.608761 0.000000
outer loop
vertex -6.6411 31.9632 0.0000
vertex -6.2823 31.4955 19.4430
vertex -6.6411 31.9632 19.4430
endloop
endfacet
facet normal 0.000000 0.000000 1.000000
outer loop
vertex -4.6855 33.0923 19.4430
vertex -6.6411 31.9632 19.4430
vertex -6.2823 31.4955 19.4430
endloop
endfacet
facet normal 0.000000 0.000000 -1.000000
outer loop
vertex -4.6855 33.0923 0.0000
vertex -6.2823 31.4955 0.0000
vertex -6.6411 31.9632 0.0000
endloop
endfacet
facet normal -0.608761 -0.793353 0.000000
outer loop
vertex -6.2823 31.4955 0.0000
vertex -5.8146 31.1366 0.0000
vertex -5.8146 31.1366 19.4430
endloop
endfacet
facet normal -0.608761 -0.793353 0.000000
outer loop
vertex -6.2823 31.4955 0.0000
vertex -5.8146 31.1366 19.4430
vertex -6.2823 31.4955 19.4430
endloop
endfacet
facet normal 0.000000 0.000000 1.000000
outer loop
vertex -4.6855 33.0923 19.4430
vertex -6.2823 31.4955 19.4430
vertex -5.8146 31.1366 19.4430
endloop
endfacet
facet normal 0.000000 0.000000 -1.000000
outer loop
vertex -4.6855 33.0923 0.0000
vertex -5.8146 31.1366 0.0000
vertex -6.2823 31.4955 0.0000
endloop
endfacet
facet normal -0.382683 -0.923880 0.000000
outer loop
vertex -5.8146 31.1366 0.0000
vertex -5.2700 30.9110 0.0000
vertex -5.2700 30.9110 19.4430
endloop
endfacet
facet normal -0.382683 -0.923880 0.000000
outer loop
vertex -5.8146 31.1366 0.0000
vertex -5.2700 30.9110 19.4430
vertex -5.8146 31.1366 19.4430
endloop
endfacet
facet normal 0.000000 0.000000 1.000000
outer loop
vertex -4.6855 33.0923 19.4430
vertex -5.8146 31.1366 19.4430
vertex -5.2700 30.9110 19.4430
endloop
endfacet
facet normal 0.000000 0.000000 -1.000000
outer loop
vertex -4.6855 33.0923 0.0000
vertex -5.2700 30.9110 0.0000
vertex -5.8146 31.1366 0.0000
endloop
endfacet
facet normal -0.130526 -0.991445 0.000000
outer loop
vertex -5.2700 30.9110 0.0000
vertex -4.6855 30.8341 0.0000
vertex -4.6855 30.8341 19.4430
endloop
endfacet
facet normal -0.130526 -0.991445 0.000000
outer loop
vertex -5.2700 30.9110 0.0000
vertex -4.6855 30.8341 19.4430
vertex -5.2700 30.9110 19.4430
endloop
endfacet
facet normal 0.000000 0.000000 1.000000
outer loop
vertex -4.6855 33.0923 19.4430
vertex -5.2700 30.9110 19.4430
vertex -4.6855 30.8341 19.4430
endloop
endfacet
facet normal 0.000000 -0.000000 -1.000000
outer loop
vertex -4.6855 33.0923 0.0000
vertex -4.6855 30.8341 0.0000
vertex -5.2700 30.9110 0.0000
endloop
endfacet
facet normal 0.130526 -0.991445 0.000000
outer loop
vertex -4.6855 30.8341 0.0000
vertex -4.1010 30.9110 0.0000
vertex -4.1010 30.9110 19.4430
endloop
endfacet
facet normal 0.130526 -0.991445 0.000000
outer loop
vertex -4.6855 30.8341 0.0000
vertex -4.1010 30.9110 19.4430
vertex -4.6855 30.8341 19.4430
endloop
endfacet
facet normal 0.000000 0.000000 1.000000
outer loop
vertex -4.6855 33.0923 19.4430
vertex -4.6855 30.8341 19.4430
vertex -4.1010 30.9110 19.4430
endloop
endfacet
facet normal 0.000000 0.000000 -1.000000
outer loop
vertex -4.6855 33.0923 0.0000
vertex -4.1010 30.9110 0.0000
vertex -4.6855 30.8341 0.0000
endloop
endfacet
facet normal 0.382683 -0.923880 0.000000
outer loop
vertex -4.1010 30.9110 0.0000
vertex -3.5564 31.1366 0.0000
vertex -3.5564 31.1366 19.4430
endloop
endfacet
facet normal 0.382683 -0.923880 0.000000
outer loop
vertex -4.1010 30.9110 0.0000
vertex -3.5564 31.1366 19.4430
vertex -4.1010 30.9110 19.4430
endloop
endfacet
facet normal 0.000000 0.000000 1.000000
outer loop
vertex -4.6855 33.0923 19.4430
vertex -4.1010 30.9110 19.4430
vertex -3.5564 31.1366 19.4430
endloop
endfacet
facet normal 0.000000 0.000000 -1.000000
outer loop
vertex -4.6855 33.0923 0.0000
vertex -3.5564 31.1366 0.0000
vertex -4.1010 30.9110 0.0000
endloop
endfacet
facet normal 0.608761 -0.793353 0.000000
outer loop
vertex -3.5564 31.1366 0.0000
vertex -3.0887 31.4955 0.0000
vertex -3.0887 31.4955 19.4430
endloop
endfacet
facet normal 0.608761 -0.793353 0.000000
outer loop
vertex -3.5564 31.1366 0.0000
vertex -3.0887 31.4955 19.4430
vertex -3.5564 31.1366 19.4430
endloop
endfacet
facet normal 0.000000 0.000000 1.000000
outer loop
vertex -4.6855 33.0923 19.4430
vertex -3.5564 31.1366 19.4430
vertex -3.0887 31.4955 19.4430
endloop
endfacet
facet normal 0.000000 0.000000 -1.000000
outer loop
vertex -4.6855 33.0923 0.0000
vertex -3.0887 31.4955 0.0000
vertex -3.5564 31.1366 0.0000
endloop
endfacet
facet normal 0.793353 -0.608761 0.000000
outer loop
vertex -3.0887 31.4955 0.0000
vertex -2.7298 31.9632 0.0000
vertex -2.7298 31.9632 19.4430
endloop
endfacet
facet normal 0.793353 -0.608761 0.000000
outer loop
vertex -3.0887 31.4955 0.0000
vertex -2.7298 31.9632 19.4430
vertex -3.0887 31.4955 19.4430
endloop
endfacet
facet normal 0.000000 0.000000 1.000000
outer loop
vertex -4.6855 33.0923 19.4430
vertex -3.0887 31.4955 19.4430
vertex -2.7298 31.9632 19.4430
endloop
endfacet
facet normal 0.000000 0.000000 -1.000000
outer loop
vertex -4.6855 33.0923 0.0000
vertex -2.7298 31.9632 0.0000
vertex -3.0887 31.4955 0.0000
endloop
endfacet
facet normal 0.923880 -0.382683 0.000000
outer loop
vertex -2.7298 31.9632 0.0000
vertex -2.5042 32.5078 0.0000
vertex -2.5042 32.5078 19.4430
endloop
endfacet
facet normal 0.923880 -0.382683 0.000000
outer loop
vertex -2.7298 31.9632 0.0000
vertex -2.5042 32.5078 19.4430
vertex -2.7298 31.9632 19.4430
endloop
endfacet
facet normal 0.000000 0.000000 1.000000
outer loop
vertex -4.6855 33.0923 19.4430
vertex -2.7298 31.9632 19.4430
vertex -2.5042 32.5078 19.4430
endloop
endfacet
facet normal 0.000000 0.000000 -1.000000
outer loop
vertex -4.6855 33.0923 0.0000
vertex -2.5042 32.5078 0.0000
vertex -2.7298 31.9632 0.0000
endloop
endfacet
facet normal 0.991445 -0.130526 0.000000
outer loop
vertex -2.5042 32.5078 0.0000
vertex -2.4273 33.0923 0.0000
vertex -2.4273 33.0923 19.4430
endloop
endfacet
facet normal 0.991445 -0.130526 0.000000
outer loop
vertex -2.5042 32.5078 0.0000
vertex -2.4273 33.0923 19.4430
vertex -2.5042 32.5078 19.4430
endloop
endfacet
facet normal -0.000000 0.000000 1.000000
outer loop
vertex -4.6855 33.0923 19.4430
vertex -2.5042 32.5078 19.4430
vertex -2.4273 33.0923 19.4430
endloop
endfacet
facet normal 0.000000 0.000000 -1.000000
outer loop
vertex -4.6855 33.0923 0.0000
vertex -2.4273 33.0923 0.0000
vertex -2.5042 32.5078 0.0000
endloop
endfacet
facet normal 0.986752 0.129908 0.097187
outer loop
vertex 31.9920 -1.3938 0.0000
vertex 31.8037 0.0367 0.0000
vertex 31.7011 0.0092 1.0783
endloop
endfacet
facet normal 0.986752 0.129908 0.097187
outer loop
vertex 31.9920 -1.3938 0.0000
vertex 31.7011 0.0092 1.0783
vertex 31.8858 -1.3938 1.0783
endloop
endfacet
facet normal 0.919506 0.380872 0.097187
outer loop
vertex 31.8037 0.0367 0.0000
vertex 31.2515 1.3697 0.0000
vertex 31.1595 1.3166 1.0783
endloop
endfacet
facet normal 0.919506 0.380872 0.097187
outer loop
vertex 31.8037 0.0367 0.0000
vertex 31.1595 1.3166 1.0783
vertex 31.7011 0.0092 1.0783
endloop
endfacet
facet normal 0.789598 0.605880 0.097187
outer loop
vertex 31.2515 1.3697 0.0000
vertex 30.3732 2.5144 0.0000
vertex 30.2981 2.4393 1.0783
endloop
endfacet
facet normal 0.789598 0.605880 0.097187
outer loop
vertex 31.2515 1.3697 0.0000
vertex 30.2981 2.4393 1.0783
vertex 31.1595 1.3166 1.0783
endloop
endfacet
facet normal 0.605880 0.789598 0.097187
outer loop
vertex 30.3732 2.5144 0.0000
vertex 29.2285 3.3927 0.0000
vertex 29.1754 3.3008 1.0783
endloop
endfacet
facet normal 0.605880 0.789598 0.097187
outer loop
vertex 30.3732 2.5144 0.0000
vertex 29.1754 3.3008 1.0783
vertex 30.2981 2.4393 1.0783
endloop
endfacet
facet normal 0.380872 0.919506 0.097187
outer loop
vertex 29.2285 3.3927 0.0000
vertex 27.8955 3.9449 0.0000
vertex 27.8680 3.8423 1.0783
endloop
endfacet
facet normal 0.380872 0.919506 0.097187
outer loop
vertex 29.2285 3.3927 0.0000
vertex 27.8680 3.8423 1.0783
vertex 29.1754 3.3008 1.0783
endloop
endfacet
facet normal 0.129908 0.986752 0.097187
outer loop
vertex 27.8955 3.9449 0.0000
vertex 26.4650 4.1332 0.0000
vertex 26.4650 4.0270 1.0783
endloop
endfacet
facet normal 0.129908 0.986752 0.097187
outer loop
vertex 27.8955 3.9449 0.0000
vertex 26.4650 4.0270 1.0783
vertex 27.8680 3.8423 1.0783
endloop
endfacet
facet normal -0.129908 0.986752 0.097187
outer loop
vertex 26.4650 4.1332 0.0000
vertex 25.0345 3.9449 0.0000
vertex 25.0620 3.8423 1.0783
endloop
endfacet
facet normal -0.129908 0.986752 0.097187
outer loop
vertex 26.4650 4.1332 0.0000
vertex 25.0620 3.8423 1.0783
vertex 26.4650 4.0270 1.0783
endloop
endfacet
facet normal -0.380872 0.919506 0.097187
outer loop
vertex 25.0345 3.9449 0.0000
vertex 23.7015 3.3927 0.0000
vertex 23.7546 3.3008 1.0783
endloop
endfacet
facet normal -0.380872 0.919506 0.097187
outer loop
vertex 25.0345 3.9449 0.0000
vertex 23.7546 3.3008 1.0783
vertex 25.0620 3.8423 1.0783
endloop
endfacet
facet normal -0.605880 0.789598 0.097187
outer loop
vertex 23.7015 3.3927 0.0000
vertex 22.5568 2.5144 0.0000
vertex 22.6319 2.4393 1.0783
endloop
endfacet
facet normal -0.605880 0.789598 0.097187
outer loop
vertex 23.7015 3.3927 0.0000
vertex 22.6319 2.4393 1.0783
vertex 23.7546 3.3008 1.0783
endloop
endfacet
facet normal -0.789598 0.605880 0.097187
outer loop
vertex 22.5568 2.5144 0.0000
vertex 21.6785 1.3697 0.0000
vertex 21.7705 1.3166 1.0783
endloop
endfacet
facet normal -0.789598 0.605880 0.097187
outer loop
vertex 22.5568 2.5144 0.0000
vertex 21.7705 1.3166 1.0783
vertex 22.6319 2.4393 1.0783
endloop
endfacet
facet normal -0.919506 0.380872 0.097187
outer loop
vertex 21.6785 1.3697 0.0000
vertex 21.1264 0.0367 0.0000
vertex 21.2289 0.0092 1.0783
endloop
endfacet
facet normal -0.919506 0.380872 0.097187
outer loop
vertex 21.6785 1.3697 0.0000
vertex 21.2289 0.0092 1.0783
vertex 21.7705 1.3166 1.0783
endloop
endfacet
facet normal -0.986752 0.129908 0.097187
outer loop
vertex 21.1264 0.0367 0.0000
vertex 20.9380 -1.3938 0.0000
vertex 21.0442 -1.3938 1.0783
endloop
endfacet
facet normal -0.986752 0.129908 0.097187
outer loop
vertex 21.1264 0.0367 0.0000
vertex 21.0442 -1.3938 1.0783
vertex 21.2289 0.0092 1.0783
endloop
endfacet
facet normal -0.986752 -0.129908 0.097187
outer loop
vertex 20.9380 -1.3938 0.0000
vertex 21.1264 -2.8242 0.0000
vertex 21.2289 -2.7968 1.0783
endloop
endfacet
facet normal -0.986752 -0.129908 0.097187
outer loop
vertex 20.9380 -1.3938 0.0000
vertex 21.2289 -2.7968 1.0783
vertex 21.0442 -1.3938 1.0783
endloop
endfacet
facet normal -0.919506 -0.380872 0.097187
outer loop
vertex 21.1264 -2.8242 0.0000
vertex 21.6785 -4.1572 0.0000
vertex 21.7705 -4.1041 1.0783
endloop
endfacet
facet normal -0.919506 -0.380872 0.097187
outer loop
vertex 21.1264 -2.8242 0.0000
vertex 21.7705 -4.1041 1.0783
vertex 21.2289 -2.7968 1.0783
endloop
endfacet
facet normal -0.789598 -0.605880 0.097187
outer loop
vertex 21.6785 -4.1572 0.0000
vertex 22.5568 -5.3019 0.0000
vertex 22.6319 -5.2268 1.0783
endloop
endfacet
facet normal -0.789598 -0.605880 0.097187
outer loop
vertex 21.6785 -4.1572 0.0000
vertex 22.6319 -5.2268 1.0783
vertex 21.7705 -4.1041 1.0783
endloop
endfacet
facet normal -0.605880 -0.789598 0.097187
outer loop
vertex 22.5568 -5.3019 0.0000
vertex 23.7015 -6.1803 0.0000
vertex 23.7546 -6.0883 1.0783
endloop
endfacet
facet normal -0.605880 -0.789598 0.097187
outer loop
vertex 22.5568 -5.3019 0.0000
vertex 23.7546 -6.0883 1.0783
vertex 22.6319 -5.2268 1.0783
endloop
endfacet
facet normal -0.380872 -0.919506 0.097187
outer loop
vertex 23.7015 -6.1803 0.0000
vertex 25.0345 -6.7324 0.0000
vertex 25.0620 -6.6298 1.0783
endloop
endfacet
facet normal -0.380872 -0.919506 0.097187
outer loop
vertex 23.7015 -6.1803 0.0000
vertex 25.0620 -6.6298 1.0783
vertex 23.7546 -6.0883 1.0783
endloop
endfacet
facet normal -0.129908 -0.986752 0.097187
outer loop
vertex 25.0345 -6.7324 0.0000
vertex 26.4650 -6.9207 0.0000
vertex 26.4650 -6.8145 1.0783
endloop
endfacet
facet normal -0.129908 -0.986752 0.097187
outer loop
vertex 25.0345 -6.7324 0.0000
vertex 26.4650 -6.8145 1.0783
vertex 25.0620 -6.6298 1.0783
endloop
endfacet
facet normal 0.129908 -0.986752 0.097187
outer loop
vertex 26.4650 -6.9207 0.0000
vertex 27.8955 -6.7324 0.0000
vertex 27.8680 -6.6298 1.0783
endloop
endfacet
facet normal 0.129908 -0.986752 0.097187
outer loop
vertex 26.4650 -6.9207 0.0000
vertex 27.8680 -6.6298 1.0783
vertex 26.4650 -6.8145 1.0783
endloop
endfacet
facet normal 0.380872 -0.919506 0.097187
outer loop
vertex 27.8955 -6.7324 0.0000
vertex 29.2285 -6.1803 0.0000
vertex 29.1754 -6.0883 1.0783
endloop
endfacet
facet normal 0.380872 -0.919506 0.097187
outer loop
vertex 27.8955 -6.7324 0.0000
vertex 29.1754 -6.0883 1.0783
vertex 27.8680 -6.6298 1.0783
endloop
endfacet
facet normal 0.605880 -0.789598 0.097187
outer loop
vertex 29.2285 -6.1803 0.0000
vertex 30.3732 -5.3019 0.0000
vertex 30.2981 -5.2268 1.0783
endloop
endfacet
facet normal 0.605880 -0.789598 0.097187
outer loop
vertex 29.2285 -6.1803 0.0000
vertex 30.2981 -5.2268 1.0783
vertex 29.1754 -6.0883 1.0783
endloop
endfacet
facet normal 0.789598 -0.605880 0.097187
outer loop
vertex 30.3732 -5.3019 0.0000
vertex 31.2515 -4.1572 0.0000
vertex 31.1595 -4.1041 1.0783
endloop
endfacet
facet normal 0.789598 -0.605880 0.097187
outer loop
vertex 30.3732 -5.3019 0.0000
vertex 31.1595 -4.1041 1.0783
vertex 30.2981 -5.2268 1.0783
endloop
endfacet
facet normal 0.919506 -0.380872 0.097187
outer loop
vertex 31.2515 -4.1572 0.0000
vertex 31.8037 -2.8242 0.0000
vertex 31.7011 -2.7968 1.0783
endloop
endfacet
facet normal 0.919506 -0.380872 0.097187
outer loop
vertex 31.2515 -4.1572 0.0000
vertex 31.7011 -2.7968 1.0783
vertex 31.1595 -4.1041 1.0783
endloop
endfacet
facet normal 0.986752 -0.129908 0.097187
outer loop
vertex 31.8037 -2.8242 0.0000
vertex 31.9920 -1.3938 0.0000
vertex 31.8858 -1.3938 1.0783
endloop
endfacet
facet normal 0.986752 -0.129908 0.097187
outer loop
vertex 31.8037 -2.8242 0.0000
vertex 31.8858 -1.3938 1.0783
vertex 31.7011 -2.7968 1.0783
endloop
endfacet
facet normal 0.949435 0.124996 0.288008
outer loop
vertex 31.8858 -1.3938 1.0783
vertex 31.7011 0.0092 1.0783
vertex 31.3973 -0.0722 2.1151
endloop
endfacet
facet normal 0.949435 0.124996 0.288008
outer loop
vertex 31.8858 -1.3938 1.0783
vertex 31.3973 -0.0722 2.1151
vertex 31.5713 -1.3938 2.1151
endloop
endfacet
facet normal 0.884733 0.366468 0.288008
outer loop
vertex 31.7011 0.0092 1.0783
vertex 31.1595 1.3166 1.0783
vertex 30.8872 1.1594 2.1151
endloop
endfacet
facet normal 0.884733 0.366468 0.288008
outer loop
vertex 31.7011 0.0092 1.0783
vertex 30.8872 1.1594 2.1151
vertex 31.3973 -0.0722 2.1151
endloop
endfacet
facet normal 0.759737 0.582967 0.288008
outer loop
vertex 31.1595 1.3166 1.0783
vertex 30.2981 2.4393 1.0783
vertex 30.0757 2.2169 2.1151
endloop
endfacet
facet normal 0.759737 0.582967 0.288008
outer loop
vertex 31.1595 1.3166 1.0783
vertex 30.0757 2.2169 2.1151
vertex 30.8872 1.1594 2.1151
endloop
endfacet
facet normal 0.582967 0.759737 0.288008
outer loop
vertex 30.2981 2.4393 1.0783
vertex 29.1754 3.3008 1.0783
vertex 29.0181 3.0284 2.1151
endloop
endfacet
facet normal 0.582967 0.759737 0.288008
outer loop
vertex 30.2981 2.4393 1.0783
vertex 29.0181 3.0284 2.1151
vertex 30.0757 2.2169 2.1151
endloop
endfacet
facet normal 0.366468 0.884733 0.288008
outer loop
vertex 29.1754 3.3008 1.0783
vertex 27.8680 3.8423 1.0783
vertex 27.7866 3.5385 2.1151
endloop
endfacet
facet normal 0.366468 0.884733 0.288008
outer loop
vertex 29.1754 3.3008 1.0783
vertex 27.7866 3.5385 2.1151
vertex 29.0181 3.0284 2.1151
endloop
endfacet
facet normal 0.124996 0.949435 0.288008
outer loop
vertex 27.8680 3.8423 1.0783
vertex 26.4650 4.0270 1.0783
vertex 26.4650 3.7125 2.1151
endloop
endfacet
facet normal 0.124996 0.949435 0.288008
outer loop
vertex 27.8680 3.8423 1.0783
vertex 26.4650 3.7125 2.1151
vertex 27.7866 3.5385 2.1151
endloop
endfacet
facet normal -0.124996 0.949435 0.288008
outer loop
vertex 26.4650 4.0270 1.0783
vertex 25.0620 3.8423 1.0783
vertex 25.1434 3.5385 2.1151
endloop
endfacet
facet normal -0.124996 0.949435 0.288008
outer loop
vertex 26.4650 4.0270 1.0783
vertex 25.1434 3.5385 2.1151
vertex 26.4650 3.7125 2.1151
endloop
endfacet
facet normal -0.366468 0.884733 0.288008
outer loop
vertex 25.0620 3.8423 1.0783
vertex 23.7546 3.3008 1.0783
vertex 23.9119 3.0284 2.1151
endloop
endfacet
facet normal -0.366468 0.884733 0.288008
outer loop
vertex 25.0620 3.8423 1.0783
vertex 23.9119 3.0284 2.1151
vertex 25.1434 3.5385 2.1151
endloop
endfacet
facet normal -0.582967 0.759737 0.288008
outer loop
vertex 23.7546 3.3008 1.0783
vertex 22.6319 2.4393 1.0783
vertex 22.8543 2.2169 2.1151
endloop
endfacet
facet normal -0.582967 0.759737 0.288008
outer loop
vertex 23.7546 3.3008 1.0783
vertex 22.8543 2.2169 2.1151
vertex 23.9119 3.0284 2.1151
endloop
endfacet
facet normal -0.759737 0.582967 0.288008
outer loop
vertex 22.6319 2.4393 1.0783
vertex 21.7705 1.3166 1.0783
vertex 22.0429 1.1594 2.1151
endloop
endfacet
facet normal -0.759737 0.582967 0.288008
outer loop
vertex 22.6319 2.4393 1.0783
vertex 22.0429 1.1594 2.1151
vertex 22.8543 2.2169 2.1151
endloop
endfacet
facet normal -0.884733 0.366468 0.288008
outer loop
vertex 21.7705 1.3166 1.0783
vertex 21.2289 0.0092 1.0783
vertex 21.5327 -0.0722 2.1151
endloop
endfacet
facet normal -0.884733 0.366468 0.288008
outer loop
vertex 21.7705 1.3166 1.0783
vertex 21.5327 -0.0722 2.1151
vertex 22.0429 1.1594 2.1151
endloop
endfacet
facet normal -0.949435 0.124996 0.288008
outer loop
vertex 21.2289 0.0092 1.0783
vertex 21.0442 -1.3938 1.0783
vertex 21.3587 -1.3938 2.1151
endloop
endfacet
facet normal -0.949435 0.124996 0.288008
outer loop
vertex 21.2289 0.0092 1.0783
vertex 21.3587 -1.3938 2.1151
vertex 21.5327 -0.0722 2.1151
endloop
endfacet
facet normal -0.949435 -0.124996 0.288008
outer loop
vertex 21.0442 -1.3938 1.0783
vertex 21.2289 -2.7968 1.0783
vertex 21.5327 -2.7154 2.1151
endloop
endfacet
facet normal -0.949435 -0.124996 0.288008
outer loop
vertex 21.0442 -1.3938 1.0783
vertex 21.5327 -2.7154 2.1151
vertex 21.3587 -1.3938 2.1151
endloop
endfacet
facet normal -0.884733 -0.366468 0.288008
outer loop
vertex 21.2289 -2.7968 1.0783
vertex 21.7705 -4.1041 1.0783
vertex 22.0429 -3.9469 2.1151
endloop
endfacet
facet normal -0.884733 -0.366468 0.288008
outer loop
vertex 21.2289 -2.7968 1.0783
vertex 22.0429 -3.9469 2.1151
vertex 21.5327 -2.7154 2.1151
endloop
endfacet
facet normal -0.759737 -0.582967 0.288008
outer loop
vertex 21.7705 -4.1041 1.0783
vertex 22.6319 -5.2268 1.0783
vertex 22.8543 -5.0044 2.1151
endloop
endfacet
facet normal -0.759737 -0.582967 0.288008
outer loop
vertex 21.7705 -4.1041 1.0783
vertex 22.8543 -5.0044 2.1151
vertex 22.0429 -3.9469 2.1151
endloop
endfacet
facet normal -0.582967 -0.759737 0.288008
outer loop
vertex 22.6319 -5.2268 1.0783
vertex 23.7546 -6.0883 1.0783
vertex 23.9119 -5.8159 2.1151
endloop
endfacet
facet normal -0.582967 -0.759737 0.288008
outer loop
vertex 22.6319 -5.2268 1.0783
vertex 23.9119 -5.8159 2.1151
vertex 22.8543 -5.0044 2.1151
endloop
endfacet
facet normal -0.366468 -0.884733 0.288008
outer loop
vertex 23.7546 -6.0883 1.0783
vertex 25.0620 -6.6298 1.0783
vertex 25.1434 -6.3260 2.1151
endloop
endfacet
facet normal -0.366468 -0.884733 0.288008
outer loop
vertex 23.7546 -6.0883 1.0783
vertex 25.1434 -6.3260 2.1151
vertex 23.9119 -5.8159 2.1151
endloop
endfacet
facet normal -0.124996 -0.949435 0.288008
outer loop
vertex 25.0620 -6.6298 1.0783
vertex 26.4650 -6.8145 1.0783
vertex 26.4650 -6.5000 2.1151
endloop
endfacet
facet normal -0.124996 -0.949435 0.288008
outer loop
vertex 25.0620 -6.6298 1.0783
vertex 26.4650 -6.5000 2.1151
vertex 25.1434 -6.3260 2.1151
endloop
endfacet
facet normal 0.124996 -0.949435 0.288008
outer loop
vertex 26.4650 -6.8145 1.0783
vertex 27.8680 -6.6298 1.0783
vertex 27.7866 -6.3260 2.1151
endloop
endfacet
facet normal 0.124996 -0.949435 0.288008
outer loop
vertex 26.4650 -6.8145 1.0783
vertex 27.7866 -6.3260 2.1151
vertex 26.4650 -6.5000 2.1151
endloop
endfacet
facet normal 0.366468 -0.884733 0.288008
outer loop
vertex 27.8680 -6.6298 1.0783
vertex 29.1754 -6.0883 1.0783
vertex 29.0181 -5.8159 2.1151
endloop
endfacet
facet normal 0.366468 -0.884733 0.288008
outer loop
vertex 27.8680 -6.6298 1.0783
vertex 29.0181 -5.8159 2.1151
vertex 27.7866 -6.3260 2.1151
endloop
endfacet
facet normal 0.582967 -0.759737 0.288008
outer loop
vertex 29.1754 -6.0883 1.0783
vertex 30.2981 -5.2268 1.0783
vertex 30.0757 -5.0044 2.1151
endloop
endfacet
facet normal 0.582967 -0.759737 0.288008
outer loop
vertex 29.1754 -6.0883 1.0783
vertex 30.0757 -5.0044 2.1151
vertex 29.0181 -5.8159 2.1151
endloop
endfacet
facet normal 0.759737 -0.582967 0.288008
outer loop
vertex 30.2981 -5.2268 1.0783
vertex 31.1595 -4.1041 1.0783
vertex 30.8872 -3.9469 2.1151
endloop
endfacet
facet normal 0.759737 -0.582967 0.288008
outer loop
vertex 30.2981 -5.2268 1.0783
vertex 30.8872 -3.9469 2.1151
vertex 30.0757 -5.0044 2.1151
endloop
endfacet
facet normal 0.884733 -0.366468 0.288008
outer loop
vertex 31.1595 -4.1041 1.0783
vertex 31.7011 -2.7968 1.0783
vertex 31.3973 -2.7154 2.1151
endloop
endfacet
facet normal 0.884733 -0.366468 0.288008
outer loop
vertex 31.1595 -4.1041 1.0783
vertex 31.3973 -2.7154 2.1151
vertex 30.8872 -3.9469 2.1151
endloop
endfacet
facet normal 0.949435 -0.124996 0.288008
outer loop
vertex 31.7011 -2.7968 1.0783
vertex 31.8858 -1.3938 1.0783
vertex 31.5713 -1.3938 2.1151
endloop
endfacet
facet normal 0.949435 -0.124996 0.288008
outer loop
vertex 31.7011 -2.7968 1.0783
vertex 31.5713 -1.3938 2.1151
vertex 31.3973 -2.7154 2.1151
endloop
endfacet
facet normal 0.876036 0.115332 0.468251
outer loop
vertex 31.5713 -1.3938 2.1151
vertex 31.3973 -0.0722 2.1151
vertex 30.9039 -0.2044 3.0706
endloop
endfacet
facet normal 0.876036 0.115332 0.468251
outer loop
vertex 31.5713 -1.3938 2.1151
vertex 30.9039 -0.2044 3.0706
vertex 31.0605 -1.3938 3.0706
endloop
endfacet
facet normal 0.816336 0.338137 0.468251
outer loop
vertex 31.3973 -0.0722 2.1151
vertex 30.8872 1.1594 2.1151
vertex 30.4448 0.9040 3.0706
endloop
endfacet
facet normal 0.816336 0.338137 0.468251
outer loop
vertex 31.3973 -0.0722 2.1151
vertex 30.4448 0.9040 3.0706
vertex 30.9039 -0.2044 3.0706
endloop
endfacet
facet normal 0.701003 0.537899 0.468251
outer loop
vertex 30.8872 1.1594 2.1151
vertex 30.0757 2.2169 2.1151
vertex 29.7145 1.8558 3.0706
endloop
endfacet
facet normal 0.701003 0.537899 0.468251
outer loop
vertex 30.8872 1.1594 2.1151
vertex 29.7145 1.8558 3.0706
vertex 30.4448 0.9040 3.0706
endloop
endfacet
facet normal 0.537899 0.701003 0.468251
outer loop
vertex 30.0757 2.2169 2.1151
vertex 29.0181 3.0284 2.1151
vertex 28.7628 2.5861 3.0706
endloop
endfacet
facet normal 0.537899 0.701003 0.468251
outer loop
vertex 30.0757 2.2169 2.1151
vertex 28.7628 2.5861 3.0706
vertex 29.7145 1.8558 3.0706
endloop
endfacet
facet normal 0.338137 0.816336 0.468251
outer loop
vertex 29.0181 3.0284 2.1151
vertex 27.7866 3.5385 2.1151
vertex 27.6544 3.0452 3.0706
endloop
endfacet
facet normal 0.338137 0.816336 0.468251
outer loop
vertex 29.0181 3.0284 2.1151
vertex 27.6544 3.0452 3.0706
vertex 28.7628 2.5861 3.0706
endloop
endfacet
facet normal 0.115332 0.876036 0.468251
outer loop
vertex 27.7866 3.5385 2.1151
vertex 26.4650 3.7125 2.1151
vertex 26.4650 3.2018 3.0706
endloop
endfacet
facet normal 0.115332 0.876036 0.468251
outer loop
vertex 27.7866 3.5385 2.1151
vertex 26.4650 3.2018 3.0706
vertex 27.6544 3.0452 3.0706
endloop
endfacet
facet normal -0.115332 0.876036 0.468251
outer loop
vertex 26.4650 3.7125 2.1151
vertex 25.1434 3.5385 2.1151
vertex 25.2756 3.0452 3.0706
endloop
endfacet
facet normal -0.115332 0.876036 0.468251
outer loop
vertex 26.4650 3.7125 2.1151
vertex 25.2756 3.0452 3.0706
vertex 26.4650 3.2018 3.0706
endloop
endfacet
facet normal -0.338137 0.816336 0.468251
outer loop
vertex 25.1434 3.5385 2.1151
vertex 23.9119 3.0284 2.1151
vertex 24.1673 2.5861 3.0706
endloop
endfacet
facet normal -0.338137 0.816336 0.468251
outer loop
vertex 25.1434 3.5385 2.1151
vertex 24.1673 2.5861 3.0706
vertex 25.2756 3.0452 3.0706
endloop
endfacet
facet normal -0.537899 0.701003 0.468251
outer loop
vertex 23.9119 3.0284 2.1151
vertex 22.8543 2.2169 2.1151
vertex 23.2155 1.8558 3.0706
endloop
endfacet
facet normal -0.537899 0.701003 0.468251
outer loop
vertex 23.9119 3.0284 2.1151
vertex 23.2155 1.8558 3.0706
vertex 24.1673 2.5861 3.0706
endloop
endfacet
facet normal -0.701003 0.537899 0.468251
outer loop
vertex 22.8543 2.2169 2.1151
vertex 22.0429 1.1594 2.1151
vertex 22.4852 0.9040 3.0706
endloop
endfacet
facet normal -0.701003 0.537899 0.468251
outer loop
vertex 22.8543 2.2169 2.1151
vertex 22.4852 0.9040 3.0706
vertex 23.2155 1.8558 3.0706
endloop
endfacet
facet normal -0.816336 0.338137 0.468251
outer loop
vertex 22.0429 1.1594 2.1151
vertex 21.5327 -0.0722 2.1151
vertex 22.0261 -0.2044 3.0706
endloop
endfacet
facet normal -0.816336 0.338137 0.468251
outer loop
vertex 22.0429 1.1594 2.1151
vertex 22.0261 -0.2044 3.0706
vertex 22.4852 0.9040 3.0706
endloop
endfacet
facet normal -0.876036 0.115332 0.468251
outer loop
vertex 21.5327 -0.0722 2.1151
vertex 21.3587 -1.3938 2.1151
vertex 21.8695 -1.3938 3.0706
endloop
endfacet
facet normal -0.876036 0.115332 0.468251
outer loop
vertex 21.5327 -0.0722 2.1151
vertex 21.8695 -1.3938 3.0706
vertex 22.0261 -0.2044 3.0706
endloop
endfacet
facet normal -0.876036 -0.115332 0.468251
outer loop
vertex 21.3587 -1.3938 2.1151
vertex 21.5327 -2.7154 2.1151
vertex 22.0261 -2.5832 3.0706
endloop
endfacet
facet normal -0.876036 -0.115332 0.468251
outer loop
vertex 21.3587 -1.3938 2.1151
vertex 22.0261 -2.5832 3.0706
vertex 21.8695 -1.3938 3.0706
endloop
endfacet
facet normal -0.816336 -0.338137 0.468251
outer loop
vertex 21.5327 -2.7154 2.1151
vertex 22.0429 -3.9469 2.1151
vertex 22.4852 -3.6915 3.0706
endloop
endfacet
facet normal -0.816336 -0.338137 0.468251
outer loop
vertex 21.5327 -2.7154 2.1151
vertex 22.4852 -3.6915 3.0706
vertex 22.0261 -2.5832 3.0706
endloop
endfacet
facet normal -0.701003 -0.537899 0.468251
outer loop
vertex 22.0429 -3.9469 2.1151
vertex 22.8543 -5.0044 2.1151
vertex 23.2155 -4.6433 3.0706
endloop
endfacet
facet normal -0.701003 -0.537899 0.468251
outer loop
vertex 22.0429 -3.9469 2.1151
vertex 23.2155 -4.6433 3.0706
vertex 22.4852 -3.6915 3.0706
endloop
endfacet
facet normal -0.537899 -0.701003 0.468251
outer loop
vertex 22.8543 -5.0044 2.1151
vertex 23.9119 -5.8159 2.1151
vertex 24.1673 -5.3736 3.0706
endloop
endfacet
facet normal -0.537899 -0.701003 0.468251
outer loop
vertex 22.8543 -5.0044 2.1151
vertex 24.1673 -5.3736 3.0706
vertex 23.2155 -4.6433 3.0706
endloop
endfacet
facet normal -0.338137 -0.816336 0.468251
outer loop
vertex 23.9119 -5.8159 2.1151
vertex 25.1434 -6.3260 2.1151
vertex 25.2756 -5.8327 3.0706
endloop
endfacet
facet normal -0.338137 -0.816336 0.468251
outer loop
vertex 23.9119 -5.8159 2.1151
vertex 25.2756 -5.8327 3.0706
vertex 24.1673 -5.3736 3.0706
endloop
endfacet
facet normal -0.115332 -0.876036 0.468251
outer loop
vertex 25.1434 -6.3260 2.1151
vertex 26.4650 -6.5000 2.1151
vertex 26.4650 -5.9893 3.0706
endloop
endfacet
facet normal -0.115332 -0.876036 0.468251
outer loop
vertex 25.1434 -6.3260 2.1151
vertex 26.4650 -5.9893 3.0706
vertex 25.2756 -5.8327 3.0706
endloop
endfacet
facet normal 0.115332 -0.876036 0.468251
outer loop
vertex 26.4650 -6.5000 2.1151
vertex 27.7866 -6.3260 2.1151
vertex 27.6544 -5.8327 3.0706
endloop
endfacet
facet normal 0.115332 -0.876036 0.468251
outer loop
vertex 26.4650 -6.5000 2.1151
vertex 27.6544 -5.8327 3.0706
vertex 26.4650 -5.9893 3.0706
endloop
endfacet
facet normal 0.338137 -0.816336 0.468251
outer loop
vertex 27.7866 -6.3260 2.1151
vertex 29.0181 -5.8159 2.1151
vertex 28.7628 -5.3736 3.0706
endloop
endfacet
facet normal 0.338137 -0.816336 0.468251
outer loop
vertex 27.7866 -6.3260 2.1151
vertex 28.7628 -5.3736 3.0706
vertex 27.6544 -5.8327 3.0706
endloop
endfacet
facet normal 0.537899 -0.701003 0.468251
outer loop
vertex 29.0181 -5.8159 2.1151
vertex 30.0757 -5.0044 2.1151
vertex 29.7145 -4.6433 3.0706
endloop
endfacet
facet normal 0.537899 -0.701003 0.468251
outer loop
vertex 29.0181 -5.8159 2.1151
vertex 29.7145 -4.6433 3.0706
vertex 28.7628 -5.3736 3.0706
endloop
endfacet
facet normal 0.701003 -0.537899 0.468251
outer loop
vertex 30.0757 -5.0044 2.1151
vertex 30.8872 -3.9469 2.1151
vertex 30.4448 -3.6915 3.0706
endloop
endfacet
facet normal 0.701003 -0.537899 0.468251
outer loop
vertex 30.0757 -5.0044 2.1151
vertex 30.4448 -3.6915 3.0706
vertex 29.7145 -4.6433 3.0706
endloop
endfacet
facet normal 0.816336 -0.338137 0.468251
outer loop
vertex 30.8872 -3.9469 2.1151
vertex 31.3973 -2.7154 2.1151
vertex 30.9039 -2.5832 3.0706
endloop
endfacet
facet normal 0.816336 -0.338137 0.468251
outer loop
vertex 30.8872 -3.9469 2.1151
vertex 30.9039 -2.5832 3.0706
vertex 30.4448 -3.6915 3.0706
endloop
endfacet
facet normal 0.876036 -0.115332 0.468251
outer loop
vertex 31.3973 -2.7154 2.1151
vertex 31.5713 -1.3938 2.1151
vertex 31.0605 -1.3938 3.0706
endloop
endfacet
facet normal 0.876036 -0.115332 0.468251
outer loop
vertex 31.3973 -2.7154 2.1151
vertex 31.0605 -1.3938 3.0706
vertex 30.9039 -2.5832 3.0706
endloop
endfacet
facet normal 0.769038 0.101246 0.631133
outer loop
vertex 31.0605 -1.3938 3.0706
vertex 30.9039 -0.2044 3.0706
vertex 30.2400 -0.3823 3.9082
endloop
endfacet
facet normal 0.769038 0.101246 0.631133
outer loop
vertex 31.0605 -1.3938 3.0706
vertex 30.2400 -0.3823 3.9082
vertex 30.3732 -1.3938 3.9082
endloop
endfacet
facet normal 0.716630 0.296838 0.631133
outer loop
vertex 30.9039 -0.2044 3.0706
vertex 30.4448 0.9040 3.0706
vertex 29.8496 0.5603 3.9082
endloop
endfacet
facet normal 0.716630 0.296838 0.631133
outer loop
vertex 30.9039 -0.2044 3.0706
vertex 29.8496 0.5603 3.9082
vertex 30.2400 -0.3823 3.9082
endloop
endfacet
facet normal 0.615384 0.472201 0.631133
outer loop
vertex 30.4448 0.9040 3.0706
vertex 29.7145 1.8558 3.0706
vertex 29.2285 1.3697 3.9082
endloop
endfacet
facet normal 0.615384 0.472201 0.631133
outer loop
vertex 30.4448 0.9040 3.0706
vertex 29.2285 1.3697 3.9082
vertex 29.8496 0.5603 3.9082
endloop
endfacet
facet normal 0.472201 0.615384 0.631133
outer loop
vertex 29.7145 1.8558 3.0706
vertex 28.7628 2.5861 3.0706
vertex 28.4191 1.9908 3.9082
endloop
endfacet
facet normal 0.472201 0.615384 0.631133
outer loop
vertex 29.7145 1.8558 3.0706
vertex 28.4191 1.9908 3.9082
vertex 29.2285 1.3697 3.9082
endloop
endfacet
facet normal 0.296838 0.716630 0.631133
outer loop
vertex 28.7628 2.5861 3.0706
vertex 27.6544 3.0452 3.0706
vertex 27.4765 2.3812 3.9082
endloop
endfacet
facet normal 0.296838 0.716630 0.631133
outer loop
vertex 28.7628 2.5861 3.0706
vertex 27.4765 2.3812 3.9082
vertex 28.4191 1.9908 3.9082
endloop
endfacet
facet normal 0.101246 0.769038 0.631133
outer loop
vertex 27.6544 3.0452 3.0706
vertex 26.4650 3.2018 3.0706
vertex 26.4650 2.5144 3.9082
endloop
endfacet
facet normal 0.101246 0.769038 0.631133
outer loop
vertex 27.6544 3.0452 3.0706
vertex 26.4650 2.5144 3.9082
vertex 27.4765 2.3812 3.9082
endloop
endfacet
facet normal -0.101246 0.769038 0.631133
outer loop
vertex 26.4650 3.2018 3.0706
vertex 25.2756 3.0452 3.0706
vertex 25.4535 2.3812 3.9082
endloop
endfacet
facet normal -0.101246 0.769038 0.631133
outer loop
vertex 26.4650 3.2018 3.0706
vertex 25.4535 2.3812 3.9082
vertex 26.4650 2.5144 3.9082
endloop
endfacet
facet normal -0.296838 0.716630 0.631133
outer loop
vertex 25.2756 3.0452 3.0706
vertex 24.1673 2.5861 3.0706
vertex 24.5109 1.9908 3.9082
endloop
endfacet
facet normal -0.296838 0.716630 0.631133
outer loop
vertex 25.2756 3.0452 3.0706
vertex 24.5109 1.9908 3.9082
vertex 25.4535 2.3812 3.9082
endloop
endfacet
facet normal -0.472201 0.615384 0.631133
outer loop
vertex 24.1673 2.5861 3.0706
vertex 23.2155 1.8558 3.0706
vertex 23.7015 1.3697 3.9082
endloop
endfacet
facet normal -0.472201 0.615384 0.631133
outer loop
vertex 24.1673 2.5861 3.0706
vertex 23.7015 1.3697 3.9082
vertex 24.5109 1.9908 3.9082
endloop
endfacet
facet normal -0.615384 0.472201 0.631133
outer loop
vertex 23.2155 1.8558 3.0706
vertex 22.4852 0.9040 3.0706
vertex 23.0804 0.5603 3.9082
endloop
endfacet
facet normal -0.615384 0.472201 0.631133
outer loop
vertex 23.2155 1.8558 3.0706
vertex 23.0804 0.5603 3.9082
vertex 23.7015 1.3697 3.9082
endloop
endfacet
facet normal -0.716630 0.296838 0.631133
outer loop
vertex 22.4852 0.9040 3.0706
vertex 22.0261 -0.2044 3.0706
vertex 22.6900 -0.3823 3.9082
endloop
endfacet
facet normal -0.716630 0.296838 0.631133
outer loop
vertex 22.4852 0.9040 3.0706
vertex 22.6900 -0.3823 3.9082
vertex 23.0804 0.5603 3.9082
endloop
endfacet
facet normal -0.769038 0.101246 0.631133
outer loop
vertex 22.0261 -0.2044 3.0706
vertex 21.8695 -1.3938 3.0706
vertex 22.5568 -1.3938 3.9082
endloop
endfacet
facet normal -0.769038 0.101246 0.631133
outer loop
vertex 22.0261 -0.2044 3.0706
vertex 22.5568 -1.3938 3.9082
vertex 22.6900 -0.3823 3.9082
endloop
endfacet
facet normal -0.769038 -0.101246 0.631133
outer loop
vertex 21.8695 -1.3938 3.0706
vertex 22.0261 -2.5832 3.0706
vertex 22.6900 -2.4053 3.9082
endloop
endfacet
facet normal -0.769038 -0.101246 0.631133
outer loop
vertex 21.8695 -1.3938 3.0706
vertex 22.6900 -2.4053 3.9082
vertex 22.5568 -1.3938 3.9082
endloop
endfacet
facet normal -0.716630 -0.296838 0.631133
outer loop
vertex 22.0261 -2.5832 3.0706
vertex 22.4852 -3.6915 3.0706
vertex 23.0804 -3.3478 3.9082
endloop
endfacet
facet normal -0.716630 -0.296838 0.631133
outer loop
vertex 22.0261 -2.5832 3.0706
vertex 23.0804 -3.3478 3.9082
vertex 22.6900 -2.4053 3.9082
endloop
endfacet
facet normal -0.615384 -0.472201 0.631133
outer loop
vertex 22.4852 -3.6915 3.0706
vertex 23.2155 -4.6433 3.0706
vertex 23.7015 -4.1572 3.9082
endloop
endfacet
facet normal -0.615384 -0.472201 0.631133
outer loop
vertex 22.4852 -3.6915 3.0706
vertex 23.7015 -4.1572 3.9082
vertex 23.0804 -3.3478 3.9082
endloop
endfacet
facet normal -0.472201 -0.615384 0.631133
outer loop
vertex 23.2155 -4.6433 3.0706
vertex 24.1673 -5.3736 3.0706
vertex 24.5109 -4.7783 3.9082
endloop
endfacet
facet normal -0.472201 -0.615384 0.631133
outer loop
vertex 23.2155 -4.6433 3.0706
vertex 24.5109 -4.7783 3.9082
vertex 23.7015 -4.1572 3.9082
endloop
endfacet
facet normal -0.296838 -0.716630 0.631133
outer loop
vertex 24.1673 -5.3736 3.0706
vertex 25.2756 -5.8327 3.0706
vertex 25.4535 -5.1688 3.9082
endloop
endfacet
facet normal -0.296838 -0.716630 0.631133
outer loop
vertex 24.1673 -5.3736 3.0706
vertex 25.4535 -5.1688 3.9082
vertex 24.5109 -4.7783 3.9082
endloop
endfacet
facet normal -0.101246 -0.769038 0.631133
outer loop
vertex 25.2756 -5.8327 3.0706
vertex 26.4650 -5.9893 3.0706
vertex 26.4650 -5.3019 3.9082
endloop
endfacet
facet normal -0.101246 -0.769038 0.631133
outer loop
vertex 25.2756 -5.8327 3.0706
vertex 26.4650 -5.3019 3.9082
vertex 25.4535 -5.1688 3.9082
endloop
endfacet
facet normal 0.101246 -0.769038 0.631133
outer loop
vertex 26.4650 -5.9893 3.0706
vertex 27.6544 -5.8327 3.0706
vertex 27.4765 -5.1688 3.9082
endloop
endfacet
facet normal 0.101246 -0.769038 0.631133
outer loop
vertex 26.4650 -5.9893 3.0706
vertex 27.4765 -5.1688 3.9082
vertex 26.4650 -5.3019 3.9082
endloop
endfacet
facet normal 0.296838 -0.716630 0.631133
outer loop
vertex 27.6544 -5.8327 3.0706
vertex 28.7628 -5.3736 3.0706
vertex 28.4191 -4.7783 3.9082
endloop
endfacet
facet normal 0.296838 -0.716630 0.631133
outer loop
vertex 27.6544 -5.8327 3.0706
vertex 28.4191 -4.7783 3.9082
vertex 27.4765 -5.1688 3.9082
endloop
endfacet
facet normal 0.472201 -0.615384 0.631133
outer loop
vertex 28.7628 -5.3736 3.0706
vertex 29.7145 -4.6433 3.0706
vertex 29.2285 -4.1572 3.9082
endloop
endfacet
facet normal 0.472201 -0.615384 0.631133
outer loop
vertex 28.7628 -5.3736 3.0706
vertex 29.2285 -4.1572 3.9082
vertex 28.4191 -4.7783 3.9082
endloop
endfacet
facet normal 0.615384 -0.472201 0.631133
outer loop
vertex 29.7145 -4.6433 3.0706
vertex 30.4448 -3.6915 3.0706
vertex 29.8496 -3.3478 3.9082
endloop
endfacet
facet normal 0.615384 -0.472201 0.631133
outer loop
vertex 29.7145 -4.6433 3.0706
vertex 29.8496 -3.3478 3.9082
vertex 29.2285 -4.1572 3.9082
endloop
endfacet
facet normal 0.716630 -0.296838 0.631133
outer loop
vertex 30.4448 -3.6915 3.0706
vertex 30.9039 -2.5832 3.0706
vertex 30.2400 -2.4053 3.9082
endloop
endfacet
facet normal 0.716630 -0.296838 0.631133
outer loop
vertex 30.4448 -3.6915 3.0706
vertex 30.2400 -2.4053 3.9082
vertex 29.8496 -3.3478 3.9082
endloop
endfacet
facet normal 0.769038 -0.101246 0.631133
outer loop
vertex 30.9039 -2.5832 3.0706
vertex 31.0605 -1.3938 3.0706
vertex 30.3732 -1.3938 3.9082
endloop
endfacet
facet normal 0.769038 -0.101246 0.631133
outer loop
vertex 30.9039 -2.5832 3.0706
vertex 30.3732 -1.3938 3.9082
vertex 30.2400 -2.4053 3.9082
endloop
endfacet
facet normal 0.632192 0.083230 0.770328
outer loop
vertex 30.3732 -1.3938 3.9082
vertex 30.2400 -0.3823 3.9082
vertex 29.4310 -0.5990 4.5955
endloop
endfacet
facet normal 0.632192 0.083230 0.770328
outer loop
vertex 30.3732 -1.3938 3.9082
vertex 29.4310 -0.5990 4.5955
vertex 29.5356 -1.3938 4.5955
endloop
endfacet
facet normal 0.589109 0.244017 0.770328
outer loop
vertex 30.2400 -0.3823 3.9082
vertex 29.8496 0.5603 3.9082
vertex 29.1242 0.1416 4.5955
endloop
endfacet
facet normal 0.589109 0.244017 0.770328
outer loop
vertex 30.2400 -0.3823 3.9082
vertex 29.1242 0.1416 4.5955
vertex 29.4310 -0.5990 4.5955
endloop
endfacet
facet normal 0.505880 0.388175 0.770328
outer loop
vertex 29.8496 0.5603 3.9082
vertex 29.2285 1.3697 3.9082
vertex 28.6363 0.7775 4.5955
endloop
endfacet
facet normal 0.505880 0.388175 0.770328
outer loop
vertex 29.8496 0.5603 3.9082
vertex 28.6363 0.7775 4.5955
vertex 29.1242 0.1416 4.5955
endloop
endfacet
facet normal 0.388175 0.505880 0.770328
outer loop
vertex 29.2285 1.3697 3.9082
vertex 28.4191 1.9908 3.9082
vertex 28.0003 1.2655 4.5955
endloop
endfacet
facet normal 0.388175 0.505880 0.770328
outer loop
vertex 29.2285 1.3697 3.9082
vertex 28.0003 1.2655 4.5955
vertex 28.6363 0.7775 4.5955
endloop
endfacet
facet normal 0.244017 0.589109 0.770328
outer loop
vertex 28.4191 1.9908 3.9082
vertex 27.4765 2.3812 3.9082
vertex 27.2597 1.5722 4.5955
endloop
endfacet
facet normal 0.244017 0.589109 0.770328
outer loop
vertex 28.4191 1.9908 3.9082
vertex 27.2597 1.5722 4.5955
vertex 28.0003 1.2655 4.5955
endloop
endfacet
facet normal 0.083230 0.632192 0.770328
outer loop
vertex 27.4765 2.3812 3.9082
vertex 26.4650 2.5144 3.9082
vertex 26.4650 1.6769 4.5955
endloop
endfacet
facet normal 0.083230 0.632192 0.770328
outer loop
vertex 27.4765 2.3812 3.9082
vertex 26.4650 1.6769 4.5955
vertex 27.2597 1.5722 4.5955
endloop
endfacet
facet normal -0.083230 0.632192 0.770328
outer loop
vertex 26.4650 2.5144 3.9082
vertex 25.4535 2.3812 3.9082
vertex 25.6703 1.5722 4.5955
endloop
endfacet
facet normal -0.083230 0.632192 0.770328
outer loop
vertex 26.4650 2.5144 3.9082
vertex 25.6703 1.5722 4.5955
vertex 26.4650 1.6769 4.5955
endloop
endfacet
facet normal -0.244017 0.589109 0.770328
outer loop
vertex 25.4535 2.3812 3.9082
vertex 24.5109 1.9908 3.9082
vertex 24.9297 1.2655 4.5955
endloop
endfacet
facet normal -0.244017 0.589109 0.770328
outer loop
vertex 25.4535 2.3812 3.9082
vertex 24.9297 1.2655 4.5955
vertex 25.6703 1.5722 4.5955
endloop
endfacet
facet normal -0.388175 0.505880 0.770328
outer loop
vertex 24.5109 1.9908 3.9082
vertex 23.7015 1.3697 3.9082
vertex 24.2937 0.7775 4.5955
endloop
endfacet
facet normal -0.388175 0.505880 0.770328
outer loop
vertex 24.5109 1.9908 3.9082
vertex 24.2937 0.7775 4.5955
vertex 24.9297 1.2655 4.5955
endloop
endfacet
facet normal -0.505880 0.388175 0.770328
outer loop
vertex 23.7015 1.3697 3.9082
vertex 23.0804 0.5603 3.9082
vertex 23.8058 0.1416 4.5955
endloop
endfacet
facet normal -0.505880 0.388175 0.770328
outer loop
vertex 23.7015 1.3697 3.9082
vertex 23.8058 0.1416 4.5955
vertex 24.2937 0.7775 4.5955
endloop
endfacet
facet normal -0.589109 0.244017 0.770328
outer loop
vertex 23.0804 0.5603 3.9082
vertex 22.6900 -0.3823 3.9082
vertex 23.4990 -0.5990 4.5955
endloop
endfacet
facet normal -0.589109 0.244017 0.770328
outer loop
vertex 23.0804 0.5603 3.9082
vertex 23.4990 -0.5990 4.5955
vertex 23.8058 0.1416 4.5955
endloop
endfacet
facet normal -0.632192 0.083230 0.770328
outer loop
vertex 22.6900 -0.3823 3.9082
vertex 22.5568 -1.3938 3.9082
vertex 23.3944 -1.3938 4.5955
endloop
endfacet
facet normal -0.632192 0.083230 0.770328
outer loop
vertex 22.6900 -0.3823 3.9082
vertex 23.3944 -1.3938 4.5955
vertex 23.4990 -0.5990 4.5955
endloop
endfacet
facet normal -0.632192 -0.083230 0.770328
outer loop
vertex 22.5568 -1.3938 3.9082
vertex 22.6900 -2.4053 3.9082
vertex 23.4990 -2.1885 4.5955
endloop
endfacet
facet normal -0.632192 -0.083230 0.770328
outer loop
vertex 22.5568 -1.3938 3.9082
vertex 23.4990 -2.1885 4.5955
vertex 23.3944 -1.3938 4.5955
endloop
endfacet
facet normal -0.589109 -0.244017 0.770328
outer loop
vertex 22.6900 -2.4053 3.9082
vertex 23.0804 -3.3478 3.9082
vertex 23.8058 -2.9291 4.5955
endloop
endfacet
facet normal -0.589109 -0.244017 0.770328
outer loop
vertex 22.6900 -2.4053 3.9082
vertex 23.8058 -2.9291 4.5955
vertex 23.4990 -2.1885 4.5955
endloop
endfacet
facet normal -0.505880 -0.388175 0.770328
outer loop
vertex 23.0804 -3.3478 3.9082
vertex 23.7015 -4.1572 3.9082
vertex 24.2937 -3.5650 4.5955
endloop
endfacet
facet normal -0.505880 -0.388175 0.770328
outer loop
vertex 23.0804 -3.3478 3.9082
vertex 24.2937 -3.5650 4.5955
vertex 23.8058 -2.9291 4.5955
endloop
endfacet
facet normal -0.388175 -0.505880 0.770328
outer loop
vertex 23.7015 -4.1572 3.9082
vertex 24.5109 -4.7783 3.9082
vertex 24.9297 -4.0530 4.5955
endloop
endfacet
facet normal -0.388175 -0.505880 0.770328
outer loop
vertex 23.7015 -4.1572 3.9082
vertex 24.9297 -4.0530 4.5955
vertex 24.2937 -3.5650 4.5955
endloop
endfacet
facet normal -0.244017 -0.589109 0.770328
outer loop
vertex 24.5109 -4.7783 3.9082
vertex 25.4535 -5.1688 3.9082
vertex 25.6703 -4.3598 4.5955
endloop
endfacet
facet normal -0.244017 -0.589109 0.770328
outer loop
vertex 24.5109 -4.7783 3.9082
vertex 25.6703 -4.3598 4.5955
vertex 24.9297 -4.0530 4.5955
endloop
endfacet
facet normal -0.083230 -0.632192 0.770328
outer loop
vertex 25.4535 -5.1688 3.9082
vertex 26.4650 -5.3019 3.9082
vertex 26.4650 -4.4644 4.5955
endloop
endfacet
facet normal -0.083230 -0.632192 0.770328
outer loop
vertex 25.4535 -5.1688 3.9082
vertex 26.4650 -4.4644 4.5955
vertex 25.6703 -4.3598 4.5955
endloop
endfacet
facet normal 0.083230 -0.632192 0.770328
outer loop
vertex 26.4650 -5.3019 3.9082
vertex 27.4765 -5.1688 3.9082
vertex 27.2597 -4.3598 4.5955
endloop
endfacet
facet normal 0.083230 -0.632192 0.770328
outer loop
vertex 26.4650 -5.3019 3.9082
vertex 27.2597 -4.3598 4.5955
vertex 26.4650 -4.4644 4.5955
endloop
endfacet
facet normal 0.244017 -0.589109 0.770328
outer loop
vertex 27.4765 -5.1688 3.9082
vertex 28.4191 -4.7783 3.9082
vertex 28.0003 -4.0530 4.5955
endloop
endfacet
facet normal 0.244017 -0.589109 0.770328
outer loop
vertex 27.4765 -5.1688 3.9082
vertex 28.0003 -4.0530 4.5955
vertex 27.2597 -4.3598 4.5955
endloop
endfacet
facet normal 0.388175 -0.505880 0.770328
outer loop
vertex 28.4191 -4.7783 3.9082
vertex 29.2285 -4.1572 3.9082
vertex 28.6363 -3.5650 4.5955
endloop
endfacet
facet normal 0.388175 -0.505880 0.770328
outer loop
vertex 28.4191 -4.7783 3.9082
vertex 28.6363 -3.5650 4.5955
vertex 28.0003 -4.0530 4.5955
endloop
endfacet
facet normal 0.505880 -0.388175 0.770328
outer loop
vertex 29.2285 -4.1572 3.9082
vertex 29.8496 -3.3478 3.9082
vertex 29.1242 -2.9291 4.5955
endloop
endfacet
facet normal 0.505880 -0.388175 0.770328
outer loop
vertex 29.2285 -4.1572 3.9082
vertex 29.1242 -2.9291 4.5955
vertex 28.6363 -3.5650 4.5955
endloop
endfacet
facet normal 0.589109 -0.244017 0.770328
outer loop
vertex 29.8496 -3.3478 3.9082
vertex 30.2400 -2.4053 3.9082
vertex 29.4310 -2.1885 4.5955
endloop
endfacet
facet normal 0.589109 -0.244017 0.770328
outer loop
vertex 29.8496 -3.3478 3.9082
vertex 29.4310 -2.1885 4.5955
vertex 29.1242 -2.9291 4.5955
endloop
endfacet
facet normal 0.632192 -0.083230 0.770328
outer loop
vertex 30.2400 -2.4053 3.9082
vertex 30.3732 -1.3938 3.9082
vertex 29.5356 -1.3938 4.5955
endloop
endfacet
facet normal 0.632192 -0.083230 0.770328
outer loop
vertex 30.2400 -2.4053 3.9082
vertex 29.5356 -1.3938 4.5955
vertex 29.4310 -2.1885 4.5955
endloop
endfacet
facet normal 0.470492 0.061941 0.880228
outer loop
vertex 29.5356 -1.3938 4.5955
vertex 29.4310 -0.5990 4.5955
vertex 28.5080 -0.8463 5.1063
endloop
endfacet
facet normal 0.470492 0.061941 0.880228
outer loop
vertex 29.5356 -1.3938 4.5955
vertex 28.5080 -0.8463 5.1063
vertex 28.5801 -1.3938 5.1063
endloop
endfacet
facet normal 0.438428 0.181603 0.880228
outer loop
vertex 29.4310 -0.5990 4.5955
vertex 29.1242 0.1416 4.5955
vertex 28.2967 -0.3362 5.1063
endloop
endfacet
facet normal 0.438428 0.181603 0.880228
outer loop
vertex 29.4310 -0.5990 4.5955
vertex 28.2967 -0.3362 5.1063
vertex 28.5080 -0.8463 5.1063
endloop
endfacet
facet normal 0.376487 0.288889 0.880228
outer loop
vertex 29.1242 0.1416 4.5955
vertex 28.6363 0.7775 4.5955
vertex 27.9606 0.1018 5.1063
endloop
endfacet
facet normal 0.376487 0.288889 0.880228
outer loop
vertex 29.1242 0.1416 4.5955
vertex 27.9606 0.1018 5.1063
vertex 28.2967 -0.3362 5.1063
endloop
endfacet
facet normal 0.288889 0.376487 0.880228
outer loop
vertex 28.6363 0.7775 4.5955
vertex 28.0003 1.2655 4.5955
vertex 27.5225 0.4380 5.1063
endloop
endfacet
facet normal 0.288889 0.376487 0.880228
outer loop
vertex 28.6363 0.7775 4.5955
vertex 27.5225 0.4380 5.1063
vertex 27.9606 0.1018 5.1063
endloop
endfacet
facet normal 0.181603 0.438428 0.880228
outer loop
vertex 28.0003 1.2655 4.5955
vertex 27.2597 1.5722 4.5955
vertex 27.0124 0.6493 5.1063
endloop
endfacet
facet normal 0.181603 0.438428 0.880228
outer loop
vertex 28.0003 1.2655 4.5955
vertex 27.0124 0.6493 5.1063
vertex 27.5225 0.4380 5.1063
endloop
endfacet
facet normal 0.061941 0.470492 0.880228
outer loop
vertex 27.2597 1.5722 4.5955
vertex 26.4650 1.6769 4.5955
vertex 26.4650 0.7213 5.1063
endloop
endfacet
facet normal 0.061941 0.470492 0.880228
outer loop
vertex 27.2597 1.5722 4.5955
vertex 26.4650 0.7213 5.1063
vertex 27.0124 0.6493 5.1063
endloop
endfacet
facet normal -0.061941 0.470492 0.880228
outer loop
vertex 26.4650 1.6769 4.5955
vertex 25.6703 1.5722 4.5955
vertex 25.9176 0.6493 5.1063
endloop
endfacet
facet normal -0.061941 0.470492 0.880228
outer loop
vertex 26.4650 1.6769 4.5955
vertex 25.9176 0.6493 5.1063
vertex 26.4650 0.7213 5.1063
endloop
endfacet
facet normal -0.181603 0.438428 0.880228
outer loop
vertex 25.6703 1.5722 4.5955
vertex 24.9297 1.2655 4.5955
vertex 25.4075 0.4380 5.1063
endloop
endfacet
facet normal -0.181603 0.438428 0.880228
outer loop
vertex 25.6703 1.5722 4.5955
vertex 25.4075 0.4380 5.1063
vertex 25.9176 0.6493 5.1063
endloop
endfacet
facet normal -0.288889 0.376487 0.880228
outer loop
vertex 24.9297 1.2655 4.5955
vertex 24.2937 0.7775 4.5955
vertex 24.9694 0.1018 5.1063
endloop
endfacet
facet normal -0.288889 0.376487 0.880228
outer loop
vertex 24.9297 1.2655 4.5955
vertex 24.9694 0.1018 5.1063
vertex 25.4075 0.4380 5.1063
endloop
endfacet
facet normal -0.376487 0.288889 0.880228
outer loop
vertex 24.2937 0.7775 4.5955
vertex 23.8058 0.1416 4.5955
vertex 24.6333 -0.3362 5.1063
endloop
endfacet
facet normal -0.376487 0.288889 0.880228
outer loop
vertex 24.2937 0.7775 4.5955
vertex 24.6333 -0.3362 5.1063
vertex 24.9694 0.1018 5.1063
endloop
endfacet
facet normal -0.438428 0.181603 0.880228
outer loop
vertex 23.8058 0.1416 4.5955
vertex 23.4990 -0.5990 4.5955
vertex 24.4220 -0.8463 5.1063
endloop
endfacet
facet normal -0.438428 0.181603 0.880228
outer loop
vertex 23.8058 0.1416 4.5955
vertex 24.4220 -0.8463 5.1063
vertex 24.6333 -0.3362 5.1063
endloop
endfacet
facet normal -0.470492 0.061941 0.880228
outer loop
vertex 23.4990 -0.5990 4.5955
vertex 23.3944 -1.3938 4.5955
vertex 24.3499 -1.3938 5.1063
endloop
endfacet
facet normal -0.470492 0.061941 0.880228
outer loop
vertex 23.4990 -0.5990 4.5955
vertex 24.3499 -1.3938 5.1063
vertex 24.4220 -0.8463 5.1063
endloop
endfacet
facet normal -0.470492 -0.061941 0.880228
outer loop
vertex 23.3944 -1.3938 4.5955
vertex 23.4990 -2.1885 4.5955
vertex 24.4220 -1.9412 5.1063
endloop
endfacet
facet normal -0.470492 -0.061941 0.880228
outer loop
vertex 23.3944 -1.3938 4.5955
vertex 24.4220 -1.9412 5.1063
vertex 24.3499 -1.3938 5.1063
endloop
endfacet
facet normal -0.438428 -0.181603 0.880228
outer loop
vertex 23.4990 -2.1885 4.5955
vertex 23.8058 -2.9291 4.5955
vertex 24.6333 -2.4513 5.1063
endloop
endfacet
facet normal -0.438428 -0.181603 0.880228
outer loop
vertex 23.4990 -2.1885 4.5955
vertex 24.6333 -2.4513 5.1063
vertex 24.4220 -1.9412 5.1063
endloop
endfacet
facet normal -0.376487 -0.288889 0.880228
outer loop
vertex 23.8058 -2.9291 4.5955
vertex 24.2937 -3.5650 4.5955
vertex 24.9694 -2.8893 5.1063
endloop
endfacet
facet normal -0.376487 -0.288889 0.880228
outer loop
vertex 23.8058 -2.9291 4.5955
vertex 24.9694 -2.8893 5.1063
vertex 24.6333 -2.4513 5.1063
endloop
endfacet
facet normal -0.288889 -0.376487 0.880228
outer loop
vertex 24.2937 -3.5650 4.5955
vertex 24.9297 -4.0530 4.5955
vertex 25.4075 -3.2255 5.1063
endloop
endfacet
facet normal -0.288889 -0.376487 0.880228
outer loop
vertex 24.2937 -3.5650 4.5955
vertex 25.4075 -3.2255 5.1063
vertex 24.9694 -2.8893 5.1063
endloop
endfacet
facet normal -0.181603 -0.438428 0.880228
outer loop
vertex 24.9297 -4.0530 4.5955
vertex 25.6703 -4.3598 4.5955
vertex 25.9176 -3.4368 5.1063
endloop
endfacet
facet normal -0.181603 -0.438428 0.880228
outer loop
vertex 24.9297 -4.0530 4.5955
vertex 25.9176 -3.4368 5.1063
vertex 25.4075 -3.2255 5.1063
endloop
endfacet
facet normal -0.061941 -0.470492 0.880228
outer loop
vertex 25.6703 -4.3598 4.5955
vertex 26.4650 -4.4644 4.5955
vertex 26.4650 -3.5088 5.1063
endloop
endfacet
facet normal -0.061941 -0.470492 0.880228
outer loop
vertex 25.6703 -4.3598 4.5955
vertex 26.4650 -3.5088 5.1063
vertex 25.9176 -3.4368 5.1063
endloop
endfacet
facet normal 0.061941 -0.470492 0.880228
outer loop
vertex 26.4650 -4.4644 4.5955
vertex 27.2597 -4.3598 4.5955
vertex 27.0124 -3.4368 5.1063
endloop
endfacet
facet normal 0.061941 -0.470492 0.880228
outer loop
vertex 26.4650 -4.4644 4.5955
vertex 27.0124 -3.4368 5.1063
vertex 26.4650 -3.5088 5.1063
endloop
endfacet
facet normal 0.181603 -0.438428 0.880228
outer loop
vertex 27.2597 -4.3598 4.5955
vertex 28.0003 -4.0530 4.5955
vertex 27.5225 -3.2255 5.1063
endloop
endfacet
facet normal 0.181603 -0.438428 0.880228
outer loop
vertex 27.2597 -4.3598 4.5955
vertex 27.5225 -3.2255 5.1063
vertex 27.0124 -3.4368 5.1063
endloop
endfacet
facet normal 0.288889 -0.376487 0.880228
outer loop
vertex 28.0003 -4.0530 4.5955
vertex 28.6363 -3.5650 4.5955
vertex 27.9606 -2.8893 5.1063
endloop
endfacet
facet normal 0.288889 -0.376487 0.880228
outer loop
vertex 28.0003 -4.0530 4.5955
vertex 27.9606 -2.8893 5.1063
vertex 27.5225 -3.2255 5.1063
endloop
endfacet
facet normal 0.376487 -0.288889 0.880228
outer loop
vertex 28.6363 -3.5650 4.5955
vertex 29.1242 -2.9291 4.5955
vertex 28.2967 -2.4513 5.1063
endloop
endfacet
facet normal 0.376487 -0.288889 0.880228
outer loop
vertex 28.6363 -3.5650 4.5955
vertex 28.2967 -2.4513 5.1063
vertex 27.9606 -2.8893 5.1063
endloop
endfacet
facet normal 0.438428 -0.181603 0.880228
outer loop
vertex 29.1242 -2.9291 4.5955
vertex 29.4310 -2.1885 4.5955
vertex 28.5080 -1.9412 5.1063
endloop
endfacet
facet normal 0.438428 -0.181603 0.880228
outer loop
vertex 29.1242 -2.9291 4.5955
vertex 28.5080 -1.9412 5.1063
vertex 28.2967 -2.4513 5.1063
endloop
endfacet
facet normal 0.470492 -0.061941 0.880228
outer loop
vertex 29.4310 -2.1885 4.5955
vertex 29.5356 -1.3938 4.5955
vertex 28.5801 -1.3938 5.1063
endloop
endfacet
facet normal 0.470492 -0.061941 0.880228
outer loop
vertex 29.4310 -2.1885 4.5955
vertex 28.5801 -1.3938 5.1063
vertex 28.5080 -1.9412 5.1063
endloop
endfacet
facet normal 0.290073 0.038189 0.956242
outer loop
vertex 28.5801 -1.3938 5.1063
vertex 28.5080 -0.8463 5.1063
vertex 27.5065 -1.1147 5.4208
endloop
endfacet
facet normal 0.290073 0.038189 0.956242
outer loop
vertex 28.5801 -1.3938 5.1063
vertex 27.5065 -1.1147 5.4208
vertex 27.5433 -1.3938 5.4208
endloop
endfacet
facet normal 0.270305 0.111964 0.956242
outer loop
vertex 28.5080 -0.8463 5.1063
vertex 28.2967 -0.3362 5.1063
vertex 27.3988 -0.8546 5.4208
endloop
endfacet
facet normal 0.270305 0.111964 0.956242
outer loop
vertex 28.5080 -0.8463 5.1063
vertex 27.3988 -0.8546 5.4208
vertex 27.5065 -1.1147 5.4208
endloop
endfacet
facet normal 0.232116 0.178109 0.956242
outer loop
vertex 28.2967 -0.3362 5.1063
vertex 27.9606 0.1018 5.1063
vertex 27.2275 -0.6313 5.4208
endloop
endfacet
facet normal 0.232116 0.178109 0.956242
outer loop
vertex 28.2967 -0.3362 5.1063
vertex 27.2275 -0.6313 5.4208
vertex 27.3988 -0.8546 5.4208
endloop
endfacet
facet normal 0.178109 0.232116 0.956242
outer loop
vertex 27.9606 0.1018 5.1063
vertex 27.5225 0.4380 5.1063
vertex 27.0041 -0.4600 5.4208
endloop
endfacet
facet normal 0.178109 0.232116 0.956242
outer loop
vertex 27.9606 0.1018 5.1063
vertex 27.0041 -0.4600 5.4208
vertex 27.2275 -0.6313 5.4208
endloop
endfacet
facet normal 0.111964 0.270305 0.956242
outer loop
vertex 27.5225 0.4380 5.1063
vertex 27.0124 0.6493 5.1063
vertex 26.7441 -0.3522 5.4208
endloop
endfacet
facet normal 0.111964 0.270305 0.956242
outer loop
vertex 27.5225 0.4380 5.1063
vertex 26.7441 -0.3522 5.4208
vertex 27.0041 -0.4600 5.4208
endloop
endfacet
facet normal 0.038189 0.290073 0.956242
outer loop
vertex 27.0124 0.6493 5.1063
vertex 26.4650 0.7213 5.1063
vertex 26.4650 -0.3155 5.4208
endloop
endfacet
facet normal 0.038189 0.290073 0.956242
outer loop
vertex 27.0124 0.6493 5.1063
vertex 26.4650 -0.3155 5.4208
vertex 26.7441 -0.3522 5.4208
endloop
endfacet
facet normal -0.038189 0.290073 0.956242
outer loop
vertex 26.4650 0.7213 5.1063
vertex 25.9176 0.6493 5.1063
vertex 26.1859 -0.3522 5.4208
endloop
endfacet
facet normal -0.038189 0.290073 0.956242
outer loop
vertex 26.4650 0.7213 5.1063
vertex 26.1859 -0.3522 5.4208
vertex 26.4650 -0.3155 5.4208
endloop
endfacet
facet normal -0.111964 0.270305 0.956242
outer loop
vertex 25.9176 0.6493 5.1063
vertex 25.4075 0.4380 5.1063
vertex 25.9259 -0.4600 5.4208
endloop
endfacet
facet normal -0.111964 0.270305 0.956242
outer loop
vertex 25.9176 0.6493 5.1063
vertex 25.9259 -0.4600 5.4208
vertex 26.1859 -0.3522 5.4208
endloop
endfacet
facet normal -0.178109 0.232116 0.956242
outer loop
vertex 25.4075 0.4380 5.1063
vertex 24.9694 0.1018 5.1063
vertex 25.7026 -0.6313 5.4208
endloop
endfacet
facet normal -0.178109 0.232116 0.956242
outer loop
vertex 25.4075 0.4380 5.1063
vertex 25.7026 -0.6313 5.4208
vertex 25.9259 -0.4600 5.4208
endloop
endfacet
facet normal -0.232116 0.178109 0.956242
outer loop
vertex 24.9694 0.1018 5.1063
vertex 24.6333 -0.3362 5.1063
vertex 25.5312 -0.8546 5.4208
endloop
endfacet
facet normal -0.232116 0.178109 0.956242
outer loop
vertex 24.9694 0.1018 5.1063
vertex 25.5312 -0.8546 5.4208
vertex 25.7026 -0.6313 5.4208
endloop
endfacet
facet normal -0.270305 0.111964 0.956242
outer loop
vertex 24.6333 -0.3362 5.1063
vertex 24.4220 -0.8463 5.1063
vertex 25.4235 -1.1147 5.4208
endloop
endfacet
facet normal -0.270305 0.111964 0.956242
outer loop
vertex 24.6333 -0.3362 5.1063
vertex 25.4235 -1.1147 5.4208
vertex 25.5312 -0.8546 5.4208
endloop
endfacet
facet normal -0.290073 0.038189 0.956242
outer loop
vertex 24.4220 -0.8463 5.1063
vertex 24.3499 -1.3938 5.1063
vertex 25.3867 -1.3938 5.4208
endloop
endfacet
facet normal -0.290073 0.038189 0.956242
outer loop
vertex 24.4220 -0.8463 5.1063
vertex 25.3867 -1.3938 5.4208
vertex 25.4235 -1.1147 5.4208
endloop
endfacet
facet normal -0.290073 -0.038189 0.956242
outer loop
vertex 24.3499 -1.3938 5.1063
vertex 24.4220 -1.9412 5.1063
vertex 25.4235 -1.6728 5.4208
endloop
endfacet
facet normal -0.290073 -0.038189 0.956242
outer loop
vertex 24.3499 -1.3938 5.1063
vertex 25.4235 -1.6728 5.4208
vertex 25.3867 -1.3938 5.4208
endloop
endfacet
facet normal -0.270305 -0.111964 0.956242
outer loop
vertex 24.4220 -1.9412 5.1063
vertex 24.6333 -2.4513 5.1063
vertex 25.5312 -1.9329 5.4208
endloop
endfacet
facet normal -0.270305 -0.111964 0.956242
outer loop
vertex 24.4220 -1.9412 5.1063
vertex 25.5312 -1.9329 5.4208
vertex 25.4235 -1.6728 5.4208
endloop
endfacet
facet normal -0.232116 -0.178109 0.956242
outer loop
vertex 24.6333 -2.4513 5.1063
vertex 24.9694 -2.8893 5.1063
vertex 25.7026 -2.1562 5.4208
endloop
endfacet
facet normal -0.232116 -0.178109 0.956242
outer loop
vertex 24.6333 -2.4513 5.1063
vertex 25.7026 -2.1562 5.4208
vertex 25.5312 -1.9329 5.4208
endloop
endfacet
facet normal -0.178109 -0.232116 0.956242
outer loop
vertex 24.9694 -2.8893 5.1063
vertex 25.4075 -3.2255 5.1063
vertex 25.9259 -2.3276 5.4208
endloop
endfacet
facet normal -0.178109 -0.232116 0.956242
outer loop
vertex 24.9694 -2.8893 5.1063
vertex 25.9259 -2.3276 5.4208
vertex 25.7026 -2.1562 5.4208
endloop
endfacet
facet normal -0.111964 -0.270305 0.956242
outer loop
vertex 25.4075 -3.2255 5.1063
vertex 25.9176 -3.4368 5.1063
vertex 26.1859 -2.4353 5.4208
endloop
endfacet
facet normal -0.111964 -0.270305 0.956242
outer loop
vertex 25.4075 -3.2255 5.1063
vertex 26.1859 -2.4353 5.4208
vertex 25.9259 -2.3276 5.4208
endloop
endfacet
facet normal -0.038189 -0.290073 0.956242
outer loop
vertex 25.9176 -3.4368 5.1063
vertex 26.4650 -3.5088 5.1063
vertex 26.4650 -2.4720 5.4208
endloop
endfacet
facet normal -0.038189 -0.290073 0.956242
outer loop
vertex 25.9176 -3.4368 5.1063
vertex 26.4650 -2.4720 5.4208
vertex 26.1859 -2.4353 5.4208
endloop
endfacet
facet normal 0.038189 -0.290073 0.956242
outer loop
vertex 26.4650 -3.5088 5.1063
vertex 27.0124 -3.4368 5.1063
vertex 26.7441 -2.4353 5.4208
endloop
endfacet
facet normal 0.038189 -0.290073 0.956242
outer loop
vertex 26.4650 -3.5088 5.1063
vertex 26.7441 -2.4353 5.4208
vertex 26.4650 -2.4720 5.4208
endloop
endfacet
facet normal 0.111964 -0.270305 0.956242
outer loop
vertex 27.0124 -3.4368 5.1063
vertex 27.5225 -3.2255 5.1063
vertex 27.0041 -2.3276 5.4208
endloop
endfacet
facet normal 0.111964 -0.270305 0.956242
outer loop
vertex 27.0124 -3.4368 5.1063
vertex 27.0041 -2.3276 5.4208
vertex 26.7441 -2.4353 5.4208
endloop
endfacet
facet normal 0.178109 -0.232116 0.956242
outer loop
vertex 27.5225 -3.2255 5.1063
vertex 27.9606 -2.8893 5.1063
vertex 27.2275 -2.1562 5.4208
endloop
endfacet
facet normal 0.178109 -0.232116 0.956242
outer loop
vertex 27.5225 -3.2255 5.1063
vertex 27.2275 -2.1562 5.4208
vertex 27.0041 -2.3276 5.4208
endloop
endfacet
facet normal 0.232116 -0.178109 0.956242
outer loop
vertex 27.9606 -2.8893 5.1063
vertex 28.2967 -2.4513 5.1063
vertex 27.3988 -1.9329 5.4208
endloop
endfacet
facet normal 0.232116 -0.178109 0.956242
outer loop
vertex 27.9606 -2.8893 5.1063
vertex 27.3988 -1.9329 5.4208
vertex 27.2275 -2.1562 5.4208
endloop
endfacet
facet normal 0.270305 -0.111964 0.956242
outer loop
vertex 28.2967 -2.4513 5.1063
vertex 28.5080 -1.9412 5.1063
vertex 27.5065 -1.6728 5.4208
endloop
endfacet
facet normal 0.270305 -0.111964 0.956242
outer loop
vertex 28.2967 -2.4513 5.1063
vertex 27.5065 -1.6728 5.4208
vertex 27.3988 -1.9329 5.4208
endloop
endfacet
facet normal 0.290073 -0.038189 0.956242
outer loop
vertex 28.5080 -1.9412 5.1063
vertex 28.5801 -1.3938 5.1063
vertex 27.5433 -1.3938 5.4208
endloop
endfacet
facet normal 0.290073 -0.038189 0.956242
outer loop
vertex 28.5080 -1.9412 5.1063
vertex 27.5433 -1.3938 5.4208
vertex 27.5065 -1.6728 5.4208
endloop
endfacet
facet normal 0.098009 0.012903 0.995102
outer loop
vertex 27.5433 -1.3938 5.4208
vertex 27.5065 -1.1147 5.4208
vertex 26.4650 -1.3938 5.5270
endloop
endfacet
facet normal 0.091330 0.037830 0.995102
outer loop
vertex 27.5065 -1.1147 5.4208
vertex 27.3988 -0.8546 5.4208
vertex 26.4650 -1.3938 5.5270
endloop
endfacet
facet normal 0.078427 0.060179 0.995102
outer loop
vertex 27.3988 -0.8546 5.4208
vertex 27.2275 -0.6313 5.4208
vertex 26.4650 -1.3938 5.5270
endloop
endfacet
facet normal 0.060179 0.078427 0.995102
outer loop
vertex 27.2275 -0.6313 5.4208
vertex 27.0041 -0.4600 5.4208
vertex 26.4650 -1.3938 5.5270
endloop
endfacet
facet normal 0.037830 0.091330 0.995102
outer loop
vertex 27.0041 -0.4600 5.4208
vertex 26.7441 -0.3522 5.4208
vertex 26.4650 -1.3938 5.5270
endloop
endfacet
facet normal 0.012903 0.098009 0.995102
outer loop
vertex 26.7441 -0.3522 5.4208
vertex 26.4650 -0.3155 5.4208
vertex 26.4650 -1.3938 5.5270
endloop
endfacet
facet normal -0.012903 0.098009 0.995102
outer loop
vertex 26.4650 -0.3155 5.4208
vertex 26.1859 -0.3522 5.4208
vertex 26.4650 -1.3938 5.5270
endloop
endfacet
facet normal -0.037830 0.091330 0.995102
outer loop
vertex 26.1859 -0.3522 5.4208
vertex 25.9259 -0.4600 5.4208
vertex 26.4650 -1.3938 5.5270
endloop
endfacet
facet normal -0.060179 0.078427 0.995102
outer loop
vertex 25.9259 -0.4600 5.4208
vertex 25.7026 -0.6313 5.4208
vertex 26.4650 -1.3938 5.5270
endloop
endfacet
facet normal -0.078427 0.060179 0.995102
outer loop
vertex 25.7026 -0.6313 5.4208
vertex 25.5312 -0.8546 5.4208
vertex 26.4650 -1.3938 5.5270
endloop
endfacet
facet normal -0.091330 0.037830 0.995102
outer loop
vertex 25.5312 -0.8546 5.4208
vertex 25.4235 -1.1147 5.4208
vertex 26.4650 -1.3938 5.5270
endloop
endfacet
facet normal -0.098009 0.012903 0.995102
outer loop
vertex 25.4235 -1.1147 5.4208
vertex 25.3867 -1.3938 5.4208
vertex 26.4650 -1.3938 5.5270
endloop
endfacet
facet normal -0.098009 -0.012903 0.995102
outer loop
vertex 25.3867 -1.3938 5.4208
vertex 25.4235 -1.6728 5.4208
vertex 26.4650 -1.3938 5.5270
endloop
endfacet
facet normal -0.091330 -0.037830 0.995102
outer loop
vertex 25.4235 -1.6728 5.4208
vertex 25.5312 -1.9329 5.4208
vertex 26.4650 -1.3938 5.5270
endloop
endfacet
facet normal -0.078427 -0.060179 0.995102
outer loop
vertex 25.5312 -1.9329 5.4208
vertex 25.7026 -2.1562 5.4208
vertex 26.4650 -1.3938 5.5270
endloop
endfacet
facet normal -0.060179 -0.078427 0.995102
outer loop
vertex 25.7026 -2.1562 5.4208
vertex 25.9259 -2.3276 5.4208
vertex 26.4650 -1.3938 5.5270
endloop
endfacet
facet normal -0.037830 -0.091330 0.995102
outer loop
vertex 25.9259 -2.3276 5.4208
vertex 26.1859 -2.4353 5.4208
vertex 26.4650 -1.3938 5.5270
endloop
endfacet
facet normal -0.012903 -0.098009 0.995102
outer loop
vertex 26.1859 -2.4353 5.4208
vertex 26.4650 -2.4720 5.4208
vertex 26.4650 -1.3938 5.5270
endloop
endfacet
facet normal 0.012903 -0.098009 0.995102
outer loop
vertex 26.4650 -2.4720 5.4208
vertex 26.7441 -2.4353 5.4208
vertex 26.4650 -1.3938 5.5270
endloop
endfacet
facet normal 0.037830 -0.091330 0.995102
outer loop
vertex 26.7441 -2.4353 5.4208
vertex 27.0041 -2.3276 5.4208
vertex 26.4650 -1.3938 5.5270
endloop
endfacet
facet normal 0.060179 -0.078427 0.995102
outer loop
vertex 27.0041 -2.3276 5.4208
vertex 27.2275 -2.1562 5.4208
vertex 26.4650 -1.3938 5.5270
endloop
endfacet
facet normal 0.078427 -0.060179 0.995102
outer loop
vertex 27.2275 -2.1562 5.4208
vertex 27.3988 -1.9329 5.4208
vertex 26.4650 -1.3938 5.5270
endloop
endfacet
facet normal 0.091330 -0.037830 0.995102
outer loop
vertex 27.3988 -1.9329 5.4208
vertex 27.5065 -1.6728 5.4208
vertex 26.4650 -1.3938 5.5270
endloop
endfacet
facet normal 0.098009 -0.012903 0.995102
outer loop
vertex 27.5065 -1.6728 5.4208
vertex 27.5433 -1.3938 5.4208
vertex 26.4650 -1.3938 5.5270
endloop
endfacet
facet normal 0.986752 0.129908 0.097187
outer loop
vertex -2.2586 -22.3918 0.0000
vertex -2.4083 -21.2541 0.0000
vertex -2.4899 -21.2759 0.8576
endloop
endfacet
facet normal 0.986752 0.129908 0.097187
outer loop
vertex -2.2586 -22.3918 0.0000
vertex -2.4899 -21.2759 0.8576
vertex -2.3430 -22.3918 0.8576
endloop
endfacet
facet normal 0.919506 0.380872 0.097187
outer loop
vertex -2.4083 -21.2541 0.0000
vertex -2.8475 -20.1938 0.0000
vertex -2.9207 -20.2361 0.8576
endloop
endfacet
facet normal 0.919506 0.380872 0.097187
outer loop
vertex -2.4083 -21.2541 0.0000
vertex -2.9207 -20.2361 0.8576
vertex -2.4899 -21.2759 0.8576
endloop
endfacet
facet normal 0.789598 0.605880 0.097187
outer loop
vertex -2.8475 -20.1938 0.0000
vertex -3.5461 -19.2834 0.0000
vertex -3.6059 -19.3431 0.8576
endloop
endfacet
facet normal 0.789598 0.605880 0.097187
outer loop
vertex -2.8475 -20.1938 0.0000
vertex -3.6059 -19.3431 0.8576
vertex -2.9207 -20.2361 0.8576
endloop
endfacet
facet normal 0.605880 0.789598 0.097187
outer loop
vertex -3.5461 -19.2834 0.0000
vertex -4.4566 -18.5848 0.0000
vertex -4.4988 -18.6579 0.8576
endloop
endfacet
facet normal 0.605880 0.789598 0.097187
outer loop
vertex -3.5461 -19.2834 0.0000
vertex -4.4988 -18.6579 0.8576
vertex -3.6059 -19.3431 0.8576
endloop
endfacet
facet normal 0.380872 0.919506 0.097187
outer loop
vertex -4.4566 -18.5848 0.0000
vertex -5.5168 -18.1456 0.0000
vertex -5.5387 -18.2272 0.8576
endloop
endfacet
facet normal 0.380872 0.919506 0.097187
outer loop
vertex -4.4566 -18.5848 0.0000
vertex -5.5387 -18.2272 0.8576
vertex -4.4988 -18.6579 0.8576
endloop
endfacet
facet normal 0.129908 0.986752 0.097187
outer loop
vertex -5.5168 -18.1456 0.0000
vertex -6.6546 -17.9958 0.0000
vertex -6.6546 -18.0803 0.8576
endloop
endfacet
facet normal 0.129908 0.986752 0.097187
outer loop
vertex -5.5168 -18.1456 0.0000
vertex -6.6546 -18.0803 0.8576
vertex -5.5387 -18.2272 0.8576
endloop
endfacet
facet normal -0.129908 0.986752 0.097187
outer loop
vertex -6.6546 -17.9958 0.0000
vertex -7.7924 -18.1456 0.0000
vertex -7.7705 -18.2272 0.8576
endloop
endfacet
facet normal -0.129908 0.986752 0.097187
outer loop
vertex -6.6546 -17.9958 0.0000
vertex -7.7705 -18.2272 0.8576
vertex -6.6546 -18.0803 0.8576
endloop
endfacet
facet normal -0.380872 0.919506 0.097187
outer loop
vertex -7.7924 -18.1456 0.0000
vertex -8.8526 -18.5848 0.0000
vertex -8.8104 -18.6579 0.8576
endloop
endfacet
facet normal -0.380872 0.919506 0.097187
outer loop
vertex -7.7924 -18.1456 0.0000
vertex -8.8104 -18.6579 0.8576
vertex -7.7705 -18.2272 0.8576
endloop
endfacet
facet normal -0.605880 0.789598 0.097187
outer loop
vertex -8.8526 -18.5848 0.0000
vertex -9.7631 -19.2834 0.0000
vertex -9.7033 -19.3431 0.8576
endloop
endfacet
facet normal -0.605880 0.789598 0.097187
outer loop
vertex -8.8526 -18.5848 0.0000
vertex -9.7033 -19.3431 0.8576
vertex -8.8104 -18.6579 0.8576
endloop
endfacet
facet normal -0.789598 0.605880 0.097187
outer loop
vertex -9.7631 -19.2834 0.0000
vertex -10.4617 -20.1938 0.0000
vertex -10.3885 -20.2361 0.8576
endloop
endfacet
facet normal -0.789598 0.605880 0.097187
outer loop
vertex -9.7631 -19.2834 0.0000
vertex -10.3885 -20.2361 0.8576
vertex -9.7033 -19.3431 0.8576
endloop
endfacet
facet normal -0.919506 0.380872 0.097187
outer loop
vertex -10.4617 -20.1938 0.0000
vertex -10.9008 -21.2541 0.0000
vertex -10.8193 -21.2759 0.8576
endloop
endfacet
facet normal -0.919506 0.380872 0.097187
outer loop
vertex -10.4617 -20.1938 0.0000
vertex -10.8193 -21.2759 0.8576
vertex -10.3885 -20.2361 0.8576
endloop
endfacet
facet normal -0.986752 0.129908 0.097187
outer loop
vertex -10.9008 -21.2541 0.0000
vertex -11.0506 -22.3918 0.0000
vertex -10.9662 -22.3918 0.8576
endloop
endfacet
facet normal -0.986752 0.129908 0.097187
outer loop
vertex -10.9008 -21.2541 0.0000
vertex -10.9662 -22.3918 0.8576
vertex -10.8193 -21.2759 0.8576
endloop
endfacet
facet normal -0.986752 -0.129908 0.097187
outer loop
vertex -11.0506 -22.3918 0.0000
vertex -10.9008 -23.5296 0.0000
vertex -10.8193 -23.5078 0.8576
endloop
endfacet
facet normal -0.986752 -0.129908 0.097187
outer loop
vertex -11.0506 -22.3918 0.0000
vertex -10.8193 -23.5078 0.8576
vertex -10.9662 -22.3918 0.8576
endloop
endfacet
facet normal -0.919506 -0.380872 0.097187
outer loop
vertex -10.9008 -23.5296 0.0000
vertex -10.4617 -24.5899 0.0000
vertex -10.3885 -24.5476 0.8576
endloop
endfacet
facet normal -0.919506 -0.380872 0.097187
outer loop
vertex -10.9008 -23.5296 0.0000
vertex -10.3885 -24.5476 0.8576
vertex -10.8193 -23.5078 0.8576
endloop
endfacet
facet normal -0.789598 -0.605880 0.097187
outer loop
vertex -10.4617 -24.5899 0.0000
vertex -9.7631 -25.5003 0.0000
vertex -9.7033 -25.4406 0.8576
endloop
endfacet
facet normal -0.789598 -0.605880 0.097187
outer loop
vertex -10.4617 -24.5899 0.0000
vertex -9.7033 -25.4406 0.8576
vertex -10.3885 -24.5476 0.8576
endloop
endfacet
facet normal -0.605880 -0.789598 0.097187
outer loop
vertex -9.7631 -25.5003 0.0000
vertex -8.8526 -26.1989 0.0000
vertex -8.8104 -26.1258 0.8576
endloop
endfacet
facet normal -0.605880 -0.789598 0.097187
outer loop
vertex -9.7631 -25.5003 0.0000
vertex -8.8104 -26.1258 0.8576
vertex -9.7033 -25.4406 0.8576
endloop
endfacet
facet normal -0.380872 -0.919506 0.097187
outer loop
vertex -8.8526 -26.1989 0.0000
vertex -7.7924 -26.6381 0.0000
vertex -7.7705 -26.5565 0.8576
endloop
endfacet
facet normal -0.380872 -0.919506 0.097187
outer loop
vertex -8.8526 -26.1989 0.0000
vertex -7.7705 -26.5565 0.8576
vertex -8.8104 -26.1258 0.8576
endloop
endfacet
facet normal -0.129908 -0.986752 0.097187
outer loop
vertex -7.7924 -26.6381 0.0000
vertex -6.6546 -26.7879 0.0000
vertex -6.6546 -26.7034 0.8576
endloop
endfacet
facet normal -0.129908 -0.986752 0.097187
outer loop
vertex -7.7924 -26.6381 0.0000
vertex -6.6546 -26.7034 0.8576
vertex -7.7705 -26.5565 0.8576
endloop
endfacet
facet normal 0.129908 -0.986752 0.097187
outer loop
vertex -6.6546 -26.7879 0.0000
vertex -5.5168 -26.6381 0.0000
vertex -5.5387 -26.5565 0.8576
endloop
endfacet
facet normal 0.129908 -0.986752 0.097187
outer loop
vertex -6.6546 -26.7879 0.0000
vertex -5.5387 -26.5565 0.8576
vertex -6.6546 -26.7034 0.8576
endloop
endfacet
facet normal 0.380872 -0.919506 0.097187
outer loop
vertex -5.5168 -26.6381 0.0000
vertex -4.4566 -26.1989 0.0000
vertex -4.4988 -26.1258 0.8576
endloop
endfacet
facet normal 0.380872 -0.919506 0.097187
outer loop
vertex -5.5168 -26.6381 0.0000
vertex -4.4988 -26.1258 0.8576
vertex -5.5387 -26.5565 0.8576
endloop
endfacet
facet normal 0.605880 -0.789598 0.097187
outer loop
vertex -4.4566 -26.1989 0.0000
vertex -3.5461 -25.5003 0.0000
vertex -3.6059 -25.4406 0.8576
endloop
endfacet
facet normal 0.605880 -0.789598 0.097187
outer loop
vertex -4.4566 -26.1989 0.0000
vertex -3.6059 -25.4406 0.8576
vertex -4.4988 -26.1258 0.8576
endloop
endfacet
facet normal 0.789598 -0.605880 0.097187
outer loop
vertex -3.5461 -25.5003 0.0000
vertex -2.8475 -24.5899 0.0000
vertex -2.9207 -24.5476 0.8576
endloop
endfacet
facet normal 0.789598 -0.605880 0.097187
outer loop
vertex -3.5461 -25.5003 0.0000
vertex -2.9207 -24.5476 0.8576
vertex -3.6059 -25.4406 0.8576
endloop
endfacet
facet normal 0.919506 -0.380872 0.097187
outer loop
vertex -2.8475 -24.5899 0.0000
vertex -2.4083 -23.5296 0.0000
vertex -2.4899 -23.5078 0.8576
endloop
endfacet
facet normal 0.919506 -0.380872 0.097187
outer loop
vertex -2.8475 -24.5899 0.0000
vertex -2.4899 -23.5078 0.8576
vertex -2.9207 -24.5476 0.8576
endloop
endfacet
facet normal 0.986752 -0.129908 0.097187
outer loop
vertex -2.4083 -23.5296 0.0000
vertex -2.2586 -22.3918 0.0000
vertex -2.3430 -22.3918 0.8576
endloop
endfacet
facet normal 0.986752 -0.129908 0.097187
outer loop
vertex -2.4083 -23.5296 0.0000
vertex -2.3430 -22.3918 0.8576
vertex -2.4899 -23.5078 0.8576
endloop
endfacet
facet normal 0.949435 0.124996 0.288008
outer loop
vertex -2.3430 -22.3918 0.8576
vertex -2.4899 -21.2759 0.8576
vertex -2.7316 -21.3407 1.6823
endloop
endfacet
facet normal 0.949435 0.124996 0.288008
outer loop
vertex -2.3430 -22.3918 0.8576
vertex -2.7316 -21.3407 1.6823
vertex -2.5932 -22.3918 1.6823
endloop
endfacet
facet normal 0.884733 0.366468 0.288008
outer loop
vertex -2.4899 -21.2759 0.8576
vertex -2.9207 -20.2361 0.8576
vertex -3.1373 -20.3611 1.6823
endloop
endfacet
facet normal 0.884733 0.366468 0.288008
outer loop
vertex -2.4899 -21.2759 0.8576
vertex -3.1373 -20.3611 1.6823
vertex -2.7316 -21.3407 1.6823
endloop
endfacet
facet normal 0.759737 0.582967 0.288008
outer loop
vertex -2.9207 -20.2361 0.8576
vertex -3.6059 -19.3431 0.8576
vertex -3.7827 -19.5200 1.6823
endloop
endfacet
facet normal 0.759737 0.582967 0.288008
outer loop
vertex -2.9207 -20.2361 0.8576
vertex -3.7827 -19.5200 1.6823
vertex -3.1373 -20.3611 1.6823
endloop
endfacet
facet normal 0.582967 0.759737 0.288008
outer loop
vertex -3.6059 -19.3431 0.8576
vertex -4.4988 -18.6579 0.8576
vertex -4.6239 -18.8746 1.6823
endloop
endfacet
facet normal 0.582967 0.759737 0.288008
outer loop
vertex -3.6059 -19.3431 0.8576
vertex -4.6239 -18.8746 1.6823
vertex -3.7827 -19.5200 1.6823
endloop
endfacet
facet normal 0.366468 0.884733 0.288008
outer loop
vertex -4.4988 -18.6579 0.8576
vertex -5.5387 -18.2272 0.8576
vertex -5.6034 -18.4688 1.6823
endloop
endfacet
facet normal 0.366468 0.884733 0.288008
outer loop
vertex -4.4988 -18.6579 0.8576
vertex -5.6034 -18.4688 1.6823
vertex -4.6239 -18.8746 1.6823
endloop
endfacet
facet normal 0.124996 0.949435 0.288008
outer loop
vertex -5.5387 -18.2272 0.8576
vertex -6.6546 -18.0803 0.8576
vertex -6.6546 -18.3304 1.6823
endloop
endfacet
facet normal 0.124996 0.949435 0.288008
outer loop
vertex -5.5387 -18.2272 0.8576
vertex -6.6546 -18.3304 1.6823
vertex -5.6034 -18.4688 1.6823
endloop
endfacet
facet normal -0.124996 0.949435 0.288008
outer loop
vertex -6.6546 -18.0803 0.8576
vertex -7.7705 -18.2272 0.8576
vertex -7.7058 -18.4688 1.6823
endloop
endfacet
facet normal -0.124996 0.949435 0.288008
outer loop
vertex -6.6546 -18.0803 0.8576
vertex -7.7058 -18.4688 1.6823
vertex -6.6546 -18.3304 1.6823
endloop
endfacet
facet normal -0.366468 0.884733 0.288008
outer loop
vertex -7.7705 -18.2272 0.8576
vertex -8.8104 -18.6579 0.8576
vertex -8.6853 -18.8746 1.6823
endloop
endfacet
facet normal -0.366468 0.884733 0.288008
outer loop
vertex -7.7705 -18.2272 0.8576
vertex -8.6853 -18.8746 1.6823
vertex -7.7058 -18.4688 1.6823
endloop
endfacet
facet normal -0.582967 0.759737 0.288008
outer loop
vertex -8.8104 -18.6579 0.8576
vertex -9.7033 -19.3431 0.8576
vertex -9.5265 -19.5200 1.6823
endloop
endfacet
facet normal -0.582967 0.759737 0.288008
outer loop
vertex -8.8104 -18.6579 0.8576
vertex -9.5265 -19.5200 1.6823
vertex -8.6853 -18.8746 1.6823
endloop
endfacet
facet normal -0.759737 0.582967 0.288008
outer loop
vertex -9.7033 -19.3431 0.8576
vertex -10.3885 -20.2361 0.8576
vertex -10.1719 -20.3611 1.6823
endloop
endfacet
facet normal -0.759737 0.582967 0.288008
outer loop
vertex -9.7033 -19.3431 0.8576
vertex -10.1719 -20.3611 1.6823
vertex -9.5265 -19.5200 1.6823
endloop
endfacet
facet normal -0.884733 0.366468 0.288008
outer loop
vertex -10.3885 -20.2361 0.8576
vertex -10.8193 -21.2759 0.8576
vertex -10.5776 -21.3407 1.6823
endloop
endfacet
facet normal -0.884733 0.366468 0.288008
outer loop
vertex -10.3885 -20.2361 0.8576
vertex -10.5776 -21.3407 1.6823
vertex -10.1719 -20.3611 1.6823
endloop
endfacet
facet normal -0.949435 0.124996 0.288008
outer loop
vertex -10.8193 -21.2759 0.8576
vertex -10.9662 -22.3918 0.8576
vertex -10.7160 -22.3918 1.6823
endloop
endfacet
facet normal -0.949435 0.124996 0.288008
outer loop
vertex -10.8193 -21.2759 0.8576
vertex -10.7160 -22.3918 1.6823
vertex -10.5776 -21.3407 1.6823
endloop
endfacet
facet normal -0.949435 -0.124996 0.288008
outer loop
vertex -10.9662 -22.3918 0.8576
vertex -10.8193 -23.5078 0.8576
vertex -10.5776 -23.4430 1.6823
endloop
endfacet
facet normal -0.949435 -0.124996 0.288008
outer loop
vertex -10.9662 -22.3918 0.8576
vertex -10.5776 -23.4430 1.6823
vertex -10.7160 -22.3918 1.6823
endloop
endfacet
facet normal -0.884733 -0.366468 0.288008
outer loop
vertex -10.8193 -23.5078 0.8576
vertex -10.3885 -24.5476 0.8576
vertex -10.1719 -24.4226 1.6823
endloop
endfacet
facet normal -0.884733 -0.366468 0.288008
outer loop
vertex -10.8193 -23.5078 0.8576
vertex -10.1719 -24.4226 1.6823
vertex -10.5776 -23.4430 1.6823
endloop
endfacet
facet normal -0.759737 -0.582967 0.288008
outer loop
vertex -10.3885 -24.5476 0.8576
vertex -9.7033 -25.4406 0.8576
vertex -9.5265 -25.2637 1.6823
endloop
endfacet
facet normal -0.759737 -0.582967 0.288008
outer loop
vertex -10.3885 -24.5476 0.8576
vertex -9.5265 -25.2637 1.6823
vertex -10.1719 -24.4226 1.6823
endloop
endfacet
facet normal -0.582967 -0.759737 0.288008
outer loop
vertex -9.7033 -25.4406 0.8576
vertex -8.8104 -26.1258 0.8576
vertex -8.6853 -25.9091 1.6823
endloop
endfacet
facet normal -0.582967 -0.759737 0.288008
outer loop
vertex -9.7033 -25.4406 0.8576
vertex -8.6853 -25.9091 1.6823
vertex -9.5265 -25.2637 1.6823
endloop
endfacet
facet normal -0.366468 -0.884733 0.288008
outer loop
vertex -8.8104 -26.1258 0.8576
vertex -7.7705 -26.5565 0.8576
vertex -7.7058 -26.3149 1.6823
endloop
endfacet
facet normal -0.366468 -0.884733 0.288008
outer loop
vertex -8.8104 -26.1258 0.8576
vertex -7.7058 -26.3149 1.6823
vertex -8.6853 -25.9091 1.6823
endloop
endfacet
facet normal -0.124996 -0.949435 0.288008
outer loop
vertex -7.7705 -26.5565 0.8576
vertex -6.6546 -26.7034 0.8576
vertex -6.6546 -26.4533 1.6823
endloop
endfacet
facet normal -0.124996 -0.949435 0.288008
outer loop
vertex -7.7705 -26.5565 0.8576
vertex -6.6546 -26.4533 1.6823
vertex -7.7058 -26.3149 1.6823
endloop
endfacet
facet normal 0.124996 -0.949435 0.288008
outer loop
vertex -6.6546 -26.7034 0.8576
vertex -5.5387 -26.5565 0.8576
vertex -5.6034 -26.3149 1.6823
endloop
endfacet
facet normal 0.124996 -0.949435 0.288008
outer loop
vertex -6.6546 -26.7034 0.8576
vertex -5.6034 -26.3149 1.6823
vertex -6.6546 -26.4533 1.6823
endloop
endfacet
facet normal 0.366468 -0.884733 0.288008
outer loop
vertex -5.5387 -26.5565 0.8576
vertex -4.4988 -26.1258 0.8576
vertex -4.6239 -25.9091 1.6823
endloop
endfacet
facet normal 0.366468 -0.884733 0.288008
outer loop
vertex -5.5387 -26.5565 0.8576
vertex -4.6239 -25.9091 1.6823
vertex -5.6034 -26.3149 1.6823
endloop
endfacet
facet normal 0.582967 -0.759737 0.288008
outer loop
vertex -4.4988 -26.1258 0.8576
vertex -3.6059 -25.4406 0.8576
vertex -3.7827 -25.2637 1.6823
endloop
endfacet
facet normal 0.582967 -0.759737 0.288008
outer loop
vertex -4.4988 -26.1258 0.8576
vertex -3.7827 -25.2637 1.6823
vertex -4.6239 -25.9091 1.6823
endloop
endfacet
facet normal 0.759737 -0.582967 0.288008
outer loop
vertex -3.6059 -25.4406 0.8576
vertex -2.9207 -24.5476 0.8576
vertex -3.1373 -24.4226 1.6823
endloop
endfacet
facet normal 0.759737 -0.582967 0.288008
outer loop
vertex -3.6059 -25.4406 0.8576
vertex -3.1373 -24.4226 1.6823
vertex -3.7827 -25.2637 1.6823
endloop
endfacet
facet normal 0.884733 -0.366468 0.288008
outer loop
vertex -2.9207 -24.5476 0.8576
vertex -2.4899 -23.5078 0.8576
vertex -2.7316 -23.4430 1.6823
endloop
endfacet
facet normal 0.884733 -0.366468 0.288008
outer loop
vertex -2.9207 -24.5476 0.8576
vertex -2.7316 -23.4430 1.6823
vertex -3.1373 -24.4226 1.6823
endloop
endfacet
facet normal 0.949435 -0.124996 0.288008
outer loop
vertex -2.4899 -23.5078 0.8576
vertex -2.3430 -22.3918 0.8576
vertex -2.5932 -22.3918 1.6823
endloop
endfacet
facet normal 0.949435 -0.124996 0.288008
outer loop
vertex -2.4899 -23.5078 0.8576
vertex -2.5932 -22.3918 1.6823
vertex -2.7316 -23.4430 1.6823
endloop
endfacet
facet normal 0.876036 0.115332 0.468251
outer loop
vertex -2.5932 -22.3918 1.6823
vertex -2.7316 -21.3407 1.6823
vertex -3.1240 -21.4458 2.4423
endloop
endfacet
facet normal 0.876036 0.115332 0.468251
outer loop
vertex -2.5932 -22.3918 1.6823
vertex -3.1240 -21.4458 2.4423
vertex -2.9994 -22.3918 2.4423
endloop
endfacet
facet normal 0.816336 0.338137 0.468251
outer loop
vertex -2.7316 -21.3407 1.6823
vertex -3.1373 -20.3611 1.6823
vertex -3.4891 -20.5643 2.4423
endloop
endfacet
facet normal 0.816336 0.338137 0.468251
outer loop
vertex -2.7316 -21.3407 1.6823
vertex -3.4891 -20.5643 2.4423
vertex -3.1240 -21.4458 2.4423
endloop
endfacet
facet normal 0.701003 0.537899 0.468251
outer loop
vertex -3.1373 -20.3611 1.6823
vertex -3.7827 -19.5200 1.6823
vertex -4.0700 -19.8072 2.4423
endloop
endfacet
facet normal 0.701003 0.537899 0.468251
outer loop
vertex -3.1373 -20.3611 1.6823
vertex -4.0700 -19.8072 2.4423
vertex -3.4891 -20.5643 2.4423
endloop
endfacet
facet normal 0.537899 0.701003 0.468251
outer loop
vertex -3.7827 -19.5200 1.6823
vertex -4.6239 -18.8746 1.6823
vertex -4.8270 -19.2264 2.4423
endloop
endfacet
facet normal 0.537899 0.701003 0.468251
outer loop
vertex -3.7827 -19.5200 1.6823
vertex -4.8270 -19.2264 2.4423
vertex -4.0700 -19.8072 2.4423
endloop
endfacet
facet normal 0.338137 0.816336 0.468251
outer loop
vertex -4.6239 -18.8746 1.6823
vertex -5.6034 -18.4688 1.6823
vertex -5.7086 -18.8612 2.4423
endloop
endfacet
facet normal 0.338137 0.816336 0.468251
outer loop
vertex -4.6239 -18.8746 1.6823
vertex -5.7086 -18.8612 2.4423
vertex -4.8270 -19.2264 2.4423
endloop
endfacet
facet normal 0.115332 0.876036 0.468251
outer loop
vertex -5.6034 -18.4688 1.6823
vertex -6.6546 -18.3304 1.6823
vertex -6.6546 -18.7367 2.4423
endloop
endfacet
facet normal 0.115332 0.876036 0.468251
outer loop
vertex -5.6034 -18.4688 1.6823
vertex -6.6546 -18.7367 2.4423
vertex -5.7086 -18.8612 2.4423
endloop
endfacet
facet normal -0.115332 0.876036 0.468251
outer loop
vertex -6.6546 -18.3304 1.6823
vertex -7.7058 -18.4688 1.6823
vertex -7.6006 -18.8612 2.4423
endloop
endfacet
facet normal -0.115332 0.876036 0.468251
outer loop
vertex -6.6546 -18.3304 1.6823
vertex -7.6006 -18.8612 2.4423
vertex -6.6546 -18.7367 2.4423
endloop
endfacet
facet normal -0.338137 0.816336 0.468251
outer loop
vertex -7.7058 -18.4688 1.6823
vertex -8.6853 -18.8746 1.6823
vertex -8.4822 -19.2264 2.4423
endloop
endfacet
facet normal -0.338137 0.816336 0.468251
outer loop
vertex -7.7058 -18.4688 1.6823
vertex -8.4822 -19.2264 2.4423
vertex -7.6006 -18.8612 2.4423
endloop
endfacet
facet normal -0.537899 0.701003 0.468251
outer loop
vertex -8.6853 -18.8746 1.6823
vertex -9.5265 -19.5200 1.6823
vertex -9.2392 -19.8072 2.4423
endloop
endfacet
facet normal -0.537899 0.701003 0.468251
outer loop
vertex -8.6853 -18.8746 1.6823
vertex -9.2392 -19.8072 2.4423
vertex -8.4822 -19.2264 2.4423
endloop
endfacet
facet normal -0.701003 0.537899 0.468251
outer loop
vertex -9.5265 -19.5200 1.6823
vertex -10.1719 -20.3611 1.6823
vertex -9.8201 -20.5643 2.4423
endloop
endfacet
facet normal -0.701003 0.537899 0.468251
outer loop
vertex -9.5265 -19.5200 1.6823
vertex -9.8201 -20.5643 2.4423
vertex -9.2392 -19.8072 2.4423
endloop
endfacet
facet normal -0.816336 0.338137 0.468251
outer loop
vertex -10.1719 -20.3611 1.6823
vertex -10.5776 -21.3407 1.6823
vertex -10.1852 -21.4458 2.4423
endloop
endfacet
facet normal -0.816336 0.338137 0.468251
outer loop
vertex -10.1719 -20.3611 1.6823
vertex -10.1852 -21.4458 2.4423
vertex -9.8201 -20.5643 2.4423
endloop
endfacet
facet normal -0.876036 0.115332 0.468251
outer loop
vertex -10.5776 -21.3407 1.6823
vertex -10.7160 -22.3918 1.6823
vertex -10.3098 -22.3918 2.4423
endloop
endfacet
facet normal -0.876036 0.115332 0.468251
outer loop
vertex -10.5776 -21.3407 1.6823
vertex -10.3098 -22.3918 2.4423
vertex -10.1852 -21.4458 2.4423
endloop
endfacet
facet normal -0.876036 -0.115332 0.468251
outer loop
vertex -10.7160 -22.3918 1.6823
vertex -10.5776 -23.4430 1.6823
vertex -10.1852 -23.3379 2.4423
endloop
endfacet
facet normal -0.876036 -0.115332 0.468251
outer loop
vertex -10.7160 -22.3918 1.6823
vertex -10.1852 -23.3379 2.4423
vertex -10.3098 -22.3918 2.4423
endloop
endfacet
facet normal -0.816336 -0.338137 0.468251
outer loop
vertex -10.5776 -23.4430 1.6823
vertex -10.1719 -24.4226 1.6823
vertex -9.8201 -24.2194 2.4423
endloop
endfacet
facet normal -0.816336 -0.338137 0.468251
outer loop
vertex -10.5776 -23.4430 1.6823
vertex -9.8201 -24.2194 2.4423
vertex -10.1852 -23.3379 2.4423
endloop
endfacet
facet normal -0.701003 -0.537899 0.468251
outer loop
vertex -10.1719 -24.4226 1.6823
vertex -9.5265 -25.2637 1.6823
vertex -9.2392 -24.9764 2.4423
endloop
endfacet
facet normal -0.701003 -0.537899 0.468251
outer loop
vertex -10.1719 -24.4226 1.6823
vertex -9.2392 -24.9764 2.4423
vertex -9.8201 -24.2194 2.4423
endloop
endfacet
facet normal -0.537899 -0.701003 0.468251
outer loop
vertex -9.5265 -25.2637 1.6823
vertex -8.6853 -25.9091 1.6823
vertex -8.4822 -25.5573 2.4423
endloop
endfacet
facet normal -0.537899 -0.701003 0.468251
outer loop
vertex -9.5265 -25.2637 1.6823
vertex -8.4822 -25.5573 2.4423
vertex -9.2392 -24.9764 2.4423
endloop
endfacet
facet normal -0.338137 -0.816336 0.468251
outer loop
vertex -8.6853 -25.9091 1.6823
vertex -7.7058 -26.3149 1.6823
vertex -7.6006 -25.9225 2.4423
endloop
endfacet
facet normal -0.338137 -0.816336 0.468251
outer loop
vertex -8.6853 -25.9091 1.6823
vertex -7.6006 -25.9225 2.4423
vertex -8.4822 -25.5573 2.4423
endloop
endfacet
facet normal -0.115332 -0.876036 0.468251
outer loop
vertex -7.7058 -26.3149 1.6823
vertex -6.6546 -26.4533 1.6823
vertex -6.6546 -26.0470 2.4423
endloop
endfacet
facet normal -0.115332 -0.876036 0.468251
outer loop
vertex -7.7058 -26.3149 1.6823
vertex -6.6546 -26.0470 2.4423
vertex -7.6006 -25.9225 2.4423
endloop
endfacet
facet normal 0.115332 -0.876036 0.468251
outer loop
vertex -6.6546 -26.4533 1.6823
vertex -5.6034 -26.3149 1.6823
vertex -5.7086 -25.9225 2.4423
endloop
endfacet
facet normal 0.115332 -0.876036 0.468251
outer loop
vertex -6.6546 -26.4533 1.6823
vertex -5.7086 -25.9225 2.4423
vertex -6.6546 -26.0470 2.4423
endloop
endfacet
facet normal 0.338137 -0.816336 0.468251
outer loop
vertex -5.6034 -26.3149 1.6823
vertex -4.6239 -25.9091 1.6823
vertex -4.8270 -25.5573 2.4423
endloop
endfacet
facet normal 0.338137 -0.816336 0.468251
outer loop
vertex -5.6034 -26.3149 1.6823
vertex -4.8270 -25.5573 2.4423
vertex -5.7086 -25.9225 2.4423
endloop
endfacet
facet normal 0.537899 -0.701003 0.468251
outer loop
vertex -4.6239 -25.9091 1.6823
vertex -3.7827 -25.2637 1.6823
vertex -4.0700 -24.9764 2.4423
endloop
endfacet
facet normal 0.537899 -0.701003 0.468251
outer loop
vertex -4.6239 -25.9091 1.6823
vertex -4.0700 -24.9764 2.4423
vertex -4.8270 -25.5573 2.4423
endloop
endfacet
facet normal 0.701003 -0.537899 0.468251
outer loop
vertex -3.7827 -25.2637 1.6823
vertex -3.1373 -24.4226 1.6823
vertex -3.4891 -24.2194 2.4423
endloop
endfacet
facet normal 0.701003 -0.537899 0.468251
outer loop
vertex -3.7827 -25.2637 1.6823
vertex -3.4891 -24.2194 2.4423
vertex -4.0700 -24.9764 2.4423
endloop
endfacet
facet normal 0.816336 -0.338137 0.468251
outer loop
vertex -3.1373 -24.4226 1.6823
vertex -2.7316 -23.4430 1.6823
vertex -3.1240 -23.3379 2.4423
endloop
endfacet
facet normal 0.816336 -0.338137 0.468251
outer loop
vertex -3.1373 -24.4226 1.6823
vertex -3.1240 -23.3379 2.4423
vertex -3.4891 -24.2194 2.4423
endloop
endfacet
facet normal 0.876036 -0.115332 0.468251
outer loop
vertex -2.7316 -23.4430 1.6823
vertex -2.5932 -22.3918 1.6823
vertex -2.9994 -22.3918 2.4423
endloop
endfacet
facet normal 0.876036 -0.115332 0.468251
outer loop
vertex -2.7316 -23.4430 1.6823
vertex -2.9994 -22.3918 2.4423
vertex -3.1240 -23.3379 2.4423
endloop
endfacet
facet normal 0.769038 0.101246 0.631133
outer loop
vertex -2.9994 -22.3918 2.4423
vertex -3.1240 -21.4458 2.4423
vertex -3.6520 -21.5873 3.1085
endloop
endfacet
facet normal 0.769038 0.101246 0.631133
outer loop
vertex -2.9994 -22.3918 2.4423
vertex -3.6520 -21.5873 3.1085
vertex -3.5461 -22.3918 3.1085
endloop
endfacet
facet normal 0.716630 0.296838 0.631133
outer loop
vertex -3.1240 -21.4458 2.4423
vertex -3.4891 -20.5643 2.4423
vertex -3.9626 -20.8376 3.1085
endloop
endfacet
facet normal 0.716630 0.296838 0.631133
outer loop
vertex -3.1240 -21.4458 2.4423
vertex -3.9626 -20.8376 3.1085
vertex -3.6520 -21.5873 3.1085
endloop
endfacet
facet normal 0.615384 0.472201 0.631133
outer loop
vertex -3.4891 -20.5643 2.4423
vertex -4.0700 -19.8072 2.4423
vertex -4.4566 -20.1938 3.1085
endloop
endfacet
facet normal 0.615384 0.472201 0.631133
outer loop
vertex -3.4891 -20.5643 2.4423
vertex -4.4566 -20.1938 3.1085
vertex -3.9626 -20.8376 3.1085
endloop
endfacet
facet normal 0.472201 0.615384 0.631133
outer loop
vertex -4.0700 -19.8072 2.4423
vertex -4.8270 -19.2264 2.4423
vertex -5.1004 -19.6998 3.1085
endloop
endfacet
facet normal 0.472201 0.615384 0.631133
outer loop
vertex -4.0700 -19.8072 2.4423
vertex -5.1004 -19.6998 3.1085
vertex -4.4566 -20.1938 3.1085
endloop
endfacet
facet normal 0.296838 0.716630 0.631133
outer loop
vertex -4.8270 -19.2264 2.4423
vertex -5.7086 -18.8612 2.4423
vertex -5.8501 -19.3893 3.1085
endloop
endfacet
facet normal 0.296838 0.716630 0.631133
outer loop
vertex -4.8270 -19.2264 2.4423
vertex -5.8501 -19.3893 3.1085
vertex -5.1004 -19.6998 3.1085
endloop
endfacet
facet normal 0.101246 0.769038 0.631133
outer loop
vertex -5.7086 -18.8612 2.4423
vertex -6.6546 -18.7367 2.4423
vertex -6.6546 -19.2834 3.1085
endloop
endfacet
facet normal 0.101246 0.769038 0.631133
outer loop
vertex -5.7086 -18.8612 2.4423
vertex -6.6546 -19.2834 3.1085
vertex -5.8501 -19.3893 3.1085
endloop
endfacet
facet normal -0.101246 0.769038 0.631133
outer loop
vertex -6.6546 -18.7367 2.4423
vertex -7.6006 -18.8612 2.4423
vertex -7.4591 -19.3893 3.1085
endloop
endfacet
facet normal -0.101246 0.769038 0.631133
outer loop
vertex -6.6546 -18.7367 2.4423
vertex -7.4591 -19.3893 3.1085
vertex -6.6546 -19.2834 3.1085
endloop
endfacet
facet normal -0.296838 0.716630 0.631133
outer loop
vertex -7.6006 -18.8612 2.4423
vertex -8.4822 -19.2264 2.4423
vertex -8.2088 -19.6998 3.1085
endloop
endfacet
facet normal -0.296838 0.716630 0.631133
outer loop
vertex -7.6006 -18.8612 2.4423
vertex -8.2088 -19.6998 3.1085
vertex -7.4591 -19.3893 3.1085
endloop
endfacet
facet normal -0.472201 0.615384 0.631133
outer loop
vertex -8.4822 -19.2264 2.4423
vertex -9.2392 -19.8072 2.4423
vertex -8.8526 -20.1938 3.1085
endloop
endfacet
facet normal -0.472201 0.615384 0.631133
outer loop
vertex -8.4822 -19.2264 2.4423
vertex -8.8526 -20.1938 3.1085
vertex -8.2088 -19.6998 3.1085
endloop
endfacet
facet normal -0.615384 0.472201 0.631133
outer loop
vertex -9.2392 -19.8072 2.4423
vertex -9.8201 -20.5643 2.4423
vertex -9.3466 -20.8376 3.1085
endloop
endfacet
facet normal -0.615384 0.472201 0.631133
outer loop
vertex -9.2392 -19.8072 2.4423
vertex -9.3466 -20.8376 3.1085
vertex -8.8526 -20.1938 3.1085
endloop
endfacet
facet normal -0.716630 0.296838 0.631133
outer loop
vertex -9.8201 -20.5643 2.4423
vertex -10.1852 -21.4458 2.4423
vertex -9.6572 -21.5873 3.1085
endloop
endfacet
facet normal -0.716630 0.296838 0.631133
outer loop
vertex -9.8201 -20.5643 2.4423
vertex -9.6572 -21.5873 3.1085
vertex -9.3466 -20.8376 3.1085
endloop
endfacet
facet normal -0.769038 0.101246 0.631133
outer loop
vertex -10.1852 -21.4458 2.4423
vertex -10.3098 -22.3918 2.4423
vertex -9.7631 -22.3918 3.1085
endloop
endfacet
facet normal -0.769038 0.101246 0.631133
outer loop
vertex -10.1852 -21.4458 2.4423
vertex -9.7631 -22.3918 3.1085
vertex -9.6572 -21.5873 3.1085
endloop
endfacet
facet normal -0.769038 -0.101246 0.631133
outer loop
vertex -10.3098 -22.3918 2.4423
vertex -10.1852 -23.3379 2.4423
vertex -9.6572 -23.1964 3.1085
endloop
endfacet
facet normal -0.769038 -0.101246 0.631133
outer loop
vertex -10.3098 -22.3918 2.4423
vertex -9.6572 -23.1964 3.1085
vertex -9.7631 -22.3918 3.1085
endloop
endfacet
facet normal -0.716630 -0.296838 0.631133
outer loop
vertex -10.1852 -23.3379 2.4423
vertex -9.8201 -24.2194 2.4423
vertex -9.3466 -23.9461 3.1085
endloop
endfacet
facet normal -0.716630 -0.296838 0.631133
outer loop
vertex -10.1852 -23.3379 2.4423
vertex -9.3466 -23.9461 3.1085
vertex -9.6572 -23.1964 3.1085
endloop
endfacet
facet normal -0.615384 -0.472201 0.631133
outer loop
vertex -9.8201 -24.2194 2.4423
vertex -9.2392 -24.9764 2.4423
vertex -8.8526 -24.5899 3.1085
endloop
endfacet
facet normal -0.615384 -0.472201 0.631133
outer loop
vertex -9.8201 -24.2194 2.4423
vertex -8.8526 -24.5899 3.1085
vertex -9.3466 -23.9461 3.1085
endloop
endfacet
facet normal -0.472201 -0.615384 0.631133
outer loop
vertex -9.2392 -24.9764 2.4423
vertex -8.4822 -25.5573 2.4423
vertex -8.2088 -25.0839 3.1085
endloop
endfacet
facet normal -0.472201 -0.615384 0.631133
outer loop
vertex -9.2392 -24.9764 2.4423
vertex -8.2088 -25.0839 3.1085
vertex -8.8526 -24.5899 3.1085
endloop
endfacet
facet normal -0.296838 -0.716630 0.631133
outer loop
vertex -8.4822 -25.5573 2.4423
vertex -7.6006 -25.9225 2.4423
vertex -7.4591 -25.3944 3.1085
endloop
endfacet
facet normal -0.296838 -0.716630 0.631133
outer loop
vertex -8.4822 -25.5573 2.4423
vertex -7.4591 -25.3944 3.1085
vertex -8.2088 -25.0839 3.1085
endloop
endfacet
facet normal -0.101246 -0.769038 0.631133
outer loop
vertex -7.6006 -25.9225 2.4423
vertex -6.6546 -26.0470 2.4423
vertex -6.6546 -25.5003 3.1085
endloop
endfacet
facet normal -0.101246 -0.769038 0.631133
outer loop
vertex -7.6006 -25.9225 2.4423
vertex -6.6546 -25.5003 3.1085
vertex -7.4591 -25.3944 3.1085
endloop
endfacet
facet normal 0.101246 -0.769038 0.631133
outer loop
vertex -6.6546 -26.0470 2.4423
vertex -5.7086 -25.9225 2.4423
vertex -5.8501 -25.3944 3.1085
endloop
endfacet
facet normal 0.101246 -0.769038 0.631133
outer loop
vertex -6.6546 -26.0470 2.4423
vertex -5.8501 -25.3944 3.1085
vertex -6.6546 -25.5003 3.1085
endloop
endfacet
facet normal 0.296838 -0.716630 0.631133
outer loop
vertex -5.7086 -25.9225 2.4423
vertex -4.8270 -25.5573 2.4423
vertex -5.1004 -25.0839 3.1085
endloop
endfacet
facet normal 0.296838 -0.716630 0.631133
outer loop
vertex -5.7086 -25.9225 2.4423
vertex -5.1004 -25.0839 3.1085
vertex -5.8501 -25.3944 3.1085
endloop
endfacet
facet normal 0.472201 -0.615384 0.631133
outer loop
vertex -4.8270 -25.5573 2.4423
vertex -4.0700 -24.9764 2.4423
vertex -4.4566 -24.5899 3.1085
endloop
endfacet
facet normal 0.472201 -0.615384 0.631133
outer loop
vertex -4.8270 -25.5573 2.4423
vertex -4.4566 -24.5899 3.1085
vertex -5.1004 -25.0839 3.1085
endloop
endfacet
facet normal 0.615384 -0.472201 0.631133
outer loop
vertex -4.0700 -24.9764 2.4423
vertex -3.4891 -24.2194 2.4423
vertex -3.9626 -23.9461 3.1085
endloop
endfacet
facet normal 0.615384 -0.472201 0.631133
outer loop
vertex -4.0700 -24.9764 2.4423
vertex -3.9626 -23.9461 3.1085
vertex -4.4566 -24.5899 3.1085
endloop
endfacet
facet normal 0.716630 -0.296838 0.631133
outer loop
vertex -3.4891 -24.2194 2.4423
vertex -3.1240 -23.3379 2.4423
vertex -3.6520 -23.1964 3.1085
endloop
endfacet
facet normal 0.716630 -0.296838 0.631133
outer loop
vertex -3.4891 -24.2194 2.4423
vertex -3.6520 -23.1964 3.1085
vertex -3.9626 -23.9461 3.1085
endloop
endfacet
facet normal 0.769038 -0.101246 0.631133
outer loop
vertex -3.1240 -23.3379 2.4423
vertex -2.9994 -22.3918 2.4423
vertex -3.5461 -22.3918 3.1085
endloop
endfacet
facet normal 0.769038 -0.101246 0.631133
outer loop
vertex -3.1240 -23.3379 2.4423
vertex -3.5461 -22.3918 3.1085
vertex -3.6520 -23.1964 3.1085
endloop
endfacet
facet normal 0.632192 0.083230 0.770328
outer loop
vertex -3.5461 -22.3918 3.1085
vertex -3.6520 -21.5873 3.1085
vertex -4.2955 -21.7597 3.6552
endloop
endfacet
facet normal 0.632192 0.083230 0.770328
outer loop
vertex -3.5461 -22.3918 3.1085
vertex -4.2955 -21.7597 3.6552
vertex -4.2123 -22.3918 3.6552
endloop
endfacet
facet normal 0.589109 0.244017 0.770328
outer loop
vertex -3.6520 -21.5873 3.1085
vertex -3.9626 -20.8376 3.1085
vertex -4.5395 -21.1707 3.6552
endloop
endfacet
facet normal 0.589109 0.244017 0.770328
outer loop
vertex -3.6520 -21.5873 3.1085
vertex -4.5395 -21.1707 3.6552
vertex -4.2955 -21.7597 3.6552
endloop
endfacet
facet normal 0.505880 0.388175 0.770328
outer loop
vertex -3.9626 -20.8376 3.1085
vertex -4.4566 -20.1938 3.1085
vertex -4.9276 -20.6649 3.6552
endloop
endfacet
facet normal 0.505880 0.388175 0.770328
outer loop
vertex -3.9626 -20.8376 3.1085
vertex -4.9276 -20.6649 3.6552
vertex -4.5395 -21.1707 3.6552
endloop
endfacet
facet normal 0.388175 0.505880 0.770328
outer loop
vertex -4.4566 -20.1938 3.1085
vertex -5.1004 -19.6998 3.1085
vertex -5.4334 -20.2767 3.6552
endloop
endfacet
facet normal 0.388175 0.505880 0.770328
outer loop
vertex -4.4566 -20.1938 3.1085
vertex -5.4334 -20.2767 3.6552
vertex -4.9276 -20.6649 3.6552
endloop
endfacet
facet normal 0.244017 0.589109 0.770328
outer loop
vertex -5.1004 -19.6998 3.1085
vertex -5.8501 -19.3893 3.1085
vertex -6.0225 -20.0328 3.6552
endloop
endfacet
facet normal 0.244017 0.589109 0.770328
outer loop
vertex -5.1004 -19.6998 3.1085
vertex -6.0225 -20.0328 3.6552
vertex -5.4334 -20.2767 3.6552
endloop
endfacet
facet normal 0.083230 0.632192 0.770328
outer loop
vertex -5.8501 -19.3893 3.1085
vertex -6.6546 -19.2834 3.1085
vertex -6.6546 -19.9495 3.6552
endloop
endfacet
facet normal 0.083230 0.632192 0.770328
outer loop
vertex -5.8501 -19.3893 3.1085
vertex -6.6546 -19.9495 3.6552
vertex -6.0225 -20.0328 3.6552
endloop
endfacet
facet normal -0.083230 0.632192 0.770328
outer loop
vertex -6.6546 -19.2834 3.1085
vertex -7.4591 -19.3893 3.1085
vertex -7.2867 -20.0328 3.6552
endloop
endfacet
facet normal -0.083230 0.632192 0.770328
outer loop
vertex -6.6546 -19.2834 3.1085
vertex -7.2867 -20.0328 3.6552
vertex -6.6546 -19.9495 3.6552
endloop
endfacet
facet normal -0.244017 0.589109 0.770328
outer loop
vertex -7.4591 -19.3893 3.1085
vertex -8.2088 -19.6998 3.1085
vertex -7.8758 -20.2767 3.6552
endloop
endfacet
facet normal -0.244017 0.589109 0.770328
outer loop
vertex -7.4591 -19.3893 3.1085
vertex -7.8758 -20.2767 3.6552
vertex -7.2867 -20.0328 3.6552
endloop
endfacet
facet normal -0.388175 0.505880 0.770328
outer loop
vertex -8.2088 -19.6998 3.1085
vertex -8.8526 -20.1938 3.1085
vertex -8.3816 -20.6649 3.6552
endloop
endfacet
facet normal -0.388175 0.505880 0.770328
outer loop
vertex -8.2088 -19.6998 3.1085
vertex -8.3816 -20.6649 3.6552
vertex -7.8758 -20.2767 3.6552
endloop
endfacet
facet normal -0.505880 0.388175 0.770328
outer loop
vertex -8.8526 -20.1938 3.1085
vertex -9.3466 -20.8376 3.1085
vertex -8.7697 -21.1707 3.6552
endloop
endfacet
facet normal -0.505880 0.388175 0.770328
outer loop
vertex -8.8526 -20.1938 3.1085
vertex -8.7697 -21.1707 3.6552
vertex -8.3816 -20.6649 3.6552
endloop
endfacet
facet normal -0.589109 0.244017 0.770328
outer loop
vertex -9.3466 -20.8376 3.1085
vertex -9.6572 -21.5873 3.1085
vertex -9.0137 -21.7597 3.6552
endloop
endfacet
facet normal -0.589109 0.244017 0.770328
outer loop
vertex -9.3466 -20.8376 3.1085
vertex -9.0137 -21.7597 3.6552
vertex -8.7697 -21.1707 3.6552
endloop
endfacet
facet normal -0.632192 0.083230 0.770328
outer loop
vertex -9.6572 -21.5873 3.1085
vertex -9.7631 -22.3918 3.1085
vertex -9.0969 -22.3918 3.6552
endloop
endfacet
facet normal -0.632192 0.083230 0.770328
outer loop
vertex -9.6572 -21.5873 3.1085
vertex -9.0969 -22.3918 3.6552
vertex -9.0137 -21.7597 3.6552
endloop
endfacet
facet normal -0.632192 -0.083230 0.770328
outer loop
vertex -9.7631 -22.3918 3.1085
vertex -9.6572 -23.1964 3.1085
vertex -9.0137 -23.0240 3.6552
endloop
endfacet
facet normal -0.632192 -0.083230 0.770328
outer loop
vertex -9.7631 -22.3918 3.1085
vertex -9.0137 -23.0240 3.6552
vertex -9.0969 -22.3918 3.6552
endloop
endfacet
facet normal -0.589109 -0.244017 0.770328
outer loop
vertex -9.6572 -23.1964 3.1085
vertex -9.3466 -23.9461 3.1085
vertex -8.7697 -23.6130 3.6552
endloop
endfacet
facet normal -0.589109 -0.244017 0.770328
outer loop
vertex -9.6572 -23.1964 3.1085
vertex -8.7697 -23.6130 3.6552
vertex -9.0137 -23.0240 3.6552
endloop
endfacet
facet normal -0.505880 -0.388175 0.770328
outer loop
vertex -9.3466 -23.9461 3.1085
vertex -8.8526 -24.5899 3.1085
vertex -8.3816 -24.1188 3.6552
endloop
endfacet
facet normal -0.505880 -0.388175 0.770328
outer loop
vertex -9.3466 -23.9461 3.1085
vertex -8.3816 -24.1188 3.6552
vertex -8.7697 -23.6130 3.6552
endloop
endfacet
facet normal -0.388175 -0.505880 0.770328
outer loop
vertex -8.8526 -24.5899 3.1085
vertex -8.2088 -25.0839 3.1085
vertex -7.8758 -24.5070 3.6552
endloop
endfacet
facet normal -0.388175 -0.505880 0.770328
outer loop
vertex -8.8526 -24.5899 3.1085
vertex -7.8758 -24.5070 3.6552
vertex -8.3816 -24.1188 3.6552
endloop
endfacet
facet normal -0.244017 -0.589109 0.770328
outer loop
vertex -8.2088 -25.0839 3.1085
vertex -7.4591 -25.3944 3.1085
vertex -7.2867 -24.7509 3.6552
endloop
endfacet
facet normal -0.244017 -0.589109 0.770328
outer loop
vertex -8.2088 -25.0839 3.1085
vertex -7.2867 -24.7509 3.6552
vertex -7.8758 -24.5070 3.6552
endloop
endfacet
facet normal -0.083230 -0.632192 0.770328
outer loop
vertex -7.4591 -25.3944 3.1085
vertex -6.6546 -25.5003 3.1085
vertex -6.6546 -24.8342 3.6552
endloop
endfacet
facet normal -0.083230 -0.632192 0.770328
outer loop
vertex -7.4591 -25.3944 3.1085
vertex -6.6546 -24.8342 3.6552
vertex -7.2867 -24.7509 3.6552
endloop
endfacet
facet normal 0.083230 -0.632192 0.770328
outer loop
vertex -6.6546 -25.5003 3.1085
vertex -5.8501 -25.3944 3.1085
vertex -6.0225 -24.7509 3.6552
endloop
endfacet
facet normal 0.083230 -0.632192 0.770328
outer loop
vertex -6.6546 -25.5003 3.1085
vertex -6.0225 -24.7509 3.6552
vertex -6.6546 -24.8342 3.6552
endloop
endfacet
facet normal 0.244017 -0.589109 0.770328
outer loop
vertex -5.8501 -25.3944 3.1085
vertex -5.1004 -25.0839 3.1085
vertex -5.4334 -24.5070 3.6552
endloop
endfacet
facet normal 0.244017 -0.589109 0.770328
outer loop
vertex -5.8501 -25.3944 3.1085
vertex -5.4334 -24.5070 3.6552
vertex -6.0225 -24.7509 3.6552
endloop
endfacet
facet normal 0.388175 -0.505880 0.770328
outer loop
vertex -5.1004 -25.0839 3.1085
vertex -4.4566 -24.5899 3.1085
vertex -4.9276 -24.1188 3.6552
endloop
endfacet
facet normal 0.388175 -0.505880 0.770328
outer loop
vertex -5.1004 -25.0839 3.1085
vertex -4.9276 -24.1188 3.6552
vertex -5.4334 -24.5070 3.6552
endloop
endfacet
facet normal 0.505880 -0.388175 0.770328
outer loop
vertex -4.4566 -24.5899 3.1085
vertex -3.9626 -23.9461 3.1085
vertex -4.5395 -23.6130 3.6552
endloop
endfacet
facet normal 0.505880 -0.388175 0.770328
outer loop
vertex -4.4566 -24.5899 3.1085
vertex -4.5395 -23.6130 3.6552
vertex -4.9276 -24.1188 3.6552
endloop
endfacet
facet normal 0.589109 -0.244017 0.770328
outer loop
vertex -3.9626 -23.9461 3.1085
vertex -3.6520 -23.1964 3.1085
vertex -4.2955 -23.0240 3.6552
endloop
endfacet
facet normal 0.589109 -0.244017 0.770328
outer loop
vertex -3.9626 -23.9461 3.1085
vertex -4.2955 -23.0240 3.6552
vertex -4.5395 -23.6130 3.6552
endloop
endfacet
facet normal 0.632192 -0.083230 0.770328
outer loop
vertex -3.6520 -23.1964 3.1085
vertex -3.5461 -22.3918 3.1085
vertex -4.2123 -22.3918 3.6552
endloop
endfacet
facet normal 0.632192 -0.083230 0.770328
outer loop
vertex -3.6520 -23.1964 3.1085
vertex -4.2123 -22.3918 3.6552
vertex -4.2955 -23.0240 3.6552
endloop
endfacet
facet normal 0.470492 0.061941 0.880228
outer loop
vertex -4.2123 -22.3918 3.6552
vertex -4.2955 -21.7597 3.6552
vertex -5.0296 -21.9564 4.0614
endloop
endfacet
facet normal 0.470492 0.061941 0.880228
outer loop
vertex -4.2123 -22.3918 3.6552
vertex -5.0296 -21.9564 4.0614
vertex -4.9723 -22.3918 4.0614
endloop
endfacet
facet normal 0.438428 0.181603 0.880228
outer loop
vertex -4.2955 -21.7597 3.6552
vertex -4.5395 -21.1707 3.6552
vertex -5.1977 -21.5507 4.0614
endloop
endfacet
facet normal 0.438428 0.181603 0.880228
outer loop
vertex -4.2955 -21.7597 3.6552
vertex -5.1977 -21.5507 4.0614
vertex -5.0296 -21.9564 4.0614
endloop
endfacet
facet normal 0.376487 0.288889 0.880228
outer loop
vertex -4.5395 -21.1707 3.6552
vertex -4.9276 -20.6649 3.6552
vertex -5.4650 -21.2023 4.0614
endloop
endfacet
facet normal 0.376487 0.288889 0.880228
outer loop
vertex -4.5395 -21.1707 3.6552
vertex -5.4650 -21.2023 4.0614
vertex -5.1977 -21.5507 4.0614
endloop
endfacet
facet normal 0.288889 0.376487 0.880228
outer loop
vertex -4.9276 -20.6649 3.6552
vertex -5.4334 -20.2767 3.6552
vertex -5.8134 -20.9349 4.0614
endloop
endfacet
facet normal 0.288889 0.376487 0.880228
outer loop
vertex -4.9276 -20.6649 3.6552
vertex -5.8134 -20.9349 4.0614
vertex -5.4650 -21.2023 4.0614
endloop
endfacet
facet normal 0.181603 0.438428 0.880228
outer loop
vertex -5.4334 -20.2767 3.6552
vertex -6.0225 -20.0328 3.6552
vertex -6.2192 -20.7669 4.0614
endloop
endfacet
facet normal 0.181603 0.438428 0.880228
outer loop
vertex -5.4334 -20.2767 3.6552
vertex -6.2192 -20.7669 4.0614
vertex -5.8134 -20.9349 4.0614
endloop
endfacet
facet normal 0.061941 0.470492 0.880228
outer loop
vertex -6.0225 -20.0328 3.6552
vertex -6.6546 -19.9495 3.6552
vertex -6.6546 -20.7096 4.0614
endloop
endfacet
facet normal 0.061941 0.470492 0.880228
outer loop
vertex -6.0225 -20.0328 3.6552
vertex -6.6546 -20.7096 4.0614
vertex -6.2192 -20.7669 4.0614
endloop
endfacet
facet normal -0.061941 0.470492 0.880228
outer loop
vertex -6.6546 -19.9495 3.6552
vertex -7.2867 -20.0328 3.6552
vertex -7.0900 -20.7669 4.0614
endloop
endfacet
facet normal -0.061941 0.470492 0.880228
outer loop
vertex -6.6546 -19.9495 3.6552
vertex -7.0900 -20.7669 4.0614
vertex -6.6546 -20.7096 4.0614
endloop
endfacet
facet normal -0.181603 0.438428 0.880228
outer loop
vertex -7.2867 -20.0328 3.6552
vertex -7.8758 -20.2767 3.6552
vertex -7.4957 -20.9349 4.0614
endloop
endfacet
facet normal -0.181603 0.438428 0.880228
outer loop
vertex -7.2867 -20.0328 3.6552
vertex -7.4957 -20.9349 4.0614
vertex -7.0900 -20.7669 4.0614
endloop
endfacet
facet normal -0.288889 0.376487 0.880228
outer loop
vertex -7.8758 -20.2767 3.6552
vertex -8.3816 -20.6649 3.6552
vertex -7.8442 -21.2023 4.0614
endloop
endfacet
facet normal -0.288889 0.376487 0.880228
outer loop
vertex -7.8758 -20.2767 3.6552
vertex -7.8442 -21.2023 4.0614
vertex -7.4957 -20.9349 4.0614
endloop
endfacet
facet normal -0.376487 0.288889 0.880228
outer loop
vertex -8.3816 -20.6649 3.6552
vertex -8.7697 -21.1707 3.6552
vertex -8.1115 -21.5507 4.0614
endloop
endfacet
facet normal -0.376487 0.288889 0.880228
outer loop
vertex -8.3816 -20.6649 3.6552
vertex -8.1115 -21.5507 4.0614
vertex -7.8442 -21.2023 4.0614
endloop
endfacet
facet normal -0.438428 0.181603 0.880228
outer loop
vertex -8.7697 -21.1707 3.6552
vertex -9.0137 -21.7597 3.6552
vertex -8.2796 -21.9564 4.0614
endloop
endfacet
facet normal -0.438428 0.181603 0.880228
outer loop
vertex -8.7697 -21.1707 3.6552
vertex -8.2796 -21.9564 4.0614
vertex -8.1115 -21.5507 4.0614
endloop
endfacet
facet normal -0.470492 0.061941 0.880228
outer loop
vertex -9.0137 -21.7597 3.6552
vertex -9.0969 -22.3918 3.6552
vertex -8.3369 -22.3918 4.0614
endloop
endfacet
facet normal -0.470492 0.061941 0.880228
outer loop
vertex -9.0137 -21.7597 3.6552
vertex -8.3369 -22.3918 4.0614
vertex -8.2796 -21.9564 4.0614
endloop
endfacet
facet normal -0.470492 -0.061941 0.880228
outer loop
vertex -9.0969 -22.3918 3.6552
vertex -9.0137 -23.0240 3.6552
vertex -8.2796 -22.8273 4.0614
endloop
endfacet
facet normal -0.470492 -0.061941 0.880228
outer loop
vertex -9.0969 -22.3918 3.6552
vertex -8.2796 -22.8273 4.0614
vertex -8.3369 -22.3918 4.0614
endloop
endfacet
facet normal -0.438428 -0.181603 0.880228
outer loop
vertex -9.0137 -23.0240 3.6552
vertex -8.7697 -23.6130 3.6552
vertex -8.1115 -23.2330 4.0614
endloop
endfacet
facet normal -0.438428 -0.181603 0.880228
outer loop
vertex -9.0137 -23.0240 3.6552
vertex -8.1115 -23.2330 4.0614
vertex -8.2796 -22.8273 4.0614
endloop
endfacet
facet normal -0.376487 -0.288889 0.880228
outer loop
vertex -8.7697 -23.6130 3.6552
vertex -8.3816 -24.1188 3.6552
vertex -7.8442 -23.5814 4.0614
endloop
endfacet
facet normal -0.376487 -0.288889 0.880228
outer loop
vertex -8.7697 -23.6130 3.6552
vertex -7.8442 -23.5814 4.0614
vertex -8.1115 -23.2330 4.0614
endloop
endfacet
facet normal -0.288889 -0.376487 0.880228
outer loop
vertex -8.3816 -24.1188 3.6552
vertex -7.8758 -24.5070 3.6552
vertex -7.4957 -23.8488 4.0614
endloop
endfacet
facet normal -0.288889 -0.376487 0.880228
outer loop
vertex -8.3816 -24.1188 3.6552
vertex -7.4957 -23.8488 4.0614
vertex -7.8442 -23.5814 4.0614
endloop
endfacet
facet normal -0.181603 -0.438428 0.880228
outer loop
vertex -7.8758 -24.5070 3.6552
vertex -7.2867 -24.7509 3.6552
vertex -7.0900 -24.0168 4.0614
endloop
endfacet
facet normal -0.181603 -0.438428 0.880228
outer loop
vertex -7.8758 -24.5070 3.6552
vertex -7.0900 -24.0168 4.0614
vertex -7.4957 -23.8488 4.0614
endloop
endfacet
facet normal -0.061941 -0.470492 0.880228
outer loop
vertex -7.2867 -24.7509 3.6552
vertex -6.6546 -24.8342 3.6552
vertex -6.6546 -24.0741 4.0614
endloop
endfacet
facet normal -0.061941 -0.470492 0.880228
outer loop
vertex -7.2867 -24.7509 3.6552
vertex -6.6546 -24.0741 4.0614
vertex -7.0900 -24.0168 4.0614
endloop
endfacet
facet normal 0.061941 -0.470492 0.880228
outer loop
vertex -6.6546 -24.8342 3.6552
vertex -6.0225 -24.7509 3.6552
vertex -6.2192 -24.0168 4.0614
endloop
endfacet
facet normal 0.061941 -0.470492 0.880228
outer loop
vertex -6.6546 -24.8342 3.6552
vertex -6.2192 -24.0168 4.0614
vertex -6.6546 -24.0741 4.0614
endloop
endfacet
facet normal 0.181603 -0.438428 0.880228
outer loop
vertex -6.0225 -24.7509 3.6552
vertex -5.4334 -24.5070 3.6552
vertex -5.8134 -23.8488 4.0614
endloop
endfacet
facet normal 0.181603 -0.438428 0.880228
outer loop
vertex -6.0225 -24.7509 3.6552
vertex -5.8134 -23.8488 4.0614
vertex -6.2192 -24.0168 4.0614
endloop
endfacet
facet normal 0.288889 -0.376487 0.880228
outer loop
vertex -5.4334 -24.5070 3.6552
vertex -4.9276 -24.1188 3.6552
vertex -5.4650 -23.5814 4.0614
endloop
endfacet
facet normal 0.288889 -0.376487 0.880228
outer loop
vertex -5.4334 -24.5070 3.6552
vertex -5.4650 -23.5814 4.0614
vertex -5.8134 -23.8488 4.0614
endloop
endfacet
facet normal 0.376487 -0.288889 0.880228
outer loop
vertex -4.9276 -24.1188 3.6552
vertex -4.5395 -23.6130 3.6552
vertex -5.1977 -23.2330 4.0614
endloop
endfacet
facet normal 0.376487 -0.288889 0.880228
outer loop
vertex -4.9276 -24.1188 3.6552
vertex -5.1977 -23.2330 4.0614
vertex -5.4650 -23.5814 4.0614
endloop
endfacet
facet normal 0.438428 -0.181603 0.880228
outer loop
vertex -4.5395 -23.6130 3.6552
vertex -4.2955 -23.0240 3.6552
vertex -5.0296 -22.8273 4.0614
endloop
endfacet
facet normal 0.438428 -0.181603 0.880228
outer loop
vertex -4.5395 -23.6130 3.6552
vertex -5.0296 -22.8273 4.0614
vertex -5.1977 -23.2330 4.0614
endloop
endfacet
facet normal 0.470492 -0.061941 0.880228
outer loop
vertex -4.2955 -23.0240 3.6552
vertex -4.2123 -22.3918 3.6552
vertex -4.9723 -22.3918 4.0614
endloop
endfacet
facet normal 0.470492 -0.061941 0.880228
outer loop
vertex -4.2955 -23.0240 3.6552
vertex -4.9723 -22.3918 4.0614
vertex -5.0296 -22.8273 4.0614
endloop
endfacet
facet normal 0.290073 0.038189 0.956242
outer loop
vertex -4.9723 -22.3918 4.0614
vertex -5.0296 -21.9564 4.0614
vertex -5.8262 -22.1699 4.3116
endloop
endfacet
facet normal 0.290073 0.038189 0.956242
outer loop
vertex -4.9723 -22.3918 4.0614
vertex -5.8262 -22.1699 4.3116
vertex -5.7970 -22.3918 4.3116
endloop
endfacet
facet normal 0.270305 0.111964 0.956242
outer loop
vertex -5.0296 -21.9564 4.0614
vertex -5.1977 -21.5507 4.0614
vertex -5.9119 -21.9630 4.3116
endloop
endfacet
facet normal 0.270305 0.111964 0.956242
outer loop
vertex -5.0296 -21.9564 4.0614
vertex -5.9119 -21.9630 4.3116
vertex -5.8262 -22.1699 4.3116
endloop
endfacet
facet normal 0.232116 0.178109 0.956242
outer loop
vertex -5.1977 -21.5507 4.0614
vertex -5.4650 -21.2023 4.0614
vertex -6.0482 -21.7854 4.3116
endloop
endfacet
facet normal 0.232116 0.178109 0.956242
outer loop
vertex -5.1977 -21.5507 4.0614
vertex -6.0482 -21.7854 4.3116
vertex -5.9119 -21.9630 4.3116
endloop
endfacet
facet normal 0.178109 0.232116 0.956242
outer loop
vertex -5.4650 -21.2023 4.0614
vertex -5.8134 -20.9349 4.0614
vertex -6.2258 -21.6491 4.3116
endloop
endfacet
facet normal 0.178109 0.232116 0.956242
outer loop
vertex -5.4650 -21.2023 4.0614
vertex -6.2258 -21.6491 4.3116
vertex -6.0482 -21.7854 4.3116
endloop
endfacet
facet normal 0.111964 0.270305 0.956242
outer loop
vertex -5.8134 -20.9349 4.0614
vertex -6.2192 -20.7669 4.0614
vertex -6.4326 -21.5634 4.3116
endloop
endfacet
facet normal 0.111964 0.270305 0.956242
outer loop
vertex -5.8134 -20.9349 4.0614
vertex -6.4326 -21.5634 4.3116
vertex -6.2258 -21.6491 4.3116
endloop
endfacet
facet normal 0.038189 0.290073 0.956242
outer loop
vertex -6.2192 -20.7669 4.0614
vertex -6.6546 -20.7096 4.0614
vertex -6.6546 -21.5342 4.3116
endloop
endfacet
facet normal 0.038189 0.290073 0.956242
outer loop
vertex -6.2192 -20.7669 4.0614
vertex -6.6546 -21.5342 4.3116
vertex -6.4326 -21.5634 4.3116
endloop
endfacet
facet normal -0.038189 0.290073 0.956242
outer loop
vertex -6.6546 -20.7096 4.0614
vertex -7.0900 -20.7669 4.0614
vertex -6.8766 -21.5634 4.3116
endloop
endfacet
facet normal -0.038189 0.290073 0.956242
outer loop
vertex -6.6546 -20.7096 4.0614
vertex -6.8766 -21.5634 4.3116
vertex -6.6546 -21.5342 4.3116
endloop
endfacet
facet normal -0.111964 0.270305 0.956242
outer loop
vertex -7.0900 -20.7669 4.0614
vertex -7.4957 -20.9349 4.0614
vertex -7.0834 -21.6491 4.3116
endloop
endfacet
facet normal -0.111964 0.270305 0.956242
outer loop
vertex -7.0900 -20.7669 4.0614
vertex -7.0834 -21.6491 4.3116
vertex -6.8766 -21.5634 4.3116
endloop
endfacet
facet normal -0.178109 0.232116 0.956242
outer loop
vertex -7.4957 -20.9349 4.0614
vertex -7.8442 -21.2023 4.0614
vertex -7.2610 -21.7854 4.3116
endloop
endfacet
facet normal -0.178109 0.232116 0.956242
outer loop
vertex -7.4957 -20.9349 4.0614
vertex -7.2610 -21.7854 4.3116
vertex -7.0834 -21.6491 4.3116
endloop
endfacet
facet normal -0.232116 0.178109 0.956242
outer loop
vertex -7.8442 -21.2023 4.0614
vertex -8.1115 -21.5507 4.0614
vertex -7.3973 -21.9630 4.3116
endloop
endfacet
facet normal -0.232116 0.178109 0.956242
outer loop
vertex -7.8442 -21.2023 4.0614
vertex -7.3973 -21.9630 4.3116
vertex -7.2610 -21.7854 4.3116
endloop
endfacet
facet normal -0.270305 0.111964 0.956242
outer loop
vertex -8.1115 -21.5507 4.0614
vertex -8.2796 -21.9564 4.0614
vertex -7.4830 -22.1699 4.3116
endloop
endfacet
facet normal -0.270305 0.111964 0.956242
outer loop
vertex -8.1115 -21.5507 4.0614
vertex -7.4830 -22.1699 4.3116
vertex -7.3973 -21.9630 4.3116
endloop
endfacet
facet normal -0.290073 0.038189 0.956242
outer loop
vertex -8.2796 -21.9564 4.0614
vertex -8.3369 -22.3918 4.0614
vertex -7.5122 -22.3918 4.3116
endloop
endfacet
facet normal -0.290073 0.038189 0.956242
outer loop
vertex -8.2796 -21.9564 4.0614
vertex -7.5122 -22.3918 4.3116
vertex -7.4830 -22.1699 4.3116
endloop
endfacet
facet normal -0.290073 -0.038189 0.956242
outer loop
vertex -8.3369 -22.3918 4.0614
vertex -8.2796 -22.8273 4.0614
vertex -7.4830 -22.6138 4.3116
endloop
endfacet
facet normal -0.290073 -0.038189 0.956242
outer loop
vertex -8.3369 -22.3918 4.0614
vertex -7.4830 -22.6138 4.3116
vertex -7.5122 -22.3918 4.3116
endloop
endfacet
facet normal -0.270305 -0.111964 0.956242
outer loop
vertex -8.2796 -22.8273 4.0614
vertex -8.1115 -23.2330 4.0614
vertex -7.3973 -22.8207 4.3116
endloop
endfacet
facet normal -0.270305 -0.111964 0.956242
outer loop
vertex -8.2796 -22.8273 4.0614
vertex -7.3973 -22.8207 4.3116
vertex -7.4830 -22.6138 4.3116
endloop
endfacet
facet normal -0.232116 -0.178109 0.956242
outer loop
vertex -8.1115 -23.2330 4.0614
vertex -7.8442 -23.5814 4.0614
vertex -7.2610 -22.9983 4.3116
endloop
endfacet
facet normal -0.232116 -0.178109 0.956242
outer loop
vertex -8.1115 -23.2330 4.0614
vertex -7.2610 -22.9983 4.3116
vertex -7.3973 -22.8207 4.3116
endloop
endfacet
facet normal -0.178109 -0.232116 0.956242
outer loop
vertex -7.8442 -23.5814 4.0614
vertex -7.4957 -23.8488 4.0614
vertex -7.0834 -23.1346 4.3116
endloop
endfacet
facet normal -0.178109 -0.232116 0.956242
outer loop
vertex -7.8442 -23.5814 4.0614
vertex -7.0834 -23.1346 4.3116
vertex -7.2610 -22.9983 4.3116
endloop
endfacet
facet normal -0.111964 -0.270305 0.956242
outer loop
vertex -7.4957 -23.8488 4.0614
vertex -7.0900 -24.0168 4.0614
vertex -6.8766 -23.2202 4.3116
endloop
endfacet
facet normal -0.111964 -0.270305 0.956242
outer loop
vertex -7.4957 -23.8488 4.0614
vertex -6.8766 -23.2202 4.3116
vertex -7.0834 -23.1346 4.3116
endloop
endfacet
facet normal -0.038189 -0.290073 0.956242
outer loop
vertex -7.0900 -24.0168 4.0614
vertex -6.6546 -24.0741 4.0614
vertex -6.6546 -23.2495 4.3116
endloop
endfacet
facet normal -0.038189 -0.290073 0.956242
outer loop
vertex -7.0900 -24.0168 4.0614
vertex -6.6546 -23.2495 4.3116
vertex -6.8766 -23.2202 4.3116
endloop
endfacet
facet normal 0.038189 -0.290073 0.956242
outer loop
vertex -6.6546 -24.0741 4.0614
vertex -6.2192 -24.0168 4.0614
vertex -6.4326 -23.2202 4.3116
endloop
endfacet
facet normal 0.038189 -0.290073 0.956242
outer loop
vertex -6.6546 -24.0741 4.0614
vertex -6.4326 -23.2202 4.3116
vertex -6.6546 -23.2495 4.3116
endloop
endfacet
facet normal 0.111964 -0.270305 0.956242
outer loop
vertex -6.2192 -24.0168 4.0614
vertex -5.8134 -23.8488 4.0614
vertex -6.2258 -23.1346 4.3116
endloop
endfacet
facet normal 0.111964 -0.270305 0.956242
outer loop
vertex -6.2192 -24.0168 4.0614
vertex -6.2258 -23.1346 4.3116
vertex -6.4326 -23.2202 4.3116
endloop
endfacet
facet normal 0.178109 -0.232116 0.956242
outer loop
vertex -5.8134 -23.8488 4.0614
vertex -5.4650 -23.5814 4.0614
vertex -6.0482 -22.9983 4.3116
endloop
endfacet
facet normal 0.178109 -0.232116 0.956242
outer loop
vertex -5.8134 -23.8488 4.0614
vertex -6.0482 -22.9983 4.3116
vertex -6.2258 -23.1346 4.3116
endloop
endfacet
facet normal 0.232116 -0.178109 0.956242
outer loop
vertex -5.4650 -23.5814 4.0614
vertex -5.1977 -23.2330 4.0614
vertex -5.9119 -22.8207 4.3116
endloop
endfacet
facet normal 0.232116 -0.178109 0.956242
outer loop
vertex -5.4650 -23.5814 4.0614
vertex -5.9119 -22.8207 4.3116
vertex -6.0482 -22.9983 4.3116
endloop
endfacet
facet normal 0.270305 -0.111964 0.956242
outer loop
vertex -5.1977 -23.2330 4.0614
vertex -5.0296 -22.8273 4.0614
vertex -5.8262 -22.6138 4.3116
endloop
endfacet
facet normal 0.270305 -0.111964 0.956242
outer loop
vertex -5.1977 -23.2330 4.0614
vertex -5.8262 -22.6138 4.3116
vertex -5.9119 -22.8207 4.3116
endloop
endfacet
facet normal 0.290073 -0.038189 0.956242
outer loop
vertex -5.0296 -22.8273 4.0614
vertex -4.9723 -22.3918 4.0614
vertex -5.7970 -22.3918 4.3116
endloop
endfacet
facet normal 0.290073 -0.038189 0.956242
outer loop
vertex -5.0296 -22.8273 4.0614
vertex -5.7970 -22.3918 4.3116
vertex -5.8262 -22.6138 4.3116
endloop
endfacet
facet normal 0.098009 0.012903 0.995102
outer loop
vertex -5.7970 -22.3918 4.3116
vertex -5.8262 -22.1699 4.3116
vertex -6.6546 -22.3918 4.3960
endloop
endfacet
facet normal 0.091330 0.037830 0.995102
outer loop
vertex -5.8262 -22.1699 4.3116
vertex -5.9119 -21.9630 4.3116
vertex -6.6546 -22.3918 4.3960
endloop
endfacet
facet normal 0.078427 0.060179 0.995102
outer loop
vertex -5.9119 -21.9630 4.3116
vertex -6.0482 -21.7854 4.3116
vertex -6.6546 -22.3918 4.3960
endloop
endfacet
facet normal 0.060179 0.078427 0.995102
outer loop
vertex -6.0482 -21.7854 4.3116
vertex -6.2258 -21.6491 4.3116
vertex -6.6546 -22.3918 4.3960
endloop
endfacet
facet normal 0.037830 0.091330 0.995102
outer loop
vertex -6.2258 -21.6491 4.3116
vertex -6.4326 -21.5634 4.3116
vertex -6.6546 -22.3918 4.3960
endloop
endfacet
facet normal 0.012903 0.098009 0.995102
outer loop
vertex -6.4326 -21.5634 4.3116
vertex -6.6546 -21.5342 4.3116
vertex -6.6546 -22.3918 4.3960
endloop
endfacet
facet normal -0.012903 0.098009 0.995102
outer loop
vertex -6.6546 -21.5342 4.3116
vertex -6.8766 -21.5634 4.3116
vertex -6.6546 -22.3918 4.3960
endloop
endfacet
facet normal -0.037830 0.091330 0.995102
outer loop
vertex -6.8766 -21.5634 4.3116
vertex -7.0834 -21.6491 4.3116
vertex -6.6546 -22.3918 4.3960
endloop
endfacet
facet normal -0.060179 0.078427 0.995102
outer loop
vertex -7.0834 -21.6491 4.3116
vertex -7.2610 -21.7854 4.3116
vertex -6.6546 -22.3918 4.3960
endloop
endfacet
facet normal -0.078427 0.060179 0.995102
outer loop
vertex -7.2610 -21.7854 4.3116
vertex -7.3973 -21.9630 4.3116
vertex -6.6546 -22.3918 4.3960
endloop
endfacet
facet normal -0.091330 0.037830 0.995102
outer loop
vertex -7.3973 -21.9630 4.3116
vertex -7.4830 -22.1699 4.3116
vertex -6.6546 -22.3918 4.3960
endloop
endfacet
facet normal -0.098009 0.012903 0.995102
outer loop
vertex -7.4830 -22.1699 4.3116
vertex -7.5122 -22.3918 4.3116
vertex -6.6546 -22.3918 4.3960
endloop
endfacet
facet normal -0.098009 -0.012903 0.995102
outer loop
vertex -7.5122 -22.3918 4.3116
vertex -7.4830 -22.6138 4.3116
vertex -6.6546 -22.3918 4.3960
endloop
endfacet
facet normal -0.091330 -0.037830 0.995102
outer loop
vertex -7.4830 -22.6138 4.3116
vertex -7.3973 -22.8207 4.3116
vertex -6.6546 -22.3918 4.3960
endloop
endfacet
facet normal -0.078427 -0.060179 0.995102
outer loop
vertex -7.3973 -22.8207 4.3116
vertex -7.2610 -22.9983 4.3116
vertex -6.6546 -22.3918 4.3960
endloop
endfacet
facet normal -0.060179 -0.078427 0.995102
outer loop
vertex -7.2610 -22.9983 4.3116
vertex -7.0834 -23.1346 4.3116
vertex -6.6546 -22.3918 4.3960
endloop
endfacet
facet normal -0.037830 -0.091330 0.995102
outer loop
vertex -7.0834 -23.1346 4.3116
vertex -6.8766 -23.2202 4.3116
vertex -6.6546 -22.3918 4.3960
endloop
endfacet
facet normal -0.012903 -0.098009 0.995102
outer loop
vertex -6.8766 -23.2202 4.3116
vertex -6.6546 -23.2495 4.3116
vertex -6.6546 -22.3918 4.3960
endloop
endfacet
facet normal 0.012903 -0.098009 0.995102
outer loop
vertex -6.6546 -23.2495 4.3116
vertex -6.4326 -23.2202 4.3116
vertex -6.6546 -22.3918 4.3960
endloop
endfacet
facet normal 0.037830 -0.091330 0.995102
outer loop
vertex -6.4326 -23.2202 4.3116
vertex -6.2258 -23.1346 4.3116
vertex -6.6546 -22.3918 4.3960
endloop
endfacet
facet normal 0.060179 -0.078427 0.995102
outer loop
vertex -6.2258 -23.1346 4.3116
vertex -6.0482 -22.9983 4.3116
vertex -6.6546 -22.3918 4.3960
endloop
endfacet
facet normal 0.078427 -0.060179 0.995102
outer loop
vertex -6.0482 -22.9983 4.3116
vertex -5.9119 -22.8207 4.3116
vertex -6.6546 -22.3918 4.3960
endloop
endfacet
facet normal 0.091330 -0.037830 0.995102
outer loop
vertex -5.9119 -22.8207 4.3116
vertex -5.8262 -22.6138 4.3116
vertex -6.6546 -22.3918 4.3960
endloop
endfacet
facet normal 0.098009 -0.012903 0.995102
outer loop
vertex -5.8262 -22.6138 4.3116
vertex -5.7970 -22.3918 4.3116
vertex -6.6546 -22.3918 4.3960
endloop
endfacet
facet normal 0.000000 0.000000 -1.000000
outer loop
vertex -4.9649 14.9047 0.0000
vertex -4.9649 21.3932 0.0000
vertex 4.3765 21.3932 0.0000
endloop
endfacet
facet normal 0.000000 0.000000 -1.000000
outer loop
vertex -4.9649 14.9047 0.0000
vertex 4.3765 21.3932 0.0000
vertex 4.3765 14.9047 0.0000
endloop
endfacet
facet normal 0.000000 0.000000 1.000000
outer loop
vertex -4.9649 14.9047 9.9594
vertex 4.3765 14.9047 9.9594
vertex 4.3765 21.3932 9.9594
endloop
endfacet
facet normal 0.000000 0.000000 1.000000
outer loop
vertex -4.9649 14.9047 9.9594
vertex 4.3765 21.3932 9.9594
vertex -4.9649 21.3932 9.9594
endloop
endfacet
facet normal 0.000000 -1.000000 0.000000
outer loop
vertex -4.9649 14.9047 0.0000
vertex 4.3765 14.9047 0.0000
vertex 4.3765 14.9047 9.9594
endloop
endfacet
facet normal 0.000000 -1.000000 0.000000
outer loop
vertex -4.9649 14.9047 0.0000
vertex 4.3765 14.9047 9.9594
vertex -4.9649 14.9047 9.9594
endloop
endfacet
facet normal 1.000000 0.000000 0.000000
outer loop
vertex 4.3765 14.9047 0.0000
vertex 4.3765 21.3932 0.0000
vertex 4.3765 21.3932 9.9594
endloop
endfacet
facet normal 1.000000 0.000000 0.000000
outer loop
vertex 4.3765 14.9047 0.0000
vertex 4.3765 21.3932 9.9594
vertex 4.3765 14.9047 9.9594
endloop
endfacet
facet normal 0.000000 1.000000 0.000000
outer loop
vertex 4.3765 21.3932 0.0000
vertex -4.9649 21.3932 0.0000
vertex -4.9649 21.3932 9.9594
endloop
endfacet
facet normal 0.000000 1.000000 -0.000000
outer loop
vertex 4.3765 21.3932 0.0000
vertex -4.9649 21.3932 9.9594
vertex 4.3765 21.3932 9.9594
endloop
endfacet
facet normal -1.000000 0.000000 0.000000
outer loop
vertex -4.9649 21.3932 0.0000
vertex -4.9649 14.9047 0.0000
vertex -4.9649 14.9047 9.9594
endloop
endfacet
facet normal -1.000000 0.000000 0.000000
outer loop
vertex -4.9649 21.3932 0.0000
vertex -4.9649 14.9047 9.9594
vertex -4.9649 21.3932 9.9594
endloop
endfacet
facet normal 0.991445 0.130526 0.000000
outer loop
vertex 18.7108 -9.8456 0.0000
vertex 18.6438 -9.3372 0.0000
vertex 18.6438 -9.3372 8.5936
endloop
endfacet
facet normal 0.991445 0.130526 -0.000000
outer loop
vertex 18.7108 -9.8456 0.0000
vertex 18.6438 -9.3372 8.5936
vertex 18.7108 -9.8456 8.5936
endloop
endfacet
facet normal 0.000000 0.000000 1.000000
outer loop
vertex 16.7463 -9.8456 8.5936
vertex 18.7108 -9.8456 8.5936
vertex 18.6438 -9.3372 8.5936
endloop
endfacet
facet normal 0.000000 0.000000 -1.000000
outer loop
vertex 16.7463 -9.8456 0.0000
vertex 18.6438 -9.3372 0.0000
vertex 18.7108 -9.8456 0.0000
endloop
endfacet
facet normal 0.923880 0.382683 0.000000
outer loop
vertex 18.6438 -9.3372 0.0000
vertex 18.4476 -8.8634 0.0000
vertex 18.4476 -8.8634 8.5936
endloop
endfacet
facet normal 0.923880 0.382683 -0.000000
outer loop
vertex 18.6438 -9.3372 0.0000
vertex 18.4476 -8.8634 8.5936
vertex 18.6438 -9.3372 8.5936
endloop
endfacet
facet normal 0.000000 0.000000 1.000000
outer loop
vertex 16.7463 -9.8456 8.5936
vertex 18.6438 -9.3372 8.5936
vertex 18.4476 -8.8634 8.5936
endloop
endfacet
facet normal 0.000000 0.000000 -1.000000
outer loop
vertex 16.7463 -9.8456 0.0000
vertex 18.4476 -8.8634 0.0000
vertex 18.6438 -9.3372 0.0000
endloop
endfacet
facet normal 0.793353 0.608761 0.000000
outer loop
vertex 18.4476 -8.8634 0.0000
vertex 18.1354 -8.4565 0.0000
vertex 18.1354 -8.4565 8.5936
endloop
endfacet
facet normal 0.793353 0.608761 -0.000000
outer loop
vertex 18.4476 -8.8634 0.0000
vertex 18.1354 -8.4565 8.5936
vertex 18.4476 -8.8634 8.5936
endloop
endfacet
facet normal 0.000000 0.000000 1.000000
outer loop
vertex 16.7463 -9.8456 8.5936
vertex 18.4476 -8.8634 8.5936
vertex 18.1354 -8.4565 8.5936
endloop
endfacet
facet normal 0.000000 0.000000 -1.000000
outer loop
vertex 16.7463 -9.8456 0.0000
vertex 18.1354 -8.4565 0.0000
vertex 18.4476 -8.8634 0.0000
endloop
endfacet
facet normal 0.608761 0.793353 0.000000
outer loop
vertex 18.1354 -8.4565 0.0000
vertex 17.7285 -8.1443 0.0000
vertex 17.7285 -8.1443 8.5936
endloop
endfacet
facet normal 0.608761 0.793353 -0.000000
outer loop
vertex 18.1354 -8.4565 0.0000
vertex 17.7285 -8.1443 8.5936
vertex 18.1354 -8.4565 8.5936
endloop
endfacet
facet normal 0.000000 0.000000 1.000000
outer loop
vertex 16.7463 -9.8456 8.5936
vertex 18.1354 -8.4565 8.5936
vertex 17.7285 -8.1443 8.5936
endloop
endfacet
facet normal 0.000000 0.000000 -1.000000
outer loop
vertex 16.7463 -9.8456 0.0000
vertex 17.7285 -8.1443 0.0000
vertex 18.1354 -8.4565 0.0000
endloop
endfacet
facet normal 0.382683 0.923880 0.000000
outer loop
vertex 17.7285 -8.1443 0.0000
vertex 17.2547 -7.9481 0.0000
vertex 17.2547 -7.9481 8.5936
endloop
endfacet
facet normal 0.382683 0.923880 -0.000000
outer loop
vertex 17.7285 -8.1443 0.0000
vertex 17.2547 -7.9481 8.5936
vertex 17.7285 -8.1443 8.5936
endloop
endfacet
facet normal 0.000000 0.000000 1.000000
outer loop
vertex 16.7463 -9.8456 8.5936
vertex 17.7285 -8.1443 8.5936
vertex 17.2547 -7.9481 8.5936
endloop
endfacet
facet normal 0.000000 0.000000 -1.000000
outer loop
vertex 16.7463 -9.8456 0.0000
vertex 17.2547 -7.9481 0.0000
vertex 17.7285 -8.1443 0.0000
endloop
endfacet
facet normal 0.130526 0.991445 0.000000
outer loop
vertex 17.2547 -7.9481 0.0000
vertex 16.7463 -7.8811 0.0000
vertex 16.7463 -7.8811 8.5936
endloop
endfacet
facet normal 0.130526 0.991445 -0.000000
outer loop
vertex 17.2547 -7.9481 0.0000
vertex 16.7463 -7.8811 8.5936
vertex 17.2547 -7.9481 8.5936
endloop
endfacet
facet normal 0.000000 0.000000 1.000000
outer loop
vertex 16.7463 -9.8456 8.5936
vertex 17.2547 -7.9481 8.5936
vertex 16.7463 -7.8811 8.5936
endloop
endfacet
facet normal 0.000000 0.000000 -1.000000
outer loop
vertex 16.7463 -9.8456 0.0000
vertex 16.7463 -7.8811 0.0000
vertex 17.2547 -7.9481 0.0000
endloop
endfacet
facet normal -0.130526 0.991445 0.000000
outer loop
vertex 16.7463 -7.8811 0.0000
vertex 16.2379 -7.9481 0.0000
vertex 16.2379 -7.9481 8.5936
endloop
endfacet
facet normal -0.130526 0.991445 0.000000
outer loop
vertex 16.7463 -7.8811 0.0000
vertex 16.2379 -7.9481 8.5936
vertex 16.7463 -7.8811 8.5936
endloop
endfacet
facet normal 0.000000 -0.000000 1.000000
outer loop
vertex 16.7463 -9.8456 8.5936
vertex 16.7463 -7.8811 8.5936
vertex 16.2379 -7.9481 8.5936
endloop
endfacet
facet normal 0.000000 0.000000 -1.000000
outer loop
vertex 16.7463 -9.8456 0.0000
vertex 16.2379 -7.9481 0.0000
vertex 16.7463 -7.8811 0.0000
endloop
endfacet
facet normal -0.382683 0.923880 0.000000
outer loop
vertex 16.2379 -7.9481 0.0000
vertex 15.7641 -8.1443 0.0000
vertex 15.7641 -8.1443 8.5936
endloop
endfacet
facet normal -0.382683 0.923880 0.000000
outer loop
vertex 16.2379 -7.9481 0.0000
vertex 15.7641 -8.1443 8.5936
vertex 16.2379 -7.9481 8.5936
endloop
endfacet
facet normal 0.000000 0.000000 1.000000
outer loop
vertex 16.7463 -9.8456 8.5936
vertex 16.2379 -7.9481 8.5936
vertex 15.7641 -8.1443 8.5936
endloop
endfacet
facet normal 0.000000 0.000000 -1.000000
outer loop
vertex 16.7463 -9.8456 0.0000
vertex 15.7641 -8.1443 0.0000
vertex 16.2379 -7.9481 0.0000
endloop
endfacet
facet normal -0.608761 0.793353 0.000000
outer loop
vertex 15.7641 -8.1443 0.0000
vertex 15.3572 -8.4565 0.0000
vertex 15.3572 -8.4565 8.5936
endloop
endfacet
facet normal -0.608761 0.793353 0.000000
outer loop
vertex 15.7641 -8.1443 0.0000
vertex 15.3572 -8.4565 8.5936
vertex 15.7641 -8.1443 8.5936
endloop
endfacet
facet normal 0.000000 0.000000 1.000000
outer loop
vertex 16.7463 -9.8456 8.5936
vertex 15.7641 -8.1443 8.5936
vertex 15.3572 -8.4565 8.5936
endloop
endfacet
facet normal 0.000000 0.000000 -1.000000
outer loop
vertex 16.7463 -9.8456 0.0000
vertex 15.3572 -8.4565 0.0000
vertex 15.7641 -8.1443 0.0000
endloop
endfacet
facet normal -0.793353 0.608761 0.000000
outer loop
vertex 15.3572 -8.4565 0.0000
vertex 15.0450 -8.8634 0.0000
vertex 15.0450 -8.8634 8.5936
endloop
endfacet
facet normal -0.793353 0.608761 0.000000
outer loop
vertex 15.3572 -8.4565 0.0000
vertex 15.0450 -8.8634 8.5936
vertex 15.3572 -8.4565 8.5936
endloop
endfacet
facet normal 0.000000 0.000000 1.000000
outer loop
vertex 16.7463 -9.8456 8.5936
vertex 15.3572 -8.4565 8.5936
vertex 15.0450 -8.8634 8.5936
endloop
endfacet
facet normal 0.000000 0.000000 -1.000000
outer loop
vertex 16.7463 -9.8456 0.0000
vertex 15.0450 -8.8634 0.0000
vertex 15.3572 -8.4565 0.0000
endloop
endfacet
facet normal -0.923880 0.382683 0.000000
outer loop
vertex 15.0450 -8.8634 0.0000
vertex 14.8488 -9.3372 0.0000
vertex 14.8488 -9.3372 8.5936
endloop
endfacet
facet normal -0.923880 0.382683 0.000000
outer loop
vertex 15.0450 -8.8634 0.0000
vertex 14.8488 -9.3372 8.5936
vertex 15.0450 -8.8634 8.5936
endloop
endfacet
facet normal 0.000000 0.000000 1.000000
outer loop
vertex 16.7463 -9.8456 8.5936
vertex 15.0450 -8.8634 8.5936
vertex 14.8488 -9.3372 8.5936
endloop
endfacet
facet normal 0.000000 0.000000 -1.000000
outer loop
vertex 16.7463 -9.8456 0.0000
vertex 14.8488 -9.3372 0.0000
vertex 15.0450 -8.8634 0.0000
endloop
endfacet
facet normal -0.991445 0.130526 0.000000
outer loop
vertex 14.8488 -9.3372 0.0000
vertex 14.7818 -9.8456 0.0000
vertex 14.7818 -9.8456 8.5936
endloop
endfacet
facet normal -0.991445 0.130526 0.000000
outer loop
vertex 14.8488 -9.3372 0.0000
vertex 14.7818 -9.8456 8.5936
vertex 14.8488 -9.3372 8.5936
endloop
endfacet
facet normal 0.000000 0.000000 1.000000
outer loop
vertex 16.7463 -9.8456 8.5936
vertex 14.8488 -9.3372 8.5936
vertex 14.7818 -9.8456 8.5936
endloop
endfacet
facet normal 0.000000 0.000000 -1.000000
outer loop
vertex 16.7463 -9.8456 0.0000
vertex 14.7818 -9.8456 0.0000
vertex 14.8488 -9.3372 0.0000
endloop
endfacet
facet normal -0.991445 -0.130526 0.000000
outer loop
vertex 14.7818 -9.8456 0.0000
vertex 14.8488 -10.3540 0.0000
vertex 14.8488 -10.3540 8.5936
endloop
endfacet
facet normal -0.991445 -0.130526 0.000000
outer loop
vertex 14.7818 -9.8456 0.0000
vertex 14.8488 -10.3540 8.5936
vertex 14.7818 -9.8456 8.5936
endloop
endfacet
facet normal 0.000000 0.000000 1.000000
outer loop
vertex 16.7463 -9.8456 8.5936
vertex 14.7818 -9.8456 8.5936
vertex 14.8488 -10.3540 8.5936
endloop
endfacet
facet normal -0.000000 0.000000 -1.000000
outer loop
vertex 16.7463 -9.8456 0.0000
vertex 14.8488 -10.3540 0.0000
vertex 14.7818 -9.8456 0.0000
endloop
endfacet
facet normal -0.923880 -0.382683 0.000000
outer loop
vertex 14.8488 -10.3540 0.0000
vertex 15.0450 -10.8278 0.0000
vertex 15.0450 -10.8278 8.5936
endloop
endfacet
facet normal -0.923880 -0.382683 0.000000
outer loop
vertex 14.8488 -10.3540 0.0000
vertex 15.0450 -10.8278 8.5936
vertex 14.8488 -10.3540 8.5936
endloop
endfacet
facet normal 0.000000 0.000000 1.000000
outer loop
vertex 16.7463 -9.8456 8.5936
vertex 14.8488 -10.3540 8.5936
vertex 15.0450 -10.8278 8.5936
endloop
endfacet
facet normal 0.000000 0.000000 -1.000000
outer loop
vertex 16.7463 -9.8456 0.0000
vertex 15.0450 -10.8278 0.0000
vertex 14.8488 -10.3540 0.0000
endloop
endfacet
facet normal -0.793353 -0.608761 0.000000
outer loop
vertex 15.0450 -10.8278 0.0000
vertex 15.3572 -11.2347 0.0000
vertex 15.3572 -11.2347 8.5936
endloop
endfacet
facet normal -0.793353 -0.608761 0.000000
outer loop
vertex 15.0450 -10.8278 0.0000
vertex 15.3572 -11.2347 8.5936
vertex 15.0450 -10.8278 8.5936
endloop
endfacet
facet normal 0.000000 0.000000 1.000000
outer loop
vertex 16.7463 -9.8456 8.5936
vertex 15.0450 -10.8278 8.5936
vertex 15.3572 -11.2347 8.5936
endloop
endfacet
facet normal 0.000000 0.000000 -1.000000
outer loop
vertex 16.7463 -9.8456 0.0000
vertex 15.3572 -11.2347 0.0000
vertex 15.0450 -10.8278 0.0000
endloop
endfacet
facet normal -0.608761 -0.793353 0.000000
outer loop
vertex 15.3572 -11.2347 0.0000
vertex 15.7641 -11.5469 0.0000
vertex 15.7641 -11.5469 8.5936
endloop
endfacet
facet normal -0.608761 -0.793353 0.000000
outer loop
vertex 15.3572 -11.2347 0.0000
vertex 15.7641 -11.5469 8.5936
vertex 15.3572 -11.2347 8.5936
endloop
endfacet
facet normal 0.000000 0.000000 1.000000
outer loop
vertex 16.7463 -9.8456 8.5936
vertex 15.3572 -11.2347 8.5936
vertex 15.7641 -11.5469 8.5936
endloop
endfacet
facet normal 0.000000 0.000000 -1.000000
outer loop
vertex 16.7463 -9.8456 0.0000
vertex 15.7641 -11.5469 0.0000
vertex 15.3572 -11.2347 0.0000
endloop
endfacet
facet normal -0.382683 -0.923880 0.000000
outer loop
vertex 15.7641 -11.5469 0.0000
vertex 16.2379 -11.7431 0.0000
vertex 16.2379 -11.7431 8.5936
endloop
endfacet
facet normal -0.382683 -0.923880 0.000000
outer loop
vertex 15.7641 -11.5469 0.0000
vertex 16.2379 -11.7431 8.5936
vertex 15.7641 -11.5469 8.5936
endloop
endfacet
facet normal 0.000000 0.000000 1.000000
outer loop
vertex 16.7463 -9.8456 8.5936
vertex 15.7641 -11.5469 8.5936
vertex 16.2379 -11.7431 8.5936
endloop
endfacet
facet normal 0.000000 0.000000 -1.000000
outer loop
vertex 16.7463 -9.8456 0.0000
vertex 16.2379 -11.7431 0.0000
vertex 15.7641 -11.5469 0.0000
endloop
endfacet
facet normal -0.130526 -0.991445 0.000000
outer loop
vertex 16.2379 -11.7431 0.0000
vertex 16.7463 -11.8101 0.0000
vertex 16.7463 -11.8101 8.5936
endloop
endfacet
facet normal -0.130526 -0.991445 0.000000
outer loop
vertex 16.2379 -11.7431 0.0000
vertex 16.7463 -11.8101 8.5936
vertex 16.2379 -11.7431 8.5936
endloop
endfacet
facet normal 0.000000 0.000000 1.000000
outer loop
vertex 16.7463 -9.8456 8.5936
vertex 16.2379 -11.7431 8.5936
vertex 16.7463 -11.8101 8.5936
endloop
endfacet
facet normal 0.000000 -0.000000 -1.000000
outer loop
vertex 16.7463 -9.8456 0.0000
vertex 16.7463 -11.8101 0.0000
vertex 16.2379 -11.7431 0.0000
endloop
endfacet
facet normal 0.130526 -0.991445 0.000000
outer loop
vertex 16.7463 -11.8101 0.0000
vertex 17.2547 -11.7431 0.0000
vertex 17.2547 -11.7431 8.5936
endloop
endfacet
facet normal 0.130526 -0.991445 0.000000
outer loop
vertex 16.7463 -11.8101 0.0000
vertex 17.2547 -11.7431 8.5936
vertex 16.7463 -11.8101 8.5936
endloop
endfacet
facet normal 0.000000 0.000000 1.000000
outer loop
vertex 16.7463 -9.8456 8.5936
vertex 16.7463 -11.8101 8.5936
vertex 17.2547 -11.7431 8.5936
endloop
endfacet
facet normal 0.000000 0.000000 -1.000000
outer loop
vertex 16.7463 -9.8456 0.0000
vertex 17.2547 -11.7431 0.0000
vertex 16.7463 -11.8101 0.0000
endloop
endfacet
facet normal 0.382683 -0.923880 0.000000
outer loop
vertex 17.2547 -11.7431 0.0000
vertex 17.7285 -11.5469 0.0000
vertex 17.7285 -11.5469 8.5936
endloop
endfacet
facet normal 0.382683 -0.923880 0.000000
outer loop
vertex 17.2547 -11.7431 0.0000
vertex 17.7285 -11.5469 8.5936
vertex 17.2547 -11.7431 8.5936
endloop
endfacet
facet normal 0.000000 0.000000 1.000000
outer loop
vertex 16.7463 -9.8456 8.5936
vertex 17.2547 -11.7431 8.5936
vertex 17.7285 -11.5469 8.5936
endloop
endfacet
facet normal 0.000000 0.000000 -1.000000
outer loop
vertex 16.7463 -9.8456 0.0000
vertex 17.7285 -11.5469 0.0000
vertex 17.2547 -11.7431 0.0000
endloop
endfacet
facet normal 0.608761 -0.793353 0.000000
outer loop
vertex 17.7285 -11.5469 0.0000
vertex 18.1354 -11.2347 0.0000
vertex 18.1354 -11.2347 8.5936
endloop
endfacet
facet normal 0.608761 -0.793353 0.000000
outer loop
vertex 17.7285 -11.5469 0.0000
vertex 18.1354 -11.2347 8.5936
vertex 17.7285 -11.5469 8.5936
endloop
endfacet
facet normal 0.000000 0.000000 1.000000
outer loop
vertex 16.7463 -9.8456 8.5936
vertex 17.7285 -11.5469 8.5936
vertex 18.1354 -11.2347 8.5936
endloop
endfacet
facet normal 0.000000 0.000000 -1.000000
outer loop
vertex 16.7463 -9.8456 0.0000
vertex 18.1354 -11.2347 0.0000
vertex 17.7285 -11.5469 0.0000
endloop
endfacet
facet normal 0.793353 -0.608761 0.000000
outer loop
vertex 18.1354 -11.2347 0.0000
vertex 18.4476 -10.8278 0.0000
vertex 18.4476 -10.8278 8.5936
endloop
endfacet
facet normal 0.793353 -0.608761 0.000000
outer loop
vertex 18.1354 -11.2347 0.0000
vertex 18.4476 -10.8278 8.5936
vertex 18.1354 -11.2347 8.5936
endloop
endfacet
facet normal 0.000000 0.000000 1.000000
outer loop
vertex 16.7463 -9.8456 8.5936
vertex 18.1354 -11.2347 8.5936
vertex 18.4476 -10.8278 8.5936
endloop
endfacet
facet normal 0.000000 0.000000 -1.000000
outer loop
vertex 16.7463 -9.8456 0.0000
vertex 18.4476 -10.8278 0.0000
vertex 18.1354 -11.2347 0.0000
endloop
endfacet
facet normal 0.923880 -0.382683 0.000000
outer loop
vertex 18.4476 -10.8278 0.0000
vertex 18.6438 -10.3540 0.0000
vertex 18.6438 -10.3540 8.5936
endloop
endfacet
facet normal 0.923880 -0.382683 0.000000
outer loop
vertex 18.4476 -10.8278 0.0000
vertex 18.6438 -10.3540 8.5936
vertex 18.4476 -10.8278 8.5936
endloop
endfacet
facet normal 0.000000 0.000000 1.000000
outer loop
vertex 16.7463 -9.8456 8.5936
vertex 18.4476 -10.8278 8.5936
vertex 18.6438 -10.3540 8.5936
endloop
endfacet
facet normal 0.000000 0.000000 -1.000000
outer loop
vertex 16.7463 -9.8456 0.0000
vertex 18.6438 -10.3540 0.0000
vertex 18.4476 -10.8278 0.0000
endloop
endfacet
facet normal 0.991445 -0.130526 0.000000
outer loop
vertex 18.6438 -10.3540 0.0000
vertex 18.7108 -9.8456 0.0000
vertex 18.7108 -9.8456 8.5936
endloop
endfacet
facet normal 0.991445 -0.130526 0.000000
outer loop
vertex 18.6438 -10.3540 0.0000
vertex 18.7108 -9.8456 8.5936
vertex 18.6438 -10.3540 8.5936
endloop
endfacet
facet normal -0.000000 0.000000 1.000000
outer loop
vertex 16.7463 -9.8456 8.5936
vertex 18.6438 -10.3540 8.5936
vertex 18.7108 -9.8456 8.5936
endloop
endfacet
facet normal 0.000000 0.000000 -1.000000
outer loop
vertex 16.7463 -9.8456 0.0000
vertex 18.7108 -9.8456 0.0000
vertex 18.6438 -10.3540 0.0000
endloop
endfacet
facet normal 0.000000 0.000000 -1.000000
outer loop
vertex -24.9119 -22.7264 0.0000
vertex -24.9119 -17.1539 0.0000
vertex -18.8944 -17.1539 0.0000
endloop
endfacet
facet normal 0.000000 0.000000 -1.000000
outer loop
vertex -24.9119 -22.7264 0.0000
vertex -18.8944 -17.1539 0.0000
vertex -18.8944 -22.7264 0.0000
endloop
endfacet
facet normal 0.000000 0.000000 1.000000
outer loop
vertex -24.9119 -22.7264 10.9731
vertex -18.8944 -22.7264 10.9731
vertex -18.8944 -17.1539 10.9731
endloop
endfacet
facet normal 0.000000 0.000000 1.000000
outer loop
vertex -24.9119 -22.7264 10.9731
vertex -18.8944 -17.1539 10.9731
vertex -24.9119 -17.1539 10.9731
endloop
endfacet
facet normal 0.000000 -1.000000 0.000000
outer loop
vertex -24.9119 -22.7264 0.0000
vertex -18.8944 -22.7264 0.0000
vertex -18.8944 -22.7264 10.9731
endloop
endfacet
facet normal 0.000000 -1.000000 0.000000
outer loop
vertex -24.9119 -22.7264 0.0000
vertex -18.8944 -22.7264 10.9731
vertex -24.9119 -22.7264 10.9731
endloop
endfacet
facet normal 1.000000 0.000000 0.000000
outer loop
vertex -18.8944 -22.7264 0.0000
vertex -18.8944 -17.1539 0.0000
vertex -18.8944 -17.1539 10.9731
endloop
endfacet
facet normal 1.000000 0.000000 0.000000
outer loop
vertex -18.8944 -22.7264 0.0000
vertex -18.8944 -17.1539 10.9731
vertex -18.8944 -22.7264 10.9731
endloop
endfacet
facet normal 0.000000 1.000000 0.000000
outer loop
vertex -18.8944 -17.1539 0.0000
vertex -24.9119 -17.1539 0.0000
vertex -24.9119 -17.1539 10.9731
endloop
endfacet
facet normal 0.000000 1.000000 -0.000000
outer loop
vertex -18.8944 -17.1539 0.0000
vertex -24.9119 -17.1539 10.9731
vertex -18.8944 -17.1539 10.9731
endloop
endfacet
facet normal -1.000000 0.000000 0.000000
outer loop
vertex -24.9119 -17.1539 0.0000
vertex -24.9119 -22.7264 0.0000
vertex -24.9119 -22.7264 10.9731
endloop
endfacet
facet normal -1.000000 0.000000 0.000000
outer loop
vertex -24.9119 -17.1539 0.0000
vertex -24.9119 -22.7264 10.9731
vertex -24.9119 -17.1539 10.9731
endloop
endfacet
facet normal 0.991445 0.130526 0.000000
outer loop
vertex 27.4635 -17.5976 0.0000
vertex 27.3976 -17.0964 0.0000
vertex 27.3976 -17.0964 19.8200
endloop
endfacet
facet normal 0.991445 0.130526 -0.000000
outer loop
vertex 27.4635 -17.5976 0.0000
vertex 27.3976 -17.0964 19.8200
vertex 27.4635 -17.5976 19.8200
endloop
endfacet
facet normal 0.000000 0.000000 1.000000
outer loop
vertex 25.5274 -17.5976 19.8200
vertex 27.4635 -17.5976 19.8200
vertex 27.3976 -17.0964 19.8200
endloop
endfacet
facet normal 0.000000 0.000000 -1.000000
outer loop
vertex 25.5274 -17.5976 0.0000
vertex 27.3976 -17.0964 0.0000
vertex 27.4635 -17.5976 0.0000
endloop
endfacet
facet normal 0.923880 0.382683 0.000000
outer loop
vertex 27.3976 -17.0964 0.0000
vertex 27.2041 -16.6295 0.0000
vertex 27.2041 -16.6295 19.8200
endloop
endfacet
facet normal 0.923880 0.382683 -0.000000
outer loop
vertex 27.3976 -17.0964 0.0000
vertex 27.2041 -16.6295 19.8200
vertex 27.3976 -17.0964 19.8200
endloop
endfacet
facet normal 0.000000 0.000000 1.000000
outer loop
vertex 25.5274 -17.5976 19.8200
vertex 27.3976 -17.0964 19.8200
vertex 27.2041 -16.6295 19.8200
endloop
endfacet
facet normal 0.000000 0.000000 -1.000000
outer loop
vertex 25.5274 -17.5976 0.0000
vertex 27.2041 -16.6295 0.0000
vertex 27.3976 -17.0964 0.0000
endloop
endfacet
facet normal 0.793353 0.608761 0.000000
outer loop
vertex 27.2041 -16.6295 0.0000
vertex 26.8965 -16.2285 0.0000
vertex 26.8965 -16.2285 19.8200
endloop
endfacet
facet normal 0.793353 0.608761 -0.000000
outer loop
vertex 27.2041 -16.6295 0.0000
vertex 26.8965 -16.2285 19.8200
vertex 27.2041 -16.6295 19.8200
endloop
endfacet
facet normal 0.000000 0.000000 1.000000
outer loop
vertex 25.5274 -17.5976 19.8200
vertex 27.2041 -16.6295 19.8200
vertex 26.8965 -16.2285 19.8200
endloop
endfacet
facet normal 0.000000 0.000000 -1.000000
outer loop
vertex 25.5274 -17.5976 0.0000
vertex 26.8965 -16.2285 0.0000
vertex 27.2041 -16.6295 0.0000
endloop
endfacet
facet normal 0.608761 0.793353 0.000000
outer loop
vertex 26.8965 -16.2285 0.0000
vertex 26.4955 -15.9208 0.0000
vertex 26.4955 -15.9208 19.8200
endloop
endfacet
facet normal 0.608761 0.793353 -0.000000
outer loop
vertex 26.8965 -16.2285 0.0000
vertex 26.4955 -15.9208 19.8200
vertex 26.8965 -16.2285 19.8200
endloop
endfacet
facet normal 0.000000 0.000000 1.000000
outer loop
vertex 25.5274 -17.5976 19.8200
vertex 26.8965 -16.2285 19.8200
vertex 26.4955 -15.9208 19.8200
endloop
endfacet
facet normal 0.000000 0.000000 -1.000000
outer loop
vertex 25.5274 -17.5976 0.0000
vertex 26.4955 -15.9208 0.0000
vertex 26.8965 -16.2285 0.0000
endloop
endfacet
facet normal 0.382683 0.923880 0.000000
outer loop
vertex 26.4955 -15.9208 0.0000
vertex 26.0285 -15.7274 0.0000
vertex 26.0285 -15.7274 19.8200
endloop
endfacet
facet normal 0.382683 0.923880 -0.000000
outer loop
vertex 26.4955 -15.9208 0.0000
vertex 26.0285 -15.7274 19.8200
vertex 26.4955 -15.9208 19.8200
endloop
endfacet
facet normal 0.000000 0.000000 1.000000
outer loop
vertex 25.5274 -17.5976 19.8200
vertex 26.4955 -15.9208 19.8200
vertex 26.0285 -15.7274 19.8200
endloop
endfacet
facet normal 0.000000 0.000000 -1.000000
outer loop
vertex 25.5274 -17.5976 0.0000
vertex 26.0285 -15.7274 0.0000
vertex 26.4955 -15.9208 0.0000
endloop
endfacet
facet normal 0.130526 0.991445 0.000000
outer loop
vertex 26.0285 -15.7274 0.0000
vertex 25.5274 -15.6614 0.0000
vertex 25.5274 -15.6614 19.8200
endloop
endfacet
facet normal 0.130526 0.991445 -0.000000
outer loop
vertex 26.0285 -15.7274 0.0000
vertex 25.5274 -15.6614 19.8200
vertex 26.0285 -15.7274 19.8200
endloop
endfacet
facet normal 0.000000 0.000000 1.000000
outer loop
vertex 25.5274 -17.5976 19.8200
vertex 26.0285 -15.7274 19.8200
vertex 25.5274 -15.6614 19.8200
endloop
endfacet
facet normal 0.000000 0.000000 -1.000000
outer loop
vertex 25.5274 -17.5976 0.0000
vertex 25.5274 -15.6614 0.0000
vertex 26.0285 -15.7274 0.0000
endloop
endfacet
facet normal -0.130526 0.991445 0.000000
outer loop
vertex 25.5274 -15.6614 0.0000
vertex 25.0263 -15.7274 0.0000
vertex 25.0263 -15.7274 19.8200
endloop
endfacet
facet normal -0.130526 0.991445 0.000000
outer loop
vertex 25.5274 -15.6614 0.0000
vertex 25.0263 -15.7274 19.8200
vertex 25.5274 -15.6614 19.8200
endloop
endfacet
facet normal 0.000000 -0.000000 1.000000
outer loop
vertex 25.5274 -17.5976 19.8200
vertex 25.5274 -15.6614 19.8200
vertex 25.0263 -15.7274 19.8200
endloop
endfacet
facet normal 0.000000 0.000000 -1.000000
outer loop
vertex 25.5274 -17.5976 0.0000
vertex 25.0263 -15.7274 0.0000
vertex 25.5274 -15.6614 0.0000
endloop
endfacet
facet normal -0.382683 0.923880 0.000000
outer loop
vertex 25.0263 -15.7274 0.0000
vertex 24.5593 -15.9208 0.0000
vertex 24.5593 -15.9208 19.8200
endloop
endfacet
facet normal -0.382683 0.923880 0.000000
outer loop
vertex 25.0263 -15.7274 0.0000
vertex 24.5593 -15.9208 19.8200
vertex 25.0263 -15.7274 19.8200
endloop
endfacet
facet normal 0.000000 0.000000 1.000000
outer loop
vertex 25.5274 -17.5976 19.8200
vertex 25.0263 -15.7274 19.8200
vertex 24.5593 -15.9208 19.8200
endloop
endfacet
facet normal 0.000000 0.000000 -1.000000
outer loop
vertex 25.5274 -17.5976 0.0000
vertex 24.5593 -15.9208 0.0000
vertex 25.0263 -15.7274 0.0000
endloop
endfacet
facet normal -0.608761 0.793353 0.000000
outer loop
vertex 24.5593 -15.9208 0.0000
vertex 24.1584 -16.2285 0.0000
vertex 24.1584 -16.2285 19.8200
endloop
endfacet
facet normal -0.608761 0.793353 0.000000
outer loop
vertex 24.5593 -15.9208 0.0000
vertex 24.1584 -16.2285 19.8200
vertex 24.5593 -15.9208 19.8200
endloop
endfacet
facet normal 0.000000 0.000000 1.000000
outer loop
vertex 25.5274 -17.5976 19.8200
vertex 24.5593 -15.9208 19.8200
vertex 24.1584 -16.2285 19.8200
endloop
endfacet
facet normal 0.000000 0.000000 -1.000000
outer loop
vertex 25.5274 -17.5976 0.0000
vertex 24.1584 -16.2285 0.0000
vertex 24.5593 -15.9208 0.0000
endloop
endfacet
facet normal -0.793353 0.608761 0.000000
outer loop
vertex 24.1584 -16.2285 0.0000
vertex 23.8507 -16.6295 0.0000
vertex 23.8507 -16.6295 19.8200
endloop
endfacet
facet normal -0.793353 0.608761 0.000000
outer loop
vertex 24.1584 -16.2285 0.0000
vertex 23.8507 -16.6295 19.8200
vertex 24.1584 -16.2285 19.8200
endloop
endfacet
facet normal 0.000000 0.000000 1.000000
outer loop
vertex 25.5274 -17.5976 19.8200
vertex 24.1584 -16.2285 19.8200
vertex 23.8507 -16.6295 19.8200
endloop
endfacet
facet normal 0.000000 0.000000 -1.000000
outer loop
vertex 25.5274 -17.5976 0.0000
vertex 23.8507 -16.6295 0.0000
vertex 24.1584 -16.2285 0.0000
endloop
endfacet
facet normal -0.923880 0.382683 0.000000
outer loop
vertex 23.8507 -16.6295 0.0000
vertex 23.6572 -17.0964 0.0000
vertex 23.6572 -17.0964 19.8200
endloop
endfacet
facet normal -0.923880 0.382683 0.000000
outer loop
vertex 23.8507 -16.6295 0.0000
vertex 23.6572 -17.0964 19.8200
vertex 23.8507 -16.6295 19.8200
endloop
endfacet
facet normal 0.000000 0.000000 1.000000
outer loop
vertex 25.5274 -17.5976 19.8200
vertex 23.8507 -16.6295 19.8200
vertex 23.6572 -17.0964 19.8200
endloop
endfacet
facet normal 0.000000 0.000000 -1.000000
outer loop
vertex 25.5274 -17.5976 0.0000
vertex 23.6572 -17.0964 0.0000
vertex 23.8507 -16.6295 0.0000
endloop
endfacet
facet normal -0.991445 0.130526 0.000000
outer loop
vertex 23.6572 -17.0964 0.0000
vertex 23.5913 -17.5976 0.0000
vertex 23.5913 -17.5976 19.8200
endloop
endfacet
facet normal -0.991445 0.130526 0.000000
outer loop
vertex 23.6572 -17.0964 0.0000
vertex 23.5913 -17.5976 19.8200
vertex 23.6572 -17.0964 19.8200
endloop
endfacet
facet normal 0.000000 0.000000 1.000000
outer loop
vertex 25.5274 -17.5976 19.8200
vertex 23.6572 -17.0964 19.8200
vertex 23.5913 -17.5976 19.8200
endloop
endfacet
facet normal 0.000000 0.000000 -1.000000
outer loop
vertex 25.5274 -17.5976 0.0000
vertex 23.5913 -17.5976 0.0000
vertex 23.6572 -17.0964 0.0000
endloop
endfacet
facet normal -0.991445 -0.130526 0.000000
outer loop
vertex 23.5913 -17.5976 0.0000
vertex 23.6572 -18.0987 0.0000
vertex 23.6572 -18.0987 19.8200
endloop
endfacet
facet normal -0.991445 -0.130526 0.000000
outer loop
vertex 23.5913 -17.5976 0.0000
vertex 23.6572 -18.0987 19.8200
vertex 23.5913 -17.5976 19.8200
endloop
endfacet
facet normal 0.000000 0.000000 1.000000
outer loop
vertex 25.5274 -17.5976 19.8200
vertex 23.5913 -17.5976 19.8200
vertex 23.6572 -18.0987 19.8200
endloop
endfacet
facet normal -0.000000 0.000000 -1.000000
outer loop
vertex 25.5274 -17.5976 0.0000
vertex 23.6572 -18.0987 0.0000
vertex 23.5913 -17.5976 0.0000
endloop
endfacet
facet normal -0.923880 -0.382683 0.000000
outer loop
vertex 23.6572 -18.0987 0.0000
vertex 23.8507 -18.5656 0.0000
vertex 23.8507 -18.5656 19.8200
endloop
endfacet
facet normal -0.923880 -0.382683 0.000000
outer loop
vertex 23.6572 -18.0987 0.0000
vertex 23.8507 -18.5656 19.8200
vertex 23.6572 -18.0987 19.8200
endloop
endfacet
facet normal 0.000000 0.000000 1.000000
outer loop
vertex 25.5274 -17.5976 19.8200
vertex 23.6572 -18.0987 19.8200
vertex 23.8507 -18.5656 19.8200
endloop
endfacet
facet normal 0.000000 0.000000 -1.000000
outer loop
vertex 25.5274 -17.5976 0.0000
vertex 23.8507 -18.5656 0.0000
vertex 23.6572 -18.0987 0.0000
endloop
endfacet
facet normal -0.793353 -0.608761 0.000000
outer loop
vertex 23.8507 -18.5656 0.0000
vertex 24.1584 -18.9666 0.0000
vertex 24.1584 -18.9666 19.8200
endloop
endfacet
facet normal -0.793353 -0.608761 0.000000
outer loop
vertex 23.8507 -18.5656 0.0000
vertex 24.1584 -18.9666 19.8200
vertex 23.8507 -18.5656 19.8200
endloop
endfacet
facet normal 0.000000 0.000000 1.000000
outer loop
vertex 25.5274 -17.5976 19.8200
vertex 23.8507 -18.5656 19.8200
vertex 24.1584 -18.9666 19.8200
endloop
endfacet
facet normal 0.000000 0.000000 -1.000000
outer loop
vertex 25.5274 -17.5976 0.0000
vertex 24.1584 -18.9666 0.0000
vertex 23.8507 -18.5656 0.0000
endloop
endfacet
facet normal -0.608761 -0.793353 0.000000
outer loop
vertex 24.1584 -18.9666 0.0000
vertex 24.5593 -19.2743 0.0000
vertex 24.5593 -19.2743 19.8200
endloop
endfacet
facet normal -0.608761 -0.793353 0.000000
outer loop
vertex 24.1584 -18.9666 0.0000
vertex 24.5593 -19.2743 19.8200
vertex 24.1584 -18.9666 19.8200
endloop
endfacet
facet normal 0.000000 0.000000 1.000000
outer loop
vertex 25.5274 -17.5976 19.8200
vertex 24.1584 -18.9666 19.8200
vertex 24.5593 -19.2743 19.8200
endloop
endfacet
facet normal 0.000000 0.000000 -1.000000
outer loop
vertex 25.5274 -17.5976 0.0000
vertex 24.5593 -19.2743 0.0000
vertex 24.1584 -18.9666 0.0000
endloop
endfacet
facet normal -0.382683 -0.923880 0.000000
outer loop
vertex 24.5593 -19.2743 0.0000
vertex 25.0263 -19.4677 0.0000
vertex 25.0263 -19.4677 19.8200
endloop
endfacet
facet normal -0.382683 -0.923880 0.000000
outer loop
vertex 24.5593 -19.2743 0.0000
vertex 25.0263 -19.4677 19.8200
vertex 24.5593 -19.2743 19.8200
endloop
endfacet
facet normal 0.000000 0.000000 1.000000
outer loop
vertex 25.5274 -17.5976 19.8200
vertex 24.5593 -19.2743 19.8200
vertex 25.0263 -19.4677 19.8200
endloop
endfacet
facet normal 0.000000 0.000000 -1.000000
outer loop
vertex 25.5274 -17.5976 0.0000
vertex 25.0263 -19.4677 0.0000
vertex 24.5593 -19.2743 0.0000
endloop
endfacet
facet normal -0.130526 -0.991445 0.000000
outer loop
vertex 25.0263 -19.4677 0.0000
vertex 25.5274 -19.5337 0.0000
vertex 25.5274 -19.5337 19.8200
endloop
endfacet
facet normal -0.130526 -0.991445 0.000000
outer loop
vertex 25.0263 -19.4677 0.0000
vertex 25.5274 -19.5337 19.8200
vertex 25.0263 -19.4677 19.8200
endloop
endfacet
facet normal 0.000000 0.000000 1.000000
outer loop
vertex 25.5274 -17.5976 19.8200
vertex 25.0263 -19.4677 19.8200
vertex 25.5274 -19.5337 19.8200
endloop
endfacet
facet normal 0.000000 -0.000000 -1.000000
outer loop
vertex 25.5274 -17.5976 0.0000
vertex 25.5274 -19.5337 0.0000
vertex 25.0263 -19.4677 0.0000
endloop
endfacet
facet normal 0.130526 -0.991445 0.000000
outer loop
vertex 25.5274 -19.5337 0.0000
vertex 26.0285 -19.4677 0.0000
vertex 26.0285 -19.4677 19.8200
endloop
endfacet
facet normal 0.130526 -0.991445 0.000000
outer loop
vertex 25.5274 -19.5337 0.0000
vertex 26.0285 -19.4677 19.8200
vertex 25.5274 -19.5337 19.8200
endloop
endfacet
facet normal 0.000000 0.000000 1.000000
outer loop
vertex 25.5274 -17.5976 19.8200
vertex 25.5274 -19.5337 19.8200
vertex 26.0285 -19.4677 19.8200
endloop
endfacet
facet normal 0.000000 0.000000 -1.000000
outer loop
vertex 25.5274 -17.5976 0.0000
vertex 26.0285 -19.4677 0.0000
vertex 25.5274 -19.5337 0.0000
endloop
endfacet
facet normal 0.382683 -0.923880 0.000000
outer loop
vertex 26.0285 -19.4677 0.0000
vertex 26.4955 -19.2743 0.0000
vertex 26.4955 -19.2743 19.8200
endloop
endfacet
facet normal 0.382683 -0.923880 0.000000
outer loop
vertex 26.0285 -19.4677 0.0000
vertex 26.4955 -19.2743 19.8200
vertex 26.0285 -19.4677 19.8200
endloop
endfacet
facet normal 0.000000 0.000000 1.000000
outer loop
vertex 25.5274 -17.5976 19.8200
vertex 26.0285 -19.4677 19.8200
vertex 26.4955 -19.2743 19.8200
endloop
endfacet
facet normal 0.000000 0.000000 -1.000000
outer loop
vertex 25.5274 -17.5976 0.0000
vertex 26.4955 -19.2743 0.0000
vertex 26.0285 -19.4677 0.0000
endloop
endfacet
facet normal 0.608761 -0.793353 0.000000
outer loop
vertex 26.4955 -19.2743 0.0000
vertex 26.8965 -18.9666 0.0000
vertex 26.8965 -18.9666 19.8200
endloop
endfacet
facet normal 0.608761 -0.793353 0.000000
outer loop
vertex 26.4955 -19.2743 0.0000
vertex 26.8965 -18.9666 19.8200
vertex 26.4955 -19.2743 19.8200
endloop
endfacet
facet normal 0.000000 0.000000 1.000000
outer loop
vertex 25.5274 -17.5976 19.8200
vertex 26.4955 -19.2743 19.8200
vertex 26.8965 -18.9666 19.8200
endloop
endfacet
facet normal 0.000000 0.000000 -1.000000
outer loop
vertex 25.5274 -17.5976 0.0000
vertex 26.8965 -18.9666 0.0000
vertex 26.4955 -19.2743 0.0000
endloop
endfacet
facet normal 0.793353 -0.608761 0.000000
outer loop
vertex 26.8965 -18.9666 0.0000
vertex 27.2041 -18.5656 0.0000
vertex 27.2041 -18.5656 19.8200
endloop
endfacet
facet normal 0.793353 -0.608761 0.000000
outer loop
vertex 26.8965 -18.9666 0.0000
vertex 27.2041 -18.5656 19.8200
vertex 26.8965 -18.9666 19.8200
endloop
endfacet
facet normal 0.000000 0.000000 1.000000
outer loop
vertex 25.5274 -17.5976 19.8200
vertex 26.8965 -18.9666 19.8200
vertex 27.2041 -18.5656 19.8200
endloop
endfacet
facet normal 0.000000 0.000000 -1.000000
outer loop
vertex 25.5274 -17.5976 0.0000
vertex 27.2041 -18.5656 0.0000
vertex 26.8965 -18.9666 0.0000
endloop
endfacet
facet normal 0.923880 -0.382683 0.000000
outer loop
vertex 27.2041 -18.5656 0.0000
vertex 27.3976 -18.0987 0.0000
vertex 27.3976 -18.0987 19.8200
endloop
endfacet
facet normal 0.923880 -0.382683 0.000000
outer loop
vertex 27.2041 -18.5656 0.0000
vertex 27.3976 -18.0987 19.8200
vertex 27.2041 -18.5656 19.8200
endloop
endfacet
facet normal 0.000000 0.000000 1.000000
outer loop
vertex 25.5274 -17.5976 19.8200
vertex 27.2041 -18.5656 19.8200
vertex 27.3976 -18.0987 19.8200
endloop
endfacet
facet normal 0.000000 0.000000 -1.000000
outer loop
vertex 25.5274 -17.5976 0.0000
vertex 27.3976 -18.0987 0.0000
vertex 27.2041 -18.5656 0.0000
endloop
endfacet
facet normal 0.991445 -0.130526 0.000000
outer loop
vertex 27.3976 -18.0987 0.0000
vertex 27.4635 -17.5976 0.0000
vertex 27.4635 -17.5976 19.8200
endloop
endfacet
facet normal 0.991445 -0.130526 0.000000
outer loop
vertex 27.3976 -18.0987 0.0000
vertex 27.4635 -17.5976 19.8200
vertex 27.3976 -18.0987 19.8200
endloop
endfacet
facet normal -0.000000 0.000000 1.000000
outer loop
vertex 25.5274 -17.5976 19.8200
vertex 27.3976 -18.0987 19.8200
vertex 27.4635 -17.5976 19.8200
endloop
endfacet
facet normal 0.000000 0.000000 -1.000000
outer loop
vertex 25.5274 -17.5976 0.0000
vertex 27.4635 -17.5976 0.0000
vertex 27.3976 -18.0987 0.0000
endloop
endfacet
facet normal 0.991445 0.130526 0.000000
outer loop
vertex -6.3571 -35.1329 0.0000
vertex -6.4113 -34.7209 0.0000
vertex -6.4113 -34.7209 21.9936
endloop
endfacet
facet normal 0.991445 0.130526 -0.000000
outer loop
vertex -6.3571 -35.1329 0.0000
vertex -6.4113 -34.7209 21.9936
vertex -6.3571 -35.1329 21.9936
endloop
endfacet
facet normal 0.000000 0.000000 1.000000
outer loop
vertex -7.9488 -35.1329 21.9936
vertex -6.3571 -35.1329 21.9936
vertex -6.4113 -34.7209 21.9936
endloop
endfacet
facet normal 0.000000 0.000000 -1.000000
outer loop
vertex -7.9488 -35.1329 0.0000
vertex -6.4113 -34.7209 0.0000
vertex -6.3571 -35.1329 0.0000
endloop
endfacet
facet normal 0.923880 0.382683 0.000000
outer loop
vertex -6.4113 -34.7209 0.0000
vertex -6.5703 -34.3370 0.0000
vertex -6.5703 -34.3370 21.9936
endloop
endfacet
facet normal 0.923880 0.382683 -0.000000
outer loop
vertex -6.4113 -34.7209 0.0000
vertex -6.5703 -34.3370 21.9936
vertex -6.4113 -34.7209 21.9936
endloop
endfacet
facet normal 0.000000 0.000000 1.000000
outer loop
vertex -7.9488 -35.1329 21.9936
vertex -6.4113 -34.7209 21.9936
vertex -6.5703 -34.3370 21.9936
endloop
endfacet
facet normal 0.000000 0.000000 -1.000000
outer loop
vertex -7.9488 -35.1329 0.0000
vertex -6.5703 -34.3370 0.0000
vertex -6.4113 -34.7209 0.0000
endloop
endfacet
facet normal 0.793353 0.608761 0.000000
outer loop
vertex -6.5703 -34.3370 0.0000
vertex -6.8233 -34.0073 0.0000
vertex -6.8233 -34.0073 21.9936
endloop
endfacet
facet normal 0.793353 0.608761 -0.000000
outer loop
vertex -6.5703 -34.3370 0.0000
vertex -6.8233 -34.0073 21.9936
vertex -6.5703 -34.3370 21.9936
endloop
endfacet
facet normal 0.000000 0.000000 1.000000
outer loop
vertex -7.9488 -35.1329 21.9936
vertex -6.5703 -34.3370 21.9936
vertex -6.8233 -34.0073 21.9936
endloop
endfacet
facet normal 0.000000 0.000000 -1.000000
outer loop
vertex -7.9488 -35.1329 0.0000
vertex -6.8233 -34.0073 0.0000
vertex -6.5703 -34.3370 0.0000
endloop
endfacet
facet normal 0.608761 0.793353 0.000000
outer loop
vertex -6.8233 -34.0073 0.0000
vertex -7.1529 -33.7543 0.0000
vertex -7.1529 -33.7543 21.9936
endloop
endfacet
facet normal 0.608761 0.793353 -0.000000
outer loop
vertex -6.8233 -34.0073 0.0000
vertex -7.1529 -33.7543 21.9936
vertex -6.8233 -34.0073 21.9936
endloop
endfacet
facet normal 0.000000 0.000000 1.000000
outer loop
vertex -7.9488 -35.1329 21.9936
vertex -6.8233 -34.0073 21.9936
vertex -7.1529 -33.7543 21.9936
endloop
endfacet
facet normal 0.000000 0.000000 -1.000000
outer loop
vertex -7.9488 -35.1329 0.0000
vertex -7.1529 -33.7543 0.0000
vertex -6.8233 -34.0073 0.0000
endloop
endfacet
facet normal 0.382683 0.923880 0.000000
outer loop
vertex -7.1529 -33.7543 0.0000
vertex -7.5369 -33.5953 0.0000
vertex -7.5369 -33.5953 21.9936
endloop
endfacet
facet normal 0.382683 0.923880 -0.000000
outer loop
vertex -7.1529 -33.7543 0.0000
vertex -7.5369 -33.5953 21.9936
vertex -7.1529 -33.7543 21.9936
endloop
endfacet
facet normal 0.000000 0.000000 1.000000
outer loop
vertex -7.9488 -35.1329 21.9936
vertex -7.1529 -33.7543 21.9936
vertex -7.5369 -33.5953 21.9936
endloop
endfacet
facet normal 0.000000 0.000000 -1.000000
outer loop
vertex -7.9488 -35.1329 0.0000
vertex -7.5369 -33.5953 0.0000
vertex -7.1529 -33.7543 0.0000
endloop
endfacet
facet normal 0.130526 0.991445 0.000000
outer loop
vertex -7.5369 -33.5953 0.0000
vertex -7.9488 -33.5411 0.0000
vertex -7.9488 -33.5411 21.9936
endloop
endfacet
facet normal 0.130526 0.991445 -0.000000
outer loop
vertex -7.5369 -33.5953 0.0000
vertex -7.9488 -33.5411 21.9936
vertex -7.5369 -33.5953 21.9936
endloop
endfacet
facet normal 0.000000 0.000000 1.000000
outer loop
vertex -7.9488 -35.1329 21.9936
vertex -7.5369 -33.5953 21.9936
vertex -7.9488 -33.5411 21.9936
endloop
endfacet
facet normal 0.000000 0.000000 -1.000000
outer loop
vertex -7.9488 -35.1329 0.0000
vertex -7.9488 -33.5411 0.0000
vertex -7.5369 -33.5953 0.0000
endloop
endfacet
facet normal -0.130526 0.991445 0.000000
outer loop
vertex -7.9488 -33.5411 0.0000
vertex -8.3608 -33.5953 0.0000
vertex -8.3608 -33.5953 21.9936
endloop
endfacet
facet normal -0.130526 0.991445 0.000000
outer loop
vertex -7.9488 -33.5411 0.0000
vertex -8.3608 -33.5953 21.9936
vertex -7.9488 -33.5411 21.9936
endloop
endfacet
facet normal 0.000000 -0.000000 1.000000
outer loop
vertex -7.9488 -35.1329 21.9936
vertex -7.9488 -33.5411 21.9936
vertex -8.3608 -33.5953 21.9936
endloop
endfacet
facet normal 0.000000 0.000000 -1.000000
outer loop
vertex -7.9488 -35.1329 0.0000
vertex -8.3608 -33.5953 0.0000
vertex -7.9488 -33.5411 0.0000
endloop
endfacet
facet normal -0.382683 0.923880 0.000000
outer loop
vertex -8.3608 -33.5953 0.0000
vertex -8.7447 -33.7543 0.0000
vertex -8.7447 -33.7543 21.9936
endloop
endfacet
facet normal -0.382683 0.923880 0.000000
outer loop
vertex -8.3608 -33.5953 0.0000
vertex -8.7447 -33.7543 21.9936
vertex -8.3608 -33.5953 21.9936
endloop
endfacet
facet normal 0.000000 0.000000 1.000000
outer loop
vertex -7.9488 -35.1329 21.9936
vertex -8.3608 -33.5953 21.9936
vertex -8.7447 -33.7543 21.9936
endloop
endfacet
facet normal 0.000000 0.000000 -1.000000
outer loop
vertex -7.9488 -35.1329 0.0000
vertex -8.7447 -33.7543 0.0000
vertex -8.3608 -33.5953 0.0000
endloop
endfacet
facet normal -0.608761 0.793353 0.000000
outer loop
vertex -8.7447 -33.7543 0.0000
vertex -9.0744 -34.0073 0.0000
vertex -9.0744 -34.0073 21.9936
endloop
endfacet
facet normal -0.608761 0.793353 0.000000
outer loop
vertex -8.7447 -33.7543 0.0000
vertex -9.0744 -34.0073 21.9936
vertex -8.7447 -33.7543 21.9936
endloop
endfacet
facet normal 0.000000 0.000000 1.000000
outer loop
vertex -7.9488 -35.1329 21.9936
vertex -8.7447 -33.7543 21.9936
vertex -9.0744 -34.0073 21.9936
endloop
endfacet
facet normal 0.000000 0.000000 -1.000000
outer loop
vertex -7.9488 -35.1329 0.0000
vertex -9.0744 -34.0073 0.0000
vertex -8.7447 -33.7543 0.0000
endloop
endfacet
facet normal -0.793353 0.608761 0.000000
outer loop
vertex -9.0744 -34.0073 0.0000
vertex -9.3274 -34.3370 0.0000
vertex -9.3274 -34.3370 21.9936
endloop
endfacet
facet normal -0.793353 0.608761 0.000000
outer loop
vertex -9.0744 -34.0073 0.0000
vertex -9.3274 -34.3370 21.9936
vertex -9.0744 -34.0073 21.9936
endloop
endfacet
facet normal 0.000000 0.000000 1.000000
outer loop
vertex -7.9488 -35.1329 21.9936
vertex -9.0744 -34.0073 21.9936
vertex -9.3274 -34.3370 21.9936
endloop
endfacet
facet normal 0.000000 0.000000 -1.000000
outer loop
vertex -7.9488 -35.1329 0.0000
vertex -9.3274 -34.3370 0.0000
vertex -9.0744 -34.0073 0.0000
endloop
endfacet
facet normal -0.923880 0.382683 0.000000
outer loop
vertex -9.3274 -34.3370 0.0000
vertex -9.4864 -34.7209 0.0000
vertex -9.4864 -34.7209 21.9936
endloop
endfacet
facet normal -0.923880 0.382683 0.000000
outer loop
vertex -9.3274 -34.3370 0.0000
vertex -9.4864 -34.7209 21.9936
vertex -9.3274 -34.3370 21.9936
endloop
endfacet
facet normal 0.000000 0.000000 1.000000
outer loop
vertex -7.9488 -35.1329 21.9936
vertex -9.3274 -34.3370 21.9936
vertex -9.4864 -34.7209 21.9936
endloop
endfacet
facet normal 0.000000 0.000000 -1.000000
outer loop
vertex -7.9488 -35.1329 0.0000
vertex -9.4864 -34.7209 0.0000
vertex -9.3274 -34.3370 0.0000
endloop
endfacet
facet normal -0.991445 0.130526 0.000000
outer loop
vertex -9.4864 -34.7209 0.0000
vertex -9.5406 -35.1329 0.0000
vertex -9.5406 -35.1329 21.9936
endloop
endfacet
facet normal -0.991445 0.130526 0.000000
outer loop
vertex -9.4864 -34.7209 0.0000
vertex -9.5406 -35.1329 21.9936
vertex -9.4864 -34.7209 21.9936
endloop
endfacet
facet normal 0.000000 0.000000 1.000000
outer loop
vertex -7.9488 -35.1329 21.9936
vertex -9.4864 -34.7209 21.9936
vertex -9.5406 -35.1329 21.9936
endloop
endfacet
facet normal 0.000000 0.000000 -1.000000
outer loop
vertex -7.9488 -35.1329 0.0000
vertex -9.5406 -35.1329 0.0000
vertex -9.4864 -34.7209 0.0000
endloop
endfacet
facet normal -0.991445 -0.130526 0.000000
outer loop
vertex -9.5406 -35.1329 0.0000
vertex -9.4864 -35.5448 0.0000
vertex -9.4864 -35.5448 21.9936
endloop
endfacet
facet normal -0.991445 -0.130526 0.000000
outer loop
vertex -9.5406 -35.1329 0.0000
vertex -9.4864 -35.5448 21.9936
vertex -9.5406 -35.1329 21.9936
endloop
endfacet
facet normal 0.000000 0.000000 1.000000
outer loop
vertex -7.9488 -35.1329 21.9936
vertex -9.5406 -35.1329 21.9936
vertex -9.4864 -35.5448 21.9936
endloop
endfacet
facet normal -0.000000 0.000000 -1.000000
outer loop
vertex -7.9488 -35.1329 0.0000
vertex -9.4864 -35.5448 0.0000
vertex -9.5406 -35.1329 0.0000
endloop
endfacet
facet normal -0.923880 -0.382683 0.000000
outer loop
vertex -9.4864 -35.5448 0.0000
vertex -9.3274 -35.9287 0.0000
vertex -9.3274 -35.9287 21.9936
endloop
endfacet
facet normal -0.923880 -0.382683 0.000000
outer loop
vertex -9.4864 -35.5448 0.0000
vertex -9.3274 -35.9287 21.9936
vertex -9.4864 -35.5448 21.9936
endloop
endfacet
facet normal 0.000000 0.000000 1.000000
outer loop
vertex -7.9488 -35.1329 21.9936
vertex -9.4864 -35.5448 21.9936
vertex -9.3274 -35.9287 21.9936
endloop
endfacet
facet normal 0.000000 0.000000 -1.000000
outer loop
vertex -7.9488 -35.1329 0.0000
vertex -9.3274 -35.9287 0.0000
vertex -9.4864 -35.5448 0.0000
endloop
endfacet
facet normal -0.793353 -0.608761 0.000000
outer loop
vertex -9.3274 -35.9287 0.0000
vertex -9.0744 -36.2584 0.0000
vertex -9.0744 -36.2584 21.9936
endloop
endfacet
facet normal -0.793353 -0.608761 0.000000
outer loop
vertex -9.3274 -35.9287 0.0000
vertex -9.0744 -36.2584 21.9936
vertex -9.3274 -35.9287 21.9936
endloop
endfacet
facet normal 0.000000 0.000000 1.000000
outer loop
vertex -7.9488 -35.1329 21.9936
vertex -9.3274 -35.9287 21.9936
vertex -9.0744 -36.2584 21.9936
endloop
endfacet
facet normal 0.000000 0.000000 -1.000000
outer loop
vertex -7.9488 -35.1329 0.0000
vertex -9.0744 -36.2584 0.0000
vertex -9.3274 -35.9287 0.0000
endloop
endfacet
facet normal -0.608761 -0.793353 0.000000
outer loop
vertex -9.0744 -36.2584 0.0000
vertex -8.7447 -36.5114 0.0000
vertex -8.7447 -36.5114 21.9936
endloop
endfacet
facet normal -0.608761 -0.793353 0.000000
outer loop
vertex -9.0744 -36.2584 0.0000
vertex -8.7447 -36.5114 21.9936
vertex -9.0744 -36.2584 21.9936
endloop
endfacet
facet normal 0.000000 0.000000 1.000000
outer loop
vertex -7.9488 -35.1329 21.9936
vertex -9.0744 -36.2584 21.9936
vertex -8.7447 -36.5114 21.9936
endloop
endfacet
facet normal 0.000000 0.000000 -1.000000
outer loop
vertex -7.9488 -35.1329 0.0000
vertex -8.7447 -36.5114 0.0000
vertex -9.0744 -36.2584 0.0000
endloop
endfacet
facet normal -0.382683 -0.923880 0.000000
outer loop
vertex -8.7447 -36.5114 0.0000
vertex -8.3608 -36.6704 0.0000
vertex -8.3608 -36.6704 21.9936
endloop
endfacet
facet normal -0.382683 -0.923880 0.000000
outer loop
vertex -8.7447 -36.5114 0.0000
vertex -8.3608 -36.6704 21.9936
vertex -8.7447 -36.5114 21.9936
endloop
endfacet
facet normal 0.000000 0.000000 1.000000
outer loop
vertex -7.9488 -35.1329 21.9936
vertex -8.7447 -36.5114 21.9936
vertex -8.3608 -36.6704 21.9936
endloop
endfacet
facet normal 0.000000 0.000000 -1.000000
outer loop
vertex -7.9488 -35.1329 0.0000
vertex -8.3608 -36.6704 0.0000
vertex -8.7447 -36.5114 0.0000
endloop
endfacet
facet normal -0.130526 -0.991445 0.000000
outer loop
vertex -8.3608 -36.6704 0.0000
vertex -7.9488 -36.7246 0.0000
vertex -7.9488 -36.7246 21.9936
endloop
endfacet
facet normal -0.130526 -0.991445 0.000000
outer loop
vertex -8.3608 -36.6704 0.0000
vertex -7.9488 -36.7246 21.9936
vertex -8.3608 -36.6704 21.9936
endloop
endfacet
facet normal 0.000000 0.000000 1.000000
outer loop
vertex -7.9488 -35.1329 21.9936
vertex -8.3608 -36.6704 21.9936
vertex -7.9488 -36.7246 21.9936
endloop
endfacet
facet normal 0.000000 -0.000000 -1.000000
outer loop
vertex -7.9488 -35.1329 0.0000
vertex -7.9488 -36.7246 0.0000
vertex -8.3608 -36.6704 0.0000
endloop
endfacet
facet normal 0.130526 -0.991445 0.000000
outer loop
vertex -7.9488 -36.7246 0.0000
vertex -7.5369 -36.6704 0.0000
vertex -7.5369 -36.6704 21.9936
endloop
endfacet
facet normal 0.130526 -0.991445 0.000000
outer loop
vertex -7.9488 -36.7246 0.0000
vertex -7.5369 -36.6704 21.9936
vertex -7.9488 -36.7246 21.9936
endloop
endfacet
facet normal 0.000000 0.000000 1.000000
outer loop
vertex -7.9488 -35.1329 21.9936
vertex -7.9488 -36.7246 21.9936
vertex -7.5369 -36.6704 21.9936
endloop
endfacet
facet normal 0.000000 0.000000 -1.000000
outer loop
vertex -7.9488 -35.1329 0.0000
vertex -7.5369 -36.6704 0.0000
vertex -7.9488 -36.7246 0.0000
endloop
endfacet
facet normal 0.382683 -0.923880 0.000000
outer loop
vertex -7.5369 -36.6704 0.0000
vertex -7.1529 -36.5114 0.0000
vertex -7.1529 -36.5114 21.9936
endloop
endfacet
facet normal 0.382683 -0.923880 0.000000
outer loop
vertex -7.5369 -36.6704 0.0000
vertex -7.1529 -36.5114 21.9936
vertex -7.5369 -36.6704 21.9936
endloop
endfacet
facet normal 0.000000 0.000000 1.000000
outer loop
vertex -7.9488 -35.1329 21.9936
vertex -7.5369 -36.6704 21.9936
vertex -7.1529 -36.5114 21.9936
endloop
endfacet
facet normal 0.000000 0.000000 -1.000000
outer loop
vertex -7.9488 -35.1329 0.0000
vertex -7.1529 -36.5114 0.0000
vertex -7.5369 -36.6704 0.0000
endloop
endfacet
facet normal 0.608761 -0.793353 0.000000
outer loop
vertex -7.1529 -36.5114 0.0000
vertex -6.8233 -36.2584 0.0000
vertex -6.8233 -36.2584 21.9936
endloop
endfacet
facet normal 0.608761 -0.793353 0.000000
outer loop
vertex -7.1529 -36.5114 0.0000
vertex -6.8233 -36.2584 21.9936
vertex -7.1529 -36.5114 21.9936
endloop
endfacet
facet normal 0.000000 0.000000 1.000000
outer loop
vertex -7.9488 -35.1329 21.9936
vertex -7.1529 -36.5114 21.9936
vertex -6.8233 -36.2584 21.9936
endloop
endfacet
facet normal 0.000000 0.000000 -1.000000
outer loop
vertex -7.9488 -35.1329 0.0000
vertex -6.8233 -36.2584 0.0000
vertex -7.1529 -36.5114 0.0000
endloop
endfacet
facet normal 0.793353 -0.608761 0.000000
outer loop
vertex -6.8233 -36.2584 0.0000
vertex -6.5703 -35.9287 0.0000
vertex -6.5703 -35.9287 21.9936
endloop
endfacet
facet normal 0.793353 -0.608761 0.000000
outer loop
vertex -6.8233 -36.2584 0.0000
vertex -6.5703 -35.9287 21.9936
vertex -6.8233 -36.2584 21.9936
endloop
endfacet
facet normal 0.000000 0.000000 1.000000
outer loop
vertex -7.9488 -35.1329 21.9936
vertex -6.8233 -36.2584 21.9936
vertex -6.5703 -35.9287 21.9936
endloop
endfacet
facet normal 0.000000 0.000000 -1.000000
outer loop
vertex -7.9488 -35.1329 0.0000
vertex -6.5703 -35.9287 0.0000
vertex -6.8233 -36.2584 0.0000
endloop
endfacet
facet normal 0.923880 -0.382683 0.000000
outer loop
vertex -6.5703 -35.9287 0.0000
vertex -6.4113 -35.5448 0.0000
vertex -6.4113 -35.5448 21.9936
endloop
endfacet
facet normal 0.923880 -0.382683 0.000000
outer loop
vertex -6.5703 -35.9287 0.0000
vertex -6.4113 -35.5448 21.9936
vertex -6.5703 -35.9287 21.9936
endloop
endfacet
facet normal 0.000000 0.000000 1.000000
outer loop
vertex -7.9488 -35.1329 21.9936
vertex -6.5703 -35.9287 21.9936
vertex -6.4113 -35.5448 21.9936
endloop
endfacet
facet normal 0.000000 0.000000 -1.000000
outer loop
vertex -7.9488 -35.1329 0.0000
vertex -6.4113 -35.5448 0.0000
vertex -6.5703 -35.9287 0.0000
endloop
endfacet
facet normal 0.991445 -0.130526 0.000000
outer loop
vertex -6.4113 -35.5448 0.0000
vertex -6.3571 -35.1329 0.0000
vertex -6.3571 -35.1329 21.9936
endloop
endfacet
facet normal 0.991445 -0.130526 0.000000
outer loop
vertex -6.4113 -35.5448 0.0000
vertex -6.3571 -35.1329 21.9936
vertex -6.4113 -35.5448 21.9936
endloop
endfacet
facet normal -0.000000 0.000000 1.000000
outer loop
vertex -7.9488 -35.1329 21.9936
vertex -6.4113 -35.5448 21.9936
vertex -6.3571 -35.1329 21.9936
endloop
endfacet
facet normal 0.000000 0.000000 -1.000000
outer loop
vertex -7.9488 -35.1329 0.0000
vertex -6.3571 -35.1329 0.0000
vertex -6.4113 -35.5448 0.0000
endloop
endfacet
facet normal 0.000000 0.000000 -1.000000
outer loop
vertex 23.9697 -39.7177 0.0000
vertex 23.9697 -30.1499 0.0000
vertex 29.7634 -30.1499 0.0000
endloop
endfacet
facet normal 0.000000 0.000000 -1.000000
outer loop
vertex 23.9697 -39.7177 0.0000
vertex 29.7634 -30.1499 0.0000
vertex 29.7634 -39.7177 0.0000
endloop
endfacet
facet normal 0.000000 0.000000 1.000000
outer loop
vertex 23.9697 -39.7177 20.2688
vertex 29.7634 -39.7177 20.2688
vertex 29.7634 -30.1499 20.2688
endloop
endfacet
facet normal 0.000000 0.000000 1.000000
outer loop
vertex 23.9697 -39.7177 20.2688
vertex 29.7634 -30.1499 20.2688
vertex 23.9697 -30.1499 20.2688
endloop
endfacet
facet normal 0.000000 -1.000000 0.000000
outer loop
vertex 23.9697 -39.7177 0.0000
vertex 29.7634 -39.7177 0.0000
vertex 29.7634 -39.7177 20.2688
endloop
endfacet
facet normal 0.000000 -1.000000 0.000000
outer loop
vertex 23.9697 -39.7177 0.0000
vertex 29.7634 -39.7177 20.2688
vertex 23.9697 -39.7177 20.2688
endloop
endfacet
facet normal 1.000000 0.000000 0.000000
outer loop
vertex 29.7634 -39.7177 0.0000
vertex 29.7634 -30.1499 0.0000
vertex 29.7634 -30.1499 20.2688
endloop
endfacet
facet normal 1.000000 0.000000 0.000000
outer loop
vertex 29.7634 -39.7177 0.0000
vertex 29.7634 -30.1499 20.2688
vertex 29.7634 -39.7177 20.2688
endloop
endfacet
facet normal 0.000000 1.000000 0.000000
outer loop
vertex 29.7634 -30.1499 0.0000
vertex 23.9697 -30.1499 0.0000
vertex 23.9697 -30.1499 20.2688
endloop
endfacet
facet normal 0.000000 1.000000 -0.000000
outer loop
vertex 29.7634 -30.1499 0.0000
vertex 23.9697 -30.1499 20.2688
vertex 29.7634 -30.1499 20.2688
endloop
endfacet
facet normal -1.000000 0.000000 0.000000
outer loop
vertex 23.9697 -30.1499 0.0000
vertex 23.9697 -39.7177 0.0000
vertex 23.9697 -39.7177 20.2688
endloop
endfacet
facet normal -1.000000 0.000000 0.000000
outer loop
vertex 23.9697 -30.1499 0.0000
vertex 23.9697 -39.7177 20.2688
vertex 23.9697 -30.1499 20.2688
endloop
endfacet
facet normal 0.986752 0.129908 0.097187
outer loop
vertex 6.8366 -14.1375 0.0000
vertex 6.7277 -13.3104 0.0000
vertex 6.6684 -13.3263 0.6234
endloop
endfacet
facet normal 0.986752 0.129908 0.097187
outer loop
vertex 6.8366 -14.1375 0.0000
vertex 6.6684 -13.3263 0.6234
vertex 6.7752 -14.1375 0.6234
endloop
endfacet
facet normal 0.919506 0.380872 0.097187
outer loop
vertex 6.7277 -13.3104 0.0000
vertex 6.4085 -12.5397 0.0000
vertex 6.3553 -12.5704 0.6234
endloop
endfacet
facet normal 0.919506 0.380872 0.097187
outer loop
vertex 6.7277 -13.3104 0.0000
vertex 6.3553 -12.5704 0.6234
vertex 6.6684 -13.3263 0.6234
endloop
endfacet
facet normal 0.789598 0.605880 0.097187
outer loop
vertex 6.4085 -12.5397 0.0000
vertex 5.9006 -11.8779 0.0000
vertex 5.8572 -11.9213 0.6234
endloop
endfacet
facet normal 0.789598 0.605880 0.097187
outer loop
vertex 6.4085 -12.5397 0.0000
vertex 5.8572 -11.9213 0.6234
vertex 6.3553 -12.5704 0.6234
endloop
endfacet
facet normal 0.605880 0.789598 0.097187
outer loop
vertex 5.9006 -11.8779 0.0000
vertex 5.2388 -11.3700 0.0000
vertex 5.2081 -11.4232 0.6234
endloop
endfacet
facet normal 0.605880 0.789598 0.097187
outer loop
vertex 5.9006 -11.8779 0.0000
vertex 5.2081 -11.4232 0.6234
vertex 5.8572 -11.9213 0.6234
endloop
endfacet
facet normal 0.380872 0.919506 0.097187
outer loop
vertex 5.2388 -11.3700 0.0000
vertex 4.4681 -11.0508 0.0000
vertex 4.4522 -11.1101 0.6234
endloop
endfacet
facet normal 0.380872 0.919506 0.097187
outer loop
vertex 5.2388 -11.3700 0.0000
vertex 4.4522 -11.1101 0.6234
vertex 5.2081 -11.4232 0.6234
endloop
endfacet
facet normal 0.129908 0.986752 0.097187
outer loop
vertex 4.4681 -11.0508 0.0000
vertex 3.6410 -10.9419 0.0000
vertex 3.6410 -11.0033 0.6234
endloop
endfacet
facet normal 0.129908 0.986752 0.097187
outer loop
vertex 4.4681 -11.0508 0.0000
vertex 3.6410 -11.0033 0.6234
vertex 4.4522 -11.1101 0.6234
endloop
endfacet
facet normal -0.129908 0.986752 0.097187
outer loop
vertex 3.6410 -10.9419 0.0000
vertex 2.8139 -11.0508 0.0000
vertex 2.8298 -11.1101 0.6234
endloop
endfacet
facet normal -0.129908 0.986752 0.097187
outer loop
vertex 3.6410 -10.9419 0.0000
vertex 2.8298 -11.1101 0.6234
vertex 3.6410 -11.0033 0.6234
endloop
endfacet
facet normal -0.380872 0.919506 0.097187
outer loop
vertex 2.8139 -11.0508 0.0000
vertex 2.0432 -11.3700 0.0000
vertex 2.0739 -11.4232 0.6234
endloop
endfacet
facet normal -0.380872 0.919506 0.097187
outer loop
vertex 2.8139 -11.0508 0.0000
vertex 2.0739 -11.4232 0.6234
vertex 2.8298 -11.1101 0.6234
endloop
endfacet
facet normal -0.605880 0.789598 0.097187
outer loop
vertex 2.0432 -11.3700 0.0000
vertex 1.3814 -11.8779 0.0000
vertex 1.4248 -11.9213 0.6234
endloop
endfacet
facet normal -0.605880 0.789598 0.097187
outer loop
vertex 2.0432 -11.3700 0.0000
vertex 1.4248 -11.9213 0.6234
vertex 2.0739 -11.4232 0.6234
endloop
endfacet
facet normal -0.789598 0.605880 0.097187
outer loop
vertex 1.3814 -11.8779 0.0000
vertex 0.8736 -12.5397 0.0000
vertex 0.9267 -12.5704 0.6234
endloop
endfacet
facet normal -0.789598 0.605880 0.097187
outer loop
vertex 1.3814 -11.8779 0.0000
vertex 0.9267 -12.5704 0.6234
vertex 1.4248 -11.9213 0.6234
endloop
endfacet
facet normal -0.919506 0.380872 0.097187
outer loop
vertex 0.8736 -12.5397 0.0000
vertex 0.5543 -13.3104 0.0000
vertex 0.6136 -13.3263 0.6234
endloop
endfacet
facet normal -0.919506 0.380872 0.097187
outer loop
vertex 0.8736 -12.5397 0.0000
vertex 0.6136 -13.3263 0.6234
vertex 0.9267 -12.5704 0.6234
endloop
endfacet
facet normal -0.986752 0.129908 0.097187
outer loop
vertex 0.5543 -13.3104 0.0000
vertex 0.4454 -14.1375 0.0000
vertex 0.5068 -14.1375 0.6234
endloop
endfacet
facet normal -0.986752 0.129908 0.097187
outer loop
vertex 0.5543 -13.3104 0.0000
vertex 0.5068 -14.1375 0.6234
vertex 0.6136 -13.3263 0.6234
endloop
endfacet
facet normal -0.986752 -0.129908 0.097187
outer loop
vertex 0.4454 -14.1375 0.0000
vertex 0.5543 -14.9645 0.0000
vertex 0.6136 -14.9487 0.6234
endloop
endfacet
facet normal -0.986752 -0.129908 0.097187
outer loop
vertex 0.4454 -14.1375 0.0000
vertex 0.6136 -14.9487 0.6234
vertex 0.5068 -14.1375 0.6234
endloop
endfacet
facet normal -0.919506 -0.380872 0.097187
outer loop
vertex 0.5543 -14.9645 0.0000
vertex 0.8736 -15.7353 0.0000
vertex 0.9267 -15.7046 0.6234
endloop
endfacet
facet normal -0.919506 -0.380872 0.097187
outer loop
vertex 0.5543 -14.9645 0.0000
vertex 0.9267 -15.7046 0.6234
vertex 0.6136 -14.9487 0.6234
endloop
endfacet
facet normal -0.789598 -0.605880 0.097187
outer loop
vertex 0.8736 -15.7353 0.0000
vertex 1.3814 -16.3971 0.0000
vertex 1.4248 -16.3537 0.6234
endloop
endfacet
facet normal -0.789598 -0.605880 0.097187
outer loop
vertex 0.8736 -15.7353 0.0000
vertex 1.4248 -16.3537 0.6234
vertex 0.9267 -15.7046 0.6234
endloop
endfacet
facet normal -0.605880 -0.789598 0.097187
outer loop
vertex 1.3814 -16.3971 0.0000
vertex 2.0432 -16.9049 0.0000
vertex 2.0739 -16.8517 0.6234
endloop
endfacet
facet normal -0.605880 -0.789598 0.097187
outer loop
vertex 1.3814 -16.3971 0.0000
vertex 2.0739 -16.8517 0.6234
vertex 1.4248 -16.3537 0.6234
endloop
endfacet
facet normal -0.380872 -0.919506 0.097187
outer loop
vertex 2.0432 -16.9049 0.0000
vertex 2.8139 -17.2242 0.0000
vertex 2.8298 -17.1648 0.6234
endloop
endfacet
facet normal -0.380872 -0.919506 0.097187
outer loop
vertex 2.0432 -16.9049 0.0000
vertex 2.8298 -17.1648 0.6234
vertex 2.0739 -16.8517 0.6234
endloop
endfacet
facet normal -0.129908 -0.986752 0.097187
outer loop
vertex 2.8139 -17.2242 0.0000
vertex 3.6410 -17.3330 0.0000
vertex 3.6410 -17.2716 0.6234
endloop
endfacet
facet normal -0.129908 -0.986752 0.097187
outer loop
vertex 2.8139 -17.2242 0.0000
vertex 3.6410 -17.2716 0.6234
vertex 2.8298 -17.1648 0.6234
endloop
endfacet
facet normal 0.129908 -0.986752 0.097187
outer loop
vertex 3.6410 -17.3330 0.0000
vertex 4.4681 -17.2242 0.0000
vertex 4.4522 -17.1648 0.6234
endloop
endfacet
facet normal 0.129908 -0.986752 0.097187
outer loop
vertex 3.6410 -17.3330 0.0000
vertex 4.4522 -17.1648 0.6234
vertex 3.6410 -17.2716 0.6234
endloop
endfacet
facet normal 0.380872 -0.919506 0.097187
outer loop
vertex 4.4681 -17.2242 0.0000
vertex 5.2388 -16.9049 0.0000
vertex 5.2081 -16.8517 0.6234
endloop
endfacet
facet normal 0.380872 -0.919506 0.097187
outer loop
vertex 4.4681 -17.2242 0.0000
vertex 5.2081 -16.8517 0.6234
vertex 4.4522 -17.1648 0.6234
endloop
endfacet
facet normal 0.605880 -0.789598 0.097187
outer loop
vertex 5.2388 -16.9049 0.0000
vertex 5.9006 -16.3971 0.0000
vertex 5.8572 -16.3537 0.6234
endloop
endfacet
facet normal 0.605880 -0.789598 0.097187
outer loop
vertex 5.2388 -16.9049 0.0000
vertex 5.8572 -16.3537 0.6234
vertex 5.2081 -16.8517 0.6234
endloop
endfacet
facet normal 0.789598 -0.605880 0.097187
outer loop
vertex 5.9006 -16.3971 0.0000
vertex 6.4085 -15.7353 0.0000
vertex 6.3553 -15.7046 0.6234
endloop
endfacet
facet normal 0.789598 -0.605880 0.097187
outer loop
vertex 5.9006 -16.3971 0.0000
vertex 6.3553 -15.7046 0.6234
vertex 5.8572 -16.3537 0.6234
endloop
endfacet
facet normal 0.919506 -0.380872 0.097187
outer loop
vertex 6.4085 -15.7353 0.0000
vertex 6.7277 -14.9645 0.0000
vertex 6.6684 -14.9487 0.6234
endloop
endfacet
facet normal 0.919506 -0.380872 0.097187
outer loop
vertex 6.4085 -15.7353 0.0000
vertex 6.6684 -14.9487 0.6234
vertex 6.3553 -15.7046 0.6234
endloop
endfacet
facet normal 0.986752 -0.129908 0.097187
outer loop
vertex 6.7277 -14.9645 0.0000
vertex 6.8366 -14.1375 0.0000
vertex 6.7752 -14.1375 0.6234
endloop
endfacet
facet normal 0.986752 -0.129908 0.097187
outer loop
vertex 6.7277 -14.9645 0.0000
vertex 6.7752 -14.1375 0.6234
vertex 6.6684 -14.9487 0.6234
endloop
endfacet
facet normal 0.949435 0.124996 0.288008
outer loop
vertex 6.7752 -14.1375 0.6234
vertex 6.6684 -13.3263 0.6234
vertex 6.4928 -13.3734 1.2229
endloop
endfacet
facet normal 0.949435 0.124996 0.288008
outer loop
vertex 6.7752 -14.1375 0.6234
vertex 6.4928 -13.3734 1.2229
vertex 6.5933 -14.1375 1.2229
endloop
endfacet
facet normal 0.884733 0.366468 0.288008
outer loop
vertex 6.6684 -13.3263 0.6234
vertex 6.3553 -12.5704 0.6234
vertex 6.1978 -12.6613 1.2229
endloop
endfacet
facet normal 0.884733 0.366468 0.288008
outer loop
vertex 6.6684 -13.3263 0.6234
vertex 6.1978 -12.6613 1.2229
vertex 6.4928 -13.3734 1.2229
endloop
endfacet
facet normal 0.759737 0.582967 0.288008
outer loop
vertex 6.3553 -12.5704 0.6234
vertex 5.8572 -11.9213 0.6234
vertex 5.7286 -12.0499 1.2229
endloop
endfacet
facet normal 0.759737 0.582967 0.288008
outer loop
vertex 6.3553 -12.5704 0.6234
vertex 5.7286 -12.0499 1.2229
vertex 6.1978 -12.6613 1.2229
endloop
endfacet
facet normal 0.582967 0.759737 0.288008
outer loop
vertex 5.8572 -11.9213 0.6234
vertex 5.2081 -11.4232 0.6234
vertex 5.1172 -11.5807 1.2229
endloop
endfacet
facet normal 0.582967 0.759737 0.288008
outer loop
vertex 5.8572 -11.9213 0.6234
vertex 5.1172 -11.5807 1.2229
vertex 5.7286 -12.0499 1.2229
endloop
endfacet
facet normal 0.366468 0.884733 0.288008
outer loop
vertex 5.2081 -11.4232 0.6234
vertex 4.4522 -11.1101 0.6234
vertex 4.4051 -11.2857 1.2229
endloop
endfacet
facet normal 0.366468 0.884733 0.288008
outer loop
vertex 5.2081 -11.4232 0.6234
vertex 4.4051 -11.2857 1.2229
vertex 5.1172 -11.5807 1.2229
endloop
endfacet
facet normal 0.124996 0.949435 0.288008
outer loop
vertex 4.4522 -11.1101 0.6234
vertex 3.6410 -11.0033 0.6234
vertex 3.6410 -11.1851 1.2229
endloop
endfacet
facet normal 0.124996 0.949435 0.288008
outer loop
vertex 4.4522 -11.1101 0.6234
vertex 3.6410 -11.1851 1.2229
vertex 4.4051 -11.2857 1.2229
endloop
endfacet
facet normal -0.124996 0.949435 0.288008
outer loop
vertex 3.6410 -11.0033 0.6234
vertex 2.8298 -11.1101 0.6234
vertex 2.8769 -11.2857 1.2229
endloop
endfacet
facet normal -0.124996 0.949435 0.288008
outer loop
vertex 3.6410 -11.0033 0.6234
vertex 2.8769 -11.2857 1.2229
vertex 3.6410 -11.1851 1.2229
endloop
endfacet
facet normal -0.366468 0.884733 0.288008
outer loop
vertex 2.8298 -11.1101 0.6234
vertex 2.0739 -11.4232 0.6234
vertex 2.1649 -11.5807 1.2229
endloop
endfacet
facet normal -0.366468 0.884733 0.288008
outer loop
vertex 2.8298 -11.1101 0.6234
vertex 2.1649 -11.5807 1.2229
vertex 2.8769 -11.2857 1.2229
endloop
endfacet
facet normal -0.582967 0.759737 0.288008
outer loop
vertex 2.0739 -11.4232 0.6234
vertex 1.4248 -11.9213 0.6234
vertex 1.5534 -12.0499 1.2229
endloop
endfacet
facet normal -0.582967 0.759737 0.288008
outer loop
vertex 2.0739 -11.4232 0.6234
vertex 1.5534 -12.0499 1.2229
vertex 2.1649 -11.5807 1.2229
endloop
endfacet
facet normal -0.759737 0.582967 0.288008
outer loop
vertex 1.4248 -11.9213 0.6234
vertex 0.9267 -12.5704 0.6234
vertex 1.0842 -12.6613 1.2229
endloop
endfacet
facet normal -0.759737 0.582967 0.288008
outer loop
vertex 1.4248 -11.9213 0.6234
vertex 1.0842 -12.6613 1.2229
vertex 1.5534 -12.0499 1.2229
endloop
endfacet
facet normal -0.884733 0.366468 0.288008
outer loop
vertex 0.9267 -12.5704 0.6234
vertex 0.6136 -13.3263 0.6234
vertex 0.7893 -13.3734 1.2229
endloop
endfacet
facet normal -0.884733 0.366468 0.288008
outer loop
vertex 0.9267 -12.5704 0.6234
vertex 0.7893 -13.3734 1.2229
vertex 1.0842 -12.6613 1.2229
endloop
endfacet
facet normal -0.949435 0.124996 0.288008
outer loop
vertex 0.6136 -13.3263 0.6234
vertex 0.5068 -14.1375 0.6234
vertex 0.6887 -14.1375 1.2229
endloop
endfacet
facet normal -0.949435 0.124996 0.288008
outer loop
vertex 0.6136 -13.3263 0.6234
vertex 0.6887 -14.1375 1.2229
vertex 0.7893 -13.3734 1.2229
endloop
endfacet
facet normal -0.949435 -0.124996 0.288008
outer loop
vertex 0.5068 -14.1375 0.6234
vertex 0.6136 -14.9487 0.6234
vertex 0.7893 -14.9016 1.2229
endloop
endfacet
facet normal -0.949435 -0.124996 0.288008
outer loop
vertex 0.5068 -14.1375 0.6234
vertex 0.7893 -14.9016 1.2229
vertex 0.6887 -14.1375 1.2229
endloop
endfacet
facet normal -0.884733 -0.366468 0.288008
outer loop
vertex 0.6136 -14.9487 0.6234
vertex 0.9267 -15.7046 0.6234
vertex 1.0842 -15.6136 1.2229
endloop
endfacet
facet normal -0.884733 -0.366468 0.288008
outer loop
vertex 0.6136 -14.9487 0.6234
vertex 1.0842 -15.6136 1.2229
vertex 0.7893 -14.9016 1.2229
endloop
endfacet
facet normal -0.759737 -0.582967 0.288008
outer loop
vertex 0.9267 -15.7046 0.6234
vertex 1.4248 -16.3537 0.6234
vertex 1.5534 -16.2251 1.2229
endloop
endfacet
facet normal -0.759737 -0.582967 0.288008
outer loop
vertex 0.9267 -15.7046 0.6234
vertex 1.5534 -16.2251 1.2229
vertex 1.0842 -15.6136 1.2229
endloop
endfacet
facet normal -0.582967 -0.759737 0.288008
outer loop
vertex 1.4248 -16.3537 0.6234
vertex 2.0739 -16.8517 0.6234
vertex 2.1649 -16.6943 1.2229
endloop
endfacet
facet normal -0.582967 -0.759737 0.288008
outer loop
vertex 1.4248 -16.3537 0.6234
vertex 2.1649 -16.6943 1.2229
vertex 1.5534 -16.2251 1.2229
endloop
endfacet
facet normal -0.366468 -0.884733 0.288008
outer loop
vertex 2.0739 -16.8517 0.6234
vertex 2.8298 -17.1648 0.6234
vertex 2.8769 -16.9892 1.2229
endloop
endfacet
facet normal -0.366468 -0.884733 0.288008
outer loop
vertex 2.0739 -16.8517 0.6234
vertex 2.8769 -16.9892 1.2229
vertex 2.1649 -16.6943 1.2229
endloop
endfacet
facet normal -0.124996 -0.949435 0.288008
outer loop
vertex 2.8298 -17.1648 0.6234
vertex 3.6410 -17.2716 0.6234
vertex 3.6410 -17.0898 1.2229
endloop
endfacet
facet normal -0.124996 -0.949435 0.288008
outer loop
vertex 2.8298 -17.1648 0.6234
vertex 3.6410 -17.0898 1.2229
vertex 2.8769 -16.9892 1.2229
endloop
endfacet
facet normal 0.124996 -0.949435 0.288008
outer loop
vertex 3.6410 -17.2716 0.6234
vertex 4.4522 -17.1648 0.6234
vertex 4.4051 -16.9892 1.2229
endloop
endfacet
facet normal 0.124996 -0.949435 0.288008
outer loop
vertex 3.6410 -17.2716 0.6234
vertex 4.4051 -16.9892 1.2229
vertex 3.6410 -17.0898 1.2229
endloop
endfacet
facet normal 0.366468 -0.884733 0.288008
outer loop
vertex 4.4522 -17.1648 0.6234
vertex 5.2081 -16.8517 0.6234
vertex 5.1172 -16.6943 1.2229
endloop
endfacet
facet normal 0.366468 -0.884733 0.288008
outer loop
vertex 4.4522 -17.1648 0.6234
vertex 5.1172 -16.6943 1.2229
vertex 4.4051 -16.9892 1.2229
endloop
endfacet
facet normal 0.582967 -0.759737 0.288008
outer loop
vertex 5.2081 -16.8517 0.6234
vertex 5.8572 -16.3537 0.6234
vertex 5.7286 -16.2251 1.2229
endloop
endfacet
facet normal 0.582967 -0.759737 0.288008
outer loop
vertex 5.2081 -16.8517 0.6234
vertex 5.7286 -16.2251 1.2229
vertex 5.1172 -16.6943 1.2229
endloop
endfacet
facet normal 0.759737 -0.582967 0.288008
outer loop
vertex 5.8572 -16.3537 0.6234
vertex 6.3553 -15.7046 0.6234
vertex 6.1978 -15.6136 1.2229
endloop
endfacet
facet normal 0.759737 -0.582967 0.288008
outer loop
vertex 5.8572 -16.3537 0.6234
vertex 6.1978 -15.6136 1.2229
vertex 5.7286 -16.2251 1.2229
endloop
endfacet
facet normal 0.884733 -0.366468 0.288008
outer loop
vertex 6.3553 -15.7046 0.6234
vertex 6.6684 -14.9487 0.6234
vertex 6.4928 -14.9016 1.2229
endloop
endfacet
facet normal 0.884733 -0.366468 0.288008
outer loop
vertex 6.3553 -15.7046 0.6234
vertex 6.4928 -14.9016 1.2229
vertex 6.1978 -15.6136 1.2229
endloop
endfacet
facet normal 0.949435 -0.124996 0.288008
outer loop
vertex 6.6684 -14.9487 0.6234
vertex 6.7752 -14.1375 0.6234
vertex 6.5933 -14.1375 1.2229
endloop
endfacet
facet normal 0.949435 -0.124996 0.288008
outer loop
vertex 6.6684 -14.9487 0.6234
vertex 6.5933 -14.1375 1.2229
vertex 6.4928 -14.9016 1.2229
endloop
endfacet
facet normal 0.876036 0.115332 0.468251
outer loop
vertex 6.5933 -14.1375 1.2229
vertex 6.4928 -13.3734 1.2229
vertex 6.2075 -13.4498 1.7754
endloop
endfacet
facet normal 0.876036 0.115332 0.468251
outer loop
vertex 6.5933 -14.1375 1.2229
vertex 6.2075 -13.4498 1.7754
vertex 6.2980 -14.1375 1.7754
endloop
endfacet
facet normal 0.816336 0.338137 0.468251
outer loop
vertex 6.4928 -13.3734 1.2229
vertex 6.1978 -12.6613 1.2229
vertex 5.9421 -12.8090 1.7754
endloop
endfacet
facet normal 0.816336 0.338137 0.468251
outer loop
vertex 6.4928 -13.3734 1.2229
vertex 5.9421 -12.8090 1.7754
vertex 6.2075 -13.4498 1.7754
endloop
endfacet
facet normal 0.701003 0.537899 0.468251
outer loop
vertex 6.1978 -12.6613 1.2229
vertex 5.7286 -12.0499 1.2229
vertex 5.5198 -12.2587 1.7754
endloop
endfacet
facet normal 0.701003 0.537899 0.468251
outer loop
vertex 6.1978 -12.6613 1.2229
vertex 5.5198 -12.2587 1.7754
vertex 5.9421 -12.8090 1.7754
endloop
endfacet
facet normal 0.537899 0.701003 0.468251
outer loop
vertex 5.7286 -12.0499 1.2229
vertex 5.1172 -11.5807 1.2229
vertex 4.9695 -11.8364 1.7754
endloop
endfacet
facet normal 0.537899 0.701003 0.468251
outer loop
vertex 5.7286 -12.0499 1.2229
vertex 4.9695 -11.8364 1.7754
vertex 5.5198 -12.2587 1.7754
endloop
endfacet
facet normal 0.338137 0.816336 0.468251
outer loop
vertex 5.1172 -11.5807 1.2229
vertex 4.4051 -11.2857 1.2229
vertex 4.3287 -11.5710 1.7754
endloop
endfacet
facet normal 0.338137 0.816336 0.468251
outer loop
vertex 5.1172 -11.5807 1.2229
vertex 4.3287 -11.5710 1.7754
vertex 4.9695 -11.8364 1.7754
endloop
endfacet
facet normal 0.115332 0.876036 0.468251
outer loop
vertex 4.4051 -11.2857 1.2229
vertex 3.6410 -11.1851 1.2229
vertex 3.6410 -11.4804 1.7754
endloop
endfacet
facet normal 0.115332 0.876036 0.468251
outer loop
vertex 4.4051 -11.2857 1.2229
vertex 3.6410 -11.4804 1.7754
vertex 4.3287 -11.5710 1.7754
endloop
endfacet
facet normal -0.115332 0.876036 0.468251
outer loop
vertex 3.6410 -11.1851 1.2229
vertex 2.8769 -11.2857 1.2229
vertex 2.9533 -11.5710 1.7754
endloop
endfacet
facet normal -0.115332 0.876036 0.468251
outer loop
vertex 3.6410 -11.1851 1.2229
vertex 2.9533 -11.5710 1.7754
vertex 3.6410 -11.4804 1.7754
endloop
endfacet
facet normal -0.338137 0.816336 0.468251
outer loop
vertex 2.8769 -11.2857 1.2229
vertex 2.1649 -11.5807 1.2229
vertex 2.3125 -11.8364 1.7754
endloop
endfacet
facet normal -0.338137 0.816336 0.468251
outer loop
vertex 2.8769 -11.2857 1.2229
vertex 2.3125 -11.8364 1.7754
vertex 2.9533 -11.5710 1.7754
endloop
endfacet
facet normal -0.537899 0.701003 0.468251
outer loop
vertex 2.1649 -11.5807 1.2229
vertex 1.5534 -12.0499 1.2229
vertex 1.7622 -12.2587 1.7754
endloop
endfacet
facet normal -0.537899 0.701003 0.468251
outer loop
vertex 2.1649 -11.5807 1.2229
vertex 1.7622 -12.2587 1.7754
vertex 2.3125 -11.8364 1.7754
endloop
endfacet
facet normal -0.701003 0.537899 0.468251
outer loop
vertex 1.5534 -12.0499 1.2229
vertex 1.0842 -12.6613 1.2229
vertex 1.3400 -12.8090 1.7754
endloop
endfacet
facet normal -0.701003 0.537899 0.468251
outer loop
vertex 1.5534 -12.0499 1.2229
vertex 1.3400 -12.8090 1.7754
vertex 1.7622 -12.2587 1.7754
endloop
endfacet
facet normal -0.816336 0.338137 0.468251
outer loop
vertex 1.0842 -12.6613 1.2229
vertex 0.7893 -13.3734 1.2229
vertex 1.0745 -13.4498 1.7754
endloop
endfacet
facet normal -0.816336 0.338137 0.468251
outer loop
vertex 1.0842 -12.6613 1.2229
vertex 1.0745 -13.4498 1.7754
vertex 1.3400 -12.8090 1.7754
endloop
endfacet
facet normal -0.876036 0.115332 0.468251
outer loop
vertex 0.7893 -13.3734 1.2229
vertex 0.6887 -14.1375 1.2229
vertex 0.9840 -14.1375 1.7754
endloop
endfacet
facet normal -0.876036 0.115332 0.468251
outer loop
vertex 0.7893 -13.3734 1.2229
vertex 0.9840 -14.1375 1.7754
vertex 1.0745 -13.4498 1.7754
endloop
endfacet
facet normal -0.876036 -0.115332 0.468251
outer loop
vertex 0.6887 -14.1375 1.2229
vertex 0.7893 -14.9016 1.2229
vertex 1.0745 -14.8252 1.7754
endloop
endfacet
facet normal -0.876036 -0.115332 0.468251
outer loop
vertex 0.6887 -14.1375 1.2229
vertex 1.0745 -14.8252 1.7754
vertex 0.9840 -14.1375 1.7754
endloop
endfacet
facet normal -0.816336 -0.338137 0.468251
outer loop
vertex 0.7893 -14.9016 1.2229
vertex 1.0842 -15.6136 1.2229
vertex 1.3400 -15.4660 1.7754
endloop
endfacet
facet normal -0.816336 -0.338137 0.468251
outer loop
vertex 0.7893 -14.9016 1.2229
vertex 1.3400 -15.4660 1.7754
vertex 1.0745 -14.8252 1.7754
endloop
endfacet
facet normal -0.701003 -0.537899 0.468251
outer loop
vertex 1.0842 -15.6136 1.2229
vertex 1.5534 -16.2251 1.2229
vertex 1.7622 -16.0163 1.7754
endloop
endfacet
facet normal -0.701003 -0.537899 0.468251
outer loop
vertex 1.0842 -15.6136 1.2229
vertex 1.7622 -16.0163 1.7754
vertex 1.3400 -15.4660 1.7754
endloop
endfacet
facet normal -0.537899 -0.701003 0.468251
outer loop
vertex 1.5534 -16.2251 1.2229
vertex 2.1649 -16.6943 1.2229
vertex 2.3125 -16.4385 1.7754
endloop
endfacet
facet normal -0.537899 -0.701003 0.468251
outer loop
vertex 1.5534 -16.2251 1.2229
vertex 2.3125 -16.4385 1.7754
vertex 1.7622 -16.0163 1.7754
endloop
endfacet
facet normal -0.338137 -0.816336 0.468251
outer loop
vertex 2.1649 -16.6943 1.2229
vertex 2.8769 -16.9892 1.2229
vertex 2.9533 -16.7040 1.7754
endloop
endfacet
facet normal -0.338137 -0.816336 0.468251
outer loop
vertex 2.1649 -16.6943 1.2229
vertex 2.9533 -16.7040 1.7754
vertex 2.3125 -16.4385 1.7754
endloop
endfacet
facet normal -0.115332 -0.876036 0.468251
outer loop
vertex 2.8769 -16.9892 1.2229
vertex 3.6410 -17.0898 1.2229
vertex 3.6410 -16.7945 1.7754
endloop
endfacet
facet normal -0.115332 -0.876036 0.468251
outer loop
vertex 2.8769 -16.9892 1.2229
vertex 3.6410 -16.7945 1.7754
vertex 2.9533 -16.7040 1.7754
endloop
endfacet
facet normal 0.115332 -0.876036 0.468251
outer loop
vertex 3.6410 -17.0898 1.2229
vertex 4.4051 -16.9892 1.2229
vertex 4.3287 -16.7040 1.7754
endloop
endfacet
facet normal 0.115332 -0.876036 0.468251
outer loop
vertex 3.6410 -17.0898 1.2229
vertex 4.3287 -16.7040 1.7754
vertex 3.6410 -16.7945 1.7754
endloop
endfacet
facet normal 0.338137 -0.816336 0.468251
outer loop
vertex 4.4051 -16.9892 1.2229
vertex 5.1172 -16.6943 1.2229
vertex 4.9695 -16.4385 1.7754
endloop
endfacet
facet normal 0.338137 -0.816336 0.468251
outer loop
vertex 4.4051 -16.9892 1.2229
vertex 4.9695 -16.4385 1.7754
vertex 4.3287 -16.7040 1.7754
endloop
endfacet
facet normal 0.537899 -0.701003 0.468251
outer loop
vertex 5.1172 -16.6943 1.2229
vertex 5.7286 -16.2251 1.2229
vertex 5.5198 -16.0163 1.7754
endloop
endfacet
facet normal 0.537899 -0.701003 0.468251
outer loop
vertex 5.1172 -16.6943 1.2229
vertex 5.5198 -16.0163 1.7754
vertex 4.9695 -16.4385 1.7754
endloop
endfacet
facet normal 0.701003 -0.537899 0.468251
outer loop
vertex 5.7286 -16.2251 1.2229
vertex 6.1978 -15.6136 1.2229
vertex 5.9421 -15.4660 1.7754
endloop
endfacet
facet normal 0.701003 -0.537899 0.468251
outer loop
vertex 5.7286 -16.2251 1.2229
vertex 5.9421 -15.4660 1.7754
vertex 5.5198 -16.0163 1.7754
endloop
endfacet
facet normal 0.816336 -0.338137 0.468251
outer loop
vertex 6.1978 -15.6136 1.2229
vertex 6.4928 -14.9016 1.2229
vertex 6.2075 -14.8252 1.7754
endloop
endfacet
facet normal 0.816336 -0.338137 0.468251
outer loop
vertex 6.1978 -15.6136 1.2229
vertex 6.2075 -14.8252 1.7754
vertex 5.9421 -15.4660 1.7754
endloop
endfacet
facet normal 0.876036 -0.115332 0.468251
outer loop
vertex 6.4928 -14.9016 1.2229
vertex 6.5933 -14.1375 1.2229
vertex 6.2980 -14.1375 1.7754
endloop
endfacet
facet normal 0.876036 -0.115332 0.468251
outer loop
vertex 6.4928 -14.9016 1.2229
vertex 6.2980 -14.1375 1.7754
vertex 6.2075 -14.8252 1.7754
endloop
endfacet
facet normal 0.769038 0.101246 0.631133
outer loop
vertex 6.2980 -14.1375 1.7754
vertex 6.2075 -13.4498 1.7754
vertex 5.8236 -13.5526 2.2596
endloop
endfacet
facet normal 0.769038 0.101246 0.631133
outer loop
vertex 6.2980 -14.1375 1.7754
vertex 5.8236 -13.5526 2.2596
vertex 5.9006 -14.1375 2.2596
endloop
endfacet
facet normal 0.716630 0.296838 0.631133
outer loop
vertex 6.2075 -13.4498 1.7754
vertex 5.9421 -12.8090 1.7754
vertex 5.5979 -13.0077 2.2596
endloop
endfacet
facet normal 0.716630 0.296838 0.631133
outer loop
vertex 6.2075 -13.4498 1.7754
vertex 5.5979 -13.0077 2.2596
vertex 5.8236 -13.5526 2.2596
endloop
endfacet
facet normal 0.615384 0.472201 0.631133
outer loop
vertex 5.9421 -12.8090 1.7754
vertex 5.5198 -12.2587 1.7754
vertex 5.2388 -12.5397 2.2596
endloop
endfacet
facet normal 0.615384 0.472201 0.631133
outer loop
vertex 5.9421 -12.8090 1.7754
vertex 5.2388 -12.5397 2.2596
vertex 5.5979 -13.0077 2.2596
endloop
endfacet
facet normal 0.472201 0.615384 0.631133
outer loop
vertex 5.5198 -12.2587 1.7754
vertex 4.9695 -11.8364 1.7754
vertex 4.7708 -12.1806 2.2596
endloop
endfacet
facet normal 0.472201 0.615384 0.631133
outer loop
vertex 5.5198 -12.2587 1.7754
vertex 4.7708 -12.1806 2.2596
vertex 5.2388 -12.5397 2.2596
endloop
endfacet
facet normal 0.296838 0.716630 0.631133
outer loop
vertex 4.9695 -11.8364 1.7754
vertex 4.3287 -11.5710 1.7754
vertex 4.2259 -11.9549 2.2596
endloop
endfacet
facet normal 0.296838 0.716630 0.631133
outer loop
vertex 4.9695 -11.8364 1.7754
vertex 4.2259 -11.9549 2.2596
vertex 4.7708 -12.1806 2.2596
endloop
endfacet
facet normal 0.101246 0.769038 0.631133
outer loop
vertex 4.3287 -11.5710 1.7754
vertex 3.6410 -11.4804 1.7754
vertex 3.6410 -11.8779 2.2596
endloop
endfacet
facet normal 0.101246 0.769038 0.631133
outer loop
vertex 4.3287 -11.5710 1.7754
vertex 3.6410 -11.8779 2.2596
vertex 4.2259 -11.9549 2.2596
endloop
endfacet
facet normal -0.101246 0.769038 0.631133
outer loop
vertex 3.6410 -11.4804 1.7754
vertex 2.9533 -11.5710 1.7754
vertex 3.0562 -11.9549 2.2596
endloop
endfacet
facet normal -0.101246 0.769038 0.631133
outer loop
vertex 3.6410 -11.4804 1.7754
vertex 3.0562 -11.9549 2.2596
vertex 3.6410 -11.8779 2.2596
endloop
endfacet
facet normal -0.296838 0.716630 0.631133
outer loop
vertex 2.9533 -11.5710 1.7754
vertex 2.3125 -11.8364 1.7754
vertex 2.5112 -12.1806 2.2596
endloop
endfacet
facet normal -0.296838 0.716630 0.631133
outer loop
vertex 2.9533 -11.5710 1.7754
vertex 2.5112 -12.1806 2.2596
vertex 3.0562 -11.9549 2.2596
endloop
endfacet
facet normal -0.472201 0.615384 0.631133
outer loop
vertex 2.3125 -11.8364 1.7754
vertex 1.7622 -12.2587 1.7754
vertex 2.0432 -12.5397 2.2596
endloop
endfacet
facet normal -0.472201 0.615384 0.631133
outer loop
vertex 2.3125 -11.8364 1.7754
vertex 2.0432 -12.5397 2.2596
vertex 2.5112 -12.1806 2.2596
endloop
endfacet
facet normal -0.615384 0.472201 0.631133
outer loop
vertex 1.7622 -12.2587 1.7754
vertex 1.3400 -12.8090 1.7754
vertex 1.6841 -13.0077 2.2596
endloop
endfacet
facet normal -0.615384 0.472201 0.631133
outer loop
vertex 1.7622 -12.2587 1.7754
vertex 1.6841 -13.0077 2.2596
vertex 2.0432 -12.5397 2.2596
endloop
endfacet
facet normal -0.716630 0.296838 0.631133
outer loop
vertex 1.3400 -12.8090 1.7754
vertex 1.0745 -13.4498 1.7754
vertex 1.4584 -13.5526 2.2596
endloop
endfacet
facet normal -0.716630 0.296838 0.631133
outer loop
vertex 1.3400 -12.8090 1.7754
vertex 1.4584 -13.5526 2.2596
vertex 1.6841 -13.0077 2.2596
endloop
endfacet
facet normal -0.769038 0.101246 0.631133
outer loop
vertex 1.0745 -13.4498 1.7754
vertex 0.9840 -14.1375 1.7754
vertex 1.3814 -14.1375 2.2596
endloop
endfacet
facet normal -0.769038 0.101246 0.631133
outer loop
vertex 1.0745 -13.4498 1.7754
vertex 1.3814 -14.1375 2.2596
vertex 1.4584 -13.5526 2.2596
endloop
endfacet
facet normal -0.769038 -0.101246 0.631133
outer loop
vertex 0.9840 -14.1375 1.7754
vertex 1.0745 -14.8252 1.7754
vertex 1.4584 -14.7223 2.2596
endloop
endfacet
facet normal -0.769038 -0.101246 0.631133
outer loop
vertex 0.9840 -14.1375 1.7754
vertex 1.4584 -14.7223 2.2596
vertex 1.3814 -14.1375 2.2596
endloop
endfacet
facet normal -0.716630 -0.296838 0.631133
outer loop
vertex 1.0745 -14.8252 1.7754
vertex 1.3400 -15.4660 1.7754
vertex 1.6841 -15.2673 2.2596
endloop
endfacet
facet normal -0.716630 -0.296838 0.631133
outer loop
vertex 1.0745 -14.8252 1.7754
vertex 1.6841 -15.2673 2.2596
vertex 1.4584 -14.7223 2.2596
endloop
endfacet
facet normal -0.615384 -0.472201 0.631133
outer loop
vertex 1.3400 -15.4660 1.7754
vertex 1.7622 -16.0163 1.7754
vertex 2.0432 -15.7353 2.2596
endloop
endfacet
facet normal -0.615384 -0.472201 0.631133
outer loop
vertex 1.3400 -15.4660 1.7754
vertex 2.0432 -15.7353 2.2596
vertex 1.6841 -15.2673 2.2596
endloop
endfacet
facet normal -0.472201 -0.615384 0.631133
outer loop
vertex 1.7622 -16.0163 1.7754
vertex 2.3125 -16.4385 1.7754
vertex 2.5112 -16.0944 2.2596
endloop
endfacet
facet normal -0.472201 -0.615384 0.631133
outer loop
vertex 1.7622 -16.0163 1.7754
vertex 2.5112 -16.0944 2.2596
vertex 2.0432 -15.7353 2.2596
endloop
endfacet
facet normal -0.296838 -0.716630 0.631133
outer loop
vertex 2.3125 -16.4385 1.7754
vertex 2.9533 -16.7040 1.7754
vertex 3.0562 -16.3201 2.2596
endloop
endfacet
facet normal -0.296838 -0.716630 0.631133
outer loop
vertex 2.3125 -16.4385 1.7754
vertex 3.0562 -16.3201 2.2596
vertex 2.5112 -16.0944 2.2596
endloop
endfacet
facet normal -0.101246 -0.769038 0.631133
outer loop
vertex 2.9533 -16.7040 1.7754
vertex 3.6410 -16.7945 1.7754
vertex 3.6410 -16.3971 2.2596
endloop
endfacet
facet normal -0.101246 -0.769038 0.631133
outer loop
vertex 2.9533 -16.7040 1.7754
vertex 3.6410 -16.3971 2.2596
vertex 3.0562 -16.3201 2.2596
endloop
endfacet
facet normal 0.101246 -0.769038 0.631133
outer loop
vertex 3.6410 -16.7945 1.7754
vertex 4.3287 -16.7040 1.7754
vertex 4.2259 -16.3201 2.2596
endloop
endfacet
facet normal 0.101246 -0.769038 0.631133
outer loop
vertex 3.6410 -16.7945 1.7754
vertex 4.2259 -16.3201 2.2596
vertex 3.6410 -16.3971 2.2596
endloop
endfacet
facet normal 0.296838 -0.716630 0.631133
outer loop
vertex 4.3287 -16.7040 1.7754
vertex 4.9695 -16.4385 1.7754
vertex 4.7708 -16.0944 2.2596
endloop
endfacet
facet normal 0.296838 -0.716630 0.631133
outer loop
vertex 4.3287 -16.7040 1.7754
vertex 4.7708 -16.0944 2.2596
vertex 4.2259 -16.3201 2.2596
endloop
endfacet
facet normal 0.472201 -0.615384 0.631133
outer loop
vertex 4.9695 -16.4385 1.7754
vertex 5.5198 -16.0163 1.7754
vertex 5.2388 -15.7353 2.2596
endloop
endfacet
facet normal 0.472201 -0.615384 0.631133
outer loop
vertex 4.9695 -16.4385 1.7754
vertex 5.2388 -15.7353 2.2596
vertex 4.7708 -16.0944 2.2596
endloop
endfacet
facet normal 0.615384 -0.472201 0.631133
outer loop
vertex 5.5198 -16.0163 1.7754
vertex 5.9421 -15.4660 1.7754
vertex 5.5979 -15.2673 2.2596
endloop
endfacet
facet normal 0.615384 -0.472201 0.631133
outer loop
vertex 5.5198 -16.0163 1.7754
vertex 5.5979 -15.2673 2.2596
vertex 5.2388 -15.7353 2.2596
endloop
endfacet
facet normal 0.716630 -0.296838 0.631133
outer loop
vertex 5.9421 -15.4660 1.7754
vertex 6.2075 -14.8252 1.7754
vertex 5.8236 -14.7223 2.2596
endloop
endfacet
facet normal 0.716630 -0.296838 0.631133
outer loop
vertex 5.9421 -15.4660 1.7754
vertex 5.8236 -14.7223 2.2596
vertex 5.5979 -15.2673 2.2596
endloop
endfacet
facet normal 0.769038 -0.101246 0.631133
outer loop
vertex 6.2075 -14.8252 1.7754
vertex 6.2980 -14.1375 1.7754
vertex 5.9006 -14.1375 2.2596
endloop
endfacet
facet normal 0.769038 -0.101246 0.631133
outer loop
vertex 6.2075 -14.8252 1.7754
vertex 5.9006 -14.1375 2.2596
vertex 5.8236 -14.7223 2.2596
endloop
endfacet
facet normal 0.632192 0.083230 0.770328
outer loop
vertex 5.9006 -14.1375 2.2596
vertex 5.8236 -13.5526 2.2596
vertex 5.3559 -13.6780 2.6570
endloop
endfacet
facet normal 0.632192 0.083230 0.770328
outer loop
vertex 5.9006 -14.1375 2.2596
vertex 5.3559 -13.6780 2.6570
vertex 5.4164 -14.1375 2.6570
endloop
endfacet
facet normal 0.589109 0.244017 0.770328
outer loop
vertex 5.8236 -13.5526 2.2596
vertex 5.5979 -13.0077 2.2596
vertex 5.1785 -13.2498 2.6570
endloop
endfacet
facet normal 0.589109 0.244017 0.770328
outer loop
vertex 5.8236 -13.5526 2.2596
vertex 5.1785 -13.2498 2.6570
vertex 5.3559 -13.6780 2.6570
endloop
endfacet
facet normal 0.505880 0.388175 0.770328
outer loop
vertex 5.5979 -13.0077 2.2596
vertex 5.2388 -12.5397 2.2596
vertex 4.8964 -12.8821 2.6570
endloop
endfacet
facet normal 0.505880 0.388175 0.770328
outer loop
vertex 5.5979 -13.0077 2.2596
vertex 4.8964 -12.8821 2.6570
vertex 5.1785 -13.2498 2.6570
endloop
endfacet
facet normal 0.388175 0.505880 0.770328
outer loop
vertex 5.2388 -12.5397 2.2596
vertex 4.7708 -12.1806 2.2596
vertex 4.5287 -12.6000 2.6570
endloop
endfacet
facet normal 0.388175 0.505880 0.770328
outer loop
vertex 5.2388 -12.5397 2.2596
vertex 4.5287 -12.6000 2.6570
vertex 4.8964 -12.8821 2.6570
endloop
endfacet
facet normal 0.244017 0.589109 0.770328
outer loop
vertex 4.7708 -12.1806 2.2596
vertex 4.2259 -11.9549 2.2596
vertex 4.1005 -12.4226 2.6570
endloop
endfacet
facet normal 0.244017 0.589109 0.770328
outer loop
vertex 4.7708 -12.1806 2.2596
vertex 4.1005 -12.4226 2.6570
vertex 4.5287 -12.6000 2.6570
endloop
endfacet
facet normal 0.083230 0.632192 0.770328
outer loop
vertex 4.2259 -11.9549 2.2596
vertex 3.6410 -11.8779 2.2596
vertex 3.6410 -12.3621 2.6570
endloop
endfacet
facet normal 0.083230 0.632192 0.770328
outer loop
vertex 4.2259 -11.9549 2.2596
vertex 3.6410 -12.3621 2.6570
vertex 4.1005 -12.4226 2.6570
endloop
endfacet
facet normal -0.083230 0.632192 0.770328
outer loop
vertex 3.6410 -11.8779 2.2596
vertex 3.0562 -11.9549 2.2596
vertex 3.1815 -12.4226 2.6570
endloop
endfacet
facet normal -0.083230 0.632192 0.770328
outer loop
vertex 3.6410 -11.8779 2.2596
vertex 3.1815 -12.4226 2.6570
vertex 3.6410 -12.3621 2.6570
endloop
endfacet
facet normal -0.244017 0.589109 0.770328
outer loop
vertex 3.0562 -11.9549 2.2596
vertex 2.5112 -12.1806 2.2596
vertex 2.7533 -12.6000 2.6570
endloop
endfacet
facet normal -0.244017 0.589109 0.770328
outer loop
vertex 3.0562 -11.9549 2.2596
vertex 2.7533 -12.6000 2.6570
vertex 3.1815 -12.4226 2.6570
endloop
endfacet
facet normal -0.388175 0.505880 0.770328
outer loop
vertex 2.5112 -12.1806 2.2596
vertex 2.0432 -12.5397 2.2596
vertex 2.3856 -12.8821 2.6570
endloop
endfacet
facet normal -0.388175 0.505880 0.770328
outer loop
vertex 2.5112 -12.1806 2.2596
vertex 2.3856 -12.8821 2.6570
vertex 2.7533 -12.6000 2.6570
endloop
endfacet
facet normal -0.505880 0.388175 0.770328
outer loop
vertex 2.0432 -12.5397 2.2596
vertex 1.6841 -13.0077 2.2596
vertex 2.1035 -13.2498 2.6570
endloop
endfacet
facet normal -0.505880 0.388175 0.770328
outer loop
vertex 2.0432 -12.5397 2.2596
vertex 2.1035 -13.2498 2.6570
vertex 2.3856 -12.8821 2.6570
endloop
endfacet
facet normal -0.589109 0.244017 0.770328
outer loop
vertex 1.6841 -13.0077 2.2596
vertex 1.4584 -13.5526 2.2596
vertex 1.9261 -13.6780 2.6570
endloop
endfacet
facet normal -0.589109 0.244017 0.770328
outer loop
vertex 1.6841 -13.0077 2.2596
vertex 1.9261 -13.6780 2.6570
vertex 2.1035 -13.2498 2.6570
endloop
endfacet
facet normal -0.632192 0.083230 0.770328
outer loop
vertex 1.4584 -13.5526 2.2596
vertex 1.3814 -14.1375 2.2596
vertex 1.8657 -14.1375 2.6570
endloop
endfacet
facet normal -0.632192 0.083230 0.770328
outer loop
vertex 1.4584 -13.5526 2.2596
vertex 1.8657 -14.1375 2.6570
vertex 1.9261 -13.6780 2.6570
endloop
endfacet
facet normal -0.632192 -0.083230 0.770328
outer loop
vertex 1.3814 -14.1375 2.2596
vertex 1.4584 -14.7223 2.2596
vertex 1.9261 -14.5970 2.6570
endloop
endfacet
facet normal -0.632192 -0.083230 0.770328
outer loop
vertex 1.3814 -14.1375 2.2596
vertex 1.9261 -14.5970 2.6570
vertex 1.8657 -14.1375 2.6570
endloop
endfacet
facet normal -0.589109 -0.244017 0.770328
outer loop
vertex 1.4584 -14.7223 2.2596
vertex 1.6841 -15.2673 2.2596
vertex 2.1035 -15.0252 2.6570
endloop
endfacet
facet normal -0.589109 -0.244017 0.770328
outer loop
vertex 1.4584 -14.7223 2.2596
vertex 2.1035 -15.0252 2.6570
vertex 1.9261 -14.5970 2.6570
endloop
endfacet
facet normal -0.505880 -0.388175 0.770328
outer loop
vertex 1.6841 -15.2673 2.2596
vertex 2.0432 -15.7353 2.2596
vertex 2.3856 -15.3928 2.6570
endloop
endfacet
facet normal -0.505880 -0.388175 0.770328
outer loop
vertex 1.6841 -15.2673 2.2596
vertex 2.3856 -15.3928 2.6570
vertex 2.1035 -15.0252 2.6570
endloop
endfacet
facet normal -0.388175 -0.505880 0.770328
outer loop
vertex 2.0432 -15.7353 2.2596
vertex 2.5112 -16.0944 2.2596
vertex 2.7533 -15.6750 2.6570
endloop
endfacet
facet normal -0.388175 -0.505880 0.770328
outer loop
vertex 2.0432 -15.7353 2.2596
vertex 2.7533 -15.6750 2.6570
vertex 2.3856 -15.3928 2.6570
endloop
endfacet
facet normal -0.244017 -0.589109 0.770328
outer loop
vertex 2.5112 -16.0944 2.2596
vertex 3.0562 -16.3201 2.2596
vertex 3.1815 -15.8523 2.6570
endloop
endfacet
facet normal -0.244017 -0.589109 0.770328
outer loop
vertex 2.5112 -16.0944 2.2596
vertex 3.1815 -15.8523 2.6570
vertex 2.7533 -15.6750 2.6570
endloop
endfacet
facet normal -0.083230 -0.632192 0.770328
outer loop
vertex 3.0562 -16.3201 2.2596
vertex 3.6410 -16.3971 2.2596
vertex 3.6410 -15.9128 2.6570
endloop
endfacet
facet normal -0.083230 -0.632192 0.770328
outer loop
vertex 3.0562 -16.3201 2.2596
vertex 3.6410 -15.9128 2.6570
vertex 3.1815 -15.8523 2.6570
endloop
endfacet
facet normal 0.083230 -0.632192 0.770328
outer loop
vertex 3.6410 -16.3971 2.2596
vertex 4.2259 -16.3201 2.2596
vertex 4.1005 -15.8523 2.6570
endloop
endfacet
facet normal 0.083230 -0.632192 0.770328
outer loop
vertex 3.6410 -16.3971 2.2596
vertex 4.1005 -15.8523 2.6570
vertex 3.6410 -15.9128 2.6570
endloop
endfacet
facet normal 0.244017 -0.589109 0.770328
outer loop
vertex 4.2259 -16.3201 2.2596
vertex 4.7708 -16.0944 2.2596
vertex 4.5287 -15.6750 2.6570
endloop
endfacet
facet normal 0.244017 -0.589109 0.770328
outer loop
vertex 4.2259 -16.3201 2.2596
vertex 4.5287 -15.6750 2.6570
vertex 4.1005 -15.8523 2.6570
endloop
endfacet
facet normal 0.388175 -0.505880 0.770328
outer loop
vertex 4.7708 -16.0944 2.2596
vertex 5.2388 -15.7353 2.2596
vertex 4.8964 -15.3928 2.6570
endloop
endfacet
facet normal 0.388175 -0.505880 0.770328
outer loop
vertex 4.7708 -16.0944 2.2596
vertex 4.8964 -15.3928 2.6570
vertex 4.5287 -15.6750 2.6570
endloop
endfacet
facet normal 0.505880 -0.388175 0.770328
outer loop
vertex 5.2388 -15.7353 2.2596
vertex 5.5979 -15.2673 2.2596
vertex 5.1785 -15.0252 2.6570
endloop
endfacet
facet normal 0.505880 -0.388175 0.770328
outer loop
vertex 5.2388 -15.7353 2.2596
vertex 5.1785 -15.0252 2.6570
vertex 4.8964 -15.3928 2.6570
endloop
endfacet
facet normal 0.589109 -0.244017 0.770328
outer loop
vertex 5.5979 -15.2673 2.2596
vertex 5.8236 -14.7223 2.2596
vertex 5.3559 -14.5970 2.6570
endloop
endfacet
facet normal 0.589109 -0.244017 0.770328
outer loop
vertex 5.5979 -15.2673 2.2596
vertex 5.3559 -14.5970 2.6570
vertex 5.1785 -15.0252 2.6570
endloop
endfacet
facet normal 0.632192 -0.083230 0.770328
outer loop
vertex 5.8236 -14.7223 2.2596
vertex 5.9006 -14.1375 2.2596
vertex 5.4164 -14.1375 2.6570
endloop
endfacet
facet normal 0.632192 -0.083230 0.770328
outer loop
vertex 5.8236 -14.7223 2.2596
vertex 5.4164 -14.1375 2.6570
vertex 5.3559 -14.5970 2.6570
endloop
endfacet
facet normal 0.470492 0.061941 0.880228
outer loop
vertex 5.4164 -14.1375 2.6570
vertex 5.3559 -13.6780 2.6570
vertex 4.8222 -13.8210 2.9523
endloop
endfacet
facet normal 0.470492 0.061941 0.880228
outer loop
vertex 5.4164 -14.1375 2.6570
vertex 4.8222 -13.8210 2.9523
vertex 4.8639 -14.1375 2.9523
endloop
endfacet
facet normal 0.438428 0.181603 0.880228
outer loop
vertex 5.3559 -13.6780 2.6570
vertex 5.1785 -13.2498 2.6570
vertex 4.7001 -13.5260 2.9523
endloop
endfacet
facet normal 0.438428 0.181603 0.880228
outer loop
vertex 5.3559 -13.6780 2.6570
vertex 4.7001 -13.5260 2.9523
vertex 4.8222 -13.8210 2.9523
endloop
endfacet
facet normal 0.376487 0.288889 0.880228
outer loop
vertex 5.1785 -13.2498 2.6570
vertex 4.8964 -12.8821 2.6570
vertex 4.5057 -13.2728 2.9523
endloop
endfacet
facet normal 0.376487 0.288889 0.880228
outer loop
vertex 5.1785 -13.2498 2.6570
vertex 4.5057 -13.2728 2.9523
vertex 4.7001 -13.5260 2.9523
endloop
endfacet
facet normal 0.288889 0.376487 0.880228
outer loop
vertex 4.8964 -12.8821 2.6570
vertex 4.5287 -12.6000 2.6570
vertex 4.2525 -13.0784 2.9523
endloop
endfacet
facet normal 0.288889 0.376487 0.880228
outer loop
vertex 4.8964 -12.8821 2.6570
vertex 4.2525 -13.0784 2.9523
vertex 4.5057 -13.2728 2.9523
endloop
endfacet
facet normal 0.181603 0.438428 0.880228
outer loop
vertex 4.5287 -12.6000 2.6570
vertex 4.1005 -12.4226 2.6570
vertex 3.9575 -12.9562 2.9523
endloop
endfacet
facet normal 0.181603 0.438428 0.880228
outer loop
vertex 4.5287 -12.6000 2.6570
vertex 3.9575 -12.9562 2.9523
vertex 4.2525 -13.0784 2.9523
endloop
endfacet
facet normal 0.061941 0.470492 0.880228
outer loop
vertex 4.1005 -12.4226 2.6570
vertex 3.6410 -12.3621 2.6570
vertex 3.6410 -12.9146 2.9523
endloop
endfacet
facet normal 0.061941 0.470492 0.880228
outer loop
vertex 4.1005 -12.4226 2.6570
vertex 3.6410 -12.9146 2.9523
vertex 3.9575 -12.9562 2.9523
endloop
endfacet
facet normal -0.061941 0.470492 0.880228
outer loop
vertex 3.6410 -12.3621 2.6570
vertex 3.1815 -12.4226 2.6570
vertex 3.3245 -12.9562 2.9523
endloop
endfacet
facet normal -0.061941 0.470492 0.880228
outer loop
vertex 3.6410 -12.3621 2.6570
vertex 3.3245 -12.9562 2.9523
vertex 3.6410 -12.9146 2.9523
endloop
endfacet
facet normal -0.181603 0.438428 0.880228
outer loop
vertex 3.1815 -12.4226 2.6570
vertex 2.7533 -12.6000 2.6570
vertex 3.0296 -13.0784 2.9523
endloop
endfacet
facet normal -0.181603 0.438428 0.880228
outer loop
vertex 3.1815 -12.4226 2.6570
vertex 3.0296 -13.0784 2.9523
vertex 3.3245 -12.9562 2.9523
endloop
endfacet
facet normal -0.288889 0.376487 0.880228
outer loop
vertex 2.7533 -12.6000 2.6570
vertex 2.3856 -12.8821 2.6570
vertex 2.7763 -13.2728 2.9523
endloop
endfacet
facet normal -0.288889 0.376487 0.880228
outer loop
vertex 2.7533 -12.6000 2.6570
vertex 2.7763 -13.2728 2.9523
vertex 3.0296 -13.0784 2.9523
endloop
endfacet
facet normal -0.376487 0.288889 0.880228
outer loop
vertex 2.3856 -12.8821 2.6570
vertex 2.1035 -13.2498 2.6570
vertex 2.5820 -13.5260 2.9523
endloop
endfacet
facet normal -0.376487 0.288889 0.880228
outer loop
vertex 2.3856 -12.8821 2.6570
vertex 2.5820 -13.5260 2.9523
vertex 2.7763 -13.2728 2.9523
endloop
endfacet
facet normal -0.438428 0.181603 0.880228
outer loop
vertex 2.1035 -13.2498 2.6570
vertex 1.9261 -13.6780 2.6570
vertex 2.4598 -13.8210 2.9523
endloop
endfacet
facet normal -0.438428 0.181603 0.880228
outer loop
vertex 2.1035 -13.2498 2.6570
vertex 2.4598 -13.8210 2.9523
vertex 2.5820 -13.5260 2.9523
endloop
endfacet
facet normal -0.470492 0.061941 0.880228
outer loop
vertex 1.9261 -13.6780 2.6570
vertex 1.8657 -14.1375 2.6570
vertex 2.4181 -14.1375 2.9523
endloop
endfacet
facet normal -0.470492 0.061941 0.880228
outer loop
vertex 1.9261 -13.6780 2.6570
vertex 2.4181 -14.1375 2.9523
vertex 2.4598 -13.8210 2.9523
endloop
endfacet
facet normal -0.470492 -0.061941 0.880228
outer loop
vertex 1.8657 -14.1375 2.6570
vertex 1.9261 -14.5970 2.6570
vertex 2.4598 -14.4540 2.9523
endloop
endfacet
facet normal -0.470492 -0.061941 0.880228
outer loop
vertex 1.8657 -14.1375 2.6570
vertex 2.4598 -14.4540 2.9523
vertex 2.4181 -14.1375 2.9523
endloop
endfacet
facet normal -0.438428 -0.181603 0.880228
outer loop
vertex 1.9261 -14.5970 2.6570
vertex 2.1035 -15.0252 2.6570
vertex 2.5820 -14.7489 2.9523
endloop
endfacet
facet normal -0.438428 -0.181603 0.880228
outer loop
vertex 1.9261 -14.5970 2.6570
vertex 2.5820 -14.7489 2.9523
vertex 2.4598 -14.4540 2.9523
endloop
endfacet
facet normal -0.376487 -0.288889 0.880228
outer loop
vertex 2.1035 -15.0252 2.6570
vertex 2.3856 -15.3928 2.6570
vertex 2.7763 -15.0022 2.9523
endloop
endfacet
facet normal -0.376487 -0.288889 0.880228
outer loop
vertex 2.1035 -15.0252 2.6570
vertex 2.7763 -15.0022 2.9523
vertex 2.5820 -14.7489 2.9523
endloop
endfacet
facet normal -0.288889 -0.376487 0.880228
outer loop
vertex 2.3856 -15.3928 2.6570
vertex 2.7533 -15.6750 2.6570
vertex 3.0296 -15.1965 2.9523
endloop
endfacet
facet normal -0.288889 -0.376487 0.880228
outer loop
vertex 2.3856 -15.3928 2.6570
vertex 3.0296 -15.1965 2.9523
vertex 2.7763 -15.0022 2.9523
endloop
endfacet
facet normal -0.181603 -0.438428 0.880228
outer loop
vertex 2.7533 -15.6750 2.6570
vertex 3.1815 -15.8523 2.6570
vertex 3.3245 -15.3187 2.9523
endloop
endfacet
facet normal -0.181603 -0.438428 0.880228
outer loop
vertex 2.7533 -15.6750 2.6570
vertex 3.3245 -15.3187 2.9523
vertex 3.0296 -15.1965 2.9523
endloop
endfacet
facet normal -0.061941 -0.470492 0.880228
outer loop
vertex 3.1815 -15.8523 2.6570
vertex 3.6410 -15.9128 2.6570
vertex 3.6410 -15.3604 2.9523
endloop
endfacet
facet normal -0.061941 -0.470492 0.880228
outer loop
vertex 3.1815 -15.8523 2.6570
vertex 3.6410 -15.3604 2.9523
vertex 3.3245 -15.3187 2.9523
endloop
endfacet
facet normal 0.061941 -0.470492 0.880228
outer loop
vertex 3.6410 -15.9128 2.6570
vertex 4.1005 -15.8523 2.6570
vertex 3.9575 -15.3187 2.9523
endloop
endfacet
facet normal 0.061941 -0.470492 0.880228
outer loop
vertex 3.6410 -15.9128 2.6570
vertex 3.9575 -15.3187 2.9523
vertex 3.6410 -15.3604 2.9523
endloop
endfacet
facet normal 0.181603 -0.438428 0.880228
outer loop
vertex 4.1005 -15.8523 2.6570
vertex 4.5287 -15.6750 2.6570
vertex 4.2525 -15.1965 2.9523
endloop
endfacet
facet normal 0.181603 -0.438428 0.880228
outer loop
vertex 4.1005 -15.8523 2.6570
vertex 4.2525 -15.1965 2.9523
vertex 3.9575 -15.3187 2.9523
endloop
endfacet
facet normal 0.288889 -0.376487 0.880228
outer loop
vertex 4.5287 -15.6750 2.6570
vertex 4.8964 -15.3928 2.6570
vertex 4.5057 -15.0022 2.9523
endloop
endfacet
facet normal 0.288889 -0.376487 0.880228
outer loop
vertex 4.5287 -15.6750 2.6570
vertex 4.5057 -15.0022 2.9523
vertex 4.2525 -15.1965 2.9523
endloop
endfacet
facet normal 0.376487 -0.288889 0.880228
outer loop
vertex 4.8964 -15.3928 2.6570
vertex 5.1785 -15.0252 2.6570
vertex 4.7001 -14.7489 2.9523
endloop
endfacet
facet normal 0.376487 -0.288889 0.880228
outer loop
vertex 4.8964 -15.3928 2.6570
vertex 4.7001 -14.7489 2.9523
vertex 4.5057 -15.0022 2.9523
endloop
endfacet
facet normal 0.438428 -0.181603 0.880228
outer loop
vertex 5.1785 -15.0252 2.6570
vertex 5.3559 -14.5970 2.6570
vertex 4.8222 -14.4540 2.9523
endloop
endfacet
facet normal 0.438428 -0.181603 0.880228
outer loop
vertex 5.1785 -15.0252 2.6570
vertex 4.8222 -14.4540 2.9523
vertex 4.7001 -14.7489 2.9523
endloop
endfacet
facet normal 0.470492 -0.061941 0.880228
outer loop
vertex 5.3559 -14.5970 2.6570
vertex 5.4164 -14.1375 2.6570
vertex 4.8639 -14.1375 2.9523
endloop
endfacet
facet normal 0.470492 -0.061941 0.880228
outer loop
vertex 5.3559 -14.5970 2.6570
vertex 4.8639 -14.1375 2.9523
vertex 4.8222 -14.4540 2.9523
endloop
endfacet
facet normal 0.290073 0.038189 0.956242
outer loop
vertex 4.8639 -14.1375 2.9523
vertex 4.8222 -13.8210 2.9523
vertex 4.2432 -13.9761 3.1342
endloop
endfacet
facet normal 0.290073 0.038189 0.956242
outer loop
vertex 4.8639 -14.1375 2.9523
vertex 4.2432 -13.9761 3.1342
vertex 4.2644 -14.1375 3.1342
endloop
endfacet
facet normal 0.270305 0.111964 0.956242
outer loop
vertex 4.8222 -13.8210 2.9523
vertex 4.7001 -13.5260 2.9523
vertex 4.1809 -13.8258 3.1342
endloop
endfacet
facet normal 0.270305 0.111964 0.956242
outer loop
vertex 4.8222 -13.8210 2.9523
vertex 4.1809 -13.8258 3.1342
vertex 4.2432 -13.9761 3.1342
endloop
endfacet
facet normal 0.232116 0.178109 0.956242
outer loop
vertex 4.7001 -13.5260 2.9523
vertex 4.5057 -13.2728 2.9523
vertex 4.0819 -13.6966 3.1342
endloop
endfacet
facet normal 0.232116 0.178109 0.956242
outer loop
vertex 4.7001 -13.5260 2.9523
vertex 4.0819 -13.6966 3.1342
vertex 4.1809 -13.8258 3.1342
endloop
endfacet
facet normal 0.178109 0.232116 0.956242
outer loop
vertex 4.5057 -13.2728 2.9523
vertex 4.2525 -13.0784 2.9523
vertex 3.9527 -13.5976 3.1342
endloop
endfacet
facet normal 0.178109 0.232116 0.956242
outer loop
vertex 4.5057 -13.2728 2.9523
vertex 3.9527 -13.5976 3.1342
vertex 4.0819 -13.6966 3.1342
endloop
endfacet
facet normal 0.111964 0.270305 0.956242
outer loop
vertex 4.2525 -13.0784 2.9523
vertex 3.9575 -12.9562 2.9523
vertex 3.8024 -13.5353 3.1342
endloop
endfacet
facet normal 0.111964 0.270305 0.956242
outer loop
vertex 4.2525 -13.0784 2.9523
vertex 3.8024 -13.5353 3.1342
vertex 3.9527 -13.5976 3.1342
endloop
endfacet
facet normal 0.038189 0.290073 0.956242
outer loop
vertex 3.9575 -12.9562 2.9523
vertex 3.6410 -12.9146 2.9523
vertex 3.6410 -13.5140 3.1342
endloop
endfacet
facet normal 0.038189 0.290073 0.956242
outer loop
vertex 3.9575 -12.9562 2.9523
vertex 3.6410 -13.5140 3.1342
vertex 3.8024 -13.5353 3.1342
endloop
endfacet
facet normal -0.038189 0.290073 0.956242
outer loop
vertex 3.6410 -12.9146 2.9523
vertex 3.3245 -12.9562 2.9523
vertex 3.4797 -13.5353 3.1342
endloop
endfacet
facet normal -0.038189 0.290073 0.956242
outer loop
vertex 3.6410 -12.9146 2.9523
vertex 3.4797 -13.5353 3.1342
vertex 3.6410 -13.5140 3.1342
endloop
endfacet
facet normal -0.111964 0.270305 0.956242
outer loop
vertex 3.3245 -12.9562 2.9523
vertex 3.0296 -13.0784 2.9523
vertex 3.3293 -13.5976 3.1342
endloop
endfacet
facet normal -0.111964 0.270305 0.956242
outer loop
vertex 3.3245 -12.9562 2.9523
vertex 3.3293 -13.5976 3.1342
vertex 3.4797 -13.5353 3.1342
endloop
endfacet
facet normal -0.178109 0.232116 0.956242
outer loop
vertex 3.0296 -13.0784 2.9523
vertex 2.7763 -13.2728 2.9523
vertex 3.2002 -13.6966 3.1342
endloop
endfacet
facet normal -0.178109 0.232116 0.956242
outer loop
vertex 3.0296 -13.0784 2.9523
vertex 3.2002 -13.6966 3.1342
vertex 3.3293 -13.5976 3.1342
endloop
endfacet
facet normal -0.232116 0.178109 0.956242
outer loop
vertex 2.7763 -13.2728 2.9523
vertex 2.5820 -13.5260 2.9523
vertex 3.1011 -13.8258 3.1342
endloop
endfacet
facet normal -0.232116 0.178109 0.956242
outer loop
vertex 2.7763 -13.2728 2.9523
vertex 3.1011 -13.8258 3.1342
vertex 3.2002 -13.6966 3.1342
endloop
endfacet
facet normal -0.270305 0.111964 0.956242
outer loop
vertex 2.5820 -13.5260 2.9523
vertex 2.4598 -13.8210 2.9523
vertex 3.0388 -13.9761 3.1342
endloop
endfacet
facet normal -0.270305 0.111964 0.956242
outer loop
vertex 2.5820 -13.5260 2.9523
vertex 3.0388 -13.9761 3.1342
vertex 3.1011 -13.8258 3.1342
endloop
endfacet
facet normal -0.290073 0.038189 0.956242
outer loop
vertex 2.4598 -13.8210 2.9523
vertex 2.4181 -14.1375 2.9523
vertex 3.0176 -14.1375 3.1342
endloop
endfacet
facet normal -0.290073 0.038189 0.956242
outer loop
vertex 2.4598 -13.8210 2.9523
vertex 3.0176 -14.1375 3.1342
vertex 3.0388 -13.9761 3.1342
endloop
endfacet
facet normal -0.290073 -0.038189 0.956242
outer loop
vertex 2.4181 -14.1375 2.9523
vertex 2.4598 -14.4540 2.9523
vertex 3.0388 -14.2988 3.1342
endloop
endfacet
facet normal -0.290073 -0.038189 0.956242
outer loop
vertex 2.4181 -14.1375 2.9523
vertex 3.0388 -14.2988 3.1342
vertex 3.0176 -14.1375 3.1342
endloop
endfacet
facet normal -0.270305 -0.111964 0.956242
outer loop
vertex 2.4598 -14.4540 2.9523
vertex 2.5820 -14.7489 2.9523
vertex 3.1011 -14.4492 3.1342
endloop
endfacet
facet normal -0.270305 -0.111964 0.956242
outer loop
vertex 2.4598 -14.4540 2.9523
vertex 3.1011 -14.4492 3.1342
vertex 3.0388 -14.2988 3.1342
endloop
endfacet
facet normal -0.232116 -0.178109 0.956242
outer loop
vertex 2.5820 -14.7489 2.9523
vertex 2.7763 -15.0022 2.9523
vertex 3.2002 -14.5783 3.1342
endloop
endfacet
facet normal -0.232116 -0.178109 0.956242
outer loop
vertex 2.5820 -14.7489 2.9523
vertex 3.2002 -14.5783 3.1342
vertex 3.1011 -14.4492 3.1342
endloop
endfacet
facet normal -0.178109 -0.232116 0.956242
outer loop
vertex 2.7763 -15.0022 2.9523
vertex 3.0296 -15.1965 2.9523
vertex 3.3293 -14.6774 3.1342
endloop
endfacet
facet normal -0.178109 -0.232116 0.956242
outer loop
vertex 2.7763 -15.0022 2.9523
vertex 3.3293 -14.6774 3.1342
vertex 3.2002 -14.5783 3.1342
endloop
endfacet
facet normal -0.111964 -0.270305 0.956242
outer loop
vertex 3.0296 -15.1965 2.9523
vertex 3.3245 -15.3187 2.9523
vertex 3.4797 -14.7397 3.1342
endloop
endfacet
facet normal -0.111964 -0.270305 0.956242
outer loop
vertex 3.0296 -15.1965 2.9523
vertex 3.4797 -14.7397 3.1342
vertex 3.3293 -14.6774 3.1342
endloop
endfacet
facet normal -0.038189 -0.290073 0.956242
outer loop
vertex 3.3245 -15.3187 2.9523
vertex 3.6410 -15.3604 2.9523
vertex 3.6410 -14.7609 3.1342
endloop
endfacet
facet normal -0.038189 -0.290073 0.956242
outer loop
vertex 3.3245 -15.3187 2.9523
vertex 3.6410 -14.7609 3.1342
vertex 3.4797 -14.7397 3.1342
endloop
endfacet
facet normal 0.038189 -0.290073 0.956242
outer loop
vertex 3.6410 -15.3604 2.9523
vertex 3.9575 -15.3187 2.9523
vertex 3.8024 -14.7397 3.1342
endloop
endfacet
facet normal 0.038189 -0.290073 0.956242
outer loop
vertex 3.6410 -15.3604 2.9523
vertex 3.8024 -14.7397 3.1342
vertex 3.6410 -14.7609 3.1342
endloop
endfacet
facet normal 0.111964 -0.270305 0.956242
outer loop
vertex 3.9575 -15.3187 2.9523
vertex 4.2525 -15.1965 2.9523
vertex 3.9527 -14.6774 3.1342
endloop
endfacet
facet normal 0.111964 -0.270305 0.956242
outer loop
vertex 3.9575 -15.3187 2.9523
vertex 3.9527 -14.6774 3.1342
vertex 3.8024 -14.7397 3.1342
endloop
endfacet
facet normal 0.178109 -0.232116 0.956242
outer loop
vertex 4.2525 -15.1965 2.9523
vertex 4.5057 -15.0022 2.9523
vertex 4.0819 -14.5783 3.1342
endloop
endfacet
facet normal 0.178109 -0.232116 0.956242
outer loop
vertex 4.2525 -15.1965 2.9523
vertex 4.0819 -14.5783 3.1342
vertex 3.9527 -14.6774 3.1342
endloop
endfacet
facet normal 0.232116 -0.178109 0.956242
outer loop
vertex 4.5057 -15.0022 2.9523
vertex 4.7001 -14.7489 2.9523
vertex 4.1809 -14.4492 3.1342
endloop
endfacet
facet normal 0.232116 -0.178109 0.956242
outer loop
vertex 4.5057 -15.0022 2.9523
vertex 4.1809 -14.4492 3.1342
vertex 4.0819 -14.5783 3.1342
endloop
endfacet
facet normal 0.270305 -0.111964 0.956242
outer loop
vertex 4.7001 -14.7489 2.9523
vertex 4.8222 -14.4540 2.9523
vertex 4.2432 -14.2988 3.1342
endloop
endfacet
facet normal 0.270305 -0.111964 0.956242
outer loop
vertex 4.7001 -14.7489 2.9523
vertex 4.2432 -14.2988 3.1342
vertex 4.1809 -14.4492 3.1342
endloop
endfacet
facet normal 0.290073 -0.038189 0.956242
outer loop
vertex 4.8222 -14.4540 2.9523
vertex 4.8639 -14.1375 2.9523
vertex 4.2644 -14.1375 3.1342
endloop
endfacet
facet normal 0.290073 -0.038189 0.956242
outer loop
vertex 4.8222 -14.4540 2.9523
vertex 4.2644 -14.1375 3.1342
vertex 4.2432 -14.2988 3.1342
endloop
endfacet
facet normal 0.098009 0.012903 0.995102
outer loop
vertex 4.2644 -14.1375 3.1342
vertex 4.2432 -13.9761 3.1342
vertex 3.6410 -14.1375 3.1956
endloop
endfacet
facet normal 0.091330 0.037830 0.995102
outer loop
vertex 4.2432 -13.9761 3.1342
vertex 4.1809 -13.8258 3.1342
vertex 3.6410 -14.1375 3.1956
endloop
endfacet
facet normal 0.078427 0.060179 0.995102
outer loop
vertex 4.1809 -13.8258 3.1342
vertex 4.0819 -13.6966 3.1342
vertex 3.6410 -14.1375 3.1956
endloop
endfacet
facet normal 0.060179 0.078427 0.995102
outer loop
vertex 4.0819 -13.6966 3.1342
vertex 3.9527 -13.5976 3.1342
vertex 3.6410 -14.1375 3.1956
endloop
endfacet
facet normal 0.037830 0.091330 0.995102
outer loop
vertex 3.9527 -13.5976 3.1342
vertex 3.8024 -13.5353 3.1342
vertex 3.6410 -14.1375 3.1956
endloop
endfacet
facet normal 0.012903 0.098009 0.995102
outer loop
vertex 3.8024 -13.5353 3.1342
vertex 3.6410 -13.5140 3.1342
vertex 3.6410 -14.1375 3.1956
endloop
endfacet
facet normal -0.012903 0.098009 0.995102
outer loop
vertex 3.6410 -13.5140 3.1342
vertex 3.4797 -13.5353 3.1342
vertex 3.6410 -14.1375 3.1956
endloop
endfacet
facet normal -0.037830 0.091330 0.995102
outer loop
vertex 3.4797 -13.5353 3.1342
vertex 3.3293 -13.5976 3.1342
vertex 3.6410 -14.1375 3.1956
endloop
endfacet
facet normal -0.060179 0.078427 0.995102
outer loop
vertex 3.3293 -13.5976 3.1342
vertex 3.2002 -13.6966 3.1342
vertex 3.6410 -14.1375 3.1956
endloop
endfacet
facet normal -0.078427 0.060179 0.995102
outer loop
vertex 3.2002 -13.6966 3.1342
vertex 3.1011 -13.8258 3.1342
vertex 3.6410 -14.1375 3.1956
endloop
endfacet
facet normal -0.091330 0.037830 0.995102
outer loop
vertex 3.1011 -13.8258 3.1342
vertex 3.0388 -13.9761 3.1342
vertex 3.6410 -14.1375 3.1956
endloop
endfacet
facet normal -0.098009 0.012903 0.995102
outer loop
vertex 3.0388 -13.9761 3.1342
vertex 3.0176 -14.1375 3.1342
vertex 3.6410 -14.1375 3.1956
endloop
endfacet
facet normal -0.098009 -0.012903 0.995102
outer loop
vertex 3.0176 -14.1375 3.1342
vertex 3.0388 -14.2988 3.1342
vertex 3.6410 -14.1375 3.1956
endloop
endfacet
facet normal -0.091330 -0.037830 0.995102
outer loop
vertex 3.0388 -14.2988 3.1342
vertex 3.1011 -14.4492 3.1342
vertex 3.6410 -14.1375 3.1956
endloop
endfacet
facet normal -0.078427 -0.060179 0.995102
outer loop
vertex 3.1011 -14.4492 3.1342
vertex 3.2002 -14.5783 3.1342
vertex 3.6410 -14.1375 3.1956
endloop
endfacet
facet normal -0.060179 -0.078427 0.995102
outer loop
vertex 3.2002 -14.5783 3.1342
vertex 3.3293 -14.6774 3.1342
vertex 3.6410 -14.1375 3.1956
endloop
endfacet
facet normal -0.037830 -0.091330 0.995102
outer loop
vertex 3.3293 -14.6774 3.1342
vertex 3.4797 -14.7397 3.1342
vertex 3.6410 -14.1375 3.1956
endloop
endfacet
facet normal -0.012903 -0.098009 0.995102
outer loop
vertex 3.4797 -14.7397 3.1342
vertex 3.6410 -14.7609 3.1342
vertex 3.6410 -14.1375 3.1956
endloop
endfacet
facet normal 0.012903 -0.098009 0.995102
outer loop
vertex 3.6410 -14.7609 3.1342
vertex 3.8024 -14.7397 3.1342
vertex 3.6410 -14.1375 3.1956
endloop
endfacet
facet normal 0.037830 -0.091330 0.995102
outer loop
vertex 3.8024 -14.7397 3.1342
vertex 3.9527 -14.6774 3.1342
vertex 3.6410 -14.1375 3.1956
endloop
endfacet
facet normal 0.060179 -0.078427 0.995102
outer loop
vertex 3.9527 -14.6774 3.1342
vertex 4.0819 -14.5783 3.1342
vertex 3.6410 -14.1375 3.1956
endloop
endfacet
facet normal 0.078427 -0.060179 0.995102
outer loop
vertex 4.0819 -14.5783 3.1342
vertex 4.1809 -14.4492 3.1342
vertex 3.6410 -14.1375 3.1956
endloop
endfacet
facet normal 0.091330 -0.037830 0.995102
outer loop
vertex 4.1809 -14.4492 3.1342
vertex 4.2432 -14.2988 3.1342
vertex 3.6410 -14.1375 3.1956
endloop
endfacet
facet normal 0.098009 -0.012903 0.995102
outer loop
vertex 4.2432 -14.2988 3.1342
vertex 4.2644 -14.1375 3.1342
vertex 3.6410 -14.1375 3.1956
endloop
endfacet
facet normal 0.991445 0.130526 0.000000
outer loop
vertex 11.2291 -2.7625 0.0000
vertex 11.1697 -2.3113 0.0000
vertex 11.1697 -2.3113 18.7166
endloop
endfacet
facet normal 0.991445 0.130526 -0.000000
outer loop
vertex 11.2291 -2.7625 0.0000
vertex 11.1697 -2.3113 18.7166
vertex 11.2291 -2.7625 18.7166
endloop
endfacet
facet normal 0.000000 0.000000 1.000000
outer loop
vertex 9.4858 -2.7625 18.7166
vertex 11.2291 -2.7625 18.7166
vertex 11.1697 -2.3113 18.7166
endloop
endfacet
facet normal 0.000000 0.000000 -1.000000
outer loop
vertex 9.4858 -2.7625 0.0000
vertex 11.1697 -2.3113 0.0000
vertex 11.2291 -2.7625 0.0000
endloop
endfacet
facet normal 0.923880 0.382683 0.000000
outer loop
vertex 11.1697 -2.3113 0.0000
vertex 10.9956 -1.8909 0.0000
vertex 10.9956 -1.8909 18.7166
endloop
endfacet
facet normal 0.923880 0.382683 -0.000000
outer loop
vertex 11.1697 -2.3113 0.0000
vertex 10.9956 -1.8909 18.7166
vertex 11.1697 -2.3113 18.7166
endloop
endfacet
facet normal 0.000000 0.000000 1.000000
outer loop
vertex 9.4858 -2.7625 18.7166
vertex 11.1697 -2.3113 18.7166
vertex 10.9956 -1.8909 18.7166
endloop
endfacet
facet normal 0.000000 0.000000 -1.000000
outer loop
vertex 9.4858 -2.7625 0.0000
vertex 10.9956 -1.8909 0.0000
vertex 11.1697 -2.3113 0.0000
endloop
endfacet
facet normal 0.793353 0.608761 0.000000
outer loop
vertex 10.9956 -1.8909 0.0000
vertex 10.7185 -1.5298 0.0000
vertex 10.7185 -1.5298 18.7166
endloop
endfacet
facet normal 0.793353 0.608761 -0.000000
outer loop
vertex 10.9956 -1.8909 0.0000
vertex 10.7185 -1.5298 18.7166
vertex 10.9956 -1.8909 18.7166
endloop
endfacet
facet normal 0.000000 0.000000 1.000000
outer loop
vertex 9.4858 -2.7625 18.7166
vertex 10.9956 -1.8909 18.7166
vertex 10.7185 -1.5298 18.7166
endloop
endfacet
facet normal 0.000000 0.000000 -1.000000
outer loop
vertex 9.4858 -2.7625 0.0000
vertex 10.7185 -1.5298 0.0000
vertex 10.9956 -1.8909 0.0000
endloop
endfacet
facet normal 0.608761 0.793353 0.000000
outer loop
vertex 10.7185 -1.5298 0.0000
vertex 10.3575 -1.2528 0.0000
vertex 10.3575 -1.2528 18.7166
endloop
endfacet
facet normal 0.608761 0.793353 -0.000000
outer loop
vertex 10.7185 -1.5298 0.0000
vertex 10.3575 -1.2528 18.7166
vertex 10.7185 -1.5298 18.7166
endloop
endfacet
facet normal 0.000000 0.000000 1.000000
outer loop
vertex 9.4858 -2.7625 18.7166
vertex 10.7185 -1.5298 18.7166
vertex 10.3575 -1.2528 18.7166
endloop
endfacet
facet normal 0.000000 0.000000 -1.000000
outer loop
vertex 9.4858 -2.7625 0.0000
vertex 10.3575 -1.2528 0.0000
vertex 10.7185 -1.5298 0.0000
endloop
endfacet
facet normal 0.382683 0.923880 0.000000
outer loop
vertex 10.3575 -1.2528 0.0000
vertex 9.9370 -1.0786 0.0000
vertex 9.9370 -1.0786 18.7166
endloop
endfacet
facet normal 0.382683 0.923880 -0.000000
outer loop
vertex 10.3575 -1.2528 0.0000
vertex 9.9370 -1.0786 18.7166
vertex 10.3575 -1.2528 18.7166
endloop
endfacet
facet normal 0.000000 0.000000 1.000000
outer loop
vertex 9.4858 -2.7625 18.7166
vertex 10.3575 -1.2528 18.7166
vertex 9.9370 -1.0786 18.7166
endloop
endfacet
facet normal 0.000000 0.000000 -1.000000
outer loop
vertex 9.4858 -2.7625 0.0000
vertex 9.9370 -1.0786 0.0000
vertex 10.3575 -1.2528 0.0000
endloop
endfacet
facet normal 0.130526 0.991445 0.000000
outer loop
vertex 9.9370 -1.0786 0.0000
vertex 9.4858 -1.0192 0.0000
vertex 9.4858 -1.0192 18.7166
endloop
endfacet
facet normal 0.130526 0.991445 -0.000000
outer loop
vertex 9.9370 -1.0786 0.0000
vertex 9.4858 -1.0192 18.7166
vertex 9.9370 -1.0786 18.7166
endloop
endfacet
facet normal 0.000000 0.000000 1.000000
outer loop
vertex 9.4858 -2.7625 18.7166
vertex 9.9370 -1.0786 18.7166
vertex 9.4858 -1.0192 18.7166
endloop
endfacet
facet normal 0.000000 0.000000 -1.000000
outer loop
vertex 9.4858 -2.7625 0.0000
vertex 9.4858 -1.0192 0.0000
vertex 9.9370 -1.0786 0.0000
endloop
endfacet
facet normal -0.130526 0.991445 0.000000
outer loop
vertex 9.4858 -1.0192 0.0000
vertex 9.0346 -1.0786 0.0000
vertex 9.0346 -1.0786 18.7166
endloop
endfacet
facet normal -0.130526 0.991445 0.000000
outer loop
vertex 9.4858 -1.0192 0.0000
vertex 9.0346 -1.0786 18.7166
vertex 9.4858 -1.0192 18.7166
endloop
endfacet
facet normal 0.000000 -0.000000 1.000000
outer loop
vertex 9.4858 -2.7625 18.7166
vertex 9.4858 -1.0192 18.7166
vertex 9.0346 -1.0786 18.7166
endloop
endfacet
facet normal 0.000000 0.000000 -1.000000
outer loop
vertex 9.4858 -2.7625 0.0000
vertex 9.0346 -1.0786 0.0000
vertex 9.4858 -1.0192 0.0000
endloop
endfacet
facet normal -0.382683 0.923880 0.000000
outer loop
vertex 9.0346 -1.0786 0.0000
vertex 8.6141 -1.2528 0.0000
vertex 8.6141 -1.2528 18.7166
endloop
endfacet
facet normal -0.382683 0.923880 0.000000
outer loop
vertex 9.0346 -1.0786 0.0000
vertex 8.6141 -1.2528 18.7166
vertex 9.0346 -1.0786 18.7166
endloop
endfacet
facet normal 0.000000 0.000000 1.000000
outer loop
vertex 9.4858 -2.7625 18.7166
vertex 9.0346 -1.0786 18.7166
vertex 8.6141 -1.2528 18.7166
endloop
endfacet
facet normal 0.000000 0.000000 -1.000000
outer loop
vertex 9.4858 -2.7625 0.0000
vertex 8.6141 -1.2528 0.0000
vertex 9.0346 -1.0786 0.0000
endloop
endfacet
facet normal -0.608761 0.793353 0.000000
outer loop
vertex 8.6141 -1.2528 0.0000
vertex 8.2531 -1.5298 0.0000
vertex 8.2531 -1.5298 18.7166
endloop
endfacet
facet normal -0.608761 0.793353 0.000000
outer loop
vertex 8.6141 -1.2528 0.0000
vertex 8.2531 -1.5298 18.7166
vertex 8.6141 -1.2528 18.7166
endloop
endfacet
facet normal 0.000000 0.000000 1.000000
outer loop
vertex 9.4858 -2.7625 18.7166
vertex 8.6141 -1.2528 18.7166
vertex 8.2531 -1.5298 18.7166
endloop
endfacet
facet normal 0.000000 0.000000 -1.000000
outer loop
vertex 9.4858 -2.7625 0.0000
vertex 8.2531 -1.5298 0.0000
vertex 8.6141 -1.2528 0.0000
endloop
endfacet
facet normal -0.793353 0.608761 0.000000
outer loop
vertex 8.2531 -1.5298 0.0000
vertex 7.9760 -1.8909 0.0000
vertex 7.9760 -1.8909 18.7166
endloop
endfacet
facet normal -0.793353 0.608761 0.000000
outer loop
vertex 8.2531 -1.5298 0.0000
vertex 7.9760 -1.8909 18.7166
vertex 8.2531 -1.5298 18.7166
endloop
endfacet
facet normal 0.000000 0.000000 1.000000
outer loop
vertex 9.4858 -2.7625 18.7166
vertex 8.2531 -1.5298 18.7166
vertex 7.9760 -1.8909 18.7166
endloop
endfacet
facet normal 0.000000 0.000000 -1.000000
outer loop
vertex 9.4858 -2.7625 0.0000
vertex 7.9760 -1.8909 0.0000
vertex 8.2531 -1.5298 0.0000
endloop
endfacet
facet normal -0.923880 0.382683 0.000000
outer loop
vertex 7.9760 -1.8909 0.0000
vertex 7.8019 -2.3113 0.0000
vertex 7.8019 -2.3113 18.7166
endloop
endfacet
facet normal -0.923880 0.382683 0.000000
outer loop
vertex 7.9760 -1.8909 0.0000
vertex 7.8019 -2.3113 18.7166
vertex 7.9760 -1.8909 18.7166
endloop
endfacet
facet normal 0.000000 0.000000 1.000000
outer loop
vertex 9.4858 -2.7625 18.7166
vertex 7.9760 -1.8909 18.7166
vertex 7.8019 -2.3113 18.7166
endloop
endfacet
facet normal 0.000000 0.000000 -1.000000
outer loop
vertex 9.4858 -2.7625 0.0000
vertex 7.8019 -2.3113 0.0000
vertex 7.9760 -1.8909 0.0000
endloop
endfacet
facet normal -0.991445 0.130526 0.000000
outer loop
vertex 7.8019 -2.3113 0.0000
vertex 7.7425 -2.7625 0.0000
vertex 7.7425 -2.7625 18.7166
endloop
endfacet
facet normal -0.991445 0.130526 0.000000
outer loop
vertex 7.8019 -2.3113 0.0000
vertex 7.7425 -2.7625 18.7166
vertex 7.8019 -2.3113 18.7166
endloop
endfacet
facet normal 0.000000 0.000000 1.000000
outer loop
vertex 9.4858 -2.7625 18.7166
vertex 7.8019 -2.3113 18.7166
vertex 7.7425 -2.7625 18.7166
endloop
endfacet
facet normal 0.000000 0.000000 -1.000000
outer loop
vertex 9.4858 -2.7625 0.0000
vertex 7.7425 -2.7625 0.0000
vertex 7.8019 -2.3113 0.0000
endloop
endfacet
facet normal -0.991445 -0.130526 0.000000
outer loop
vertex 7.7425 -2.7625 0.0000
vertex 7.8019 -3.2138 0.0000
vertex 7.8019 -3.2138 18.7166
endloop
endfacet
facet normal -0.991445 -0.130526 0.000000
outer loop
vertex 7.7425 -2.7625 0.0000
vertex 7.8019 -3.2138 18.7166
vertex 7.7425 -2.7625 18.7166
endloop
endfacet
facet normal 0.000000 0.000000 1.000000
outer loop
vertex 9.4858 -2.7625 18.7166
vertex 7.7425 -2.7625 18.7166
vertex 7.8019 -3.2138 18.7166
endloop
endfacet
facet normal -0.000000 0.000000 -1.000000
outer loop
vertex 9.4858 -2.7625 0.0000
vertex 7.8019 -3.2138 0.0000
vertex 7.7425 -2.7625 0.0000
endloop
endfacet
facet normal -0.923880 -0.382683 0.000000
outer loop
vertex 7.8019 -3.2138 0.0000
vertex 7.9760 -3.6342 0.0000
vertex 7.9760 -3.6342 18.7166
endloop
endfacet
facet normal -0.923880 -0.382683 0.000000
outer loop
vertex 7.8019 -3.2138 0.0000
vertex 7.9760 -3.6342 18.7166
vertex 7.8019 -3.2138 18.7166
endloop
endfacet
facet normal 0.000000 0.000000 1.000000
outer loop
vertex 9.4858 -2.7625 18.7166
vertex 7.8019 -3.2138 18.7166
vertex 7.9760 -3.6342 18.7166
endloop
endfacet
facet normal 0.000000 0.000000 -1.000000
outer loop
vertex 9.4858 -2.7625 0.0000
vertex 7.9760 -3.6342 0.0000
vertex 7.8019 -3.2138 0.0000
endloop
endfacet
facet normal -0.793353 -0.608761 0.000000
outer loop
vertex 7.9760 -3.6342 0.0000
vertex 8.2531 -3.9953 0.0000
vertex 8.2531 -3.9953 18.7166
endloop
endfacet
facet normal -0.793353 -0.608761 0.000000
outer loop
vertex 7.9760 -3.6342 0.0000
vertex 8.2531 -3.9953 18.7166
vertex 7.9760 -3.6342 18.7166
endloop
endfacet
facet normal 0.000000 0.000000 1.000000
outer loop
vertex 9.4858 -2.7625 18.7166
vertex 7.9760 -3.6342 18.7166
vertex 8.2531 -3.9953 18.7166
endloop
endfacet
facet normal 0.000000 0.000000 -1.000000
outer loop
vertex 9.4858 -2.7625 0.0000
vertex 8.2531 -3.9953 0.0000
vertex 7.9760 -3.6342 0.0000
endloop
endfacet
facet normal -0.608761 -0.793353 0.000000
outer loop
vertex 8.2531 -3.9953 0.0000
vertex 8.6141 -4.2723 0.0000
vertex 8.6141 -4.2723 18.7166
endloop
endfacet
facet normal -0.608761 -0.793353 0.000000
outer loop
vertex 8.2531 -3.9953 0.0000
vertex 8.6141 -4.2723 18.7166
vertex 8.2531 -3.9953 18.7166
endloop
endfacet
facet normal 0.000000 0.000000 1.000000
outer loop
vertex 9.4858 -2.7625 18.7166
vertex 8.2531 -3.9953 18.7166
vertex 8.6141 -4.2723 18.7166
endloop
endfacet
facet normal 0.000000 0.000000 -1.000000
outer loop
vertex 9.4858 -2.7625 0.0000
vertex 8.6141 -4.2723 0.0000
vertex 8.2531 -3.9953 0.0000
endloop
endfacet
facet normal -0.382683 -0.923880 0.000000
outer loop
vertex 8.6141 -4.2723 0.0000
vertex 9.0346 -4.4465 0.0000
vertex 9.0346 -4.4465 18.7166
endloop
endfacet
facet normal -0.382683 -0.923880 0.000000
outer loop
vertex 8.6141 -4.2723 0.0000
vertex 9.0346 -4.4465 18.7166
vertex 8.6141 -4.2723 18.7166
endloop
endfacet
facet normal 0.000000 0.000000 1.000000
outer loop
vertex 9.4858 -2.7625 18.7166
vertex 8.6141 -4.2723 18.7166
vertex 9.0346 -4.4465 18.7166
endloop
endfacet
facet normal 0.000000 0.000000 -1.000000
outer loop
vertex 9.4858 -2.7625 0.0000
vertex 9.0346 -4.4465 0.0000
vertex 8.6141 -4.2723 0.0000
endloop
endfacet
facet normal -0.130526 -0.991445 0.000000
outer loop
vertex 9.0346 -4.4465 0.0000
vertex 9.4858 -4.5059 0.0000
vertex 9.4858 -4.5059 18.7166
endloop
endfacet
facet normal -0.130526 -0.991445 0.000000
outer loop
vertex 9.0346 -4.4465 0.0000
vertex 9.4858 -4.5059 18.7166
vertex 9.0346 -4.4465 18.7166
endloop
endfacet
facet normal 0.000000 0.000000 1.000000
outer loop
vertex 9.4858 -2.7625 18.7166
vertex 9.0346 -4.4465 18.7166
vertex 9.4858 -4.5059 18.7166
endloop
endfacet
facet normal 0.000000 -0.000000 -1.000000
outer loop
vertex 9.4858 -2.7625 0.0000
vertex 9.4858 -4.5059 0.0000
vertex 9.0346 -4.4465 0.0000
endloop
endfacet
facet normal 0.130526 -0.991445 0.000000
outer loop
vertex 9.4858 -4.5059 0.0000
vertex 9.9370 -4.4465 0.0000
vertex 9.9370 -4.4465 18.7166
endloop
endfacet
facet normal 0.130526 -0.991445 0.000000
outer loop
vertex 9.4858 -4.5059 0.0000
vertex 9.9370 -4.4465 18.7166
vertex 9.4858 -4.5059 18.7166
endloop
endfacet
facet normal 0.000000 0.000000 1.000000
outer loop
vertex 9.4858 -2.7625 18.7166
vertex 9.4858 -4.5059 18.7166
vertex 9.9370 -4.4465 18.7166
endloop
endfacet
facet normal 0.000000 0.000000 -1.000000
outer loop
vertex 9.4858 -2.7625 0.0000
vertex 9.9370 -4.4465 0.0000
vertex 9.4858 -4.5059 0.0000
endloop
endfacet
facet normal 0.382683 -0.923880 0.000000
outer loop
vertex 9.9370 -4.4465 0.0000
vertex 10.3575 -4.2723 0.0000
vertex 10.3575 -4.2723 18.7166
endloop
endfacet
facet normal 0.382683 -0.923880 0.000000
outer loop
vertex 9.9370 -4.4465 0.0000
vertex 10.3575 -4.2723 18.7166
vertex 9.9370 -4.4465 18.7166
endloop
endfacet
facet normal 0.000000 0.000000 1.000000
outer loop
vertex 9.4858 -2.7625 18.7166
vertex 9.9370 -4.4465 18.7166
vertex 10.3575 -4.2723 18.7166
endloop
endfacet
facet normal 0.000000 0.000000 -1.000000
outer loop
vertex 9.4858 -2.7625 0.0000
vertex 10.3575 -4.2723 0.0000
vertex 9.9370 -4.4465 0.0000
endloop
endfacet
facet normal 0.608761 -0.793353 0.000000
outer loop
vertex 10.3575 -4.2723 0.0000
vertex 10.7185 -3.9953 0.0000
vertex 10.7185 -3.9953 18.7166
endloop
endfacet
facet normal 0.608761 -0.793353 0.000000
outer loop
vertex 10.3575 -4.2723 0.0000
vertex 10.7185 -3.9953 18.7166
vertex 10.3575 -4.2723 18.7166
endloop
endfacet
facet normal 0.000000 0.000000 1.000000
outer loop
vertex 9.4858 -2.7625 18.7166
vertex 10.3575 -4.2723 18.7166
vertex 10.7185 -3.9953 18.7166
endloop
endfacet
facet normal 0.000000 0.000000 -1.000000
outer loop
vertex 9.4858 -2.7625 0.0000
vertex 10.7185 -3.9953 0.0000
vertex 10.3575 -4.2723 0.0000
endloop
endfacet
facet normal 0.793353 -0.608761 0.000000
outer loop
vertex 10.7185 -3.9953 0.0000
vertex 10.9956 -3.6342 0.0000
vertex 10.9956 -3.6342 18.7166
endloop
endfacet
facet normal 0.793353 -0.608761 0.000000
outer loop
vertex 10.7185 -3.9953 0.0000
vertex 10.9956 -3.6342 18.7166
vertex 10.7185 -3.9953 18.7166
endloop
endfacet
facet normal 0.000000 0.000000 1.000000
outer loop
vertex 9.4858 -2.7625 18.7166
vertex 10.7185 -3.9953 18.7166
vertex 10.9956 -3.6342 18.7166
endloop
endfacet
facet normal 0.000000 0.000000 -1.000000
outer loop
vertex 9.4858 -2.7625 0.0000
vertex 10.9956 -3.6342 0.0000
vertex 10.7185 -3.9953 0.0000
endloop
endfacet
facet normal 0.923880 -0.382683 0.000000
outer loop
vertex 10.9956 -3.6342 0.0000
vertex 11.1697 -3.2138 0.0000
vertex 11.1697 -3.2138 18.7166
endloop
endfacet
facet normal 0.923880 -0.382683 0.000000
outer loop
vertex 10.9956 -3.6342 0.0000
vertex 11.1697 -3.2138 18.7166
vertex 10.9956 -3.6342 18.7166
endloop
endfacet
facet normal 0.000000 0.000000 1.000000
outer loop
vertex 9.4858 -2.7625 18.7166
vertex 10.9956 -3.6342 18.7166
vertex 11.1697 -3.2138 18.7166
endloop
endfacet
facet normal 0.000000 0.000000 -1.000000
outer loop
vertex 9.4858 -2.7625 0.0000
vertex 11.1697 -3.2138 0.0000
vertex 10.9956 -3.6342 0.0000
endloop
endfacet
facet normal 0.991445 -0.130526 0.000000
outer loop
vertex 11.1697 -3.2138 0.0000
vertex 11.2291 -2.7625 0.0000
vertex 11.2291 -2.7625 18.7166
endloop
endfacet
facet normal 0.991445 -0.130526 0.000000
outer loop
vertex 11.1697 -3.2138 0.0000
vertex 11.2291 -2.7625 18.7166
vertex 11.1697 -3.2138 18.7166
endloop
endfacet
facet normal 0.000000 0.000000 1.000000
outer loop
vertex 9.4858 -2.7625 18.7166
vertex 11.1697 -3.2138 18.7166
vertex 11.2291 -2.7625 18.7166
endloop
endfacet
facet normal 0.000000 0.000000 -1.000000
outer loop
vertex 9.4858 -2.7625 0.0000
vertex 11.2291 -2.7625 0.0000
vertex 11.1697 -3.2138 0.0000
endloop
endfacet
facet normal 0.991445 0.130526 0.000000
outer loop
vertex 15.4377 -20.3136 0.0000
vertex 15.3704 -19.8026 0.0000
vertex 15.3704 -19.8026 10.9114
endloop
endfacet
facet normal 0.991445 0.130526 -0.000000
outer loop
vertex 15.4377 -20.3136 0.0000
vertex 15.3704 -19.8026 10.9114
vertex 15.4377 -20.3136 10.9114
endloop
endfacet
facet normal 0.000000 0.000000 1.000000
outer loop
vertex 13.4633 -20.3136 10.9114
vertex 15.4377 -20.3136 10.9114
vertex 15.3704 -19.8026 10.9114
endloop
endfacet
facet normal 0.000000 0.000000 -1.000000
outer loop
vertex 13.4633 -20.3136 0.0000
vertex 15.3704 -19.8026 0.0000
vertex 15.4377 -20.3136 0.0000
endloop
endfacet
facet normal 0.923880 0.382683 0.000000
outer loop
vertex 15.3704 -19.8026 0.0000
vertex 15.1732 -19.3264 0.0000
vertex 15.1732 -19.3264 10.9114
endloop
endfacet
facet normal 0.923880 0.382683 -0.000000
outer loop
vertex 15.3704 -19.8026 0.0000
vertex 15.1732 -19.3264 10.9114
vertex 15.3704 -19.8026 10.9114
endloop
endfacet
facet normal 0.000000 0.000000 1.000000
outer loop
vertex 13.4633 -20.3136 10.9114
vertex 15.3704 -19.8026 10.9114
vertex 15.1732 -19.3264 10.9114
endloop
endfacet
facet normal 0.000000 0.000000 -1.000000
outer loop
vertex 13.4633 -20.3136 0.0000
vertex 15.1732 -19.3264 0.0000
vertex 15.3704 -19.8026 0.0000
endloop
endfacet
facet normal 0.793353 0.608761 0.000000
outer loop
vertex 15.1732 -19.3264 0.0000
vertex 14.8594 -18.9175 0.0000
vertex 14.8594 -18.9175 10.9114
endloop
endfacet
facet normal 0.793353 0.608761 -0.000000
outer loop
vertex 15.1732 -19.3264 0.0000
vertex 14.8594 -18.9175 10.9114
vertex 15.1732 -19.3264 10.9114
endloop
endfacet
facet normal 0.000000 0.000000 1.000000
outer loop
vertex 13.4633 -20.3136 10.9114
vertex 15.1732 -19.3264 10.9114
vertex 14.8594 -18.9175 10.9114
endloop
endfacet
facet normal 0.000000 0.000000 -1.000000
outer loop
vertex 13.4633 -20.3136 0.0000
vertex 14.8594 -18.9175 0.0000
vertex 15.1732 -19.3264 0.0000
endloop
endfacet
facet normal 0.608761 0.793353 0.000000
outer loop
vertex 14.8594 -18.9175 0.0000
vertex 14.4505 -18.6037 0.0000
vertex 14.4505 -18.6037 10.9114
endloop
endfacet
facet normal 0.608761 0.793353 -0.000000
outer loop
vertex 14.8594 -18.9175 0.0000
vertex 14.4505 -18.6037 10.9114
vertex 14.8594 -18.9175 10.9114
endloop
endfacet
facet normal 0.000000 0.000000 1.000000
outer loop
vertex 13.4633 -20.3136 10.9114
vertex 14.8594 -18.9175 10.9114
vertex 14.4505 -18.6037 10.9114
endloop
endfacet
facet normal 0.000000 0.000000 -1.000000
outer loop
vertex 13.4633 -20.3136 0.0000
vertex 14.4505 -18.6037 0.0000
vertex 14.8594 -18.9175 0.0000
endloop
endfacet
facet normal 0.382683 0.923880 0.000000
outer loop
vertex 14.4505 -18.6037 0.0000
vertex 13.9743 -18.4065 0.0000
vertex 13.9743 -18.4065 10.9114
endloop
endfacet
facet normal 0.382683 0.923880 -0.000000
outer loop
vertex 14.4505 -18.6037 0.0000
vertex 13.9743 -18.4065 10.9114
vertex 14.4505 -18.6037 10.9114
endloop
endfacet
facet normal 0.000000 0.000000 1.000000
outer loop
vertex 13.4633 -20.3136 10.9114
vertex 14.4505 -18.6037 10.9114
vertex 13.9743 -18.4065 10.9114
endloop
endfacet
facet normal 0.000000 0.000000 -1.000000
outer loop
vertex 13.4633 -20.3136 0.0000
vertex 13.9743 -18.4065 0.0000
vertex 14.4505 -18.6037 0.0000
endloop
endfacet
facet normal 0.130526 0.991445 0.000000
outer loop
vertex 13.9743 -18.4065 0.0000
vertex 13.4633 -18.3392 0.0000
vertex 13.4633 -18.3392 10.9114
endloop
endfacet
facet normal 0.130526 0.991445 -0.000000
outer loop
vertex 13.9743 -18.4065 0.0000
vertex 13.4633 -18.3392 10.9114
vertex 13.9743 -18.4065 10.9114
endloop
endfacet
facet normal 0.000000 0.000000 1.000000
outer loop
vertex 13.4633 -20.3136 10.9114
vertex 13.9743 -18.4065 10.9114
vertex 13.4633 -18.3392 10.9114
endloop
endfacet
facet normal 0.000000 0.000000 -1.000000
outer loop
vertex 13.4633 -20.3136 0.0000
vertex 13.4633 -18.3392 0.0000
vertex 13.9743 -18.4065 0.0000
endloop
endfacet
facet normal -0.130526 0.991445 0.000000
outer loop
vertex 13.4633 -18.3392 0.0000
vertex 12.9522 -18.4065 0.0000
vertex 12.9522 -18.4065 10.9114
endloop
endfacet
facet normal -0.130526 0.991445 0.000000
outer loop
vertex 13.4633 -18.3392 0.0000
vertex 12.9522 -18.4065 10.9114
vertex 13.4633 -18.3392 10.9114
endloop
endfacet
facet normal 0.000000 -0.000000 1.000000
outer loop
vertex 13.4633 -20.3136 10.9114
vertex 13.4633 -18.3392 10.9114
vertex 12.9522 -18.4065 10.9114
endloop
endfacet
facet normal 0.000000 0.000000 -1.000000
outer loop
vertex 13.4633 -20.3136 0.0000
vertex 12.9522 -18.4065 0.0000
vertex 13.4633 -18.3392 0.0000
endloop
endfacet
facet normal -0.382683 0.923880 0.000000
outer loop
vertex 12.9522 -18.4065 0.0000
vertex 12.4760 -18.6037 0.0000
vertex 12.4760 -18.6037 10.9114
endloop
endfacet
facet normal -0.382683 0.923880 0.000000
outer loop
vertex 12.9522 -18.4065 0.0000
vertex 12.4760 -18.6037 10.9114
vertex 12.9522 -18.4065 10.9114
endloop
endfacet
facet normal 0.000000 0.000000 1.000000
outer loop
vertex 13.4633 -20.3136 10.9114
vertex 12.9522 -18.4065 10.9114
vertex 12.4760 -18.6037 10.9114
endloop
endfacet
facet normal 0.000000 0.000000 -1.000000
outer loop
vertex 13.4633 -20.3136 0.0000
vertex 12.4760 -18.6037 0.0000
vertex 12.9522 -18.4065 0.0000
endloop
endfacet
facet normal -0.608761 0.793353 0.000000
outer loop
vertex 12.4760 -18.6037 0.0000
vertex 12.0671 -18.9175 0.0000
vertex 12.0671 -18.9175 10.9114
endloop
endfacet
facet normal -0.608761 0.793353 0.000000
outer loop
vertex 12.4760 -18.6037 0.0000
vertex 12.0671 -18.9175 10.9114
vertex 12.4760 -18.6037 10.9114
endloop
endfacet
facet normal 0.000000 0.000000 1.000000
outer loop
vertex 13.4633 -20.3136 10.9114
vertex 12.4760 -18.6037 10.9114
vertex 12.0671 -18.9175 10.9114
endloop
endfacet
facet normal 0.000000 0.000000 -1.000000
outer loop
vertex 13.4633 -20.3136 0.0000
vertex 12.0671 -18.9175 0.0000
vertex 12.4760 -18.6037 0.0000
endloop
endfacet
facet normal -0.793353 0.608761 0.000000
outer loop
vertex 12.0671 -18.9175 0.0000
vertex 11.7533 -19.3264 0.0000
vertex 11.7533 -19.3264 10.9114
endloop
endfacet
facet normal -0.793353 0.608761 0.000000
outer loop
vertex 12.0671 -18.9175 0.0000
vertex 11.7533 -19.3264 10.9114
vertex 12.0671 -18.9175 10.9114
endloop
endfacet
facet normal 0.000000 0.000000 1.000000
outer loop
vertex 13.4633 -20.3136 10.9114
vertex 12.0671 -18.9175 10.9114
vertex 11.7533 -19.3264 10.9114
endloop
endfacet
facet normal 0.000000 0.000000 -1.000000
outer loop
vertex 13.4633 -20.3136 0.0000
vertex 11.7533 -19.3264 0.0000
vertex 12.0671 -18.9175 0.0000
endloop
endfacet
facet normal -0.923880 0.382683 0.000000
outer loop
vertex 11.7533 -19.3264 0.0000
vertex 11.5561 -19.8026 0.0000
vertex 11.5561 -19.8026 10.9114
endloop
endfacet
facet normal -0.923880 0.382683 0.000000
outer loop
vertex 11.7533 -19.3264 0.0000
vertex 11.5561 -19.8026 10.9114
vertex 11.7533 -19.3264 10.9114
endloop
endfacet
facet normal 0.000000 0.000000 1.000000
outer loop
vertex 13.4633 -20.3136 10.9114
vertex 11.7533 -19.3264 10.9114
vertex 11.5561 -19.8026 10.9114
endloop
endfacet
facet normal 0.000000 0.000000 -1.000000
outer loop
vertex 13.4633 -20.3136 0.0000
vertex 11.5561 -19.8026 0.0000
vertex 11.7533 -19.3264 0.0000
endloop
endfacet
facet normal -0.991445 0.130526 0.000000
outer loop
vertex 11.5561 -19.8026 0.0000
vertex 11.4888 -20.3136 0.0000
vertex 11.4888 -20.3136 10.9114
endloop
endfacet
facet normal -0.991445 0.130526 0.000000
outer loop
vertex 11.5561 -19.8026 0.0000
vertex 11.4888 -20.3136 10.9114
vertex 11.5561 -19.8026 10.9114
endloop
endfacet
facet normal 0.000000 0.000000 1.000000
outer loop
vertex 13.4633 -20.3136 10.9114
vertex 11.5561 -19.8026 10.9114
vertex 11.4888 -20.3136 10.9114
endloop
endfacet
facet normal 0.000000 0.000000 -1.000000
outer loop
vertex 13.4633 -20.3136 0.0000
vertex 11.4888 -20.3136 0.0000
vertex 11.5561 -19.8026 0.0000
endloop
endfacet
facet normal -0.991445 -0.130526 0.000000
outer loop
vertex 11.4888 -20.3136 0.0000
vertex 11.5561 -20.8246 0.0000
vertex 11.5561 -20.8246 10.9114
endloop
endfacet
facet normal -0.991445 -0.130526 0.000000
outer loop
vertex 11.4888 -20.3136 0.0000
vertex 11.5561 -20.8246 10.9114
vertex 11.4888 -20.3136 10.9114
endloop
endfacet
facet normal 0.000000 0.000000 1.000000
outer loop
vertex 13.4633 -20.3136 10.9114
vertex 11.4888 -20.3136 10.9114
vertex 11.5561 -20.8246 10.9114
endloop
endfacet
facet normal -0.000000 0.000000 -1.000000
outer loop
vertex 13.4633 -20.3136 0.0000
vertex 11.5561 -20.8246 0.0000
vertex 11.4888 -20.3136 0.0000
endloop
endfacet
facet normal -0.923880 -0.382683 0.000000
outer loop
vertex 11.5561 -20.8246 0.0000
vertex 11.7533 -21.3008 0.0000
vertex 11.7533 -21.3008 10.9114
endloop
endfacet
facet normal -0.923880 -0.382683 0.000000
outer loop
vertex 11.5561 -20.8246 0.0000
vertex 11.7533 -21.3008 10.9114
vertex 11.5561 -20.8246 10.9114
endloop
endfacet
facet normal 0.000000 0.000000 1.000000
outer loop
vertex 13.4633 -20.3136 10.9114
vertex 11.5561 -20.8246 10.9114
vertex 11.7533 -21.3008 10.9114
endloop
endfacet
facet normal 0.000000 0.000000 -1.000000
outer loop
vertex 13.4633 -20.3136 0.0000
vertex 11.7533 -21.3008 0.0000
vertex 11.5561 -20.8246 0.0000
endloop
endfacet
facet normal -0.793353 -0.608761 0.000000
outer loop
vertex 11.7533 -21.3008 0.0000
vertex 12.0671 -21.7098 0.0000
vertex 12.0671 -21.7098 10.9114
endloop
endfacet
facet normal -0.793353 -0.608761 0.000000
outer loop
vertex 11.7533 -21.3008 0.0000
vertex 12.0671 -21.7098 10.9114
vertex 11.7533 -21.3008 10.9114
endloop
endfacet
facet normal 0.000000 0.000000 1.000000
outer loop
vertex 13.4633 -20.3136 10.9114
vertex 11.7533 -21.3008 10.9114
vertex 12.0671 -21.7098 10.9114
endloop
endfacet
facet normal 0.000000 0.000000 -1.000000
outer loop
vertex 13.4633 -20.3136 0.0000
vertex 12.0671 -21.7098 0.0000
vertex 11.7533 -21.3008 0.0000
endloop
endfacet
facet normal -0.608761 -0.793353 0.000000
outer loop
vertex 12.0671 -21.7098 0.0000
vertex 12.4760 -22.0235 0.0000
vertex 12.4760 -22.0235 10.9114
endloop
endfacet
facet normal -0.608761 -0.793353 0.000000
outer loop
vertex 12.0671 -21.7098 0.0000
vertex 12.4760 -22.0235 10.9114
vertex 12.0671 -21.7098 10.9114
endloop
endfacet
facet normal 0.000000 0.000000 1.000000
outer loop
vertex 13.4633 -20.3136 10.9114
vertex 12.0671 -21.7098 10.9114
vertex 12.4760 -22.0235 10.9114
endloop
endfacet
facet normal 0.000000 0.000000 -1.000000
outer loop
vertex 13.4633 -20.3136 0.0000
vertex 12.4760 -22.0235 0.0000
vertex 12.0671 -21.7098 0.0000
endloop
endfacet
facet normal -0.382683 -0.923880 0.000000
outer loop
vertex 12.4760 -22.0235 0.0000
vertex 12.9522 -22.2208 0.0000
vertex 12.9522 -22.2208 10.9114
endloop
endfacet
facet normal -0.382683 -0.923880 0.000000
outer loop
vertex 12.4760 -22.0235 0.0000
vertex 12.9522 -22.2208 10.9114
vertex 12.4760 -22.0235 10.9114
endloop
endfacet
facet normal 0.000000 0.000000 1.000000
outer loop
vertex 13.4633 -20.3136 10.9114
vertex 12.4760 -22.0235 10.9114
vertex 12.9522 -22.2208 10.9114
endloop
endfacet
facet normal 0.000000 0.000000 -1.000000
outer loop
vertex 13.4633 -20.3136 0.0000
vertex 12.9522 -22.2208 0.0000
vertex 12.4760 -22.0235 0.0000
endloop
endfacet
facet normal -0.130526 -0.991445 0.000000
outer loop
vertex 12.9522 -22.2208 0.0000
vertex 13.4633 -22.2881 0.0000
vertex 13.4633 -22.2881 10.9114
endloop
endfacet
facet normal -0.130526 -0.991445 0.000000
outer loop
vertex 12.9522 -22.2208 0.0000
vertex 13.4633 -22.2881 10.9114
vertex 12.9522 -22.2208 10.9114
endloop
endfacet
facet normal 0.000000 0.000000 1.000000
outer loop
vertex 13.4633 -20.3136 10.9114
vertex 12.9522 -22.2208 10.9114
vertex 13.4633 -22.2881 10.9114
endloop
endfacet
facet normal 0.000000 -0.000000 -1.000000
outer loop
vertex 13.4633 -20.3136 0.0000
vertex 13.4633 -22.2881 0.0000
vertex 12.9522 -22.2208 0.0000
endloop
endfacet
facet normal 0.130526 -0.991445 0.000000
outer loop
vertex 13.4633 -22.2881 0.0000
vertex 13.9743 -22.2208 0.0000
vertex 13.9743 -22.2208 10.9114
endloop
endfacet
facet normal 0.130526 -0.991445 0.000000
outer loop
vertex 13.4633 -22.2881 0.0000
vertex 13.9743 -22.2208 10.9114
vertex 13.4633 -22.2881 10.9114
endloop
endfacet
facet normal 0.000000 0.000000 1.000000
outer loop
vertex 13.4633 -20.3136 10.9114
vertex 13.4633 -22.2881 10.9114
vertex 13.9743 -22.2208 10.9114
endloop
endfacet
facet normal 0.000000 0.000000 -1.000000
outer loop
vertex 13.4633 -20.3136 0.0000
vertex 13.9743 -22.2208 0.0000
vertex 13.4633 -22.2881 0.0000
endloop
endfacet
facet normal 0.382683 -0.923880 0.000000
outer loop
vertex 13.9743 -22.2208 0.0000
vertex 14.4505 -22.0235 0.0000
vertex 14.4505 -22.0235 10.9114
endloop
endfacet
facet normal 0.382683 -0.923880 0.000000
outer loop
vertex 13.9743 -22.2208 0.0000
vertex 14.4505 -22.0235 10.9114
vertex 13.9743 -22.2208 10.9114
endloop
endfacet
facet normal 0.000000 0.000000 1.000000
outer loop
vertex 13.4633 -20.3136 10.9114
vertex 13.9743 -22.2208 10.9114
vertex 14.4505 -22.0235 10.9114
endloop
endfacet
facet normal 0.000000 0.000000 -1.000000
outer loop
vertex 13.4633 -20.3136 0.0000
vertex 14.4505 -22.0235 0.0000
vertex 13.9743 -22.2208 0.0000
endloop
endfacet
facet normal 0.608761 -0.793353 0.000000
outer loop
vertex 14.4505 -22.0235 0.0000
vertex 14.8594 -21.7098 0.0000
vertex 14.8594 -21.7098 10.9114
endloop
endfacet
facet normal 0.608761 -0.793353 0.000000
outer loop
vertex 14.4505 -22.0235 0.0000
vertex 14.8594 -21.7098 10.9114
vertex 14.4505 -22.0235 10.9114
endloop
endfacet
facet normal 0.000000 0.000000 1.000000
outer loop
vertex 13.4633 -20.3136 10.9114
vertex 14.4505 -22.0235 10.9114
vertex 14.8594 -21.7098 10.9114
endloop
endfacet
facet normal 0.000000 0.000000 -1.000000
outer loop
vertex 13.4633 -20.3136 0.0000
vertex 14.8594 -21.7098 0.0000
vertex 14.4505 -22.0235 0.0000
endloop
endfacet
facet normal 0.793353 -0.608761 0.000000
outer loop
vertex 14.8594 -21.7098 0.0000
vertex 15.1732 -21.3008 0.0000
vertex 15.1732 -21.3008 10.9114
endloop
endfacet
facet normal 0.793353 -0.608761 0.000000
outer loop
vertex 14.8594 -21.7098 0.0000
vertex 15.1732 -21.3008 10.9114
vertex 14.8594 -21.7098 10.9114
endloop
endfacet
facet normal 0.000000 0.000000 1.000000
outer loop
vertex 13.4633 -20.3136 10.9114
vertex 14.8594 -21.7098 10.9114
vertex 15.1732 -21.3008 10.9114
endloop
endfacet
facet normal 0.000000 0.000000 -1.000000
outer loop
vertex 13.4633 -20.3136 0.0000
vertex 15.1732 -21.3008 0.0000
vertex 14.8594 -21.7098 0.0000
endloop
endfacet
facet normal 0.923880 -0.382683 0.000000
outer loop
vertex 15.1732 -21.3008 0.0000
vertex 15.3704 -20.8246 0.0000
vertex 15.3704 -20.8246 10.9114
endloop
endfacet
facet normal 0.923880 -0.382683 0.000000
outer loop
vertex 15.1732 -21.3008 0.0000
vertex 15.3704 -20.8246 10.9114
vertex 15.1732 -21.3008 10.9114
endloop
endfacet
facet normal 0.000000 0.000000 1.000000
outer loop
vertex 13.4633 -20.3136 10.9114
vertex 15.1732 -21.3008 10.9114
vertex 15.3704 -20.8246 10.9114
endloop
endfacet
facet normal 0.000000 0.000000 -1.000000
outer loop
vertex 13.4633 -20.3136 0.0000
vertex 15.3704 -20.8246 0.0000
vertex 15.1732 -21.3008 0.0000
endloop
endfacet
facet normal 0.991445 -0.130526 0.000000
outer loop
vertex 15.3704 -20.8246 0.0000
vertex 15.4377 -20.3136 0.0000
vertex 15.4377 -20.3136 10.9114
endloop
endfacet
facet normal 0.991445 -0.130526 0.000000
outer loop
vertex 15.3704 -20.8246 0.0000
vertex 15.4377 -20.3136 10.9114
vertex 15.3704 -20.8246 10.9114
endloop
endfacet
facet normal -0.000000 0.000000 1.000000
outer loop
vertex 13.4633 -20.3136 10.9114
vertex 15.3704 -20.8246 10.9114
vertex 15.4377 -20.3136 10.9114
endloop
endfacet
facet normal 0.000000 0.000000 -1.000000
outer loop
vertex 13.4633 -20.3136 0.0000
vertex 15.4377 -20.3136 0.0000
vertex 15.3704 -20.8246 0.0000
endloop
endfacet
facet normal 0.991445 0.130526 0.000000
outer loop
vertex 8.2073 34.8847 0.0000
vertex 8.1222 35.5310 0.0000
vertex 8.1222 35.5310 13.0142
endloop
endfacet
facet normal 0.991445 0.130526 -0.000000
outer loop
vertex 8.2073 34.8847 0.0000
vertex 8.1222 35.5310 13.0142
vertex 8.2073 34.8847 13.0142
endloop
endfacet
facet normal 0.000000 0.000000 1.000000
outer loop
vertex 5.7099 34.8847 13.0142
vertex 8.2073 34.8847 13.0142
vertex 8.1222 35.5310 13.0142
endloop
endfacet
facet normal 0.000000 0.000000 -1.000000
outer loop
vertex 5.7099 34.8847 0.0000
vertex 8.1222 35.5310 0.0000
vertex 8.2073 34.8847 0.0000
endloop
endfacet
facet normal 0.923880 0.382683 0.000000
outer loop
vertex 8.1222 35.5310 0.0000
vertex 7.8727 36.1334 0.0000
vertex 7.8727 36.1334 13.0142
endloop
endfacet
facet normal 0.923880 0.382683 -0.000000
outer loop
vertex 8.1222 35.5310 0.0000
vertex 7.8727 36.1334 13.0142
vertex 8.1222 35.5310 13.0142
endloop
endfacet
facet normal 0.000000 0.000000 1.000000
outer loop
vertex 5.7099 34.8847 13.0142
vertex 8.1222 35.5310 13.0142
vertex 7.8727 36.1334 13.0142
endloop
endfacet
facet normal 0.000000 0.000000 -1.000000
outer loop
vertex 5.7099 34.8847 0.0000
vertex 7.8727 36.1334 0.0000
vertex 8.1222 35.5310 0.0000
endloop
endfacet
facet normal 0.793353 0.608761 0.000000
outer loop
vertex 7.8727 36.1334 0.0000
vertex 7.4759 36.6506 0.0000
vertex 7.4759 36.6506 13.0142
endloop
endfacet
facet normal 0.793353 0.608761 -0.000000
outer loop
vertex 7.8727 36.1334 0.0000
vertex 7.4759 36.6506 13.0142
vertex 7.8727 36.1334 13.0142
endloop
endfacet
facet normal 0.000000 0.000000 1.000000
outer loop
vertex 5.7099 34.8847 13.0142
vertex 7.8727 36.1334 13.0142
vertex 7.4759 36.6506 13.0142
endloop
endfacet
facet normal 0.000000 0.000000 -1.000000
outer loop
vertex 5.7099 34.8847 0.0000
vertex 7.4759 36.6506 0.0000
vertex 7.8727 36.1334 0.0000
endloop
endfacet
facet normal 0.608761 0.793353 0.000000
outer loop
vertex 7.4759 36.6506 0.0000
vertex 6.9586 37.0475 0.0000
vertex 6.9586 37.0475 13.0142
endloop
endfacet
facet normal 0.608761 0.793353 -0.000000
outer loop
vertex 7.4759 36.6506 0.0000
vertex 6.9586 37.0475 13.0142
vertex 7.4759 36.6506 13.0142
endloop
endfacet
facet normal 0.000000 0.000000 1.000000
outer loop
vertex 5.7099 34.8847 13.0142
vertex 7.4759 36.6506 13.0142
vertex 6.9586 37.0475 13.0142
endloop
endfacet
facet normal 0.000000 0.000000 -1.000000
outer loop
vertex 5.7099 34.8847 0.0000
vertex 6.9586 37.0475 0.0000
vertex 7.4759 36.6506 0.0000
endloop
endfacet
facet normal 0.382683 0.923880 0.000000
outer loop
vertex 6.9586 37.0475 0.0000
vertex 6.3563 37.2970 0.0000
vertex 6.3563 37.2970 13.0142
endloop
endfacet
facet normal 0.382683 0.923880 -0.000000
outer loop
vertex 6.9586 37.0475 0.0000
vertex 6.3563 37.2970 13.0142
vertex 6.9586 37.0475 13.0142
endloop
endfacet
facet normal 0.000000 0.000000 1.000000
outer loop
vertex 5.7099 34.8847 13.0142
vertex 6.9586 37.0475 13.0142
vertex 6.3563 37.2970 13.0142
endloop
endfacet
facet normal 0.000000 0.000000 -1.000000
outer loop
vertex 5.7099 34.8847 0.0000
vertex 6.3563 37.2970 0.0000
vertex 6.9586 37.0475 0.0000
endloop
endfacet
facet normal 0.130526 0.991445 0.000000
outer loop
vertex 6.3563 37.2970 0.0000
vertex 5.7099 37.3821 0.0000
vertex 5.7099 37.3821 13.0142
endloop
endfacet
facet normal 0.130526 0.991445 -0.000000
outer loop
vertex 6.3563 37.2970 0.0000
vertex 5.7099 37.3821 13.0142
vertex 6.3563 37.2970 13.0142
endloop
endfacet
facet normal 0.000000 0.000000 1.000000
outer loop
vertex 5.7099 34.8847 13.0142
vertex 6.3563 37.2970 13.0142
vertex 5.7099 37.3821 13.0142
endloop
endfacet
facet normal 0.000000 0.000000 -1.000000
outer loop
vertex 5.7099 34.8847 0.0000
vertex 5.7099 37.3821 0.0000
vertex 6.3563 37.2970 0.0000
endloop
endfacet
facet normal -0.130526 0.991445 0.000000
outer loop
vertex 5.7099 37.3821 0.0000
vertex 5.0635 37.2970 0.0000
vertex 5.0635 37.2970 13.0142
endloop
endfacet
facet normal -0.130526 0.991445 0.000000
outer loop
vertex 5.7099 37.3821 0.0000
vertex 5.0635 37.2970 13.0142
vertex 5.7099 37.3821 13.0142
endloop
endfacet
facet normal 0.000000 -0.000000 1.000000
outer loop
vertex 5.7099 34.8847 13.0142
vertex 5.7099 37.3821 13.0142
vertex 5.0635 37.2970 13.0142
endloop
endfacet
facet normal 0.000000 0.000000 -1.000000
outer loop
vertex 5.7099 34.8847 0.0000
vertex 5.0635 37.2970 0.0000
vertex 5.7099 37.3821 0.0000
endloop
endfacet
facet normal -0.382683 0.923880 0.000000
outer loop
vertex 5.0635 37.2970 0.0000
vertex 4.4612 37.0475 0.0000
vertex 4.4612 37.0475 13.0142
endloop
endfacet
facet normal -0.382683 0.923880 0.000000
outer loop
vertex 5.0635 37.2970 0.0000
vertex 4.4612 37.0475 13.0142
vertex 5.0635 37.2970 13.0142
endloop
endfacet
facet normal 0.000000 0.000000 1.000000
outer loop
vertex 5.7099 34.8847 13.0142
vertex 5.0635 37.2970 13.0142
vertex 4.4612 37.0475 13.0142
endloop
endfacet
facet normal 0.000000 0.000000 -1.000000
outer loop
vertex 5.7099 34.8847 0.0000
vertex 4.4612 37.0475 0.0000
vertex 5.0635 37.2970 0.0000
endloop
endfacet
facet normal -0.608761 0.793353 0.000000
outer loop
vertex 4.4612 37.0475 0.0000
vertex 3.9440 36.6506 0.0000
vertex 3.9440 36.6506 13.0142
endloop
endfacet
facet normal -0.608761 0.793353 0.000000
outer loop
vertex 4.4612 37.0475 0.0000
vertex 3.9440 36.6506 13.0142
vertex 4.4612 37.0475 13.0142
endloop
endfacet
facet normal 0.000000 0.000000 1.000000
outer loop
vertex 5.7099 34.8847 13.0142
vertex 4.4612 37.0475 13.0142
vertex 3.9440 36.6506 13.0142
endloop
endfacet
facet normal 0.000000 0.000000 -1.000000
outer loop
vertex 5.7099 34.8847 0.0000
vertex 3.9440 36.6506 0.0000
vertex 4.4612 37.0475 0.0000
endloop
endfacet
facet normal -0.793353 0.608761 0.000000
outer loop
vertex 3.9440 36.6506 0.0000
vertex 3.5471 36.1334 0.0000
vertex 3.5471 36.1334 13.0142
endloop
endfacet
facet normal -0.793353 0.608761 0.000000
outer loop
vertex 3.9440 36.6506 0.0000
vertex 3.5471 36.1334 13.0142
vertex 3.9440 36.6506 13.0142
endloop
endfacet
facet normal 0.000000 0.000000 1.000000
outer loop
vertex 5.7099 34.8847 13.0142
vertex 3.9440 36.6506 13.0142
vertex 3.5471 36.1334 13.0142
endloop
endfacet
facet normal 0.000000 0.000000 -1.000000
outer loop
vertex 5.7099 34.8847 0.0000
vertex 3.5471 36.1334 0.0000
vertex 3.9440 36.6506 0.0000
endloop
endfacet
facet normal -0.923880 0.382683 0.000000
outer loop
vertex 3.5471 36.1334 0.0000
vertex 3.2976 35.5310 0.0000
vertex 3.2976 35.5310 13.0142
endloop
endfacet
facet normal -0.923880 0.382683 0.000000
outer loop
vertex 3.5471 36.1334 0.0000
vertex 3.2976 35.5310 13.0142
vertex 3.5471 36.1334 13.0142
endloop
endfacet
facet normal 0.000000 0.000000 1.000000
outer loop
vertex 5.7099 34.8847 13.0142
vertex 3.5471 36.1334 13.0142
vertex 3.2976 35.5310 13.0142
endloop
endfacet
facet normal 0.000000 0.000000 -1.000000
outer loop
vertex 5.7099 34.8847 0.0000
vertex 3.2976 35.5310 0.0000
vertex 3.5471 36.1334 0.0000
endloop
endfacet
facet normal -0.991445 0.130526 0.000000
outer loop
vertex 3.2976 35.5310 0.0000
vertex 3.2125 34.8847 0.0000
vertex 3.2125 34.8847 13.0142
endloop
endfacet
facet normal -0.991445 0.130526 0.000000
outer loop
vertex 3.2976 35.5310 0.0000
vertex 3.2125 34.8847 13.0142
vertex 3.2976 35.5310 13.0142
endloop
endfacet
facet normal 0.000000 0.000000 1.000000
outer loop
vertex 5.7099 34.8847 13.0142
vertex 3.2976 35.5310 13.0142
vertex 3.2125 34.8847 13.0142
endloop
endfacet
facet normal 0.000000 0.000000 -1.000000
outer loop
vertex 5.7099 34.8847 0.0000
vertex 3.2125 34.8847 0.0000
vertex 3.2976 35.5310 0.0000
endloop
endfacet
facet normal -0.991445 -0.130526 0.000000
outer loop
vertex 3.2125 34.8847 0.0000
vertex 3.2976 34.2383 0.0000
vertex 3.2976 34.2383 13.0142
endloop
endfacet
facet normal -0.991445 -0.130526 0.000000
outer loop
vertex 3.2125 34.8847 0.0000
vertex 3.2976 34.2383 13.0142
vertex 3.2125 34.8847 13.0142
endloop
endfacet
facet normal 0.000000 0.000000 1.000000
outer loop
vertex 5.7099 34.8847 13.0142
vertex 3.2125 34.8847 13.0142
vertex 3.2976 34.2383 13.0142
endloop
endfacet
facet normal -0.000000 0.000000 -1.000000
outer loop
vertex 5.7099 34.8847 0.0000
vertex 3.2976 34.2383 0.0000
vertex 3.2125 34.8847 0.0000
endloop
endfacet
facet normal -0.923880 -0.382683 0.000000
outer loop
vertex 3.2976 34.2383 0.0000
vertex 3.5471 33.6359 0.0000
vertex 3.5471 33.6359 13.0142
endloop
endfacet
facet normal -0.923880 -0.382683 0.000000
outer loop
vertex 3.2976 34.2383 0.0000
vertex 3.5471 33.6359 13.0142
vertex 3.2976 34.2383 13.0142
endloop
endfacet
facet normal 0.000000 0.000000 1.000000
outer loop
vertex 5.7099 34.8847 13.0142
vertex 3.2976 34.2383 13.0142
vertex 3.5471 33.6359 13.0142
endloop
endfacet
facet normal 0.000000 0.000000 -1.000000
outer loop
vertex 5.7099 34.8847 0.0000
vertex 3.5471 33.6359 0.0000
vertex 3.2976 34.2383 0.0000
endloop
endfacet
facet normal -0.793353 -0.608761 0.000000
outer loop
vertex 3.5471 33.6359 0.0000
vertex 3.9440 33.1187 0.0000
vertex 3.9440 33.1187 13.0142
endloop
endfacet
facet normal -0.793353 -0.608761 0.000000
outer loop
vertex 3.5471 33.6359 0.0000
vertex 3.9440 33.1187 13.0142
vertex 3.5471 33.6359 13.0142
endloop
endfacet
facet normal 0.000000 0.000000 1.000000
outer loop
vertex 5.7099 34.8847 13.0142
vertex 3.5471 33.6359 13.0142
vertex 3.9440 33.1187 13.0142
endloop
endfacet
facet normal 0.000000 0.000000 -1.000000
outer loop
vertex 5.7099 34.8847 0.0000
vertex 3.9440 33.1187 0.0000
vertex 3.5471 33.6359 0.0000
endloop
endfacet
facet normal -0.608761 -0.793353 0.000000
outer loop
vertex 3.9440 33.1187 0.0000
vertex 4.4612 32.7218 0.0000
vertex 4.4612 32.7218 13.0142
endloop
endfacet
facet normal -0.608761 -0.793353 0.000000
outer loop
vertex 3.9440 33.1187 0.0000
vertex 4.4612 32.7218 13.0142
vertex 3.9440 33.1187 13.0142
endloop
endfacet
facet normal 0.000000 0.000000 1.000000
outer loop
vertex 5.7099 34.8847 13.0142
vertex 3.9440 33.1187 13.0142
vertex 4.4612 32.7218 13.0142
endloop
endfacet
facet normal 0.000000 0.000000 -1.000000
outer loop
vertex 5.7099 34.8847 0.0000
vertex 4.4612 32.7218 0.0000
vertex 3.9440 33.1187 0.0000
endloop
endfacet
facet normal -0.382683 -0.923880 0.000000
outer loop
vertex 4.4612 32.7218 0.0000
vertex 5.0635 32.4723 0.0000
vertex 5.0635 32.4723 13.0142
endloop
endfacet
facet normal -0.382683 -0.923880 0.000000
outer loop
vertex 4.4612 32.7218 0.0000
vertex 5.0635 32.4723 13.0142
vertex 4.4612 32.7218 13.0142
endloop
endfacet
facet normal 0.000000 0.000000 1.000000
outer loop
vertex 5.7099 34.8847 13.0142
vertex 4.4612 32.7218 13.0142
vertex 5.0635 32.4723 13.0142
endloop
endfacet
facet normal 0.000000 0.000000 -1.000000
outer loop
vertex 5.7099 34.8847 0.0000
vertex 5.0635 32.4723 0.0000
vertex 4.4612 32.7218 0.0000
endloop
endfacet
facet normal -0.130526 -0.991445 0.000000
outer loop
vertex 5.0635 32.4723 0.0000
vertex 5.7099 32.3872 0.0000
vertex 5.7099 32.3872 13.0142
endloop
endfacet
facet normal -0.130526 -0.991445 0.000000
outer loop
vertex 5.0635 32.4723 0.0000
vertex 5.7099 32.3872 13.0142
vertex 5.0635 32.4723 13.0142
endloop
endfacet
facet normal 0.000000 0.000000 1.000000
outer loop
vertex 5.7099 34.8847 13.0142
vertex 5.0635 32.4723 13.0142
vertex 5.7099 32.3872 13.0142
endloop
endfacet
facet normal 0.000000 0.000000 -1.000000
outer loop
vertex 5.7099 34.8847 0.0000
vertex 5.7099 32.3872 0.0000
vertex 5.0635 32.4723 0.0000
endloop
endfacet
facet normal 0.130526 -0.991445 0.000000
outer loop
vertex 5.7099 32.3872 0.0000
vertex 6.3563 32.4723 0.0000
vertex 6.3563 32.4723 13.0142
endloop
endfacet
facet normal 0.130526 -0.991445 0.000000
outer loop
vertex 5.7099 32.3872 0.0000
vertex 6.3563 32.4723 13.0142
vertex 5.7099 32.3872 13.0142
endloop
endfacet
facet normal 0.000000 0.000000 1.000000
outer loop
vertex 5.7099 34.8847 13.0142
vertex 5.7099 32.3872 13.0142
vertex 6.3563 32.4723 13.0142
endloop
endfacet
facet normal 0.000000 -0.000000 -1.000000
outer loop
vertex 5.7099 34.8847 0.0000
vertex 6.3563 32.4723 0.0000
vertex 5.7099 32.3872 0.0000
endloop
endfacet
facet normal 0.382683 -0.923880 0.000000
outer loop
vertex 6.3563 32.4723 0.0000
vertex 6.9586 32.7218 0.0000
vertex 6.9586 32.7218 13.0142
endloop
endfacet
facet normal 0.382683 -0.923880 0.000000
outer loop
vertex 6.3563 32.4723 0.0000
vertex 6.9586 32.7218 13.0142
vertex 6.3563 32.4723 13.0142
endloop
endfacet
facet normal 0.000000 0.000000 1.000000
outer loop
vertex 5.7099 34.8847 13.0142
vertex 6.3563 32.4723 13.0142
vertex 6.9586 32.7218 13.0142
endloop
endfacet
facet normal 0.000000 0.000000 -1.000000
outer loop
vertex 5.7099 34.8847 0.0000
vertex 6.9586 32.7218 0.0000
vertex 6.3563 32.4723 0.0000
endloop
endfacet
facet normal 0.608761 -0.793353 0.000000
outer loop
vertex 6.9586 32.7218 0.0000
vertex 7.4759 33.1187 0.0000
vertex 7.4759 33.1187 13.0142
endloop
endfacet
facet normal 0.608761 -0.793353 0.000000
outer loop
vertex 6.9586 32.7218 0.0000
vertex 7.4759 33.1187 13.0142
vertex 6.9586 32.7218 13.0142
endloop
endfacet
facet normal 0.000000 0.000000 1.000000
outer loop
vertex 5.7099 34.8847 13.0142
vertex 6.9586 32.7218 13.0142
vertex 7.4759 33.1187 13.0142
endloop
endfacet
facet normal 0.000000 0.000000 -1.000000
outer loop
vertex 5.7099 34.8847 0.0000
vertex 7.4759 33.1187 0.0000
vertex 6.9586 32.7218 0.0000
endloop
endfacet
facet normal 0.793353 -0.608761 0.000000
outer loop
vertex 7.4759 33.1187 0.0000
vertex 7.8727 33.6359 0.0000
vertex 7.8727 33.6359 13.0142
endloop
endfacet
facet normal 0.793353 -0.608761 0.000000
outer loop
vertex 7.4759 33.1187 0.0000
vertex 7.8727 33.6359 13.0142
vertex 7.4759 33.1187 13.0142
endloop
endfacet
facet normal 0.000000 0.000000 1.000000
outer loop
vertex 5.7099 34.8847 13.0142
vertex 7.4759 33.1187 13.0142
vertex 7.8727 33.6359 13.0142
endloop
endfacet
facet normal 0.000000 0.000000 -1.000000
outer loop
vertex 5.7099 34.8847 0.0000
vertex 7.8727 33.6359 0.0000
vertex 7.4759 33.1187 0.0000
endloop
endfacet
facet normal 0.923880 -0.382683 0.000000
outer loop
vertex 7.8727 33.6359 0.0000
vertex 8.1222 34.2383 0.0000
vertex 8.1222 34.2383 13.0142
endloop
endfacet
facet normal 0.923880 -0.382683 0.000000
outer loop
vertex 7.8727 33.6359 0.0000
vertex 8.1222 34.2383 13.0142
vertex 7.8727 33.6359 13.0142
endloop
endfacet
facet normal 0.000000 0.000000 1.000000
outer loop
vertex 5.7099 34.8847 13.0142
vertex 7.8727 33.6359 13.0142
vertex 8.1222 34.2383 13.0142
endloop
endfacet
facet normal 0.000000 0.000000 -1.000000
outer loop
vertex 5.7099 34.8847 0.0000
vertex 8.1222 34.2383 0.0000
vertex 7.8727 33.6359 0.0000
endloop
endfacet
facet normal 0.991445 -0.130526 0.000000
outer loop
vertex 8.1222 34.2383 0.0000
vertex 8.2073 34.8847 0.0000
vertex 8.2073 34.8847 13.0142
endloop
endfacet
facet normal 0.991445 -0.130526 0.000000
outer loop
vertex 8.1222 34.2383 0.0000
vertex 8.2073 34.8847 13.0142
vertex 8.1222 34.2383 13.0142
endloop
endfacet
facet normal -0.000000 0.000000 1.000000
outer loop
vertex 5.7099 34.8847 13.0142
vertex 8.1222 34.2383 13.0142
vertex 8.2073 34.8847 13.0142
endloop
endfacet
facet normal 0.000000 0.000000 -1.000000
outer loop
vertex 5.7099 34.8847 0.0000
vertex 8.2073 34.8847 0.0000
vertex 8.1222 34.2383 0.0000
endloop
endfacet
facet normal 0.991445 0.130526 0.000000
outer loop
vertex -7.7674 6.3057 0.0000
vertex -7.8317 6.7935 0.0000
vertex -7.8317 6.7935 15.0581
endloop
endfacet
facet normal 0.991445 0.130526 -0.000000
outer loop
vertex -7.7674 6.3057 0.0000
vertex -7.8317 6.7935 15.0581
vertex -7.7674 6.3057 15.0581
endloop
endfacet
facet normal 0.000000 0.000000 1.000000
outer loop
vertex -9.6522 6.3057 15.0581
vertex -7.7674 6.3057 15.0581
vertex -7.8317 6.7935 15.0581
endloop
endfacet
facet normal 0.000000 0.000000 -1.000000
outer loop
vertex -9.6522 6.3057 0.0000
vertex -7.8317 6.7935 0.0000
vertex -7.7674 6.3057 0.0000
endloop
endfacet
facet normal 0.923880 0.382683 0.000000
outer loop
vertex -7.8317 6.7935 0.0000
vertex -8.0200 7.2481 0.0000
vertex -8.0200 7.2481 15.0581
endloop
endfacet
facet normal 0.923880 0.382683 -0.000000
outer loop
vertex -7.8317 6.7935 0.0000
vertex -8.0200 7.2481 15.0581
vertex -7.8317 6.7935 15.0581
endloop
endfacet
facet normal 0.000000 0.000000 1.000000
outer loop
vertex -9.6522 6.3057 15.0581
vertex -7.8317 6.7935 15.0581
vertex -8.0200 7.2481 15.0581
endloop
endfacet
facet normal 0.000000 0.000000 -1.000000
outer loop
vertex -9.6522 6.3057 0.0000
vertex -8.0200 7.2481 0.0000
vertex -7.8317 6.7935 0.0000
endloop
endfacet
facet normal 0.793353 0.608761 0.000000
outer loop
vertex -8.0200 7.2481 0.0000
vertex -8.3195 7.6384 0.0000
vertex -8.3195 7.6384 15.0581
endloop
endfacet
facet normal 0.793353 0.608761 -0.000000
outer loop
vertex -8.0200 7.2481 0.0000
vertex -8.3195 7.6384 15.0581
vertex -8.0200 7.2481 15.0581
endloop
endfacet
facet normal 0.000000 0.000000 1.000000
outer loop
vertex -9.6522 6.3057 15.0581
vertex -8.0200 7.2481 15.0581
vertex -8.3195 7.6384 15.0581
endloop
endfacet
facet normal 0.000000 0.000000 -1.000000
outer loop
vertex -9.6522 6.3057 0.0000
vertex -8.3195 7.6384 0.0000
vertex -8.0200 7.2481 0.0000
endloop
endfacet
facet normal 0.608761 0.793353 0.000000
outer loop
vertex -8.3195 7.6384 0.0000
vertex -8.7098 7.9379 0.0000
vertex -8.7098 7.9379 15.0581
endloop
endfacet
facet normal 0.608761 0.793353 -0.000000
outer loop
vertex -8.3195 7.6384 0.0000
vertex -8.7098 7.9379 15.0581
vertex -8.3195 7.6384 15.0581
endloop
endfacet
facet normal 0.000000 0.000000 1.000000
outer loop
vertex -9.6522 6.3057 15.0581
vertex -8.3195 7.6384 15.0581
vertex -8.7098 7.9379 15.0581
endloop
endfacet
facet normal 0.000000 0.000000 -1.000000
outer loop
vertex -9.6522 6.3057 0.0000
vertex -8.7098 7.9379 0.0000
vertex -8.3195 7.6384 0.0000
endloop
endfacet
facet normal 0.382683 0.923880 0.000000
outer loop
vertex -8.7098 7.9379 0.0000
vertex -9.1644 8.1262 0.0000
vertex -9.1644 8.1262 15.0581
endloop
endfacet
facet normal 0.382683 0.923880 -0.000000
outer loop
vertex -8.7098 7.9379 0.0000
vertex -9.1644 8.1262 15.0581
vertex -8.7098 7.9379 15.0581
endloop
endfacet
facet normal 0.000000 0.000000 1.000000
outer loop
vertex -9.6522 6.3057 15.0581
vertex -8.7098 7.9379 15.0581
vertex -9.1644 8.1262 15.0581
endloop
endfacet
facet normal 0.000000 0.000000 -1.000000
outer loop
vertex -9.6522 6.3057 0.0000
vertex -9.1644 8.1262 0.0000
vertex -8.7098 7.9379 0.0000
endloop
endfacet
facet normal 0.130526 0.991445 0.000000
outer loop
vertex -9.1644 8.1262 0.0000
vertex -9.6522 8.1904 0.0000
vertex -9.6522 8.1904 15.0581
endloop
endfacet
facet normal 0.130526 0.991445 -0.000000
outer loop
vertex -9.1644 8.1262 0.0000
vertex -9.6522 8.1904 15.0581
vertex -9.1644 8.1262 15.0581
endloop
endfacet
facet normal 0.000000 0.000000 1.000000
outer loop
vertex -9.6522 6.3057 15.0581
vertex -9.1644 8.1262 15.0581
vertex -9.6522 8.1904 15.0581
endloop
endfacet
facet normal 0.000000 0.000000 -1.000000
outer loop
vertex -9.6522 6.3057 0.0000
vertex -9.6522 8.1904 0.0000
vertex -9.1644 8.1262 0.0000
endloop
endfacet
facet normal -0.130526 0.991445 0.000000
outer loop
vertex -9.6522 8.1904 0.0000
vertex -10.1400 8.1262 0.0000
vertex -10.1400 8.1262 15.0581
endloop
endfacet
facet normal -0.130526 0.991445 0.000000
outer loop
vertex -9.6522 8.1904 0.0000
vertex -10.1400 8.1262 15.0581
vertex -9.6522 8.1904 15.0581
endloop
endfacet
facet normal 0.000000 -0.000000 1.000000
outer loop
vertex -9.6522 6.3057 15.0581
vertex -9.6522 8.1904 15.0581
vertex -10.1400 8.1262 15.0581
endloop
endfacet
facet normal 0.000000 0.000000 -1.000000
outer loop
vertex -9.6522 6.3057 0.0000
vertex -10.1400 8.1262 0.0000
vertex -9.6522 8.1904 0.0000
endloop
endfacet
facet normal -0.382683 0.923880 0.000000
outer loop
vertex -10.1400 8.1262 0.0000
vertex -10.5945 7.9379 0.0000
vertex -10.5945 7.9379 15.0581
endloop
endfacet
facet normal -0.382683 0.923880 0.000000
outer loop
vertex -10.1400 8.1262 0.0000
vertex -10.5945 7.9379 15.0581
vertex -10.1400 8.1262 15.0581
endloop
endfacet
facet normal 0.000000 0.000000 1.000000
outer loop
vertex -9.6522 6.3057 15.0581
vertex -10.1400 8.1262 15.0581
vertex -10.5945 7.9379 15.0581
endloop
endfacet
facet normal 0.000000 0.000000 -1.000000
outer loop
vertex -9.6522 6.3057 0.0000
vertex -10.5945 7.9379 0.0000
vertex -10.1400 8.1262 0.0000
endloop
endfacet
facet normal -0.608761 0.793353 0.000000
outer loop
vertex -10.5945 7.9379 0.0000
vertex -10.9849 7.6384 0.0000
vertex -10.9849 7.6384 15.0581
endloop
endfacet
facet normal -0.608761 0.793353 0.000000
outer loop
vertex -10.5945 7.9379 0.0000
vertex -10.9849 7.6384 15.0581
vertex -10.5945 7.9379 15.0581
endloop
endfacet
facet normal 0.000000 0.000000 1.000000
outer loop
vertex -9.6522 6.3057 15.0581
vertex -10.5945 7.9379 15.0581
vertex -10.9849 7.6384 15.0581
endloop
endfacet
facet normal 0.000000 0.000000 -1.000000
outer loop
vertex -9.6522 6.3057 0.0000
vertex -10.9849 7.6384 0.0000
vertex -10.5945 7.9379 0.0000
endloop
endfacet
facet normal -0.793353 0.608761 0.000000
outer loop
vertex -10.9849 7.6384 0.0000
vertex -11.2844 7.2481 0.0000
vertex -11.2844 7.2481 15.0581
endloop
endfacet
facet normal -0.793353 0.608761 0.000000
outer loop
vertex -10.9849 7.6384 0.0000
vertex -11.2844 7.2481 15.0581
vertex -10.9849 7.6384 15.0581
endloop
endfacet
facet normal 0.000000 0.000000 1.000000
outer loop
vertex -9.6522 6.3057 15.0581
vertex -10.9849 7.6384 15.0581
vertex -11.2844 7.2481 15.0581
endloop
endfacet
facet normal 0.000000 0.000000 -1.000000
outer loop
vertex -9.6522 6.3057 0.0000
vertex -11.2844 7.2481 0.0000
vertex -10.9849 7.6384 0.0000
endloop
endfacet
facet normal -0.923880 0.382683 0.000000
outer loop
vertex -11.2844 7.2481 0.0000
vertex -11.4727 6.7935 0.0000
vertex -11.4727 6.7935 15.0581
endloop
endfacet
facet normal -0.923880 0.382683 0.000000
outer loop
vertex -11.2844 7.2481 0.0000
vertex -11.4727 6.7935 15.0581
vertex -11.2844 7.2481 15.0581
endloop
endfacet
facet normal 0.000000 0.000000 1.000000
outer loop
vertex -9.6522 6.3057 15.0581
vertex -11.2844 7.2481 15.0581
vertex -11.4727 6.7935 15.0581
endloop
endfacet
facet normal 0.000000 0.000000 -1.000000
outer loop
vertex -9.6522 6.3057 0.0000
vertex -11.4727 6.7935 0.0000
vertex -11.2844 7.2481 0.0000
endloop
endfacet
facet normal -0.991445 0.130526 0.000000
outer loop
vertex -11.4727 6.7935 0.0000
vertex -11.5369 6.3057 0.0000
vertex -11.5369 6.3057 15.0581
endloop
endfacet
facet normal -0.991445 0.130526 0.000000
outer loop
vertex -11.4727 6.7935 0.0000
vertex -11.5369 6.3057 15.0581
vertex -11.4727 6.7935 15.0581
endloop
endfacet
facet normal 0.000000 0.000000 1.000000
outer loop
vertex -9.6522 6.3057 15.0581
vertex -11.4727 6.7935 15.0581
vertex -11.5369 6.3057 15.0581
endloop
endfacet
facet normal 0.000000 0.000000 -1.000000
outer loop
vertex -9.6522 6.3057 0.0000
vertex -11.5369 6.3057 0.0000
vertex -11.4727 6.7935 0.0000
endloop
endfacet
facet normal -0.991445 -0.130526 0.000000
outer loop
vertex -11.5369 6.3057 0.0000
vertex -11.4727 5.8179 0.0000
vertex -11.4727 5.8179 15.0581
endloop
endfacet
facet normal -0.991445 -0.130526 0.000000
outer loop
vertex -11.5369 6.3057 0.0000
vertex -11.4727 5.8179 15.0581
vertex -11.5369 6.3057 15.0581
endloop
endfacet
facet normal 0.000000 0.000000 1.000000
outer loop
vertex -9.6522 6.3057 15.0581
vertex -11.5369 6.3057 15.0581
vertex -11.4727 5.8179 15.0581
endloop
endfacet
facet normal -0.000000 0.000000 -1.000000
outer loop
vertex -9.6522 6.3057 0.0000
vertex -11.4727 5.8179 0.0000
vertex -11.5369 6.3057 0.0000
endloop
endfacet
facet normal -0.923880 -0.382683 0.000000
outer loop
vertex -11.4727 5.8179 0.0000
vertex -11.2844 5.3633 0.0000
vertex -11.2844 5.3633 15.0581
endloop
endfacet
facet normal -0.923880 -0.382683 0.000000
outer loop
vertex -11.4727 5.8179 0.0000
vertex -11.2844 5.3633 15.0581
vertex -11.4727 5.8179 15.0581
endloop
endfacet
facet normal 0.000000 0.000000 1.000000
outer loop
vertex -9.6522 6.3057 15.0581
vertex -11.4727 5.8179 15.0581
vertex -11.2844 5.3633 15.0581
endloop
endfacet
facet normal 0.000000 0.000000 -1.000000
outer loop
vertex -9.6522 6.3057 0.0000
vertex -11.2844 5.3633 0.0000
vertex -11.4727 5.8179 0.0000
endloop
endfacet
facet normal -0.793353 -0.608761 0.000000
outer loop
vertex -11.2844 5.3633 0.0000
vertex -10.9849 4.9730 0.0000
vertex -10.9849 4.9730 15.0581
endloop
endfacet
facet normal -0.793353 -0.608761 0.000000
outer loop
vertex -11.2844 5.3633 0.0000
vertex -10.9849 4.9730 15.0581
vertex -11.2844 5.3633 15.0581
endloop
endfacet
facet normal 0.000000 0.000000 1.000000
outer loop
vertex -9.6522 6.3057 15.0581
vertex -11.2844 5.3633 15.0581
vertex -10.9849 4.9730 15.0581
endloop
endfacet
facet normal 0.000000 0.000000 -1.000000
outer loop
vertex -9.6522 6.3057 0.0000
vertex -10.9849 4.9730 0.0000
vertex -11.2844 5.3633 0.0000
endloop
endfacet
facet normal -0.608761 -0.793353 0.000000
outer loop
vertex -10.9849 4.9730 0.0000
vertex -10.5945 4.6735 0.0000
vertex -10.5945 4.6735 15.0581
endloop
endfacet
facet normal -0.608761 -0.793353 0.000000
outer loop
vertex -10.9849 4.9730 0.0000
vertex -10.5945 4.6735 15.0581
vertex -10.9849 4.9730 15.0581
endloop
endfacet
facet normal 0.000000 0.000000 1.000000
outer loop
vertex -9.6522 6.3057 15.0581
vertex -10.9849 4.9730 15.0581
vertex -10.5945 4.6735 15.0581
endloop
endfacet
facet normal 0.000000 0.000000 -1.000000
outer loop
vertex -9.6522 6.3057 0.0000
vertex -10.5945 4.6735 0.0000
vertex -10.9849 4.9730 0.0000
endloop
endfacet
facet normal -0.382683 -0.923880 0.000000
outer loop
vertex -10.5945 4.6735 0.0000
vertex -10.1400 4.4852 0.0000
vertex -10.1400 4.4852 15.0581
endloop
endfacet
facet normal -0.382683 -0.923880 0.000000
outer loop
vertex -10.5945 4.6735 0.0000
vertex -10.1400 4.4852 15.0581
vertex -10.5945 4.6735 15.0581
endloop
endfacet
facet normal 0.000000 0.000000 1.000000
outer loop
vertex -9.6522 6.3057 15.0581
vertex -10.5945 4.6735 15.0581
vertex -10.1400 4.4852 15.0581
endloop
endfacet
facet normal 0.000000 0.000000 -1.000000
outer loop
vertex -9.6522 6.3057 0.0000
vertex -10.1400 4.4852 0.0000
vertex -10.5945 4.6735 0.0000
endloop
endfacet
facet normal -0.130526 -0.991445 0.000000
outer loop
vertex -10.1400 4.4852 0.0000
vertex -9.6522 4.4210 0.0000
vertex -9.6522 4.4210 15.0581
endloop
endfacet
facet normal -0.130526 -0.991445 0.000000
outer loop
vertex -10.1400 4.4852 0.0000
vertex -9.6522 4.4210 15.0581
vertex -10.1400 4.4852 15.0581
endloop
endfacet
facet normal 0.000000 0.000000 1.000000
outer loop
vertex -9.6522 6.3057 15.0581
vertex -10.1400 4.4852 15.0581
vertex -9.6522 4.4210 15.0581
endloop
endfacet
facet normal 0.000000 -0.000000 -1.000000
outer loop
vertex -9.6522 6.3057 0.0000
vertex -9.6522 4.4210 0.0000
vertex -10.1400 4.4852 0.0000
endloop
endfacet
facet normal 0.130526 -0.991445 0.000000
outer loop
vertex -9.6522 4.4210 0.0000
vertex -9.1644 4.4852 0.0000
vertex -9.1644 4.4852 15.0581
endloop
endfacet
facet normal 0.130526 -0.991445 0.000000
outer loop
vertex -9.6522 4.4210 0.0000
vertex -9.1644 4.4852 15.0581
vertex -9.6522 4.4210 15.0581
endloop
endfacet
facet normal 0.000000 0.000000 1.000000
outer loop
vertex -9.6522 6.3057 15.0581
vertex -9.6522 4.4210 15.0581
vertex -9.1644 4.4852 15.0581
endloop
endfacet
facet normal 0.000000 0.000000 -1.000000
outer loop
vertex -9.6522 6.3057 0.0000
vertex -9.1644 4.4852 0.0000
vertex -9.6522 4.4210 0.0000
endloop
endfacet
facet normal 0.382683 -0.923880 0.000000
outer loop
vertex -9.1644 4.4852 0.0000
vertex -8.7098 4.6735 0.0000
vertex -8.7098 4.6735 15.0581
endloop
endfacet
facet normal 0.382683 -0.923880 0.000000
outer loop
vertex -9.1644 4.4852 0.0000
vertex -8.7098 4.6735 15.0581
vertex -9.1644 4.4852 15.0581
endloop
endfacet
facet normal 0.000000 0.000000 1.000000
outer loop
vertex -9.6522 6.3057 15.0581
vertex -9.1644 4.4852 15.0581
vertex -8.7098 4.6735 15.0581
endloop
endfacet
facet normal 0.000000 0.000000 -1.000000
outer loop
vertex -9.6522 6.3057 0.0000
vertex -8.7098 4.6735 0.0000
vertex -9.1644 4.4852 0.0000
endloop
endfacet
facet normal 0.608761 -0.793353 0.000000
outer loop
vertex -8.7098 4.6735 0.0000
vertex -8.3195 4.9730 0.0000
vertex -8.3195 4.9730 15.0581
endloop
endfacet
facet normal 0.608761 -0.793353 0.000000
outer loop
vertex -8.7098 4.6735 0.0000
vertex -8.3195 4.9730 15.0581
vertex -8.7098 4.6735 15.0581
endloop
endfacet
facet normal 0.000000 0.000000 1.000000
outer loop
vertex -9.6522 6.3057 15.0581
vertex -8.7098 4.6735 15.0581
vertex -8.3195 4.9730 15.0581
endloop
endfacet
facet normal 0.000000 0.000000 -1.000000
outer loop
vertex -9.6522 6.3057 0.0000
vertex -8.3195 4.9730 0.0000
vertex -8.7098 4.6735 0.0000
endloop
endfacet
facet normal 0.793353 -0.608761 0.000000
outer loop
vertex -8.3195 4.9730 0.0000
vertex -8.0200 5.3633 0.0000
vertex -8.0200 5.3633 15.0581
endloop
endfacet
facet normal 0.793353 -0.608761 0.000000
outer loop
vertex -8.3195 4.9730 0.0000
vertex -8.0200 5.3633 15.0581
vertex -8.3195 4.9730 15.0581
endloop
endfacet
facet normal 0.000000 0.000000 1.000000
outer loop
vertex -9.6522 6.3057 15.0581
vertex -8.3195 4.9730 15.0581
vertex -8.0200 5.3633 15.0581
endloop
endfacet
facet normal 0.000000 0.000000 -1.000000
outer loop
vertex -9.6522 6.3057 0.0000
vertex -8.0200 5.3633 0.0000
vertex -8.3195 4.9730 0.0000
endloop
endfacet
facet normal 0.923880 -0.382683 0.000000
outer loop
vertex -8.0200 5.3633 0.0000
vertex -7.8317 5.8179 0.0000
vertex -7.8317 5.8179 15.0581
endloop
endfacet
facet normal 0.923880 -0.382683 0.000000
outer loop
vertex -8.0200 5.3633 0.0000
vertex -7.8317 5.8179 15.0581
vertex -8.0200 5.3633 15.0581
endloop
endfacet
facet normal 0.000000 0.000000 1.000000
outer loop
vertex -9.6522 6.3057 15.0581
vertex -8.0200 5.3633 15.0581
vertex -7.8317 5.8179 15.0581
endloop
endfacet
facet normal 0.000000 0.000000 -1.000000
outer loop
vertex -9.6522 6.3057 0.0000
vertex -7.8317 5.8179 0.0000
vertex -8.0200 5.3633 0.0000
endloop
endfacet
facet normal 0.991445 -0.130526 0.000000
outer loop
vertex -7.8317 5.8179 0.0000
vertex -7.7674 6.3057 0.0000
vertex -7.7674 6.3057 15.0581
endloop
endfacet
facet normal 0.991445 -0.130526 0.000000
outer loop
vertex -7.8317 5.8179 0.0000
vertex -7.7674 6.3057 15.0581
vertex -7.8317 5.8179 15.0581
endloop
endfacet
facet normal 0.000000 0.000000 1.000000
outer loop
vertex -9.6522 6.3057 15.0581
vertex -7.8317 5.8179 15.0581
vertex -7.7674 6.3057 15.0581
endloop
endfacet
facet normal 0.000000 0.000000 -1.000000
outer loop
vertex -9.6522 6.3057 0.0000
vertex -7.7674 6.3057 0.0000
vertex -7.8317 5.8179 0.0000
endloop
endfacet
facet normal 0.000000 0.000000 -1.000000
outer loop
vertex -27.6748 32.9333 0.0000
vertex -27.6748 39.0287 0.0000
vertex -22.8347 39.0287 0.0000
endloop
endfacet
facet normal 0.000000 0.000000 -1.000000
outer loop
vertex -27.6748 32.9333 0.0000
vertex -22.8347 39.0287 0.0000
vertex -22.8347 32.9333 0.0000
endloop
endfacet
facet normal 0.000000 0.000000 1.000000
outer loop
vertex -27.6748 32.9333 15.6277
vertex -22.8347 32.9333 15.6277
vertex -22.8347 39.0287 15.6277
endloop
endfacet
facet normal 0.000000 0.000000 1.000000
outer loop
vertex -27.6748 32.9333 15.6277
vertex -22.8347 39.0287 15.6277
vertex -27.6748 39.0287 15.6277
endloop
endfacet
facet normal 0.000000 -1.000000 0.000000
outer loop
vertex -27.6748 32.9333 0.0000
vertex -22.8347 32.9333 0.0000
vertex -22.8347 32.9333 15.6277
endloop
endfacet
facet normal 0.000000 -1.000000 0.000000
outer loop
vertex -27.6748 32.9333 0.0000
vertex -22.8347 32.9333 15.6277
vertex -27.6748 32.9333 15.6277
endloop
endfacet
facet normal 1.000000 0.000000 0.000000
outer loop
vertex -22.8347 32.9333 0.0000
vertex -22.8347 39.0287 0.0000
vertex -22.8347 39.0287 15.6277
endloop
endfacet
facet normal 1.000000 0.000000 0.000000
outer loop
vertex -22.8347 32.9333 0.0000
vertex -22.8347 39.0287 15.6277
vertex -22.8347 32.9333 15.6277
endloop
endfacet
facet normal 0.000000 1.000000 0.000000
outer loop
vertex -22.8347 39.0287 0.0000
vertex -27.6748 39.0287 0.0000
vertex -27.6748 39.0287 15.6277
endloop
endfacet
facet normal 0.000000 1.000000 -0.000000
outer loop
vertex -22.8347 39.0287 0.0000
vertex -27.6748 39.0287 15.6277
vertex -22.8347 39.0287 15.6277
endloop
endfacet
facet normal -1.000000 0.000000 0.000000
outer loop
vertex -27.6748 39.0287 0.0000
vertex -27.6748 32.9333 0.0000
vertex -27.6748 32.9333 15.6277
endloop
endfacet
facet normal -1.000000 0.000000 0.000000
outer loop
vertex -27.6748 39.0287 0.0000
vertex -27.6748 32.9333 15.6277
vertex -27.6748 39.0287 15.6277
endloop
endfacet
facet normal 0.991445 0.130526 0.000000
outer loop
vertex 11.8422 8.3046 0.0000
vertex 11.7671 8.8754 0.0000
vertex 11.7671 8.8754 10.3554
endloop
endfacet
facet normal 0.991445 0.130526 -0.000000
outer loop
vertex 11.8422 8.3046 0.0000
vertex 11.7671 8.8754 10.3554
vertex 11.8422 8.3046 10.3554
endloop
endfacet
facet normal 0.000000 0.000000 1.000000
outer loop
vertex 9.6369 8.3046 10.3554
vertex 11.8422 8.3046 10.3554
vertex 11.7671 8.8754 10.3554
endloop
endfacet
facet normal 0.000000 0.000000 -1.000000
outer loop
vertex 9.6369 8.3046 0.0000
vertex 11.7671 8.8754 0.0000
vertex 11.8422 8.3046 0.0000
endloop
endfacet
facet normal 0.923880 0.382683 0.000000
outer loop
vertex 11.7671 8.8754 0.0000
vertex 11.5468 9.4073 0.0000
vertex 11.5468 9.4073 10.3554
endloop
endfacet
facet normal 0.923880 0.382683 -0.000000
outer loop
vertex 11.7671 8.8754 0.0000
vertex 11.5468 9.4073 10.3554
vertex 11.7671 8.8754 10.3554
endloop
endfacet
facet normal 0.000000 0.000000 1.000000
outer loop
vertex 9.6369 8.3046 10.3554
vertex 11.7671 8.8754 10.3554
vertex 11.5468 9.4073 10.3554
endloop
endfacet
facet normal 0.000000 0.000000 -1.000000
outer loop
vertex 9.6369 8.3046 0.0000
vertex 11.5468 9.4073 0.0000
vertex 11.7671 8.8754 0.0000
endloop
endfacet
facet normal 0.793353 0.608761 0.000000
outer loop
vertex 11.5468 9.4073 0.0000
vertex 11.1963 9.8640 0.0000
vertex 11.1963 9.8640 10.3554
endloop
endfacet
facet normal 0.793353 0.608761 -0.000000
outer loop
vertex 11.5468 9.4073 0.0000
vertex 11.1963 9.8640 10.3554
vertex 11.5468 9.4073 10.3554
endloop
endfacet
facet normal 0.000000 0.000000 1.000000
outer loop
vertex 9.6369 8.3046 10.3554
vertex 11.5468 9.4073 10.3554
vertex 11.1963 9.8640 10.3554
endloop
endfacet
facet normal 0.000000 0.000000 -1.000000
outer loop
vertex 9.6369 8.3046 0.0000
vertex 11.1963 9.8640 0.0000
vertex 11.5468 9.4073 0.0000
endloop
endfacet
facet normal 0.608761 0.793353 0.000000
outer loop
vertex 11.1963 9.8640 0.0000
vertex 10.7395 10.2145 0.0000
vertex 10.7395 10.2145 10.3554
endloop
endfacet
facet normal 0.608761 0.793353 -0.000000
outer loop
vertex 11.1963 9.8640 0.0000
vertex 10.7395 10.2145 10.3554
vertex 11.1963 9.8640 10.3554
endloop
endfacet
facet normal 0.000000 0.000000 1.000000
outer loop
vertex 9.6369 8.3046 10.3554
vertex 11.1963 9.8640 10.3554
vertex 10.7395 10.2145 10.3554
endloop
endfacet
facet normal 0.000000 0.000000 -1.000000
outer loop
vertex 9.6369 8.3046 0.0000
vertex 10.7395 10.2145 0.0000
vertex 11.1963 9.8640 0.0000
endloop
endfacet
facet normal 0.382683 0.923880 0.000000
outer loop
vertex 10.7395 10.2145 0.0000
vertex 10.2077 10.4348 0.0000
vertex 10.2077 10.4348 10.3554
endloop
endfacet
facet normal 0.382683 0.923880 -0.000000
outer loop
vertex 10.7395 10.2145 0.0000
vertex 10.2077 10.4348 10.3554
vertex 10.7395 10.2145 10.3554
endloop
endfacet
facet normal 0.000000 0.000000 1.000000
outer loop
vertex 9.6369 8.3046 10.3554
vertex 10.7395 10.2145 10.3554
vertex 10.2077 10.4348 10.3554
endloop
endfacet
facet normal 0.000000 0.000000 -1.000000
outer loop
vertex 9.6369 8.3046 0.0000
vertex 10.2077 10.4348 0.0000
vertex 10.7395 10.2145 0.0000
endloop
endfacet
facet normal 0.130526 0.991445 0.000000
outer loop
vertex 10.2077 10.4348 0.0000
vertex 9.6369 10.5100 0.0000
vertex 9.6369 10.5100 10.3554
endloop
endfacet
facet normal 0.130526 0.991445 -0.000000
outer loop
vertex 10.2077 10.4348 0.0000
vertex 9.6369 10.5100 10.3554
vertex 10.2077 10.4348 10.3554
endloop
endfacet
facet normal 0.000000 0.000000 1.000000
outer loop
vertex 9.6369 8.3046 10.3554
vertex 10.2077 10.4348 10.3554
vertex 9.6369 10.5100 10.3554
endloop
endfacet
facet normal 0.000000 0.000000 -1.000000
outer loop
vertex 9.6369 8.3046 0.0000
vertex 9.6369 10.5100 0.0000
vertex 10.2077 10.4348 0.0000
endloop
endfacet
facet normal -0.130526 0.991445 0.000000
outer loop
vertex 9.6369 10.5100 0.0000
vertex 9.0661 10.4348 0.0000
vertex 9.0661 10.4348 10.3554
endloop
endfacet
facet normal -0.130526 0.991445 0.000000
outer loop
vertex 9.6369 10.5100 0.0000
vertex 9.0661 10.4348 10.3554
vertex 9.6369 10.5100 10.3554
endloop
endfacet
facet normal 0.000000 -0.000000 1.000000
outer loop
vertex 9.6369 8.3046 10.3554
vertex 9.6369 10.5100 10.3554
vertex 9.0661 10.4348 10.3554
endloop
endfacet
facet normal 0.000000 0.000000 -1.000000
outer loop
vertex 9.6369 8.3046 0.0000
vertex 9.0661 10.4348 0.0000
vertex 9.6369 10.5100 0.0000
endloop
endfacet
facet normal -0.382683 0.923880 0.000000
outer loop
vertex 9.0661 10.4348 0.0000
vertex 8.5342 10.2145 0.0000
vertex 8.5342 10.2145 10.3554
endloop
endfacet
facet normal -0.382683 0.923880 0.000000
outer loop
vertex 9.0661 10.4348 0.0000
vertex 8.5342 10.2145 10.3554
vertex 9.0661 10.4348 10.3554
endloop
endfacet
facet normal 0.000000 0.000000 1.000000
outer loop
vertex 9.6369 8.3046 10.3554
vertex 9.0661 10.4348 10.3554
vertex 8.5342 10.2145 10.3554
endloop
endfacet
facet normal 0.000000 0.000000 -1.000000
outer loop
vertex 9.6369 8.3046 0.0000
vertex 8.5342 10.2145 0.0000
vertex 9.0661 10.4348 0.0000
endloop
endfacet
facet normal -0.608761 0.793353 0.000000
outer loop
vertex 8.5342 10.2145 0.0000
vertex 8.0775 9.8640 0.0000
vertex 8.0775 9.8640 10.3554
endloop
endfacet
facet normal -0.608761 0.793353 0.000000
outer loop
vertex 8.5342 10.2145 0.0000
vertex 8.0775 9.8640 10.3554
vertex 8.5342 10.2145 10.3554
endloop
endfacet
facet normal 0.000000 0.000000 1.000000
outer loop
vertex 9.6369 8.3046 10.3554
vertex 8.5342 10.2145 10.3554
vertex 8.0775 9.8640 10.3554
endloop
endfacet
facet normal 0.000000 0.000000 -1.000000
outer loop
vertex 9.6369 8.3046 0.0000
vertex 8.0775 9.8640 0.0000
vertex 8.5342 10.2145 0.0000
endloop
endfacet
facet normal -0.793353 0.608761 0.000000
outer loop
vertex 8.0775 9.8640 0.0000
vertex 7.7270 9.4073 0.0000
vertex 7.7270 9.4073 10.3554
endloop
endfacet
facet normal -0.793353 0.608761 0.000000
outer loop
vertex 8.0775 9.8640 0.0000
vertex 7.7270 9.4073 10.3554
vertex 8.0775 9.8640 10.3554
endloop
endfacet
facet normal 0.000000 0.000000 1.000000
outer loop
vertex 9.6369 8.3046 10.3554
vertex 8.0775 9.8640 10.3554
vertex 7.7270 9.4073 10.3554
endloop
endfacet
facet normal 0.000000 0.000000 -1.000000
outer loop
vertex 9.6369 8.3046 0.0000
vertex 7.7270 9.4073 0.0000
vertex 8.0775 9.8640 0.0000
endloop
endfacet
facet normal -0.923880 0.382683 0.000000
outer loop
vertex 7.7270 9.4073 0.0000
vertex 7.5067 8.8754 0.0000
vertex 7.5067 8.8754 10.3554
endloop
endfacet
facet normal -0.923880 0.382683 0.000000
outer loop
vertex 7.7270 9.4073 0.0000
vertex 7.5067 8.8754 10.3554
vertex 7.7270 9.4073 10.3554
endloop
endfacet
facet normal 0.000000 0.000000 1.000000
outer loop
vertex 9.6369 8.3046 10.3554
vertex 7.7270 9.4073 10.3554
vertex 7.5067 8.8754 10.3554
endloop
endfacet
facet normal 0.000000 0.000000 -1.000000
outer loop
vertex 9.6369 8.3046 0.0000
vertex 7.5067 8.8754 0.0000
vertex 7.7270 9.4073 0.0000
endloop
endfacet
facet normal -0.991445 0.130526 0.000000
outer loop
vertex 7.5067 8.8754 0.0000
vertex 7.4315 8.3046 0.0000
vertex 7.4315 8.3046 10.3554
endloop
endfacet
facet normal -0.991445 0.130526 0.000000
outer loop
vertex 7.5067 8.8754 0.0000
vertex 7.4315 8.3046 10.3554
vertex 7.5067 8.8754 10.3554
endloop
endfacet
facet normal 0.000000 0.000000 1.000000
outer loop
vertex 9.6369 8.3046 10.3554
vertex 7.5067 8.8754 10.3554
vertex 7.4315 8.3046 10.3554
endloop
endfacet
facet normal 0.000000 0.000000 -1.000000
outer loop
vertex 9.6369 8.3046 0.0000
vertex 7.4315 8.3046 0.0000
vertex 7.5067 8.8754 0.0000
endloop
endfacet
facet normal -0.991445 -0.130526 0.000000
outer loop
vertex 7.4315 8.3046 0.0000
vertex 7.5067 7.7338 0.0000
vertex 7.5067 7.7338 10.3554
endloop
endfacet
facet normal -0.991445 -0.130526 0.000000
outer loop
vertex 7.4315 8.3046 0.0000
vertex 7.5067 7.7338 10.3554
vertex 7.4315 8.3046 10.3554
endloop
endfacet
facet normal 0.000000 0.000000 1.000000
outer loop
vertex 9.6369 8.3046 10.3554
vertex 7.4315 8.3046 10.3554
vertex 7.5067 7.7338 10.3554
endloop
endfacet
facet normal -0.000000 0.000000 -1.000000
outer loop
vertex 9.6369 8.3046 0.0000
vertex 7.5067 7.7338 0.0000
vertex 7.4315 8.3046 0.0000
endloop
endfacet
facet normal -0.923880 -0.382683 0.000000
outer loop
vertex 7.5067 7.7338 0.0000
vertex 7.7270 7.2019 0.0000
vertex 7.7270 7.2019 10.3554
endloop
endfacet
facet normal -0.923880 -0.382683 0.000000
outer loop
vertex 7.5067 7.7338 0.0000
vertex 7.7270 7.2019 10.3554
vertex 7.5067 7.7338 10.3554
endloop
endfacet
facet normal 0.000000 0.000000 1.000000
outer loop
vertex 9.6369 8.3046 10.3554
vertex 7.5067 7.7338 10.3554
vertex 7.7270 7.2019 10.3554
endloop
endfacet
facet normal 0.000000 0.000000 -1.000000
outer loop
vertex 9.6369 8.3046 0.0000
vertex 7.7270 7.2019 0.0000
vertex 7.5067 7.7338 0.0000
endloop
endfacet
facet normal -0.793353 -0.608761 0.000000
outer loop
vertex 7.7270 7.2019 0.0000
vertex 8.0775 6.7452 0.0000
vertex 8.0775 6.7452 10.3554
endloop
endfacet
facet normal -0.793353 -0.608761 0.000000
outer loop
vertex 7.7270 7.2019 0.0000
vertex 8.0775 6.7452 10.3554
vertex 7.7270 7.2019 10.3554
endloop
endfacet
facet normal 0.000000 0.000000 1.000000
outer loop
vertex 9.6369 8.3046 10.3554
vertex 7.7270 7.2019 10.3554
vertex 8.0775 6.7452 10.3554
endloop
endfacet
facet normal 0.000000 0.000000 -1.000000
outer loop
vertex 9.6369 8.3046 0.0000
vertex 8.0775 6.7452 0.0000
vertex 7.7270 7.2019 0.0000
endloop
endfacet
facet normal -0.608761 -0.793353 0.000000
outer loop
vertex 8.0775 6.7452 0.0000
vertex 8.5342 6.3947 0.0000
vertex 8.5342 6.3947 10.3554
endloop
endfacet
facet normal -0.608761 -0.793353 0.000000
outer loop
vertex 8.0775 6.7452 0.0000
vertex 8.5342 6.3947 10.3554
vertex 8.0775 6.7452 10.3554
endloop
endfacet
facet normal 0.000000 0.000000 1.000000
outer loop
vertex 9.6369 8.3046 10.3554
vertex 8.0775 6.7452 10.3554
vertex 8.5342 6.3947 10.3554
endloop
endfacet
facet normal 0.000000 0.000000 -1.000000
outer loop
vertex 9.6369 8.3046 0.0000
vertex 8.5342 6.3947 0.0000
vertex 8.0775 6.7452 0.0000
endloop
endfacet
facet normal -0.382683 -0.923880 0.000000
outer loop
vertex 8.5342 6.3947 0.0000
vertex 9.0661 6.1744 0.0000
vertex 9.0661 6.1744 10.3554
endloop
endfacet
facet normal -0.382683 -0.923880 0.000000
outer loop
vertex 8.5342 6.3947 0.0000
vertex 9.0661 6.1744 10.3554
vertex 8.5342 6.3947 10.3554
endloop
endfacet
facet normal 0.000000 0.000000 1.000000
outer loop
vertex 9.6369 8.3046 10.3554
vertex 8.5342 6.3947 10.3554
vertex 9.0661 6.1744 10.3554
endloop
endfacet
facet normal 0.000000 0.000000 -1.000000
outer loop
vertex 9.6369 8.3046 0.0000
vertex 9.0661 6.1744 0.0000
vertex 8.5342 6.3947 0.0000
endloop
endfacet
facet normal -0.130526 -0.991445 0.000000
outer loop
vertex 9.0661 6.1744 0.0000
vertex 9.6369 6.0993 0.0000
vertex 9.6369 6.0993 10.3554
endloop
endfacet
facet normal -0.130526 -0.991445 0.000000
outer loop
vertex 9.0661 6.1744 0.0000
vertex 9.6369 6.0993 10.3554
vertex 9.0661 6.1744 10.3554
endloop
endfacet
facet normal 0.000000 0.000000 1.000000
outer loop
vertex 9.6369 8.3046 10.3554
vertex 9.0661 6.1744 10.3554
vertex 9.6369 6.0993 10.3554
endloop
endfacet
facet normal 0.000000 -0.000000 -1.000000
outer loop
vertex 9.6369 8.3046 0.0000
vertex 9.6369 6.0993 0.0000
vertex 9.0661 6.1744 0.0000
endloop
endfacet
facet normal 0.130526 -0.991445 0.000000
outer loop
vertex 9.6369 6.0993 0.0000
vertex 10.2077 6.1744 0.0000
vertex 10.2077 6.1744 10.3554
endloop
endfacet
facet normal 0.130526 -0.991445 0.000000
outer loop
vertex 9.6369 6.0993 0.0000
vertex 10.2077 6.1744 10.3554
vertex 9.6369 6.0993 10.3554
endloop
endfacet
facet normal 0.000000 0.000000 1.000000
outer loop
vertex 9.6369 8.3046 10.3554
vertex 9.6369 6.0993 10.3554
vertex 10.2077 6.1744 10.3554
endloop
endfacet
facet normal 0.000000 0.000000 -1.000000
outer loop
vertex 9.6369 8.3046 0.0000
vertex 10.2077 6.1744 0.0000
vertex 9.6369 6.0993 0.0000
endloop
endfacet
facet normal 0.382683 -0.923880 0.000000
outer loop
vertex 10.2077 6.1744 0.0000
vertex 10.7395 6.3947 0.0000
vertex 10.7395 6.3947 10.3554
endloop
endfacet
facet normal 0.382683 -0.923880 0.000000
outer loop
vertex 10.2077 6.1744 0.0000
vertex 10.7395 6.3947 10.3554
vertex 10.2077 6.1744 10.3554
endloop
endfacet
facet normal 0.000000 0.000000 1.000000
outer loop
vertex 9.6369 8.3046 10.3554
vertex 10.2077 6.1744 10.3554
vertex 10.7395 6.3947 10.3554
endloop
endfacet
facet normal 0.000000 0.000000 -1.000000
outer loop
vertex 9.6369 8.3046 0.0000
vertex 10.7395 6.3947 0.0000
vertex 10.2077 6.1744 0.0000
endloop
endfacet
facet normal 0.608761 -0.793353 0.000000
outer loop
vertex 10.7395 6.3947 0.0000
vertex 11.1963 6.7452 0.0000
vertex 11.1963 6.7452 10.3554
endloop
endfacet
facet normal 0.608761 -0.793353 0.000000
outer loop
vertex 10.7395 6.3947 0.0000
vertex 11.1963 6.7452 10.3554
vertex 10.7395 6.3947 10.3554
endloop
endfacet
facet normal 0.000000 0.000000 1.000000
outer loop
vertex 9.6369 8.3046 10.3554
vertex 10.7395 6.3947 10.3554
vertex 11.1963 6.7452 10.3554
endloop
endfacet
facet normal 0.000000 0.000000 -1.000000
outer loop
vertex 9.6369 8.3046 0.0000
vertex 11.1963 6.7452 0.0000
vertex 10.7395 6.3947 0.0000
endloop
endfacet
facet normal 0.793353 -0.608761 0.000000
outer loop
vertex 11.1963 6.7452 0.0000
vertex 11.5468 7.2019 0.0000
vertex 11.5468 7.2019 10.3554
endloop
endfacet
facet normal 0.793353 -0.608761 0.000000
outer loop
vertex 11.1963 6.7452 0.0000
vertex 11.5468 7.2019 10.3554
vertex 11.1963 6.7452 10.3554
endloop
endfacet
facet normal 0.000000 0.000000 1.000000
outer loop
vertex 9.6369 8.3046 10.3554
vertex 11.1963 6.7452 10.3554
vertex 11.5468 7.2019 10.3554
endloop
endfacet
facet normal 0.000000 0.000000 -1.000000
outer loop
vertex 9.6369 8.3046 0.0000
vertex 11.5468 7.2019 0.0000
vertex 11.1963 6.7452 0.0000
endloop
endfacet
facet normal 0.923880 -0.382683 0.000000
outer loop
vertex 11.5468 7.2019 0.0000
vertex 11.7671 7.7338 0.0000
vertex 11.7671 7.7338 10.3554
endloop
endfacet
facet normal 0.923880 -0.382683 0.000000
outer loop
vertex 11.5468 7.2019 0.0000
vertex 11.7671 7.7338 10.3554
vertex 11.5468 7.2019 10.3554
endloop
endfacet
facet normal 0.000000 0.000000 1.000000
outer loop
vertex 9.6369 8.3046 10.3554
vertex 11.5468 7.2019 10.3554
vertex 11.7671 7.7338 10.3554
endloop
endfacet
facet normal 0.000000 0.000000 -1.000000
outer loop
vertex 9.6369 8.3046 0.0000
vertex 11.7671 7.7338 0.0000
vertex 11.5468 7.2019 0.0000
endloop
endfacet
facet normal 0.991445 -0.130526 0.000000
outer loop
vertex 11.7671 7.7338 0.0000
vertex 11.8422 8.3046 0.0000
vertex 11.8422 8.3046 10.3554
endloop
endfacet
facet normal 0.991445 -0.130526 0.000000
outer loop
vertex 11.7671 7.7338 0.0000
vertex 11.8422 8.3046 10.3554
vertex 11.7671 7.7338 10.3554
endloop
endfacet
facet normal -0.000000 0.000000 1.000000
outer loop
vertex 9.6369 8.3046 10.3554
vertex 11.7671 7.7338 10.3554
vertex 11.8422 8.3046 10.3554
endloop
endfacet
facet normal 0.000000 0.000000 -1.000000
outer loop
vertex 9.6369 8.3046 0.0000
vertex 11.8422 8.3046 0.0000
vertex 11.7671 7.7338 0.0000
endloop
endfacet
facet normal 0.991445 0.130526 0.000000
outer loop
vertex -7.0010 -7.0105 0.0000
vertex -7.0583 -6.5751 0.0000
vertex -7.0583 -6.5751 10.4906
endloop
endfacet
facet normal 0.991445 0.130526 -0.000000
outer loop
vertex -7.0010 -7.0105 0.0000
vertex -7.0583 -6.5751 10.4906
vertex -7.0010 -7.0105 10.4906
endloop
endfacet
facet normal 0.000000 0.000000 1.000000
outer loop
vertex -8.6832 -7.0105 10.4906
vertex -7.0010 -7.0105 10.4906
vertex -7.0583 -6.5751 10.4906
endloop
endfacet
facet normal 0.000000 0.000000 -1.000000
outer loop
vertex -8.6832 -7.0105 0.0000
vertex -7.0583 -6.5751 0.0000
vertex -7.0010 -7.0105 0.0000
endloop
endfacet
facet normal 0.923880 0.382683 0.000000
outer loop
vertex -7.0583 -6.5751 0.0000
vertex -7.2264 -6.1694 0.0000
vertex -7.2264 -6.1694 10.4906
endloop
endfacet
facet normal 0.923880 0.382683 -0.000000
outer loop
vertex -7.0583 -6.5751 0.0000
vertex -7.2264 -6.1694 10.4906
vertex -7.0583 -6.5751 10.4906
endloop
endfacet
facet normal 0.000000 0.000000 1.000000
outer loop
vertex -8.6832 -7.0105 10.4906
vertex -7.0583 -6.5751 10.4906
vertex -7.2264 -6.1694 10.4906
endloop
endfacet
facet normal 0.000000 0.000000 -1.000000
outer loop
vertex -8.6832 -7.0105 0.0000
vertex -7.2264 -6.1694 0.0000
vertex -7.0583 -6.5751 0.0000
endloop
endfacet
facet normal 0.793353 0.608761 0.000000
outer loop
vertex -7.2264 -6.1694 0.0000
vertex -7.4937 -5.8210 0.0000
vertex -7.4937 -5.8210 10.4906
endloop
endfacet
facet normal 0.793353 0.608761 -0.000000
outer loop
vertex -7.2264 -6.1694 0.0000
vertex -7.4937 -5.8210 10.4906
vertex -7.2264 -6.1694 10.4906
endloop
endfacet
facet normal 0.000000 0.000000 1.000000
outer loop
vertex -8.6832 -7.0105 10.4906
vertex -7.2264 -6.1694 10.4906
vertex -7.4937 -5.8210 10.4906
endloop
endfacet
facet normal 0.000000 0.000000 -1.000000
outer loop
vertex -8.6832 -7.0105 0.0000
vertex -7.4937 -5.8210 0.0000
vertex -7.2264 -6.1694 0.0000
endloop
endfacet
facet normal 0.608761 0.793353 0.000000
outer loop
vertex -7.4937 -5.8210 0.0000
vertex -7.8421 -5.5537 0.0000
vertex -7.8421 -5.5537 10.4906
endloop
endfacet
facet normal 0.608761 0.793353 -0.000000
outer loop
vertex -7.4937 -5.8210 0.0000
vertex -7.8421 -5.5537 10.4906
vertex -7.4937 -5.8210 10.4906
endloop
endfacet
facet normal 0.000000 0.000000 1.000000
outer loop
vertex -8.6832 -7.0105 10.4906
vertex -7.4937 -5.8210 10.4906
vertex -7.8421 -5.5537 10.4906
endloop
endfacet
facet normal 0.000000 0.000000 -1.000000
outer loop
vertex -8.6832 -7.0105 0.0000
vertex -7.8421 -5.5537 0.0000
vertex -7.4937 -5.8210 0.0000
endloop
endfacet
facet normal 0.382683 0.923880 0.000000
outer loop
vertex -7.8421 -5.5537 0.0000
vertex -8.2478 -5.3856 0.0000
vertex -8.2478 -5.3856 10.4906
endloop
endfacet
facet normal 0.382683 0.923880 -0.000000
outer loop
vertex -7.8421 -5.5537 0.0000
vertex -8.2478 -5.3856 10.4906
vertex -7.8421 -5.5537 10.4906
endloop
endfacet
facet normal 0.000000 0.000000 1.000000
outer loop
vertex -8.6832 -7.0105 10.4906
vertex -7.8421 -5.5537 10.4906
vertex -8.2478 -5.3856 10.4906
endloop
endfacet
facet normal 0.000000 0.000000 -1.000000
outer loop
vertex -8.6832 -7.0105 0.0000
vertex -8.2478 -5.3856 0.0000
vertex -7.8421 -5.5537 0.0000
endloop
endfacet
facet normal 0.130526 0.991445 0.000000
outer loop
vertex -8.2478 -5.3856 0.0000
vertex -8.6832 -5.3283 0.0000
vertex -8.6832 -5.3283 10.4906
endloop
endfacet
facet normal 0.130526 0.991445 -0.000000
outer loop
vertex -8.2478 -5.3856 0.0000
vertex -8.6832 -5.3283 10.4906
vertex -8.2478 -5.3856 10.4906
endloop
endfacet
facet normal 0.000000 0.000000 1.000000
outer loop
vertex -8.6832 -7.0105 10.4906
vertex -8.2478 -5.3856 10.4906
vertex -8.6832 -5.3283 10.4906
endloop
endfacet
facet normal 0.000000 0.000000 -1.000000
outer loop
vertex -8.6832 -7.0105 0.0000
vertex -8.6832 -5.3283 0.0000
vertex -8.2478 -5.3856 0.0000
endloop
endfacet
facet normal -0.130526 0.991445 0.000000
outer loop
vertex -8.6832 -5.3283 0.0000
vertex -9.1186 -5.3856 0.0000
vertex -9.1186 -5.3856 10.4906
endloop
endfacet
facet normal -0.130526 0.991445 0.000000
outer loop
vertex -8.6832 -5.3283 0.0000
vertex -9.1186 -5.3856 10.4906
vertex -8.6832 -5.3283 10.4906
endloop
endfacet
facet normal 0.000000 -0.000000 1.000000
outer loop
vertex -8.6832 -7.0105 10.4906
vertex -8.6832 -5.3283 10.4906
vertex -9.1186 -5.3856 10.4906
endloop
endfacet
facet normal 0.000000 0.000000 -1.000000
outer loop
vertex -8.6832 -7.0105 0.0000
vertex -9.1186 -5.3856 0.0000
vertex -8.6832 -5.3283 0.0000
endloop
endfacet
facet normal -0.382683 0.923880 0.000000
outer loop
vertex -9.1186 -5.3856 0.0000
vertex -9.5243 -5.5537 0.0000
vertex -9.5243 -5.5537 10.4906
endloop
endfacet
facet normal -0.382683 0.923880 0.000000
outer loop
vertex -9.1186 -5.3856 0.0000
vertex -9.5243 -5.5537 10.4906
vertex -9.1186 -5.3856 10.4906
endloop
endfacet
facet normal 0.000000 0.000000 1.000000
outer loop
vertex -8.6832 -7.0105 10.4906
vertex -9.1186 -5.3856 10.4906
vertex -9.5243 -5.5537 10.4906
endloop
endfacet
facet normal 0.000000 0.000000 -1.000000
outer loop
vertex -8.6832 -7.0105 0.0000
vertex -9.5243 -5.5537 0.0000
vertex -9.1186 -5.3856 0.0000
endloop
endfacet
facet normal -0.608761 0.793353 0.000000
outer loop
vertex -9.5243 -5.5537 0.0000
vertex -9.8727 -5.8210 0.0000
vertex -9.8727 -5.8210 10.4906
endloop
endfacet
facet normal -0.608761 0.793353 0.000000
outer loop
vertex -9.5243 -5.5537 0.0000
vertex -9.8727 -5.8210 10.4906
vertex -9.5243 -5.5537 10.4906
endloop
endfacet
facet normal 0.000000 0.000000 1.000000
outer loop
vertex -8.6832 -7.0105 10.4906
vertex -9.5243 -5.5537 10.4906
vertex -9.8727 -5.8210 10.4906
endloop
endfacet
facet normal 0.000000 0.000000 -1.000000
outer loop
vertex -8.6832 -7.0105 0.0000
vertex -9.8727 -5.8210 0.0000
vertex -9.5243 -5.5537 0.0000
endloop
endfacet
facet normal -0.793353 0.608761 0.000000
outer loop
vertex -9.8727 -5.8210 0.0000
vertex -10.1401 -6.1694 0.0000
vertex -10.1401 -6.1694 10.4906
endloop
endfacet
facet normal -0.793353 0.608761 0.000000
outer loop
vertex -9.8727 -5.8210 0.0000
vertex -10.1401 -6.1694 10.4906
vertex -9.8727 -5.8210 10.4906
endloop
endfacet
facet normal 0.000000 0.000000 1.000000
outer loop
vertex -8.6832 -7.0105 10.4906
vertex -9.8727 -5.8210 10.4906
vertex -10.1401 -6.1694 10.4906
endloop
endfacet
facet normal 0.000000 0.000000 -1.000000
outer loop
vertex -8.6832 -7.0105 0.0000
vertex -10.1401 -6.1694 0.0000
vertex -9.8727 -5.8210 0.0000
endloop
endfacet
facet normal -0.923880 0.382683 0.000000
outer loop
vertex -10.1401 -6.1694 0.0000
vertex -10.3081 -6.5751 0.0000
vertex -10.3081 -6.5751 10.4906
endloop
endfacet
facet normal -0.923880 0.382683 0.000000
outer loop
vertex -10.1401 -6.1694 0.0000
vertex -10.3081 -6.5751 10.4906
vertex -10.1401 -6.1694 10.4906
endloop
endfacet
facet normal 0.000000 0.000000 1.000000
outer loop
vertex -8.6832 -7.0105 10.4906
vertex -10.1401 -6.1694 10.4906
vertex -10.3081 -6.5751 10.4906
endloop
endfacet
facet normal 0.000000 0.000000 -1.000000
outer loop
vertex -8.6832 -7.0105 0.0000
vertex -10.3081 -6.5751 0.0000
vertex -10.1401 -6.1694 0.0000
endloop
endfacet
facet normal -0.991445 0.130526 0.000000
outer loop
vertex -10.3081 -6.5751 0.0000
vertex -10.3655 -7.0105 0.0000
vertex -10.3655 -7.0105 10.4906
endloop
endfacet
facet normal -0.991445 0.130526 0.000000
outer loop
vertex -10.3081 -6.5751 0.0000
vertex -10.3655 -7.0105 10.4906
vertex -10.3081 -6.5751 10.4906
endloop
endfacet
facet normal 0.000000 0.000000 1.000000
outer loop
vertex -8.6832 -7.0105 10.4906
vertex -10.3081 -6.5751 10.4906
vertex -10.3655 -7.0105 10.4906
endloop
endfacet
facet normal 0.000000 0.000000 -1.000000
outer loop
vertex -8.6832 -7.0105 0.0000
vertex -10.3655 -7.0105 0.0000
vertex -10.3081 -6.5751 0.0000
endloop
endfacet
facet normal -0.991445 -0.130526 0.000000
outer loop
vertex -10.3655 -7.0105 0.0000
vertex -10.3081 -7.4459 0.0000
vertex -10.3081 -7.4459 10.4906
endloop
endfacet
facet normal -0.991445 -0.130526 0.000000
outer loop
vertex -10.3655 -7.0105 0.0000
vertex -10.3081 -7.4459 10.4906
vertex -10.3655 -7.0105 10.4906
endloop
endfacet
facet normal 0.000000 0.000000 1.000000
outer loop
vertex -8.6832 -7.0105 10.4906
vertex -10.3655 -7.0105 10.4906
vertex -10.3081 -7.4459 10.4906
endloop
endfacet
facet normal -0.000000 0.000000 -1.000000
outer loop
vertex -8.6832 -7.0105 0.0000
vertex -10.3081 -7.4459 0.0000
vertex -10.3655 -7.0105 0.0000
endloop
endfacet
facet normal -0.923880 -0.382683 0.000000
outer loop
vertex -10.3081 -7.4459 0.0000
vertex -10.1401 -7.8516 0.0000
vertex -10.1401 -7.8516 10.4906
endloop
endfacet
facet normal -0.923880 -0.382683 0.000000
outer loop
vertex -10.3081 -7.4459 0.0000
vertex -10.1401 -7.8516 10.4906
vertex -10.3081 -7.4459 10.4906
endloop
endfacet
facet normal 0.000000 0.000000 1.000000
outer loop
vertex -8.6832 -7.0105 10.4906
vertex -10.3081 -7.4459 10.4906
vertex -10.1401 -7.8516 10.4906
endloop
endfacet
facet normal 0.000000 0.000000 -1.000000
outer loop
vertex -8.6832 -7.0105 0.0000
vertex -10.1401 -7.8516 0.0000
vertex -10.3081 -7.4459 0.0000
endloop
endfacet
facet normal -0.793353 -0.608761 0.000000
outer loop
vertex -10.1401 -7.8516 0.0000
vertex -9.8727 -8.2000 0.0000
vertex -9.8727 -8.2000 10.4906
endloop
endfacet
facet normal -0.793353 -0.608761 0.000000
outer loop
vertex -10.1401 -7.8516 0.0000
vertex -9.8727 -8.2000 10.4906
vertex -10.1401 -7.8516 10.4906
endloop
endfacet
facet normal 0.000000 0.000000 1.000000
outer loop
vertex -8.6832 -7.0105 10.4906
vertex -10.1401 -7.8516 10.4906
vertex -9.8727 -8.2000 10.4906
endloop
endfacet
facet normal 0.000000 0.000000 -1.000000
outer loop
vertex -8.6832 -7.0105 0.0000
vertex -9.8727 -8.2000 0.0000
vertex -10.1401 -7.8516 0.0000
endloop
endfacet
facet normal -0.608761 -0.793353 0.000000
outer loop
vertex -9.8727 -8.2000 0.0000
vertex -9.5243 -8.4674 0.0000
vertex -9.5243 -8.4674 10.4906
endloop
endfacet
facet normal -0.608761 -0.793353 0.000000
outer loop
vertex -9.8727 -8.2000 0.0000
vertex -9.5243 -8.4674 10.4906
vertex -9.8727 -8.2000 10.4906
endloop
endfacet
facet normal 0.000000 0.000000 1.000000
outer loop
vertex -8.6832 -7.0105 10.4906
vertex -9.8727 -8.2000 10.4906
vertex -9.5243 -8.4674 10.4906
endloop
endfacet
facet normal 0.000000 0.000000 -1.000000
outer loop
vertex -8.6832 -7.0105 0.0000
vertex -9.5243 -8.4674 0.0000
vertex -9.8727 -8.2000 0.0000
endloop
endfacet
facet normal -0.382683 -0.923880 0.000000
outer loop
vertex -9.5243 -8.4674 0.0000
vertex -9.1186 -8.6354 0.0000
vertex -9.1186 -8.6354 10.4906
endloop
endfacet
facet normal -0.382683 -0.923880 0.000000
outer loop
vertex -9.5243 -8.4674 0.0000
vertex -9.1186 -8.6354 10.4906
vertex -9.5243 -8.4674 10.4906
endloop
endfacet
facet normal 0.000000 0.000000 1.000000
outer loop
vertex -8.6832 -7.0105 10.4906
vertex -9.5243 -8.4674 10.4906
vertex -9.1186 -8.6354 10.4906
endloop
endfacet
facet normal 0.000000 0.000000 -1.000000
outer loop
vertex -8.6832 -7.0105 0.0000
vertex -9.1186 -8.6354 0.0000
vertex -9.5243 -8.4674 0.0000
endloop
endfacet
facet normal -0.130526 -0.991445 0.000000
outer loop
vertex -9.1186 -8.6354 0.0000
vertex -8.6832 -8.6927 0.0000
vertex -8.6832 -8.6927 10.4906
endloop
endfacet
facet normal -0.130526 -0.991445 0.000000
outer loop
vertex -9.1186 -8.6354 0.0000
vertex -8.6832 -8.6927 10.4906
vertex -9.1186 -8.6354 10.4906
endloop
endfacet
facet normal 0.000000 0.000000 1.000000
outer loop
vertex -8.6832 -7.0105 10.4906
vertex -9.1186 -8.6354 10.4906
vertex -8.6832 -8.6927 10.4906
endloop
endfacet
facet normal 0.000000 -0.000000 -1.000000
outer loop
vertex -8.6832 -7.0105 0.0000
vertex -8.6832 -8.6927 0.0000
vertex -9.1186 -8.6354 0.0000
endloop
endfacet
facet normal 0.130526 -0.991445 0.000000
outer loop
vertex -8.6832 -8.6927 0.0000
vertex -8.2478 -8.6354 0.0000
vertex -8.2478 -8.6354 10.4906
endloop
endfacet
facet normal 0.130526 -0.991445 0.000000
outer loop
vertex -8.6832 -8.6927 0.0000
vertex -8.2478 -8.6354 10.4906
vertex -8.6832 -8.6927 10.4906
endloop
endfacet
facet normal 0.000000 0.000000 1.000000
outer loop
vertex -8.6832 -7.0105 10.4906
vertex -8.6832 -8.6927 10.4906
vertex -8.2478 -8.6354 10.4906
endloop
endfacet
facet normal 0.000000 0.000000 -1.000000
outer loop
vertex -8.6832 -7.0105 0.0000
vertex -8.2478 -8.6354 0.0000
vertex -8.6832 -8.6927 0.0000
endloop
endfacet
facet normal 0.382683 -0.923880 0.000000
outer loop
vertex -8.2478 -8.6354 0.0000
vertex -7.8421 -8.4674 0.0000
vertex -7.8421 -8.4674 10.4906
endloop
endfacet
facet normal 0.382683 -0.923880 0.000000
outer loop
vertex -8.2478 -8.6354 0.0000
vertex -7.8421 -8.4674 10.4906
vertex -8.2478 -8.6354 10.4906
endloop
endfacet
facet normal 0.000000 0.000000 1.000000
outer loop
vertex -8.6832 -7.0105 10.4906
vertex -8.2478 -8.6354 10.4906
vertex -7.8421 -8.4674 10.4906
endloop
endfacet
facet normal 0.000000 0.000000 -1.000000
outer loop
vertex -8.6832 -7.0105 0.0000
vertex -7.8421 -8.4674 0.0000
vertex -8.2478 -8.6354 0.0000
endloop
endfacet
facet normal 0.608761 -0.793353 0.000000
outer loop
vertex -7.8421 -8.4674 0.0000
vertex -7.4937 -8.2000 0.0000
vertex -7.4937 -8.2000 10.4906
endloop
endfacet
facet normal 0.608761 -0.793353 0.000000
outer loop
vertex -7.8421 -8.4674 0.0000
vertex -7.4937 -8.2000 10.4906
vertex -7.8421 -8.4674 10.4906
endloop
endfacet
facet normal 0.000000 0.000000 1.000000
outer loop
vertex -8.6832 -7.0105 10.4906
vertex -7.8421 -8.4674 10.4906
vertex -7.4937 -8.2000 10.4906
endloop
endfacet
facet normal 0.000000 0.000000 -1.000000
outer loop
vertex -8.6832 -7.0105 0.0000
vertex -7.4937 -8.2000 0.0000
vertex -7.8421 -8.4674 0.0000
endloop
endfacet
facet normal 0.793353 -0.608761 0.000000
outer loop
vertex -7.4937 -8.2000 0.0000
vertex -7.2264 -7.8516 0.0000
vertex -7.2264 -7.8516 10.4906
endloop
endfacet
facet normal 0.793353 -0.608761 0.000000
outer loop
vertex -7.4937 -8.2000 0.0000
vertex -7.2264 -7.8516 10.4906
vertex -7.4937 -8.2000 10.4906
endloop
endfacet
facet normal 0.000000 0.000000 1.000000
outer loop
vertex -8.6832 -7.0105 10.4906
vertex -7.4937 -8.2000 10.4906
vertex -7.2264 -7.8516 10.4906
endloop
endfacet
facet normal 0.000000 0.000000 -1.000000
outer loop
vertex -8.6832 -7.0105 0.0000
vertex -7.2264 -7.8516 0.0000
vertex -7.4937 -8.2000 0.0000
endloop
endfacet
facet normal 0.923880 -0.382683 0.000000
outer loop
vertex -7.2264 -7.8516 0.0000
vertex -7.0583 -7.4459 0.0000
vertex -7.0583 -7.4459 10.4906
endloop
endfacet
facet normal 0.923880 -0.382683 0.000000
outer loop
vertex -7.2264 -7.8516 0.0000
vertex -7.0583 -7.4459 10.4906
vertex -7.2264 -7.8516 10.4906
endloop
endfacet
facet normal 0.000000 0.000000 1.000000
outer loop
vertex -8.6832 -7.0105 10.4906
vertex -7.2264 -7.8516 10.4906
vertex -7.0583 -7.4459 10.4906
endloop
endfacet
facet normal 0.000000 0.000000 -1.000000
outer loop
vertex -8.6832 -7.0105 0.0000
vertex -7.0583 -7.4459 0.0000
vertex -7.2264 -7.8516 0.0000
endloop
endfacet
facet normal 0.991445 -0.130526 0.000000
outer loop
vertex -7.0583 -7.4459 0.0000
vertex -7.0010 -7.0105 0.0000
vertex -7.0010 -7.0105 10.4906
endloop
endfacet
facet normal 0.991445 -0.130526 0.000000
outer loop
vertex -7.0583 -7.4459 0.0000
vertex -7.0010 -7.0105 10.4906
vertex -7.0583 -7.4459 10.4906
endloop
endfacet
facet normal -0.000000 0.000000 1.000000
outer loop
vertex -8.6832 -7.0105 10.4906
vertex -7.0583 -7.4459 10.4906
vertex -7.0010 -7.0105 10.4906
endloop
endfacet
facet normal 0.000000 0.000000 -1.000000
outer loop
vertex -8.6832 -7.0105 0.0000
vertex -7.0010 -7.0105 0.0000
vertex -7.0583 -7.4459 0.0000
endloop
endfacet
facet normal 0.991445 0.130526 0.000000
outer loop
vertex -12.6020 35.7523 0.0000
vertex -12.6548 36.1530 0.0000
vertex -12.6548 36.1530 13.3486
endloop
endfacet
facet normal 0.991445 0.130526 -0.000000
outer loop
vertex -12.6020 35.7523 0.0000
vertex -12.6548 36.1530 13.3486
vertex -12.6020 35.7523 13.3486
endloop
endfacet
facet normal 0.000000 0.000000 1.000000
outer loop
vertex -14.1504 35.7523 13.3486
vertex -12.6020 35.7523 13.3486
vertex -12.6548 36.1530 13.3486
endloop
endfacet
facet normal 0.000000 0.000000 -1.000000
outer loop
vertex -14.1504 35.7523 0.0000
vertex -12.6548 36.1530 0.0000
vertex -12.6020 35.7523 0.0000
endloop
endfacet
facet normal 0.923880 0.382683 0.000000
outer loop
vertex -12.6548 36.1530 0.0000
vertex -12.8094 36.5264 0.0000
vertex -12.8094 36.5264 13.3486
endloop
endfacet
facet normal 0.923880 0.382683 -0.000000
outer loop
vertex -12.6548 36.1530 0.0000
vertex -12.8094 36.5264 13.3486
vertex -12.6548 36.1530 13.3486
endloop
endfacet
facet normal 0.000000 0.000000 1.000000
outer loop
vertex -14.1504 35.7523 13.3486
vertex -12.6548 36.1530 13.3486
vertex -12.8094 36.5264 13.3486
endloop
endfacet
facet normal 0.000000 0.000000 -1.000000
outer loop
vertex -14.1504 35.7523 0.0000
vertex -12.8094 36.5264 0.0000
vertex -12.6548 36.1530 0.0000
endloop
endfacet
facet normal 0.793353 0.608761 0.000000
outer loop
vertex -12.8094 36.5264 0.0000
vertex -13.0555 36.8471 0.0000
vertex -13.0555 36.8471 13.3486
endloop
endfacet
facet normal 0.793353 0.608761 -0.000000
outer loop
vertex -12.8094 36.5264 0.0000
vertex -13.0555 36.8471 13.3486
vertex -12.8094 36.5264 13.3486
endloop
endfacet
facet normal 0.000000 0.000000 1.000000
outer loop
vertex -14.1504 35.7523 13.3486
vertex -12.8094 36.5264 13.3486
vertex -13.0555 36.8471 13.3486
endloop
endfacet
facet normal 0.000000 0.000000 -1.000000
outer loop
vertex -14.1504 35.7523 0.0000
vertex -13.0555 36.8471 0.0000
vertex -12.8094 36.5264 0.0000
endloop
endfacet
facet normal 0.608761 0.793353 0.000000
outer loop
vertex -13.0555 36.8471 0.0000
vertex -13.3762 37.0932 0.0000
vertex -13.3762 37.0932 13.3486
endloop
endfacet
facet normal 0.608761 0.793353 -0.000000
outer loop
vertex -13.0555 36.8471 0.0000
vertex -13.3762 37.0932 13.3486
vertex -13.0555 36.8471 13.3486
endloop
endfacet
facet normal 0.000000 0.000000 1.000000
outer loop
vertex -14.1504 35.7523 13.3486
vertex -13.0555 36.8471 13.3486
vertex -13.3762 37.0932 13.3486
endloop
endfacet
facet normal 0.000000 0.000000 -1.000000
outer loop
vertex -14.1504 35.7523 0.0000
vertex -13.3762 37.0932 0.0000
vertex -13.0555 36.8471 0.0000
endloop
endfacet
facet normal 0.382683 0.923880 0.000000
outer loop
vertex -13.3762 37.0932 0.0000
vertex -13.7496 37.2479 0.0000
vertex -13.7496 37.2479 13.3486
endloop
endfacet
facet normal 0.382683 0.923880 -0.000000
outer loop
vertex -13.3762 37.0932 0.0000
vertex -13.7496 37.2479 13.3486
vertex -13.3762 37.0932 13.3486
endloop
endfacet
facet normal 0.000000 0.000000 1.000000
outer loop
vertex -14.1504 35.7523 13.3486
vertex -13.3762 37.0932 13.3486
vertex -13.7496 37.2479 13.3486
endloop
endfacet
facet normal 0.000000 0.000000 -1.000000
outer loop
vertex -14.1504 35.7523 0.0000
vertex -13.7496 37.2479 0.0000
vertex -13.3762 37.0932 0.0000
endloop
endfacet
facet normal 0.130526 0.991445 0.000000
outer loop
vertex -13.7496 37.2479 0.0000
vertex -14.1504 37.3006 0.0000
vertex -14.1504 37.3006 13.3486
endloop
endfacet
facet normal 0.130526 0.991445 -0.000000
outer loop
vertex -13.7496 37.2479 0.0000
vertex -14.1504 37.3006 13.3486
vertex -13.7496 37.2479 13.3486
endloop
endfacet
facet normal 0.000000 0.000000 1.000000
outer loop
vertex -14.1504 35.7523 13.3486
vertex -13.7496 37.2479 13.3486
vertex -14.1504 37.3006 13.3486
endloop
endfacet
facet normal 0.000000 0.000000 -1.000000
outer loop
vertex -14.1504 35.7523 0.0000
vertex -14.1504 37.3006 0.0000
vertex -13.7496 37.2479 0.0000
endloop
endfacet
facet normal -0.130526 0.991445 0.000000
outer loop
vertex -14.1504 37.3006 0.0000
vertex -14.5511 37.2479 0.0000
vertex -14.5511 37.2479 13.3486
endloop
endfacet
facet normal -0.130526 0.991445 0.000000
outer loop
vertex -14.1504 37.3006 0.0000
vertex -14.5511 37.2479 13.3486
vertex -14.1504 37.3006 13.3486
endloop
endfacet
facet normal 0.000000 -0.000000 1.000000
outer loop
vertex -14.1504 35.7523 13.3486
vertex -14.1504 37.3006 13.3486
vertex -14.5511 37.2479 13.3486
endloop
endfacet
facet normal 0.000000 0.000000 -1.000000
outer loop
vertex -14.1504 35.7523 0.0000
vertex -14.5511 37.2479 0.0000
vertex -14.1504 37.3006 0.0000
endloop
endfacet
facet normal -0.382683 0.923880 0.000000
outer loop
vertex -14.5511 37.2479 0.0000
vertex -14.9246 37.0932 0.0000
vertex -14.9246 37.0932 13.3486
endloop
endfacet
facet normal -0.382683 0.923880 0.000000
outer loop
vertex -14.5511 37.2479 0.0000
vertex -14.9246 37.0932 13.3486
vertex -14.5511 37.2479 13.3486
endloop
endfacet
facet normal 0.000000 0.000000 1.000000
outer loop
vertex -14.1504 35.7523 13.3486
vertex -14.5511 37.2479 13.3486
vertex -14.9246 37.0932 13.3486
endloop
endfacet
facet normal 0.000000 0.000000 -1.000000
outer loop
vertex -14.1504 35.7523 0.0000
vertex -14.9246 37.0932 0.0000
vertex -14.5511 37.2479 0.0000
endloop
endfacet
facet normal -0.608761 0.793353 0.000000
outer loop
vertex -14.9246 37.0932 0.0000
vertex -15.2452 36.8471 0.0000
vertex -15.2452 36.8471 13.3486
endloop
endfacet
facet normal -0.608761 0.793353 0.000000
outer loop
vertex -14.9246 37.0932 0.0000
vertex -15.2452 36.8471 13.3486
vertex -14.9246 37.0932 13.3486
endloop
endfacet
facet normal 0.000000 0.000000 1.000000
outer loop
vertex -14.1504 35.7523 13.3486
vertex -14.9246 37.0932 13.3486
vertex -15.2452 36.8471 13.3486
endloop
endfacet
facet normal 0.000000 0.000000 -1.000000
outer loop
vertex -14.1504 35.7523 0.0000
vertex -15.2452 36.8471 0.0000
vertex -14.9246 37.0932 0.0000
endloop
endfacet
facet normal -0.793353 0.608761 0.000000
outer loop
vertex -15.2452 36.8471 0.0000
vertex -15.4913 36.5264 0.0000
vertex -15.4913 36.5264 13.3486
endloop
endfacet
facet normal -0.793353 0.608761 0.000000
outer loop
vertex -15.2452 36.8471 0.0000
vertex -15.4913 36.5264 13.3486
vertex -15.2452 36.8471 13.3486
endloop
endfacet
facet normal 0.000000 0.000000 1.000000
outer loop
vertex -14.1504 35.7523 13.3486
vertex -15.2452 36.8471 13.3486
vertex -15.4913 36.5264 13.3486
endloop
endfacet
facet normal 0.000000 0.000000 -1.000000
outer loop
vertex -14.1504 35.7523 0.0000
vertex -15.4913 36.5264 0.0000
vertex -15.2452 36.8471 0.0000
endloop
endfacet
facet normal -0.923880 0.382683 0.000000
outer loop
vertex -15.4913 36.5264 0.0000
vertex -15.6460 36.1530 0.0000
vertex -15.6460 36.1530 13.3486
endloop
endfacet
facet normal -0.923880 0.382683 0.000000
outer loop
vertex -15.4913 36.5264 0.0000
vertex -15.6460 36.1530 13.3486
vertex -15.4913 36.5264 13.3486
endloop
endfacet
facet normal 0.000000 0.000000 1.000000
outer loop
vertex -14.1504 35.7523 13.3486
vertex -15.4913 36.5264 13.3486
vertex -15.6460 36.1530 13.3486
endloop
endfacet
facet normal 0.000000 0.000000 -1.000000
outer loop
vertex -14.1504 35.7523 0.0000
vertex -15.6460 36.1530 0.0000
vertex -15.4913 36.5264 0.0000
endloop
endfacet
facet normal -0.991445 0.130526 0.000000
outer loop
vertex -15.6460 36.1530 0.0000
vertex -15.6987 35.7523 0.0000
vertex -15.6987 35.7523 13.3486
endloop
endfacet
facet normal -0.991445 0.130526 0.000000
outer loop
vertex -15.6460 36.1530 0.0000
vertex -15.6987 35.7523 13.3486
vertex -15.6460 36.1530 13.3486
endloop
endfacet
facet normal 0.000000 0.000000 1.000000
outer loop
vertex -14.1504 35.7523 13.3486
vertex -15.6460 36.1530 13.3486
vertex -15.6987 35.7523 13.3486
endloop
endfacet
facet normal 0.000000 0.000000 -1.000000
outer loop
vertex -14.1504 35.7523 0.0000
vertex -15.6987 35.7523 0.0000
vertex -15.6460 36.1530 0.0000
endloop
endfacet
facet normal -0.991445 -0.130526 0.000000
outer loop
vertex -15.6987 35.7523 0.0000
vertex -15.6460 35.3515 0.0000
vertex -15.6460 35.3515 13.3486
endloop
endfacet
facet normal -0.991445 -0.130526 0.000000
outer loop
vertex -15.6987 35.7523 0.0000
vertex -15.6460 35.3515 13.3486
vertex -15.6987 35.7523 13.3486
endloop
endfacet
facet normal 0.000000 0.000000 1.000000
outer loop
vertex -14.1504 35.7523 13.3486
vertex -15.6987 35.7523 13.3486
vertex -15.6460 35.3515 13.3486
endloop
endfacet
facet normal -0.000000 0.000000 -1.000000
outer loop
vertex -14.1504 35.7523 0.0000
vertex -15.6460 35.3515 0.0000
vertex -15.6987 35.7523 0.0000
endloop
endfacet
facet normal -0.923880 -0.382683 0.000000
outer loop
vertex -15.6460 35.3515 0.0000
vertex -15.4913 34.9781 0.0000
vertex -15.4913 34.9781 13.3486
endloop
endfacet
facet normal -0.923880 -0.382683 0.000000
outer loop
vertex -15.6460 35.3515 0.0000
vertex -15.4913 34.9781 13.3486
vertex -15.6460 35.3515 13.3486
endloop
endfacet
facet normal 0.000000 0.000000 1.000000
outer loop
vertex -14.1504 35.7523 13.3486
vertex -15.6460 35.3515 13.3486
vertex -15.4913 34.9781 13.3486
endloop
endfacet
facet normal 0.000000 0.000000 -1.000000
outer loop
vertex -14.1504 35.7523 0.0000
vertex -15.4913 34.9781 0.0000
vertex -15.6460 35.3515 0.0000
endloop
endfacet
facet normal -0.793353 -0.608761 0.000000
outer loop
vertex -15.4913 34.9781 0.0000
vertex -15.2452 34.6574 0.0000
vertex -15.2452 34.6574 13.3486
endloop
endfacet
facet normal -0.793353 -0.608761 0.000000
outer loop
vertex -15.4913 34.9781 0.0000
vertex -15.2452 34.6574 13.3486
vertex -15.4913 34.9781 13.3486
endloop
endfacet
facet normal 0.000000 0.000000 1.000000
outer loop
vertex -14.1504 35.7523 13.3486
vertex -15.4913 34.9781 13.3486
vertex -15.2452 34.6574 13.3486
endloop
endfacet
facet normal 0.000000 0.000000 -1.000000
outer loop
vertex -14.1504 35.7523 0.0000
vertex -15.2452 34.6574 0.0000
vertex -15.4913 34.9781 0.0000
endloop
endfacet
facet normal -0.608761 -0.793353 0.000000
outer loop
vertex -15.2452 34.6574 0.0000
vertex -14.9246 34.4113 0.0000
vertex -14.9246 34.4113 13.3486
endloop
endfacet
facet normal -0.608761 -0.793353 0.000000
outer loop
vertex -15.2452 34.6574 0.0000
vertex -14.9246 34.4113 13.3486
vertex -15.2452 34.6574 13.3486
endloop
endfacet
facet normal 0.000000 0.000000 1.000000
outer loop
vertex -14.1504 35.7523 13.3486
vertex -15.2452 34.6574 13.3486
vertex -14.9246 34.4113 13.3486
endloop
endfacet
facet normal 0.000000 0.000000 -1.000000
outer loop
vertex -14.1504 35.7523 0.0000
vertex -14.9246 34.4113 0.0000
vertex -15.2452 34.6574 0.0000
endloop
endfacet
facet normal -0.382683 -0.923880 0.000000
outer loop
vertex -14.9246 34.4113 0.0000
vertex -14.5511 34.2567 0.0000
vertex -14.5511 34.2567 13.3486
endloop
endfacet
facet normal -0.382683 -0.923880 0.000000
outer loop
vertex -14.9246 34.4113 0.0000
vertex -14.5511 34.2567 13.3486
vertex -14.9246 34.4113 13.3486
endloop
endfacet
facet normal 0.000000 0.000000 1.000000
outer loop
vertex -14.1504 35.7523 13.3486
vertex -14.9246 34.4113 13.3486
vertex -14.5511 34.2567 13.3486
endloop
endfacet
facet normal 0.000000 0.000000 -1.000000
outer loop
vertex -14.1504 35.7523 0.0000
vertex -14.5511 34.2567 0.0000
vertex -14.9246 34.4113 0.0000
endloop
endfacet
facet normal -0.130526 -0.991445 0.000000
outer loop
vertex -14.5511 34.2567 0.0000
vertex -14.1504 34.2039 0.0000
vertex -14.1504 34.2039 13.3486
endloop
endfacet
facet normal -0.130526 -0.991445 0.000000
outer loop
vertex -14.5511 34.2567 0.0000
vertex -14.1504 34.2039 13.3486
vertex -14.5511 34.2567 13.3486
endloop
endfacet
facet normal 0.000000 0.000000 1.000000
outer loop
vertex -14.1504 35.7523 13.3486
vertex -14.5511 34.2567 13.3486
vertex -14.1504 34.2039 13.3486
endloop
endfacet
facet normal 0.000000 -0.000000 -1.000000
outer loop
vertex -14.1504 35.7523 0.0000
vertex -14.1504 34.2039 0.0000
vertex -14.5511 34.2567 0.0000
endloop
endfacet
facet normal 0.130526 -0.991445 0.000000
outer loop
vertex -14.1504 34.2039 0.0000
vertex -13.7496 34.2567 0.0000
vertex -13.7496 34.2567 13.3486
endloop
endfacet
facet normal 0.130526 -0.991445 0.000000
outer loop
vertex -14.1504 34.2039 0.0000
vertex -13.7496 34.2567 13.3486
vertex -14.1504 34.2039 13.3486
endloop
endfacet
facet normal 0.000000 0.000000 1.000000
outer loop
vertex -14.1504 35.7523 13.3486
vertex -14.1504 34.2039 13.3486
vertex -13.7496 34.2567 13.3486
endloop
endfacet
facet normal 0.000000 0.000000 -1.000000
outer loop
vertex -14.1504 35.7523 0.0000
vertex -13.7496 34.2567 0.0000
vertex -14.1504 34.2039 0.0000
endloop
endfacet
facet normal 0.382683 -0.923880 0.000000
outer loop
vertex -13.7496 34.2567 0.0000
vertex -13.3762 34.4113 0.0000
vertex -13.3762 34.4113 13.3486
endloop
endfacet
facet normal 0.382683 -0.923880 0.000000
outer loop
vertex -13.7496 34.2567 0.0000
vertex -13.3762 34.4113 13.3486
vertex -13.7496 34.2567 13.3486
endloop
endfacet
facet normal 0.000000 0.000000 1.000000
outer loop
vertex -14.1504 35.7523 13.3486
vertex -13.7496 34.2567 13.3486
vertex -13.3762 34.4113 13.3486
endloop
endfacet
facet normal 0.000000 0.000000 -1.000000
outer loop
vertex -14.1504 35.7523 0.0000
vertex -13.3762 34.4113 0.0000
vertex -13.7496 34.2567 0.0000
endloop
endfacet
facet normal 0.608761 -0.793353 0.000000
outer loop
vertex -13.3762 34.4113 0.0000
vertex -13.0555 34.6574 0.0000
vertex -13.0555 34.6574 13.3486
endloop
endfacet
facet normal 0.608761 -0.793353 0.000000
outer loop
vertex -13.3762 34.4113 0.0000
vertex -13.0555 34.6574 13.3486
vertex -13.3762 34.4113 13.3486
endloop
endfacet
facet normal 0.000000 0.000000 1.000000
outer loop
vertex -14.1504 35.7523 13.3486
vertex -13.3762 34.4113 13.3486
vertex -13.0555 34.6574 13.3486
endloop
endfacet
facet normal 0.000000 0.000000 -1.000000
outer loop
vertex -14.1504 35.7523 0.0000
vertex -13.0555 34.6574 0.0000
vertex -13.3762 34.4113 0.0000
endloop
endfacet
facet normal 0.793353 -0.608761 0.000000
outer loop
vertex -13.0555 34.6574 0.0000
vertex -12.8094 34.9781 0.0000
vertex -12.8094 34.9781 13.3486
endloop
endfacet
facet normal 0.793353 -0.608761 0.000000
outer loop
vertex -13.0555 34.6574 0.0000
vertex -12.8094 34.9781 13.3486
vertex -13.0555 34.6574 13.3486
endloop
endfacet
facet normal 0.000000 0.000000 1.000000
outer loop
vertex -14.1504 35.7523 13.3486
vertex -13.0555 34.6574 13.3486
vertex -12.8094 34.9781 13.3486
endloop
endfacet
facet normal 0.000000 0.000000 -1.000000
outer loop
vertex -14.1504 35.7523 0.0000
vertex -12.8094 34.9781 0.0000
vertex -13.0555 34.6574 0.0000
endloop
endfacet
facet normal 0.923880 -0.382683 0.000000
outer loop
vertex -12.8094 34.9781 0.0000
vertex -12.6548 35.3515 0.0000
vertex -12.6548 35.3515 13.3486
endloop
endfacet
facet normal 0.923880 -0.382683 0.000000
outer loop
vertex -12.8094 34.9781 0.0000
vertex -12.6548 35.3515 13.3486
vertex -12.8094 34.9781 13.3486
endloop
endfacet
facet normal 0.000000 0.000000 1.000000
outer loop
vertex -14.1504 35.7523 13.3486
vertex -12.8094 34.9781 13.3486
vertex -12.6548 35.3515 13.3486
endloop
endfacet
facet normal 0.000000 0.000000 -1.000000
outer loop
vertex -14.1504 35.7523 0.0000
vertex -12.6548 35.3515 0.0000
vertex -12.8094 34.9781 0.0000
endloop
endfacet
facet normal 0.991445 -0.130526 0.000000
outer loop
vertex -12.6548 35.3515 0.0000
vertex -12.6020 35.7523 0.0000
vertex -12.6020 35.7523 13.3486
endloop
endfacet
facet normal 0.991445 -0.130526 0.000000
outer loop
vertex -12.6548 35.3515 0.0000
vertex -12.6020 35.7523 13.3486
vertex -12.6548 35.3515 13.3486
endloop
endfacet
facet normal -0.000000 0.000000 1.000000
outer loop
vertex -14.1504 35.7523 13.3486
vertex -12.6548 35.3515 13.3486
vertex -12.6020 35.7523 13.3486
endloop
endfacet
facet normal 0.000000 0.000000 -1.000000
outer loop
vertex -14.1504 35.7523 0.0000
vertex -12.6020 35.7523 0.0000
vertex -12.6548 35.3515 0.0000
endloop
endfacet
facet normal 0.991445 0.130526 0.000000
outer loop
vertex -25.0047 6.6003 0.0000
vertex -25.0670 7.0734 0.0000
vertex -25.0670 7.0734 15.8979
endloop
endfacet
facet normal 0.991445 0.130526 -0.000000
outer loop
vertex -25.0047 6.6003 0.0000
vertex -25.0670 7.0734 15.8979
vertex -25.0047 6.6003 15.8979
endloop
endfacet
facet normal 0.000000 0.000000 1.000000
outer loop
vertex -26.8327 6.6003 15.8979
vertex -25.0047 6.6003 15.8979
vertex -25.0670 7.0734 15.8979
endloop
endfacet
facet normal 0.000000 0.000000 -1.000000
outer loop
vertex -26.8327 6.6003 0.0000
vertex -25.0670 7.0734 0.0000
vertex -25.0047 6.6003 0.0000
endloop
endfacet
facet normal 0.923880 0.382683 0.000000
outer loop
vertex -25.0670 7.0734 0.0000
vertex -25.2496 7.5143 0.0000
vertex -25.2496 7.5143 15.8979
endloop
endfacet
facet normal 0.923880 0.382683 -0.000000
outer loop
vertex -25.0670 7.0734 0.0000
vertex -25.2496 7.5143 15.8979
vertex -25.0670 7.0734 15.8979
endloop
endfacet
facet normal 0.000000 0.000000 1.000000
outer loop
vertex -26.8327 6.6003 15.8979
vertex -25.0670 7.0734 15.8979
vertex -25.2496 7.5143 15.8979
endloop
endfacet
facet normal 0.000000 0.000000 -1.000000
outer loop
vertex -26.8327 6.6003 0.0000
vertex -25.2496 7.5143 0.0000
vertex -25.0670 7.0734 0.0000
endloop
endfacet
facet normal 0.793353 0.608761 0.000000
outer loop
vertex -25.2496 7.5143 0.0000
vertex -25.5401 7.8929 0.0000
vertex -25.5401 7.8929 15.8979
endloop
endfacet
facet normal 0.793353 0.608761 -0.000000
outer loop
vertex -25.2496 7.5143 0.0000
vertex -25.5401 7.8929 15.8979
vertex -25.2496 7.5143 15.8979
endloop
endfacet
facet normal 0.000000 0.000000 1.000000
outer loop
vertex -26.8327 6.6003 15.8979
vertex -25.2496 7.5143 15.8979
vertex -25.5401 7.8929 15.8979
endloop
endfacet
facet normal 0.000000 0.000000 -1.000000
outer loop
vertex -26.8327 6.6003 0.0000
vertex -25.5401 7.8929 0.0000
vertex -25.2496 7.5143 0.0000
endloop
endfacet
facet normal 0.608761 0.793353 0.000000
outer loop
vertex -25.5401 7.8929 0.0000
vertex -25.9187 8.1834 0.0000
vertex -25.9187 8.1834 15.8979
endloop
endfacet
facet normal 0.608761 0.793353 -0.000000
outer loop
vertex -25.5401 7.8929 0.0000
vertex -25.9187 8.1834 15.8979
vertex -25.5401 7.8929 15.8979
endloop
endfacet
facet normal 0.000000 0.000000 1.000000
outer loop
vertex -26.8327 6.6003 15.8979
vertex -25.5401 7.8929 15.8979
vertex -25.9187 8.1834 15.8979
endloop
endfacet
facet normal 0.000000 0.000000 -1.000000
outer loop
vertex -26.8327 6.6003 0.0000
vertex -25.9187 8.1834 0.0000
vertex -25.5401 7.8929 0.0000
endloop
endfacet
facet normal 0.382683 0.923880 0.000000
outer loop
vertex -25.9187 8.1834 0.0000
vertex -26.3596 8.3660 0.0000
vertex -26.3596 8.3660 15.8979
endloop
endfacet
facet normal 0.382683 0.923880 -0.000000
outer loop
vertex -25.9187 8.1834 0.0000
vertex -26.3596 8.3660 15.8979
vertex -25.9187 8.1834 15.8979
endloop
endfacet
facet normal 0.000000 0.000000 1.000000
outer loop
vertex -26.8327 6.6003 15.8979
vertex -25.9187 8.1834 15.8979
vertex -26.3596 8.3660 15.8979
endloop
endfacet
facet normal 0.000000 0.000000 -1.000000
outer loop
vertex -26.8327 6.6003 0.0000
vertex -26.3596 8.3660 0.0000
vertex -25.9187 8.1834 0.0000
endloop
endfacet
facet normal 0.130526 0.991445 0.000000
outer loop
vertex -26.3596 8.3660 0.0000
vertex -26.8327 8.4283 0.0000
vertex -26.8327 8.4283 15.8979
endloop
endfacet
facet normal 0.130526 0.991445 -0.000000
outer loop
vertex -26.3596 8.3660 0.0000
vertex -26.8327 8.4283 15.8979
vertex -26.3596 8.3660 15.8979
endloop
endfacet
facet normal 0.000000 0.000000 1.000000
outer loop
vertex -26.8327 6.6003 15.8979
vertex -26.3596 8.3660 15.8979
vertex -26.8327 8.4283 15.8979
endloop
endfacet
facet normal 0.000000 0.000000 -1.000000
outer loop
vertex -26.8327 6.6003 0.0000
vertex -26.8327 8.4283 0.0000
vertex -26.3596 8.3660 0.0000
endloop
endfacet
facet normal -0.130526 0.991445 0.000000
outer loop
vertex -26.8327 8.4283 0.0000
vertex -27.3058 8.3660 0.0000
vertex -27.3058 8.3660 15.8979
endloop
endfacet
facet normal -0.130526 0.991445 0.000000
outer loop
vertex -26.8327 8.4283 0.0000
vertex -27.3058 8.3660 15.8979
vertex -26.8327 8.4283 15.8979
endloop
endfacet
facet normal 0.000000 -0.000000 1.000000
outer loop
vertex -26.8327 6.6003 15.8979
vertex -26.8327 8.4283 15.8979
vertex -27.3058 8.3660 15.8979
endloop
endfacet
facet normal 0.000000 0.000000 -1.000000
outer loop
vertex -26.8327 6.6003 0.0000
vertex -27.3058 8.3660 0.0000
vertex -26.8327 8.4283 0.0000
endloop
endfacet
facet normal -0.382683 0.923880 0.000000
outer loop
vertex -27.3058 8.3660 0.0000
vertex -27.7467 8.1834 0.0000
vertex -27.7467 8.1834 15.8979
endloop
endfacet
facet normal -0.382683 0.923880 0.000000
outer loop
vertex -27.3058 8.3660 0.0000
vertex -27.7467 8.1834 15.8979
vertex -27.3058 8.3660 15.8979
endloop
endfacet
facet normal 0.000000 0.000000 1.000000
outer loop
vertex -26.8327 6.6003 15.8979
vertex -27.3058 8.3660 15.8979
vertex -27.7467 8.1834 15.8979
endloop
endfacet
facet normal 0.000000 0.000000 -1.000000
outer loop
vertex -26.8327 6.6003 0.0000
vertex -27.7467 8.1834 0.0000
vertex -27.3058 8.3660 0.0000
endloop
endfacet
facet normal -0.608761 0.793353 0.000000
outer loop
vertex -27.7467 8.1834 0.0000
vertex -28.1253 7.8929 0.0000
vertex -28.1253 7.8929 15.8979
endloop
endfacet
facet normal -0.608761 0.793353 0.000000
outer loop
vertex -27.7467 8.1834 0.0000
vertex -28.1253 7.8929 15.8979
vertex -27.7467 8.1834 15.8979
endloop
endfacet
facet normal 0.000000 0.000000 1.000000
outer loop
vertex -26.8327 6.6003 15.8979
vertex -27.7467 8.1834 15.8979
vertex -28.1253 7.8929 15.8979
endloop
endfacet
facet normal 0.000000 0.000000 -1.000000
outer loop
vertex -26.8327 6.6003 0.0000
vertex -28.1253 7.8929 0.0000
vertex -27.7467 8.1834 0.0000
endloop
endfacet
facet normal -0.793353 0.608761 0.000000
outer loop
vertex -28.1253 7.8929 0.0000
vertex -28.4158 7.5143 0.0000
vertex -28.4158 7.5143 15.8979
endloop
endfacet
facet normal -0.793353 0.608761 0.000000
outer loop
vertex -28.1253 7.8929 0.0000
vertex -28.4158 7.5143 15.8979
vertex -28.1253 7.8929 15.8979
endloop
endfacet
facet normal 0.000000 0.000000 1.000000
outer loop
vertex -26.8327 6.6003 15.8979
vertex -28.1253 7.8929 15.8979
vertex -28.4158 7.5143 15.8979
endloop
endfacet
facet normal 0.000000 0.000000 -1.000000
outer loop
vertex -26.8327 6.6003 0.0000
vertex -28.4158 7.5143 0.0000
vertex -28.1253 7.8929 0.0000
endloop
endfacet
facet normal -0.923880 0.382683 0.000000
outer loop
vertex -28.4158 7.5143 0.0000
vertex -28.5985 7.0734 0.0000
vertex -28.5985 7.0734 15.8979
endloop
endfacet
facet normal -0.923880 0.382683 0.000000
outer loop
vertex -28.4158 7.5143 0.0000
vertex -28.5985 7.0734 15.8979
vertex -28.4158 7.5143 15.8979
endloop
endfacet
facet normal 0.000000 0.000000 1.000000
outer loop
vertex -26.8327 6.6003 15.8979
vertex -28.4158 7.5143 15.8979
vertex -28.5985 7.0734 15.8979
endloop
endfacet
facet normal 0.000000 0.000000 -1.000000
outer loop
vertex -26.8327 6.6003 0.0000
vertex -28.5985 7.0734 0.0000
vertex -28.4158 7.5143 0.0000
endloop
endfacet
facet normal -0.991445 0.130526 0.000000
outer loop
vertex -28.5985 7.0734 0.0000
vertex -28.6607 6.6003 0.0000
vertex -28.6607 6.6003 15.8979
endloop
endfacet
facet normal -0.991445 0.130526 0.000000
outer loop
vertex -28.5985 7.0734 0.0000
vertex -28.6607 6.6003 15.8979
vertex -28.5985 7.0734 15.8979
endloop
endfacet
facet normal 0.000000 0.000000 1.000000
outer loop
vertex -26.8327 6.6003 15.8979
vertex -28.5985 7.0734 15.8979
vertex -28.6607 6.6003 15.8979
endloop
endfacet
facet normal 0.000000 0.000000 -1.000000
outer loop
vertex -26.8327 6.6003 0.0000
vertex -28.6607 6.6003 0.0000
vertex -28.5985 7.0734 0.0000
endloop
endfacet
facet normal -0.991445 -0.130526 0.000000
outer loop
vertex -28.6607 6.6003 0.0000
vertex -28.5985 6.1272 0.0000
vertex -28.5985 6.1272 15.8979
endloop
endfacet
facet normal -0.991445 -0.130526 0.000000
outer loop
vertex -28.6607 6.6003 0.0000
vertex -28.5985 6.1272 15.8979
vertex -28.6607 6.6003 15.8979
endloop
endfacet
facet normal 0.000000 0.000000 1.000000
outer loop
vertex -26.8327 6.6003 15.8979
vertex -28.6607 6.6003 15.8979
vertex -28.5985 6.1272 15.8979
endloop
endfacet
facet normal -0.000000 0.000000 -1.000000
outer loop
vertex -26.8327 6.6003 0.0000
vertex -28.5985 6.1272 0.0000
vertex -28.6607 6.6003 0.0000
endloop
endfacet
facet normal -0.923880 -0.382683 0.000000
outer loop
vertex -28.5985 6.1272 0.0000
vertex -28.4158 5.6863 0.0000
vertex -28.4158 5.6863 15.8979
endloop
endfacet
facet normal -0.923880 -0.382683 0.000000
outer loop
vertex -28.5985 6.1272 0.0000
vertex -28.4158 5.6863 15.8979
vertex -28.5985 6.1272 15.8979
endloop
endfacet
facet normal 0.000000 0.000000 1.000000
outer loop
vertex -26.8327 6.6003 15.8979
vertex -28.5985 6.1272 15.8979
vertex -28.4158 5.6863 15.8979
endloop
endfacet
facet normal 0.000000 0.000000 -1.000000
outer loop
vertex -26.8327 6.6003 0.0000
vertex -28.4158 5.6863 0.0000
vertex -28.5985 6.1272 0.0000
endloop
endfacet
facet normal -0.793353 -0.608761 0.000000
outer loop
vertex -28.4158 5.6863 0.0000
vertex -28.1253 5.3077 0.0000
vertex -28.1253 5.3077 15.8979
endloop
endfacet
facet normal -0.793353 -0.608761 0.000000
outer loop
vertex -28.4158 5.6863 0.0000
vertex -28.1253 5.3077 15.8979
vertex -28.4158 5.6863 15.8979
endloop
endfacet
facet normal 0.000000 0.000000 1.000000
outer loop
vertex -26.8327 6.6003 15.8979
vertex -28.4158 5.6863 15.8979
vertex -28.1253 5.3077 15.8979
endloop
endfacet
facet normal 0.000000 0.000000 -1.000000
outer loop
vertex -26.8327 6.6003 0.0000
vertex -28.1253 5.3077 0.0000
vertex -28.4158 5.6863 0.0000
endloop
endfacet
facet normal -0.608761 -0.793353 0.000000
outer loop
vertex -28.1253 5.3077 0.0000
vertex -27.7467 5.0172 0.0000
vertex -27.7467 5.0172 15.8979
endloop
endfacet
facet normal -0.608761 -0.793353 0.000000
outer loop
vertex -28.1253 5.3077 0.0000
vertex -27.7467 5.0172 15.8979
vertex -28.1253 5.3077 15.8979
endloop
endfacet
facet normal 0.000000 0.000000 1.000000
outer loop
vertex -26.8327 6.6003 15.8979
vertex -28.1253 5.3077 15.8979
vertex -27.7467 5.0172 15.8979
endloop
endfacet
facet normal 0.000000 0.000000 -1.000000
outer loop
vertex -26.8327 6.6003 0.0000
vertex -27.7467 5.0172 0.0000
vertex -28.1253 5.3077 0.0000
endloop
endfacet
facet normal -0.382683 -0.923880 0.000000
outer loop
vertex -27.7467 5.0172 0.0000
vertex -27.3058 4.8345 0.0000
vertex -27.3058 4.8345 15.8979
endloop
endfacet
facet normal -0.382683 -0.923880 0.000000
outer loop
vertex -27.7467 5.0172 0.0000
vertex -27.3058 4.8345 15.8979
vertex -27.7467 5.0172 15.8979
endloop
endfacet
facet normal 0.000000 0.000000 1.000000
outer loop
vertex -26.8327 6.6003 15.8979
vertex -27.7467 5.0172 15.8979
vertex -27.3058 4.8345 15.8979
endloop
endfacet
facet normal 0.000000 0.000000 -1.000000
outer loop
vertex -26.8327 6.6003 0.0000
vertex -27.3058 4.8345 0.0000
vertex -27.7467 5.0172 0.0000
endloop
endfacet
facet normal -0.130526 -0.991445 0.000000
outer loop
vertex -27.3058 4.8345 0.0000
vertex -26.8327 4.7722 0.0000
vertex -26.8327 4.7722 15.8979
endloop
endfacet
facet normal -0.130526 -0.991445 0.000000
outer loop
vertex -27.3058 4.8345 0.0000
vertex -26.8327 4.7722 15.8979
vertex -27.3058 4.8345 15.8979
endloop
endfacet
facet normal 0.000000 0.000000 1.000000
outer loop
vertex -26.8327 6.6003 15.8979
vertex -27.3058 4.8345 15.8979
vertex -26.8327 4.7722 15.8979
endloop
endfacet
facet normal 0.000000 -0.000000 -1.000000
outer loop
vertex -26.8327 6.6003 0.0000
vertex -26.8327 4.7722 0.0000
vertex -27.3058 4.8345 0.0000
endloop
endfacet
facet normal 0.130526 -0.991445 0.000000
outer loop
vertex -26.8327 4.7722 0.0000
vertex -26.3596 4.8345 0.0000
vertex -26.3596 4.8345 15.8979
endloop
endfacet
facet normal 0.130526 -0.991445 0.000000
outer loop
vertex -26.8327 4.7722 0.0000
vertex -26.3596 4.8345 15.8979
vertex -26.8327 4.7722 15.8979
endloop
endfacet
facet normal 0.000000 0.000000 1.000000
outer loop
vertex -26.8327 6.6003 15.8979
vertex -26.8327 4.7722 15.8979
vertex -26.3596 4.8345 15.8979
endloop
endfacet
facet normal 0.000000 0.000000 -1.000000
outer loop
vertex -26.8327 6.6003 0.0000
vertex -26.3596 4.8345 0.0000
vertex -26.8327 4.7722 0.0000
endloop
endfacet
facet normal 0.382683 -0.923880 0.000000
outer loop
vertex -26.3596 4.8345 0.0000
vertex -25.9187 5.0172 0.0000
vertex -25.9187 5.0172 15.8979
endloop
endfacet
facet normal 0.382683 -0.923880 0.000000
outer loop
vertex -26.3596 4.8345 0.0000
vertex -25.9187 5.0172 15.8979
vertex -26.3596 4.8345 15.8979
endloop
endfacet
facet normal 0.000000 0.000000 1.000000
outer loop
vertex -26.8327 6.6003 15.8979
vertex -26.3596 4.8345 15.8979
vertex -25.9187 5.0172 15.8979
endloop
endfacet
facet normal 0.000000 0.000000 -1.000000
outer loop
vertex -26.8327 6.6003 0.0000
vertex -25.9187 5.0172 0.0000
vertex -26.3596 4.8345 0.0000
endloop
endfacet
facet normal 0.608761 -0.793353 0.000000
outer loop
vertex -25.9187 5.0172 0.0000
vertex -25.5401 5.3077 0.0000
vertex -25.5401 5.3077 15.8979
endloop
endfacet
facet normal 0.608761 -0.793353 0.000000
outer loop
vertex -25.9187 5.0172 0.0000
vertex -25.5401 5.3077 15.8979
vertex -25.9187 5.0172 15.8979
endloop
endfacet
facet normal 0.000000 0.000000 1.000000
outer loop
vertex -26.8327 6.6003 15.8979
vertex -25.9187 5.0172 15.8979
vertex -25.5401 5.3077 15.8979
endloop
endfacet
facet normal 0.000000 0.000000 -1.000000
outer loop
vertex -26.8327 6.6003 0.0000
vertex -25.5401 5.3077 0.0000
vertex -25.9187 5.0172 0.0000
endloop
endfacet
facet normal 0.793353 -0.608761 0.000000
outer loop
vertex -25.5401 5.3077 0.0000
vertex -25.2496 5.6863 0.0000
vertex -25.2496 5.6863 15.8979
endloop
endfacet
facet normal 0.793353 -0.608761 0.000000
outer loop
vertex -25.5401 5.3077 0.0000
vertex -25.2496 5.6863 15.8979
vertex -25.5401 5.3077 15.8979
endloop
endfacet
facet normal 0.000000 0.000000 1.000000
outer loop
vertex -26.8327 6.6003 15.8979
vertex -25.5401 5.3077 15.8979
vertex -25.2496 5.6863 15.8979
endloop
endfacet
facet normal 0.000000 0.000000 -1.000000
outer loop
vertex -26.8327 6.6003 0.0000
vertex -25.2496 5.6863 0.0000
vertex -25.5401 5.3077 0.0000
endloop
endfacet
facet normal 0.923880 -0.382683 0.000000
outer loop
vertex -25.2496 5.6863 0.0000
vertex -25.0670 6.1272 0.0000
vertex -25.0670 6.1272 15.8979
endloop
endfacet
facet normal 0.923880 -0.382683 0.000000
outer loop
vertex -25.2496 5.6863 0.0000
vertex -25.0670 6.1272 15.8979
vertex -25.2496 5.6863 15.8979
endloop
endfacet
facet normal 0.000000 0.000000 1.000000
outer loop
vertex -26.8327 6.6003 15.8979
vertex -25.2496 5.6863 15.8979
vertex -25.0670 6.1272 15.8979
endloop
endfacet
facet normal 0.000000 0.000000 -1.000000
outer loop
vertex -26.8327 6.6003 0.0000
vertex -25.0670 6.1272 0.0000
vertex -25.2496 5.6863 0.0000
endloop
endfacet
facet normal 0.991445 -0.130526 0.000000
outer loop
vertex -25.0670 6.1272 0.0000
vertex -25.0047 6.6003 0.0000
vertex -25.0047 6.6003 15.8979
endloop
endfacet
facet normal 0.991445 -0.130526 0.000000
outer loop
vertex -25.0670 6.1272 0.0000
vertex -25.0047 6.6003 15.8979
vertex -25.0670 6.1272 15.8979
endloop
endfacet
facet normal 0.000000 0.000000 1.000000
outer loop
vertex -26.8327 6.6003 15.8979
vertex -25.0670 6.1272 15.8979
vertex -25.0047 6.6003 15.8979
endloop
endfacet
facet normal 0.000000 0.000000 -1.000000
outer loop
vertex -26.8327 6.6003 0.0000
vertex -25.0047 6.6003 0.0000
vertex -25.0670 6.1272 0.0000
endloop
endfacet
endsolid terrain
