solid terrain
facet normal 0.000000 0.000000 -1.000000
outer loop
vertex -33.0000 -43.0000 0.0000
vertex -33.0000 43.0000 0.0000
vertex 33.0000 43.0000 0.0000
endloop
endfacet
facet normal 0.000000 0.000000 -1.000000
outer loop
vertex -33.0000 -43.0000 0.0000
vertex 33.0000 43.0000 0.0000
vertex 33.0000 -43.0000 0.0000
endloop
endfacet
facet normal 0.000000 0.000000 1.000000
outer loop
vertex -33.0000 -43.0000 0.0500
vertex 33.0000 -43.0000 0.0500
vertex 33.0000 43.0000 0.0500
endloop
endfacet
facet normal 0.000000 0.000000 1.000000
outer loop
vertex -33.0000 -43.0000 0.0500
vertex 33.0000 43.0000 0.0500
vertex -33.0000 43.0000 0.0500
endloop
endfacet
facet normal 0.000000 -1.000000 0.000000
outer loop
vertex -33.0000 -43.0000 0.0000
vertex 33.0000 -43.0000 0.0000
vertex 33.0000 -43.0000 0.0500
endloop
endfacet
facet normal 0.000000 -1.000000 0.000000
outer loop
vertex -33.0000 -43.0000 0.0000
vertex 33.0000 -43.0000 0.0500
vertex -33.0000 -43.0000 0.0500
endloop
endfacet
facet normal 1.000000 0.000000 0.000000
outer loop
vertex 33.0000 -43.0000 0.0000
vertex 33.0000 43.0000 0.0000
vertex 33.0000 43.0000 0.0500
endloop
endfacet
facet normal 1.000000 0.000000 0.000000
outer loop
vertex 33.0000 -43.0000 0.0000
vertex 33.0000 43.0000 0.0500
vertex 33.0000 -43.0000 0.0500
endloop
endfacet
facet normal 0.000000 1.000000 0.000000
outer loop
vertex 33.0000 43.0000 0.0000
vertex -33.0000 43.0000 0.0000
vertex -33.0000 43.0000 0.0500
endloop
endfacet
facet normal 0.000000 1.000000 -0.000000
outer loop
vertex 33.0000 43.0000 0.0000
vertex -33.0000 43.0000 0.0500
vertex 33.0000 43.0000 0.0500
endloop
endfacet
facet normal -1.000000 0.000000 0.000000
outer loop
vertex -33.0000 43.0000 0.0000
vertex -33.0000 -43.0000 0.0000
vertex -33.0000 -43.0000 0.0500
endloop
endfacet
facet normal -1.000000 0.000000 0.000000
outer loop
vertex -33.0000 43.0000 0.0000
vertex -33.0000 -43.0000 0.0500
vertex -33.0000 43.0000 0.0500
endloop
endfacet
facet normal 0.000000 0.000000 -1.000000
outer loop
vertex 13.7814 13.3239 0.0000
vertex 13.7814 21.3660 0.0000
vertex 23.9182 21.3660 0.0000
endloop
endfacet
facet normal 0.000000 0.000000 -1.000000
outer loop
vertex 13.7814 13.3239 0.0000
vertex 23.9182 21.3660 0.0000
vertex 23.9182 13.3239 0.0000
endloop
endfacet
facet normal 0.000000 0.000000 1.000000
outer loop
vertex 13.7814 13.3239 19.6450
vertex 23.9182 13.3239 19.6450
vertex 23.9182 21.3660 19.6450
endloop
endfacet
facet normal 0.000000 0.000000 1.000000
outer loop
vertex 13.7814 13.3239 19.6450
vertex 23.9182 21.3660 19.6450
vertex 13.7814 21.3660 19.6450
endloop
endfacet
facet normal 0.000000 -1.000000 0.000000
outer loop
vertex 13.7814 13.3239 0.0000
vertex 23.9182 13.3239 0.0000
vertex 23.9182 13.3239 19.6450
endloop
endfacet
facet normal 0.000000 -1.000000 0.000000
outer loop
vertex 13.7814 13.3239 0.0000
vertex 23.9182 13.3239 19.6450
vertex 13.7814 13.3239 19.6450
endloop
endfacet
facet normal 1.000000 0.000000 0.000000
outer loop
vertex 23.9182 13.3239 0.0000
vertex 23.9182 21.3660 0.0000
vertex 23.9182 21.3660 19.6450
endloop
endfacet
facet normal 1.000000 0.000000 0.000000
outer loop
vertex 23.9182 13.3239 0.0000
vertex 23.9182 21.3660 19.6450
vertex 23.9182 13.3239 19.6450
endloop
endfacet
facet normal 0.000000 1.000000 0.000000
outer loop
vertex 23.9182 21.3660 0.0000
vertex 13.7814 21.3660 0.0000
vertex 13.7814 21.3660 19.6450
endloop
endfacet
facet normal 0.000000 1.000000 -0.000000
outer loop
vertex 23.9182 21.3660 0.0000
vertex 13.7814 21.3660 19.6450
vertex 23.9182 21.3660 19.6450
endloop
endfacet
facet normal -1.000000 0.000000 0.000000
outer loop
vertex 13.7814 21.3660 0.0000
vertex 13.7814 13.3239 0.0000
vertex 13.7814 13.3239 19.6450
endloop
endfacet
facet normal -1.000000 0.000000 0.000000
outer loop
vertex 13.7814 21.3660 0.0000
vertex 13.7814 13.3239 19.6450
vertex 13.7814 21.3660 19.6450
endloop
endfacet
facet normal 0.986752 0.129908 0.097187
outer loop
vertex -14.0359 8.2973 0.0000
vertex -14.1938 9.4972 0.0000
vertex -14.2799 9.4741 0.9044
endloop
endfacet
facet normal 0.986752 0.129908 0.097187
outer loop
vertex -14.0359 8.2973 0.0000
vertex -14.2799 9.4741 0.9044
vertex -14.1249 8.2973 0.9044
endloop
endfacet
facet normal 0.919506 0.380872 0.097187
outer loop
vertex -14.1938 9.4972 0.0000
vertex -14.6570 10.6153 0.0000
vertex -14.7341 10.5707 0.9044
endloop
endfacet
facet normal 0.919506 0.380872 0.097187
outer loop
vertex -14.1938 9.4972 0.0000
vertex -14.7341 10.5707 0.9044
vertex -14.2799 9.4741 0.9044
endloop
endfacet
facet normal 0.789598 0.605880 0.097187
outer loop
vertex -14.6570 10.6153 0.0000
vertex -15.3937 11.5754 0.0000
vertex -15.4567 11.5124 0.9044
endloop
endfacet
facet normal 0.789598 0.605880 0.097187
outer loop
vertex -14.6570 10.6153 0.0000
vertex -15.4567 11.5124 0.9044
vertex -14.7341 10.5707 0.9044
endloop
endfacet
facet normal 0.605880 0.789598 0.097187
outer loop
vertex -15.3937 11.5754 0.0000
vertex -16.3539 12.3122 0.0000
vertex -16.3984 12.2350 0.9044
endloop
endfacet
facet normal 0.605880 0.789598 0.097187
outer loop
vertex -15.3937 11.5754 0.0000
vertex -16.3984 12.2350 0.9044
vertex -15.4567 11.5124 0.9044
endloop
endfacet
facet normal 0.380872 0.919506 0.097187
outer loop
vertex -16.3539 12.3122 0.0000
vertex -17.4720 12.7753 0.0000
vertex -17.4950 12.6893 0.9044
endloop
endfacet
facet normal 0.380872 0.919506 0.097187
outer loop
vertex -16.3539 12.3122 0.0000
vertex -17.4950 12.6893 0.9044
vertex -16.3984 12.2350 0.9044
endloop
endfacet
facet normal 0.129908 0.986752 0.097187
outer loop
vertex -17.4720 12.7753 0.0000
vertex -18.6719 12.9333 0.0000
vertex -18.6719 12.8442 0.9044
endloop
endfacet
facet normal 0.129908 0.986752 0.097187
outer loop
vertex -17.4720 12.7753 0.0000
vertex -18.6719 12.8442 0.9044
vertex -17.4950 12.6893 0.9044
endloop
endfacet
facet normal -0.129908 0.986752 0.097187
outer loop
vertex -18.6719 12.9333 0.0000
vertex -19.8718 12.7753 0.0000
vertex -19.8487 12.6893 0.9044
endloop
endfacet
facet normal -0.129908 0.986752 0.097187
outer loop
vertex -18.6719 12.9333 0.0000
vertex -19.8487 12.6893 0.9044
vertex -18.6719 12.8442 0.9044
endloop
endfacet
facet normal -0.380872 0.919506 0.097187
outer loop
vertex -19.8718 12.7753 0.0000
vertex -20.9899 12.3122 0.0000
vertex -20.9453 12.2350 0.9044
endloop
endfacet
facet normal -0.380872 0.919506 0.097187
outer loop
vertex -19.8718 12.7753 0.0000
vertex -20.9453 12.2350 0.9044
vertex -19.8487 12.6893 0.9044
endloop
endfacet
facet normal -0.605880 0.789598 0.097187
outer loop
vertex -20.9899 12.3122 0.0000
vertex -21.9500 11.5754 0.0000
vertex -21.8870 11.5124 0.9044
endloop
endfacet
facet normal -0.605880 0.789598 0.097187
outer loop
vertex -20.9899 12.3122 0.0000
vertex -21.8870 11.5124 0.9044
vertex -20.9453 12.2350 0.9044
endloop
endfacet
facet normal -0.789598 0.605880 0.097187
outer loop
vertex -21.9500 11.5754 0.0000
vertex -22.6868 10.6153 0.0000
vertex -22.6096 10.5707 0.9044
endloop
endfacet
facet normal -0.789598 0.605880 0.097187
outer loop
vertex -21.9500 11.5754 0.0000
vertex -22.6096 10.5707 0.9044
vertex -21.8870 11.5124 0.9044
endloop
endfacet
facet normal -0.919506 0.380872 0.097187
outer loop
vertex -22.6868 10.6153 0.0000
vertex -23.1499 9.4972 0.0000
vertex -23.0639 9.4741 0.9044
endloop
endfacet
facet normal -0.919506 0.380872 0.097187
outer loop
vertex -22.6868 10.6153 0.0000
vertex -23.0639 9.4741 0.9044
vertex -22.6096 10.5707 0.9044
endloop
endfacet
facet normal -0.986752 0.129908 0.097187
outer loop
vertex -23.1499 9.4972 0.0000
vertex -23.3079 8.2973 0.0000
vertex -23.2188 8.2973 0.9044
endloop
endfacet
facet normal -0.986752 0.129908 0.097187
outer loop
vertex -23.1499 9.4972 0.0000
vertex -23.2188 8.2973 0.9044
vertex -23.0639 9.4741 0.9044
endloop
endfacet
facet normal -0.986752 -0.129908 0.097187
outer loop
vertex -23.3079 8.2973 0.0000
vertex -23.1499 7.0974 0.0000
vertex -23.0639 7.1204 0.9044
endloop
endfacet
facet normal -0.986752 -0.129908 0.097187
outer loop
vertex -23.3079 8.2973 0.0000
vertex -23.0639 7.1204 0.9044
vertex -23.2188 8.2973 0.9044
endloop
endfacet
facet normal -0.919506 -0.380872 0.097187
outer loop
vertex -23.1499 7.0974 0.0000
vertex -22.6868 5.9793 0.0000
vertex -22.6096 6.0238 0.9044
endloop
endfacet
facet normal -0.919506 -0.380872 0.097187
outer loop
vertex -23.1499 7.0974 0.0000
vertex -22.6096 6.0238 0.9044
vertex -23.0639 7.1204 0.9044
endloop
endfacet
facet normal -0.789598 -0.605880 0.097187
outer loop
vertex -22.6868 5.9793 0.0000
vertex -21.9500 5.0191 0.0000
vertex -21.8870 5.0821 0.9044
endloop
endfacet
facet normal -0.789598 -0.605880 0.097187
outer loop
vertex -22.6868 5.9793 0.0000
vertex -21.8870 5.0821 0.9044
vertex -22.6096 6.0238 0.9044
endloop
endfacet
facet normal -0.605880 -0.789598 0.097187
outer loop
vertex -21.9500 5.0191 0.0000
vertex -20.9899 4.2824 0.0000
vertex -20.9453 4.3595 0.9044
endloop
endfacet
facet normal -0.605880 -0.789598 0.097187
outer loop
vertex -21.9500 5.0191 0.0000
vertex -20.9453 4.3595 0.9044
vertex -21.8870 5.0821 0.9044
endloop
endfacet
facet normal -0.380872 -0.919506 0.097187
outer loop
vertex -20.9899 4.2824 0.0000
vertex -19.8718 3.8192 0.0000
vertex -19.8487 3.9053 0.9044
endloop
endfacet
facet normal -0.380872 -0.919506 0.097187
outer loop
vertex -20.9899 4.2824 0.0000
vertex -19.8487 3.9053 0.9044
vertex -20.9453 4.3595 0.9044
endloop
endfacet
facet normal -0.129908 -0.986752 0.097187
outer loop
vertex -19.8718 3.8192 0.0000
vertex -18.6719 3.6613 0.0000
vertex -18.6719 3.7503 0.9044
endloop
endfacet
facet normal -0.129908 -0.986752 0.097187
outer loop
vertex -19.8718 3.8192 0.0000
vertex -18.6719 3.7503 0.9044
vertex -19.8487 3.9053 0.9044
endloop
endfacet
facet normal 0.129908 -0.986752 0.097187
outer loop
vertex -18.6719 3.6613 0.0000
vertex -17.4720 3.8192 0.0000
vertex -17.4950 3.9053 0.9044
endloop
endfacet
facet normal 0.129908 -0.986752 0.097187
outer loop
vertex -18.6719 3.6613 0.0000
vertex -17.4950 3.9053 0.9044
vertex -18.6719 3.7503 0.9044
endloop
endfacet
facet normal 0.380872 -0.919506 0.097187
outer loop
vertex -17.4720 3.8192 0.0000
vertex -16.3539 4.2824 0.0000
vertex -16.3984 4.3595 0.9044
endloop
endfacet
facet normal 0.380872 -0.919506 0.097187
outer loop
vertex -17.4720 3.8192 0.0000
vertex -16.3984 4.3595 0.9044
vertex -17.4950 3.9053 0.9044
endloop
endfacet
facet normal 0.605880 -0.789598 0.097187
outer loop
vertex -16.3539 4.2824 0.0000
vertex -15.3937 5.0191 0.0000
vertex -15.4567 5.0821 0.9044
endloop
endfacet
facet normal 0.605880 -0.789598 0.097187
outer loop
vertex -16.3539 4.2824 0.0000
vertex -15.4567 5.0821 0.9044
vertex -16.3984 4.3595 0.9044
endloop
endfacet
facet normal 0.789598 -0.605880 0.097187
outer loop
vertex -15.3937 5.0191 0.0000
vertex -14.6570 5.9793 0.0000
vertex -14.7341 6.0238 0.9044
endloop
endfacet
facet normal 0.789598 -0.605880 0.097187
outer loop
vertex -15.3937 5.0191 0.0000
vertex -14.7341 6.0238 0.9044
vertex -15.4567 5.0821 0.9044
endloop
endfacet
facet normal 0.919506 -0.380872 0.097187
outer loop
vertex -14.6570 5.9793 0.0000
vertex -14.1938 7.0974 0.0000
vertex -14.2799 7.1204 0.9044
endloop
endfacet
facet normal 0.919506 -0.380872 0.097187
outer loop
vertex -14.6570 5.9793 0.0000
vertex -14.2799 7.1204 0.9044
vertex -14.7341 6.0238 0.9044
endloop
endfacet
facet normal 0.986752 -0.129908 0.097187
outer loop
vertex -14.1938 7.0974 0.0000
vertex -14.0359 8.2973 0.0000
vertex -14.1249 8.2973 0.9044
endloop
endfacet
facet normal 0.986752 -0.129908 0.097187
outer loop
vertex -14.1938 7.0974 0.0000
vertex -14.1249 8.2973 0.9044
vertex -14.2799 7.1204 0.9044
endloop
endfacet
facet normal 0.949435 0.124996 0.288008
outer loop
vertex -14.1249 8.2973 0.9044
vertex -14.2799 9.4741 0.9044
vertex -14.5347 9.4058 1.7741
endloop
endfacet
facet normal 0.949435 0.124996 0.288008
outer loop
vertex -14.1249 8.2973 0.9044
vertex -14.5347 9.4058 1.7741
vertex -14.3888 8.2973 1.7741
endloop
endfacet
facet normal 0.884733 0.366468 0.288008
outer loop
vertex -14.2799 9.4741 0.9044
vertex -14.7341 10.5707 0.9044
vertex -14.9626 10.4388 1.7741
endloop
endfacet
facet normal 0.884733 0.366468 0.288008
outer loop
vertex -14.2799 9.4741 0.9044
vertex -14.9626 10.4388 1.7741
vertex -14.5347 9.4058 1.7741
endloop
endfacet
facet normal 0.759737 0.582967 0.288008
outer loop
vertex -14.7341 10.5707 0.9044
vertex -15.4567 11.5124 0.9044
vertex -15.6433 11.3259 1.7741
endloop
endfacet
facet normal 0.759737 0.582967 0.288008
outer loop
vertex -14.7341 10.5707 0.9044
vertex -15.6433 11.3259 1.7741
vertex -14.9626 10.4388 1.7741
endloop
endfacet
facet normal 0.582967 0.759737 0.288008
outer loop
vertex -15.4567 11.5124 0.9044
vertex -16.3984 12.2350 0.9044
vertex -16.5303 12.0066 1.7741
endloop
endfacet
facet normal 0.582967 0.759737 0.288008
outer loop
vertex -15.4567 11.5124 0.9044
vertex -16.5303 12.0066 1.7741
vertex -15.6433 11.3259 1.7741
endloop
endfacet
facet normal 0.366468 0.884733 0.288008
outer loop
vertex -16.3984 12.2350 0.9044
vertex -17.4950 12.6893 0.9044
vertex -17.5633 12.4345 1.7741
endloop
endfacet
facet normal 0.366468 0.884733 0.288008
outer loop
vertex -16.3984 12.2350 0.9044
vertex -17.5633 12.4345 1.7741
vertex -16.5303 12.0066 1.7741
endloop
endfacet
facet normal 0.124996 0.949435 0.288008
outer loop
vertex -17.4950 12.6893 0.9044
vertex -18.6719 12.8442 0.9044
vertex -18.6719 12.5804 1.7741
endloop
endfacet
facet normal 0.124996 0.949435 0.288008
outer loop
vertex -17.4950 12.6893 0.9044
vertex -18.6719 12.5804 1.7741
vertex -17.5633 12.4345 1.7741
endloop
endfacet
facet normal -0.124996 0.949435 0.288008
outer loop
vertex -18.6719 12.8442 0.9044
vertex -19.8487 12.6893 0.9044
vertex -19.7804 12.4345 1.7741
endloop
endfacet
facet normal -0.124996 0.949435 0.288008
outer loop
vertex -18.6719 12.8442 0.9044
vertex -19.7804 12.4345 1.7741
vertex -18.6719 12.5804 1.7741
endloop
endfacet
facet normal -0.366468 0.884733 0.288008
outer loop
vertex -19.8487 12.6893 0.9044
vertex -20.9453 12.2350 0.9044
vertex -20.8134 12.0066 1.7741
endloop
endfacet
facet normal -0.366468 0.884733 0.288008
outer loop
vertex -19.8487 12.6893 0.9044
vertex -20.8134 12.0066 1.7741
vertex -19.7804 12.4345 1.7741
endloop
endfacet
facet normal -0.582967 0.759737 0.288008
outer loop
vertex -20.9453 12.2350 0.9044
vertex -21.8870 11.5124 0.9044
vertex -21.7005 11.3259 1.7741
endloop
endfacet
facet normal -0.582967 0.759737 0.288008
outer loop
vertex -20.9453 12.2350 0.9044
vertex -21.7005 11.3259 1.7741
vertex -20.8134 12.0066 1.7741
endloop
endfacet
facet normal -0.759737 0.582967 0.288008
outer loop
vertex -21.8870 11.5124 0.9044
vertex -22.6096 10.5707 0.9044
vertex -22.3812 10.4388 1.7741
endloop
endfacet
facet normal -0.759737 0.582967 0.288008
outer loop
vertex -21.8870 11.5124 0.9044
vertex -22.3812 10.4388 1.7741
vertex -21.7005 11.3259 1.7741
endloop
endfacet
facet normal -0.884733 0.366468 0.288008
outer loop
vertex -22.6096 10.5707 0.9044
vertex -23.0639 9.4741 0.9044
vertex -22.8091 9.4058 1.7741
endloop
endfacet
facet normal -0.884733 0.366468 0.288008
outer loop
vertex -22.6096 10.5707 0.9044
vertex -22.8091 9.4058 1.7741
vertex -22.3812 10.4388 1.7741
endloop
endfacet
facet normal -0.949435 0.124996 0.288008
outer loop
vertex -23.0639 9.4741 0.9044
vertex -23.2188 8.2973 0.9044
vertex -22.9550 8.2973 1.7741
endloop
endfacet
facet normal -0.949435 0.124996 0.288008
outer loop
vertex -23.0639 9.4741 0.9044
vertex -22.9550 8.2973 1.7741
vertex -22.8091 9.4058 1.7741
endloop
endfacet
facet normal -0.949435 -0.124996 0.288008
outer loop
vertex -23.2188 8.2973 0.9044
vertex -23.0639 7.1204 0.9044
vertex -22.8091 7.1887 1.7741
endloop
endfacet
facet normal -0.949435 -0.124996 0.288008
outer loop
vertex -23.2188 8.2973 0.9044
vertex -22.8091 7.1887 1.7741
vertex -22.9550 8.2973 1.7741
endloop
endfacet
facet normal -0.884733 -0.366468 0.288008
outer loop
vertex -23.0639 7.1204 0.9044
vertex -22.6096 6.0238 0.9044
vertex -22.3812 6.1557 1.7741
endloop
endfacet
facet normal -0.884733 -0.366468 0.288008
outer loop
vertex -23.0639 7.1204 0.9044
vertex -22.3812 6.1557 1.7741
vertex -22.8091 7.1887 1.7741
endloop
endfacet
facet normal -0.759737 -0.582967 0.288008
outer loop
vertex -22.6096 6.0238 0.9044
vertex -21.8870 5.0821 0.9044
vertex -21.7005 5.2687 1.7741
endloop
endfacet
facet normal -0.759737 -0.582967 0.288008
outer loop
vertex -22.6096 6.0238 0.9044
vertex -21.7005 5.2687 1.7741
vertex -22.3812 6.1557 1.7741
endloop
endfacet
facet normal -0.582967 -0.759737 0.288008
outer loop
vertex -21.8870 5.0821 0.9044
vertex -20.9453 4.3595 0.9044
vertex -20.8134 4.5880 1.7741
endloop
endfacet
facet normal -0.582967 -0.759737 0.288008
outer loop
vertex -21.8870 5.0821 0.9044
vertex -20.8134 4.5880 1.7741
vertex -21.7005 5.2687 1.7741
endloop
endfacet
facet normal -0.366468 -0.884733 0.288008
outer loop
vertex -20.9453 4.3595 0.9044
vertex -19.8487 3.9053 0.9044
vertex -19.7804 4.1601 1.7741
endloop
endfacet
facet normal -0.366468 -0.884733 0.288008
outer loop
vertex -20.9453 4.3595 0.9044
vertex -19.7804 4.1601 1.7741
vertex -20.8134 4.5880 1.7741
endloop
endfacet
facet normal -0.124996 -0.949435 0.288008
outer loop
vertex -19.8487 3.9053 0.9044
vertex -18.6719 3.7503 0.9044
vertex -18.6719 4.0142 1.7741
endloop
endfacet
facet normal -0.124996 -0.949435 0.288008
outer loop
vertex -19.8487 3.9053 0.9044
vertex -18.6719 4.0142 1.7741
vertex -19.7804 4.1601 1.7741
endloop
endfacet
facet normal 0.124996 -0.949435 0.288008
outer loop
vertex -18.6719 3.7503 0.9044
vertex -17.4950 3.9053 0.9044
vertex -17.5633 4.1601 1.7741
endloop
endfacet
facet normal 0.124996 -0.949435 0.288008
outer loop
vertex -18.6719 3.7503 0.9044
vertex -17.5633 4.1601 1.7741
vertex -18.6719 4.0142 1.7741
endloop
endfacet
facet normal 0.366468 -0.884733 0.288008
outer loop
vertex -17.4950 3.9053 0.9044
vertex -16.3984 4.3595 0.9044
vertex -16.5303 4.5880 1.7741
endloop
endfacet
facet normal 0.366468 -0.884733 0.288008
outer loop
vertex -17.4950 3.9053 0.9044
vertex -16.5303 4.5880 1.7741
vertex -17.5633 4.1601 1.7741
endloop
endfacet
facet normal 0.582967 -0.759737 0.288008
outer loop
vertex -16.3984 4.3595 0.9044
vertex -15.4567 5.0821 0.9044
vertex -15.6433 5.2687 1.7741
endloop
endfacet
facet normal 0.582967 -0.759737 0.288008
outer loop
vertex -16.3984 4.3595 0.9044
vertex -15.6433 5.2687 1.7741
vertex -16.5303 4.5880 1.7741
endloop
endfacet
facet normal 0.759737 -0.582967 0.288008
outer loop
vertex -15.4567 5.0821 0.9044
vertex -14.7341 6.0238 0.9044
vertex -14.9626 6.1557 1.7741
endloop
endfacet
facet normal 0.759737 -0.582967 0.288008
outer loop
vertex -15.4567 5.0821 0.9044
vertex -14.9626 6.1557 1.7741
vertex -15.6433 5.2687 1.7741
endloop
endfacet
facet normal 0.884733 -0.366468 0.288008
outer loop
vertex -14.7341 6.0238 0.9044
vertex -14.2799 7.1204 0.9044
vertex -14.5347 7.1887 1.7741
endloop
endfacet
facet normal 0.884733 -0.366468 0.288008
outer loop
vertex -14.7341 6.0238 0.9044
vertex -14.5347 7.1887 1.7741
vertex -14.9626 6.1557 1.7741
endloop
endfacet
facet normal 0.949435 -0.124996 0.288008
outer loop
vertex -14.2799 7.1204 0.9044
vertex -14.1249 8.2973 0.9044
vertex -14.3888 8.2973 1.7741
endloop
endfacet
facet normal 0.949435 -0.124996 0.288008
outer loop
vertex -14.2799 7.1204 0.9044
vertex -14.3888 8.2973 1.7741
vertex -14.5347 7.1887 1.7741
endloop
endfacet
facet normal 0.876036 0.115332 0.468251
outer loop
vertex -14.3888 8.2973 1.7741
vertex -14.5347 9.4058 1.7741
vertex -14.9485 9.2950 2.5756
endloop
endfacet
facet normal 0.876036 0.115332 0.468251
outer loop
vertex -14.3888 8.2973 1.7741
vertex -14.9485 9.2950 2.5756
vertex -14.8172 8.2973 2.5756
endloop
endfacet
facet normal 0.816336 0.338137 0.468251
outer loop
vertex -14.5347 9.4058 1.7741
vertex -14.9626 10.4388 1.7741
vertex -15.3336 10.2246 2.5756
endloop
endfacet
facet normal 0.816336 0.338137 0.468251
outer loop
vertex -14.5347 9.4058 1.7741
vertex -15.3336 10.2246 2.5756
vertex -14.9485 9.2950 2.5756
endloop
endfacet
facet normal 0.701003 0.537899 0.468251
outer loop
vertex -14.9626 10.4388 1.7741
vertex -15.6433 11.3259 1.7741
vertex -15.9462 11.0230 2.5756
endloop
endfacet
facet normal 0.701003 0.537899 0.468251
outer loop
vertex -14.9626 10.4388 1.7741
vertex -15.9462 11.0230 2.5756
vertex -15.3336 10.2246 2.5756
endloop
endfacet
facet normal 0.537899 0.701003 0.468251
outer loop
vertex -15.6433 11.3259 1.7741
vertex -16.5303 12.0066 1.7741
vertex -16.7445 11.6356 2.5756
endloop
endfacet
facet normal 0.537899 0.701003 0.468251
outer loop
vertex -15.6433 11.3259 1.7741
vertex -16.7445 11.6356 2.5756
vertex -15.9462 11.0230 2.5756
endloop
endfacet
facet normal 0.338137 0.816336 0.468251
outer loop
vertex -16.5303 12.0066 1.7741
vertex -17.5633 12.4345 1.7741
vertex -17.6742 12.0206 2.5756
endloop
endfacet
facet normal 0.338137 0.816336 0.468251
outer loop
vertex -16.5303 12.0066 1.7741
vertex -17.6742 12.0206 2.5756
vertex -16.7445 11.6356 2.5756
endloop
endfacet
facet normal 0.115332 0.876036 0.468251
outer loop
vertex -17.5633 12.4345 1.7741
vertex -18.6719 12.5804 1.7741
vertex -18.6719 12.1520 2.5756
endloop
endfacet
facet normal 0.115332 0.876036 0.468251
outer loop
vertex -17.5633 12.4345 1.7741
vertex -18.6719 12.1520 2.5756
vertex -17.6742 12.0206 2.5756
endloop
endfacet
facet normal -0.115332 0.876036 0.468251
outer loop
vertex -18.6719 12.5804 1.7741
vertex -19.7804 12.4345 1.7741
vertex -19.6695 12.0206 2.5756
endloop
endfacet
facet normal -0.115332 0.876036 0.468251
outer loop
vertex -18.6719 12.5804 1.7741
vertex -19.6695 12.0206 2.5756
vertex -18.6719 12.1520 2.5756
endloop
endfacet
facet normal -0.338137 0.816336 0.468251
outer loop
vertex -19.7804 12.4345 1.7741
vertex -20.8134 12.0066 1.7741
vertex -20.5992 11.6356 2.5756
endloop
endfacet
facet normal -0.338137 0.816336 0.468251
outer loop
vertex -19.7804 12.4345 1.7741
vertex -20.5992 11.6356 2.5756
vertex -19.6695 12.0206 2.5756
endloop
endfacet
facet normal -0.537899 0.701003 0.468251
outer loop
vertex -20.8134 12.0066 1.7741
vertex -21.7005 11.3259 1.7741
vertex -21.3976 11.0230 2.5756
endloop
endfacet
facet normal -0.537899 0.701003 0.468251
outer loop
vertex -20.8134 12.0066 1.7741
vertex -21.3976 11.0230 2.5756
vertex -20.5992 11.6356 2.5756
endloop
endfacet
facet normal -0.701003 0.537899 0.468251
outer loop
vertex -21.7005 11.3259 1.7741
vertex -22.3812 10.4388 1.7741
vertex -22.0101 10.2246 2.5756
endloop
endfacet
facet normal -0.701003 0.537899 0.468251
outer loop
vertex -21.7005 11.3259 1.7741
vertex -22.0101 10.2246 2.5756
vertex -21.3976 11.0230 2.5756
endloop
endfacet
facet normal -0.816336 0.338137 0.468251
outer loop
vertex -22.3812 10.4388 1.7741
vertex -22.8091 9.4058 1.7741
vertex -22.3952 9.2950 2.5756
endloop
endfacet
facet normal -0.816336 0.338137 0.468251
outer loop
vertex -22.3812 10.4388 1.7741
vertex -22.3952 9.2950 2.5756
vertex -22.0101 10.2246 2.5756
endloop
endfacet
facet normal -0.876036 0.115332 0.468251
outer loop
vertex -22.8091 9.4058 1.7741
vertex -22.9550 8.2973 1.7741
vertex -22.5266 8.2973 2.5756
endloop
endfacet
facet normal -0.876036 0.115332 0.468251
outer loop
vertex -22.8091 9.4058 1.7741
vertex -22.5266 8.2973 2.5756
vertex -22.3952 9.2950 2.5756
endloop
endfacet
facet normal -0.876036 -0.115332 0.468251
outer loop
vertex -22.9550 8.2973 1.7741
vertex -22.8091 7.1887 1.7741
vertex -22.3952 7.2996 2.5756
endloop
endfacet
facet normal -0.876036 -0.115332 0.468251
outer loop
vertex -22.9550 8.2973 1.7741
vertex -22.3952 7.2996 2.5756
vertex -22.5266 8.2973 2.5756
endloop
endfacet
facet normal -0.816336 -0.338137 0.468251
outer loop
vertex -22.8091 7.1887 1.7741
vertex -22.3812 6.1557 1.7741
vertex -22.0101 6.3699 2.5756
endloop
endfacet
facet normal -0.816336 -0.338137 0.468251
outer loop
vertex -22.8091 7.1887 1.7741
vertex -22.0101 6.3699 2.5756
vertex -22.3952 7.2996 2.5756
endloop
endfacet
facet normal -0.701003 -0.537899 0.468251
outer loop
vertex -22.3812 6.1557 1.7741
vertex -21.7005 5.2687 1.7741
vertex -21.3976 5.5716 2.5756
endloop
endfacet
facet normal -0.701003 -0.537899 0.468251
outer loop
vertex -22.3812 6.1557 1.7741
vertex -21.3976 5.5716 2.5756
vertex -22.0101 6.3699 2.5756
endloop
endfacet
facet normal -0.537899 -0.701003 0.468251
outer loop
vertex -21.7005 5.2687 1.7741
vertex -20.8134 4.5880 1.7741
vertex -20.5992 4.9590 2.5756
endloop
endfacet
facet normal -0.537899 -0.701003 0.468251
outer loop
vertex -21.7005 5.2687 1.7741
vertex -20.5992 4.9590 2.5756
vertex -21.3976 5.5716 2.5756
endloop
endfacet
facet normal -0.338137 -0.816336 0.468251
outer loop
vertex -20.8134 4.5880 1.7741
vertex -19.7804 4.1601 1.7741
vertex -19.6695 4.5739 2.5756
endloop
endfacet
facet normal -0.338137 -0.816336 0.468251
outer loop
vertex -20.8134 4.5880 1.7741
vertex -19.6695 4.5739 2.5756
vertex -20.5992 4.9590 2.5756
endloop
endfacet
facet normal -0.115332 -0.876036 0.468251
outer loop
vertex -19.7804 4.1601 1.7741
vertex -18.6719 4.0142 1.7741
vertex -18.6719 4.4426 2.5756
endloop
endfacet
facet normal -0.115332 -0.876036 0.468251
outer loop
vertex -19.7804 4.1601 1.7741
vertex -18.6719 4.4426 2.5756
vertex -19.6695 4.5739 2.5756
endloop
endfacet
facet normal 0.115332 -0.876036 0.468251
outer loop
vertex -18.6719 4.0142 1.7741
vertex -17.5633 4.1601 1.7741
vertex -17.6742 4.5739 2.5756
endloop
endfacet
facet normal 0.115332 -0.876036 0.468251
outer loop
vertex -18.6719 4.0142 1.7741
vertex -17.6742 4.5739 2.5756
vertex -18.6719 4.4426 2.5756
endloop
endfacet
facet normal 0.338137 -0.816336 0.468251
outer loop
vertex -17.5633 4.1601 1.7741
vertex -16.5303 4.5880 1.7741
vertex -16.7445 4.9590 2.5756
endloop
endfacet
facet normal 0.338137 -0.816336 0.468251
outer loop
vertex -17.5633 4.1601 1.7741
vertex -16.7445 4.9590 2.5756
vertex -17.6742 4.5739 2.5756
endloop
endfacet
facet normal 0.537899 -0.701003 0.468251
outer loop
vertex -16.5303 4.5880 1.7741
vertex -15.6433 5.2687 1.7741
vertex -15.9462 5.5716 2.5756
endloop
endfacet
facet normal 0.537899 -0.701003 0.468251
outer loop
vertex -16.5303 4.5880 1.7741
vertex -15.9462 5.5716 2.5756
vertex -16.7445 4.9590 2.5756
endloop
endfacet
facet normal 0.701003 -0.537899 0.468251
outer loop
vertex -15.6433 5.2687 1.7741
vertex -14.9626 6.1557 1.7741
vertex -15.3336 6.3699 2.5756
endloop
endfacet
facet normal 0.701003 -0.537899 0.468251
outer loop
vertex -15.6433 5.2687 1.7741
vertex -15.3336 6.3699 2.5756
vertex -15.9462 5.5716 2.5756
endloop
endfacet
facet normal 0.816336 -0.338137 0.468251
outer loop
vertex -14.9626 6.1557 1.7741
vertex -14.5347 7.1887 1.7741
vertex -14.9485 7.2996 2.5756
endloop
endfacet
facet normal 0.816336 -0.338137 0.468251
outer loop
vertex -14.9626 6.1557 1.7741
vertex -14.9485 7.2996 2.5756
vertex -15.3336 6.3699 2.5756
endloop
endfacet
facet normal 0.876036 -0.115332 0.468251
outer loop
vertex -14.5347 7.1887 1.7741
vertex -14.3888 8.2973 1.7741
vertex -14.8172 8.2973 2.5756
endloop
endfacet
facet normal 0.876036 -0.115332 0.468251
outer loop
vertex -14.5347 7.1887 1.7741
vertex -14.8172 8.2973 2.5756
vertex -14.9485 7.2996 2.5756
endloop
endfacet
facet normal 0.769038 0.101246 0.631133
outer loop
vertex -14.8172 8.2973 2.5756
vertex -14.9485 9.2950 2.5756
vertex -15.5054 9.1457 3.2782
endloop
endfacet
facet normal 0.769038 0.101246 0.631133
outer loop
vertex -14.8172 8.2973 2.5756
vertex -15.5054 9.1457 3.2782
vertex -15.3937 8.2973 3.2782
endloop
endfacet
facet normal 0.716630 0.296838 0.631133
outer loop
vertex -14.9485 9.2950 2.5756
vertex -15.3336 10.2246 2.5756
vertex -15.8329 9.9364 3.2782
endloop
endfacet
facet normal 0.716630 0.296838 0.631133
outer loop
vertex -14.9485 9.2950 2.5756
vertex -15.8329 9.9364 3.2782
vertex -15.5054 9.1457 3.2782
endloop
endfacet
facet normal 0.615384 0.472201 0.631133
outer loop
vertex -15.3336 10.2246 2.5756
vertex -15.9462 11.0230 2.5756
vertex -16.3539 10.6153 3.2782
endloop
endfacet
facet normal 0.615384 0.472201 0.631133
outer loop
vertex -15.3336 10.2246 2.5756
vertex -16.3539 10.6153 3.2782
vertex -15.8329 9.9364 3.2782
endloop
endfacet
facet normal 0.472201 0.615384 0.631133
outer loop
vertex -15.9462 11.0230 2.5756
vertex -16.7445 11.6356 2.5756
vertex -17.0328 11.1362 3.2782
endloop
endfacet
facet normal 0.472201 0.615384 0.631133
outer loop
vertex -15.9462 11.0230 2.5756
vertex -17.0328 11.1362 3.2782
vertex -16.3539 10.6153 3.2782
endloop
endfacet
facet normal 0.296838 0.716630 0.631133
outer loop
vertex -16.7445 11.6356 2.5756
vertex -17.6742 12.0206 2.5756
vertex -17.8234 11.4637 3.2782
endloop
endfacet
facet normal 0.296838 0.716630 0.631133
outer loop
vertex -16.7445 11.6356 2.5756
vertex -17.8234 11.4637 3.2782
vertex -17.0328 11.1362 3.2782
endloop
endfacet
facet normal 0.101246 0.769038 0.631133
outer loop
vertex -17.6742 12.0206 2.5756
vertex -18.6719 12.1520 2.5756
vertex -18.6719 11.5754 3.2782
endloop
endfacet
facet normal 0.101246 0.769038 0.631133
outer loop
vertex -17.6742 12.0206 2.5756
vertex -18.6719 11.5754 3.2782
vertex -17.8234 11.4637 3.2782
endloop
endfacet
facet normal -0.101246 0.769038 0.631133
outer loop
vertex -18.6719 12.1520 2.5756
vertex -19.6695 12.0206 2.5756
vertex -19.5203 11.4637 3.2782
endloop
endfacet
facet normal -0.101246 0.769038 0.631133
outer loop
vertex -18.6719 12.1520 2.5756
vertex -19.5203 11.4637 3.2782
vertex -18.6719 11.5754 3.2782
endloop
endfacet
facet normal -0.296838 0.716630 0.631133
outer loop
vertex -19.6695 12.0206 2.5756
vertex -20.5992 11.6356 2.5756
vertex -20.3110 11.1362 3.2782
endloop
endfacet
facet normal -0.296838 0.716630 0.631133
outer loop
vertex -19.6695 12.0206 2.5756
vertex -20.3110 11.1362 3.2782
vertex -19.5203 11.4637 3.2782
endloop
endfacet
facet normal -0.472201 0.615384 0.631133
outer loop
vertex -20.5992 11.6356 2.5756
vertex -21.3976 11.0230 2.5756
vertex -20.9899 10.6153 3.2782
endloop
endfacet
facet normal -0.472201 0.615384 0.631133
outer loop
vertex -20.5992 11.6356 2.5756
vertex -20.9899 10.6153 3.2782
vertex -20.3110 11.1362 3.2782
endloop
endfacet
facet normal -0.615384 0.472201 0.631133
outer loop
vertex -21.3976 11.0230 2.5756
vertex -22.0101 10.2246 2.5756
vertex -21.5108 9.9364 3.2782
endloop
endfacet
facet normal -0.615384 0.472201 0.631133
outer loop
vertex -21.3976 11.0230 2.5756
vertex -21.5108 9.9364 3.2782
vertex -20.9899 10.6153 3.2782
endloop
endfacet
facet normal -0.716630 0.296838 0.631133
outer loop
vertex -22.0101 10.2246 2.5756
vertex -22.3952 9.2950 2.5756
vertex -21.8383 9.1457 3.2782
endloop
endfacet
facet normal -0.716630 0.296838 0.631133
outer loop
vertex -22.0101 10.2246 2.5756
vertex -21.8383 9.1457 3.2782
vertex -21.5108 9.9364 3.2782
endloop
endfacet
facet normal -0.769038 0.101246 0.631133
outer loop
vertex -22.3952 9.2950 2.5756
vertex -22.5266 8.2973 2.5756
vertex -21.9500 8.2973 3.2782
endloop
endfacet
facet normal -0.769038 0.101246 0.631133
outer loop
vertex -22.3952 9.2950 2.5756
vertex -21.9500 8.2973 3.2782
vertex -21.8383 9.1457 3.2782
endloop
endfacet
facet normal -0.769038 -0.101246 0.631133
outer loop
vertex -22.5266 8.2973 2.5756
vertex -22.3952 7.2996 2.5756
vertex -21.8383 7.4488 3.2782
endloop
endfacet
facet normal -0.769038 -0.101246 0.631133
outer loop
vertex -22.5266 8.2973 2.5756
vertex -21.8383 7.4488 3.2782
vertex -21.9500 8.2973 3.2782
endloop
endfacet
facet normal -0.716630 -0.296838 0.631133
outer loop
vertex -22.3952 7.2996 2.5756
vertex -22.0101 6.3699 2.5756
vertex -21.5108 6.6582 3.2782
endloop
endfacet
facet normal -0.716630 -0.296838 0.631133
outer loop
vertex -22.3952 7.2996 2.5756
vertex -21.5108 6.6582 3.2782
vertex -21.8383 7.4488 3.2782
endloop
endfacet
facet normal -0.615384 -0.472201 0.631133
outer loop
vertex -22.0101 6.3699 2.5756
vertex -21.3976 5.5716 2.5756
vertex -20.9899 5.9793 3.2782
endloop
endfacet
facet normal -0.615384 -0.472201 0.631133
outer loop
vertex -22.0101 6.3699 2.5756
vertex -20.9899 5.9793 3.2782
vertex -21.5108 6.6582 3.2782
endloop
endfacet
facet normal -0.472201 -0.615384 0.631133
outer loop
vertex -21.3976 5.5716 2.5756
vertex -20.5992 4.9590 2.5756
vertex -20.3110 5.4583 3.2782
endloop
endfacet
facet normal -0.472201 -0.615384 0.631133
outer loop
vertex -21.3976 5.5716 2.5756
vertex -20.3110 5.4583 3.2782
vertex -20.9899 5.9793 3.2782
endloop
endfacet
facet normal -0.296838 -0.716630 0.631133
outer loop
vertex -20.5992 4.9590 2.5756
vertex -19.6695 4.5739 2.5756
vertex -19.5203 5.1308 3.2782
endloop
endfacet
facet normal -0.296838 -0.716630 0.631133
outer loop
vertex -20.5992 4.9590 2.5756
vertex -19.5203 5.1308 3.2782
vertex -20.3110 5.4583 3.2782
endloop
endfacet
facet normal -0.101246 -0.769038 0.631133
outer loop
vertex -19.6695 4.5739 2.5756
vertex -18.6719 4.4426 2.5756
vertex -18.6719 5.0191 3.2782
endloop
endfacet
facet normal -0.101246 -0.769038 0.631133
outer loop
vertex -19.6695 4.5739 2.5756
vertex -18.6719 5.0191 3.2782
vertex -19.5203 5.1308 3.2782
endloop
endfacet
facet normal 0.101246 -0.769038 0.631133
outer loop
vertex -18.6719 4.4426 2.5756
vertex -17.6742 4.5739 2.5756
vertex -17.8234 5.1308 3.2782
endloop
endfacet
facet normal 0.101246 -0.769038 0.631133
outer loop
vertex -18.6719 4.4426 2.5756
vertex -17.8234 5.1308 3.2782
vertex -18.6719 5.0191 3.2782
endloop
endfacet
facet normal 0.296838 -0.716630 0.631133
outer loop
vertex -17.6742 4.5739 2.5756
vertex -16.7445 4.9590 2.5756
vertex -17.0328 5.4583 3.2782
endloop
endfacet
facet normal 0.296838 -0.716630 0.631133
outer loop
vertex -17.6742 4.5739 2.5756
vertex -17.0328 5.4583 3.2782
vertex -17.8234 5.1308 3.2782
endloop
endfacet
facet normal 0.472201 -0.615384 0.631133
outer loop
vertex -16.7445 4.9590 2.5756
vertex -15.9462 5.5716 2.5756
vertex -16.3539 5.9793 3.2782
endloop
endfacet
facet normal 0.472201 -0.615384 0.631133
outer loop
vertex -16.7445 4.9590 2.5756
vertex -16.3539 5.9793 3.2782
vertex -17.0328 5.4583 3.2782
endloop
endfacet
facet normal 0.615384 -0.472201 0.631133
outer loop
vertex -15.9462 5.5716 2.5756
vertex -15.3336 6.3699 2.5756
vertex -15.8329 6.6582 3.2782
endloop
endfacet
facet normal 0.615384 -0.472201 0.631133
outer loop
vertex -15.9462 5.5716 2.5756
vertex -15.8329 6.6582 3.2782
vertex -16.3539 5.9793 3.2782
endloop
endfacet
facet normal 0.716630 -0.296838 0.631133
outer loop
vertex -15.3336 6.3699 2.5756
vertex -14.9485 7.2996 2.5756
vertex -15.5054 7.4488 3.2782
endloop
endfacet
facet normal 0.716630 -0.296838 0.631133
outer loop
vertex -15.3336 6.3699 2.5756
vertex -15.5054 7.4488 3.2782
vertex -15.8329 6.6582 3.2782
endloop
endfacet
facet normal 0.769038 -0.101246 0.631133
outer loop
vertex -14.9485 7.2996 2.5756
vertex -14.8172 8.2973 2.5756
vertex -15.3937 8.2973 3.2782
endloop
endfacet
facet normal 0.769038 -0.101246 0.631133
outer loop
vertex -14.9485 7.2996 2.5756
vertex -15.3937 8.2973 3.2782
vertex -15.5054 7.4488 3.2782
endloop
endfacet
facet normal 0.632192 0.083230 0.770328
outer loop
vertex -15.3937 8.2973 3.2782
vertex -15.5054 9.1457 3.2782
vertex -16.1840 8.9639 3.8547
endloop
endfacet
facet normal 0.632192 0.083230 0.770328
outer loop
vertex -15.3937 8.2973 3.2782
vertex -16.1840 8.9639 3.8547
vertex -16.0962 8.2973 3.8547
endloop
endfacet
facet normal 0.589109 0.244017 0.770328
outer loop
vertex -15.5054 9.1457 3.2782
vertex -15.8329 9.9364 3.2782
vertex -16.4413 9.5851 3.8547
endloop
endfacet
facet normal 0.589109 0.244017 0.770328
outer loop
vertex -15.5054 9.1457 3.2782
vertex -16.4413 9.5851 3.8547
vertex -16.1840 8.9639 3.8547
endloop
endfacet
facet normal 0.505880 0.388175 0.770328
outer loop
vertex -15.8329 9.9364 3.2782
vertex -16.3539 10.6153 3.2782
vertex -16.8506 10.1185 3.8547
endloop
endfacet
facet normal 0.505880 0.388175 0.770328
outer loop
vertex -15.8329 9.9364 3.2782
vertex -16.8506 10.1185 3.8547
vertex -16.4413 9.5851 3.8547
endloop
endfacet
facet normal 0.388175 0.505880 0.770328
outer loop
vertex -16.3539 10.6153 3.2782
vertex -17.0328 11.1362 3.2782
vertex -17.3841 10.5278 3.8547
endloop
endfacet
facet normal 0.388175 0.505880 0.770328
outer loop
vertex -16.3539 10.6153 3.2782
vertex -17.3841 10.5278 3.8547
vertex -16.8506 10.1185 3.8547
endloop
endfacet
facet normal 0.244017 0.589109 0.770328
outer loop
vertex -17.0328 11.1362 3.2782
vertex -17.8234 11.4637 3.2782
vertex -18.0053 10.7852 3.8547
endloop
endfacet
facet normal 0.244017 0.589109 0.770328
outer loop
vertex -17.0328 11.1362 3.2782
vertex -18.0053 10.7852 3.8547
vertex -17.3841 10.5278 3.8547
endloop
endfacet
facet normal 0.083230 0.632192 0.770328
outer loop
vertex -17.8234 11.4637 3.2782
vertex -18.6719 11.5754 3.2782
vertex -18.6719 10.8729 3.8547
endloop
endfacet
facet normal 0.083230 0.632192 0.770328
outer loop
vertex -17.8234 11.4637 3.2782
vertex -18.6719 10.8729 3.8547
vertex -18.0053 10.7852 3.8547
endloop
endfacet
facet normal -0.083230 0.632192 0.770328
outer loop
vertex -18.6719 11.5754 3.2782
vertex -19.5203 11.4637 3.2782
vertex -19.3385 10.7852 3.8547
endloop
endfacet
facet normal -0.083230 0.632192 0.770328
outer loop
vertex -18.6719 11.5754 3.2782
vertex -19.3385 10.7852 3.8547
vertex -18.6719 10.8729 3.8547
endloop
endfacet
facet normal -0.244017 0.589109 0.770328
outer loop
vertex -19.5203 11.4637 3.2782
vertex -20.3110 11.1362 3.2782
vertex -19.9597 10.5278 3.8547
endloop
endfacet
facet normal -0.244017 0.589109 0.770328
outer loop
vertex -19.5203 11.4637 3.2782
vertex -19.9597 10.5278 3.8547
vertex -19.3385 10.7852 3.8547
endloop
endfacet
facet normal -0.388175 0.505880 0.770328
outer loop
vertex -20.3110 11.1362 3.2782
vertex -20.9899 10.6153 3.2782
vertex -20.4931 10.1185 3.8547
endloop
endfacet
facet normal -0.388175 0.505880 0.770328
outer loop
vertex -20.3110 11.1362 3.2782
vertex -20.4931 10.1185 3.8547
vertex -19.9597 10.5278 3.8547
endloop
endfacet
facet normal -0.505880 0.388175 0.770328
outer loop
vertex -20.9899 10.6153 3.2782
vertex -21.5108 9.9364 3.2782
vertex -20.9024 9.5851 3.8547
endloop
endfacet
facet normal -0.505880 0.388175 0.770328
outer loop
vertex -20.9899 10.6153 3.2782
vertex -20.9024 9.5851 3.8547
vertex -20.4931 10.1185 3.8547
endloop
endfacet
facet normal -0.589109 0.244017 0.770328
outer loop
vertex -21.5108 9.9364 3.2782
vertex -21.8383 9.1457 3.2782
vertex -21.1597 8.9639 3.8547
endloop
endfacet
facet normal -0.589109 0.244017 0.770328
outer loop
vertex -21.5108 9.9364 3.2782
vertex -21.1597 8.9639 3.8547
vertex -20.9024 9.5851 3.8547
endloop
endfacet
facet normal -0.632192 0.083230 0.770328
outer loop
vertex -21.8383 9.1457 3.2782
vertex -21.9500 8.2973 3.2782
vertex -21.2475 8.2973 3.8547
endloop
endfacet
facet normal -0.632192 0.083230 0.770328
outer loop
vertex -21.8383 9.1457 3.2782
vertex -21.2475 8.2973 3.8547
vertex -21.1597 8.9639 3.8547
endloop
endfacet
facet normal -0.632192 -0.083230 0.770328
outer loop
vertex -21.9500 8.2973 3.2782
vertex -21.8383 7.4488 3.2782
vertex -21.1597 7.6307 3.8547
endloop
endfacet
facet normal -0.632192 -0.083230 0.770328
outer loop
vertex -21.9500 8.2973 3.2782
vertex -21.1597 7.6307 3.8547
vertex -21.2475 8.2973 3.8547
endloop
endfacet
facet normal -0.589109 -0.244017 0.770328
outer loop
vertex -21.8383 7.4488 3.2782
vertex -21.5108 6.6582 3.2782
vertex -20.9024 7.0095 3.8547
endloop
endfacet
facet normal -0.589109 -0.244017 0.770328
outer loop
vertex -21.8383 7.4488 3.2782
vertex -20.9024 7.0095 3.8547
vertex -21.1597 7.6307 3.8547
endloop
endfacet
facet normal -0.505880 -0.388175 0.770328
outer loop
vertex -21.5108 6.6582 3.2782
vertex -20.9899 5.9793 3.2782
vertex -20.4931 6.4760 3.8547
endloop
endfacet
facet normal -0.505880 -0.388175 0.770328
outer loop
vertex -21.5108 6.6582 3.2782
vertex -20.4931 6.4760 3.8547
vertex -20.9024 7.0095 3.8547
endloop
endfacet
facet normal -0.388175 -0.505880 0.770328
outer loop
vertex -20.9899 5.9793 3.2782
vertex -20.3110 5.4583 3.2782
vertex -19.9597 6.0667 3.8547
endloop
endfacet
facet normal -0.388175 -0.505880 0.770328
outer loop
vertex -20.9899 5.9793 3.2782
vertex -19.9597 6.0667 3.8547
vertex -20.4931 6.4760 3.8547
endloop
endfacet
facet normal -0.244017 -0.589109 0.770328
outer loop
vertex -20.3110 5.4583 3.2782
vertex -19.5203 5.1308 3.2782
vertex -19.3385 5.8094 3.8547
endloop
endfacet
facet normal -0.244017 -0.589109 0.770328
outer loop
vertex -20.3110 5.4583 3.2782
vertex -19.3385 5.8094 3.8547
vertex -19.9597 6.0667 3.8547
endloop
endfacet
facet normal -0.083230 -0.632192 0.770328
outer loop
vertex -19.5203 5.1308 3.2782
vertex -18.6719 5.0191 3.2782
vertex -18.6719 5.7216 3.8547
endloop
endfacet
facet normal -0.083230 -0.632192 0.770328
outer loop
vertex -19.5203 5.1308 3.2782
vertex -18.6719 5.7216 3.8547
vertex -19.3385 5.8094 3.8547
endloop
endfacet
facet normal 0.083230 -0.632192 0.770328
outer loop
vertex -18.6719 5.0191 3.2782
vertex -17.8234 5.1308 3.2782
vertex -18.0053 5.8094 3.8547
endloop
endfacet
facet normal 0.083230 -0.632192 0.770328
outer loop
vertex -18.6719 5.0191 3.2782
vertex -18.0053 5.8094 3.8547
vertex -18.6719 5.7216 3.8547
endloop
endfacet
facet normal 0.244017 -0.589109 0.770328
outer loop
vertex -17.8234 5.1308 3.2782
vertex -17.0328 5.4583 3.2782
vertex -17.3841 6.0667 3.8547
endloop
endfacet
facet normal 0.244017 -0.589109 0.770328
outer loop
vertex -17.8234 5.1308 3.2782
vertex -17.3841 6.0667 3.8547
vertex -18.0053 5.8094 3.8547
endloop
endfacet
facet normal 0.388175 -0.505880 0.770328
outer loop
vertex -17.0328 5.4583 3.2782
vertex -16.3539 5.9793 3.2782
vertex -16.8506 6.4760 3.8547
endloop
endfacet
facet normal 0.388175 -0.505880 0.770328
outer loop
vertex -17.0328 5.4583 3.2782
vertex -16.8506 6.4760 3.8547
vertex -17.3841 6.0667 3.8547
endloop
endfacet
facet normal 0.505880 -0.388175 0.770328
outer loop
vertex -16.3539 5.9793 3.2782
vertex -15.8329 6.6582 3.2782
vertex -16.4413 7.0095 3.8547
endloop
endfacet
facet normal 0.505880 -0.388175 0.770328
outer loop
vertex -16.3539 5.9793 3.2782
vertex -16.4413 7.0095 3.8547
vertex -16.8506 6.4760 3.8547
endloop
endfacet
facet normal 0.589109 -0.244017 0.770328
outer loop
vertex -15.8329 6.6582 3.2782
vertex -15.5054 7.4488 3.2782
vertex -16.1840 7.6307 3.8547
endloop
endfacet
facet normal 0.589109 -0.244017 0.770328
outer loop
vertex -15.8329 6.6582 3.2782
vertex -16.1840 7.6307 3.8547
vertex -16.4413 7.0095 3.8547
endloop
endfacet
facet normal 0.632192 -0.083230 0.770328
outer loop
vertex -15.5054 7.4488 3.2782
vertex -15.3937 8.2973 3.2782
vertex -16.0962 8.2973 3.8547
endloop
endfacet
facet normal 0.632192 -0.083230 0.770328
outer loop
vertex -15.5054 7.4488 3.2782
vertex -16.0962 8.2973 3.8547
vertex -16.1840 7.6307 3.8547
endloop
endfacet
facet normal 0.470492 0.061941 0.880228
outer loop
vertex -16.0962 8.2973 3.8547
vertex -16.1840 8.9639 3.8547
vertex -16.9582 8.7565 4.2831
endloop
endfacet
facet normal 0.470492 0.061941 0.880228
outer loop
vertex -16.0962 8.2973 3.8547
vertex -16.9582 8.7565 4.2831
vertex -16.8977 8.2973 4.2831
endloop
endfacet
facet normal 0.438428 0.181603 0.880228
outer loop
vertex -16.1840 8.9639 3.8547
vertex -16.4413 9.5851 3.8547
vertex -17.1354 9.1843 4.2831
endloop
endfacet
facet normal 0.438428 0.181603 0.880228
outer loop
vertex -16.1840 8.9639 3.8547
vertex -17.1354 9.1843 4.2831
vertex -16.9582 8.7565 4.2831
endloop
endfacet
facet normal 0.376487 0.288889 0.880228
outer loop
vertex -16.4413 9.5851 3.8547
vertex -16.8506 10.1185 3.8547
vertex -17.4174 9.5518 4.2831
endloop
endfacet
facet normal 0.376487 0.288889 0.880228
outer loop
vertex -16.4413 9.5851 3.8547
vertex -17.4174 9.5518 4.2831
vertex -17.1354 9.1843 4.2831
endloop
endfacet
facet normal 0.288889 0.376487 0.880228
outer loop
vertex -16.8506 10.1185 3.8547
vertex -17.3841 10.5278 3.8547
vertex -17.7848 9.8337 4.2831
endloop
endfacet
facet normal 0.288889 0.376487 0.880228
outer loop
vertex -16.8506 10.1185 3.8547
vertex -17.7848 9.8337 4.2831
vertex -17.4174 9.5518 4.2831
endloop
endfacet
facet normal 0.181603 0.438428 0.880228
outer loop
vertex -17.3841 10.5278 3.8547
vertex -18.0053 10.7852 3.8547
vertex -18.2127 10.0110 4.2831
endloop
endfacet
facet normal 0.181603 0.438428 0.880228
outer loop
vertex -17.3841 10.5278 3.8547
vertex -18.2127 10.0110 4.2831
vertex -17.7848 9.8337 4.2831
endloop
endfacet
facet normal 0.061941 0.470492 0.880228
outer loop
vertex -18.0053 10.7852 3.8547
vertex -18.6719 10.8729 3.8547
vertex -18.6719 10.0714 4.2831
endloop
endfacet
facet normal 0.061941 0.470492 0.880228
outer loop
vertex -18.0053 10.7852 3.8547
vertex -18.6719 10.0714 4.2831
vertex -18.2127 10.0110 4.2831
endloop
endfacet
facet normal -0.061941 0.470492 0.880228
outer loop
vertex -18.6719 10.8729 3.8547
vertex -19.3385 10.7852 3.8547
vertex -19.1311 10.0110 4.2831
endloop
endfacet
facet normal -0.061941 0.470492 0.880228
outer loop
vertex -18.6719 10.8729 3.8547
vertex -19.1311 10.0110 4.2831
vertex -18.6719 10.0714 4.2831
endloop
endfacet
facet normal -0.181603 0.438428 0.880228
outer loop
vertex -19.3385 10.7852 3.8547
vertex -19.9597 10.5278 3.8547
vertex -19.5589 9.8337 4.2831
endloop
endfacet
facet normal -0.181603 0.438428 0.880228
outer loop
vertex -19.3385 10.7852 3.8547
vertex -19.5589 9.8337 4.2831
vertex -19.1311 10.0110 4.2831
endloop
endfacet
facet normal -0.288889 0.376487 0.880228
outer loop
vertex -19.9597 10.5278 3.8547
vertex -20.4931 10.1185 3.8547
vertex -19.9264 9.5518 4.2831
endloop
endfacet
facet normal -0.288889 0.376487 0.880228
outer loop
vertex -19.9597 10.5278 3.8547
vertex -19.9264 9.5518 4.2831
vertex -19.5589 9.8337 4.2831
endloop
endfacet
facet normal -0.376487 0.288889 0.880228
outer loop
vertex -20.4931 10.1185 3.8547
vertex -20.9024 9.5851 3.8547
vertex -20.2083 9.1843 4.2831
endloop
endfacet
facet normal -0.376487 0.288889 0.880228
outer loop
vertex -20.4931 10.1185 3.8547
vertex -20.2083 9.1843 4.2831
vertex -19.9264 9.5518 4.2831
endloop
endfacet
facet normal -0.438428 0.181603 0.880228
outer loop
vertex -20.9024 9.5851 3.8547
vertex -21.1597 8.9639 3.8547
vertex -20.3855 8.7565 4.2831
endloop
endfacet
facet normal -0.438428 0.181603 0.880228
outer loop
vertex -20.9024 9.5851 3.8547
vertex -20.3855 8.7565 4.2831
vertex -20.2083 9.1843 4.2831
endloop
endfacet
facet normal -0.470492 0.061941 0.880228
outer loop
vertex -21.1597 8.9639 3.8547
vertex -21.2475 8.2973 3.8547
vertex -20.4460 8.2973 4.2831
endloop
endfacet
facet normal -0.470492 0.061941 0.880228
outer loop
vertex -21.1597 8.9639 3.8547
vertex -20.4460 8.2973 4.2831
vertex -20.3855 8.7565 4.2831
endloop
endfacet
facet normal -0.470492 -0.061941 0.880228
outer loop
vertex -21.2475 8.2973 3.8547
vertex -21.1597 7.6307 3.8547
vertex -20.3855 7.8381 4.2831
endloop
endfacet
facet normal -0.470492 -0.061941 0.880228
outer loop
vertex -21.2475 8.2973 3.8547
vertex -20.3855 7.8381 4.2831
vertex -20.4460 8.2973 4.2831
endloop
endfacet
facet normal -0.438428 -0.181603 0.880228
outer loop
vertex -21.1597 7.6307 3.8547
vertex -20.9024 7.0095 3.8547
vertex -20.2083 7.4102 4.2831
endloop
endfacet
facet normal -0.438428 -0.181603 0.880228
outer loop
vertex -21.1597 7.6307 3.8547
vertex -20.2083 7.4102 4.2831
vertex -20.3855 7.8381 4.2831
endloop
endfacet
facet normal -0.376487 -0.288889 0.880228
outer loop
vertex -20.9024 7.0095 3.8547
vertex -20.4931 6.4760 3.8547
vertex -19.9264 7.0428 4.2831
endloop
endfacet
facet normal -0.376487 -0.288889 0.880228
outer loop
vertex -20.9024 7.0095 3.8547
vertex -19.9264 7.0428 4.2831
vertex -20.2083 7.4102 4.2831
endloop
endfacet
facet normal -0.288889 -0.376487 0.880228
outer loop
vertex -20.4931 6.4760 3.8547
vertex -19.9597 6.0667 3.8547
vertex -19.5589 6.7608 4.2831
endloop
endfacet
facet normal -0.288889 -0.376487 0.880228
outer loop
vertex -20.4931 6.4760 3.8547
vertex -19.5589 6.7608 4.2831
vertex -19.9264 7.0428 4.2831
endloop
endfacet
facet normal -0.181603 -0.438428 0.880228
outer loop
vertex -19.9597 6.0667 3.8547
vertex -19.3385 5.8094 3.8547
vertex -19.1311 6.5836 4.2831
endloop
endfacet
facet normal -0.181603 -0.438428 0.880228
outer loop
vertex -19.9597 6.0667 3.8547
vertex -19.1311 6.5836 4.2831
vertex -19.5589 6.7608 4.2831
endloop
endfacet
facet normal -0.061941 -0.470492 0.880228
outer loop
vertex -19.3385 5.8094 3.8547
vertex -18.6719 5.7216 3.8547
vertex -18.6719 6.5232 4.2831
endloop
endfacet
facet normal -0.061941 -0.470492 0.880228
outer loop
vertex -19.3385 5.8094 3.8547
vertex -18.6719 6.5232 4.2831
vertex -19.1311 6.5836 4.2831
endloop
endfacet
facet normal 0.061941 -0.470492 0.880228
outer loop
vertex -18.6719 5.7216 3.8547
vertex -18.0053 5.8094 3.8547
vertex -18.2127 6.5836 4.2831
endloop
endfacet
facet normal 0.061941 -0.470492 0.880228
outer loop
vertex -18.6719 5.7216 3.8547
vertex -18.2127 6.5836 4.2831
vertex -18.6719 6.5232 4.2831
endloop
endfacet
facet normal 0.181603 -0.438428 0.880228
outer loop
vertex -18.0053 5.8094 3.8547
vertex -17.3841 6.0667 3.8547
vertex -17.7848 6.7608 4.2831
endloop
endfacet
facet normal 0.181603 -0.438428 0.880228
outer loop
vertex -18.0053 5.8094 3.8547
vertex -17.7848 6.7608 4.2831
vertex -18.2127 6.5836 4.2831
endloop
endfacet
facet normal 0.288889 -0.376487 0.880228
outer loop
vertex -17.3841 6.0667 3.8547
vertex -16.8506 6.4760 3.8547
vertex -17.4174 7.0428 4.2831
endloop
endfacet
facet normal 0.288889 -0.376487 0.880228
outer loop
vertex -17.3841 6.0667 3.8547
vertex -17.4174 7.0428 4.2831
vertex -17.7848 6.7608 4.2831
endloop
endfacet
facet normal 0.376487 -0.288889 0.880228
outer loop
vertex -16.8506 6.4760 3.8547
vertex -16.4413 7.0095 3.8547
vertex -17.1354 7.4102 4.2831
endloop
endfacet
facet normal 0.376487 -0.288889 0.880228
outer loop
vertex -16.8506 6.4760 3.8547
vertex -17.1354 7.4102 4.2831
vertex -17.4174 7.0428 4.2831
endloop
endfacet
facet normal 0.438428 -0.181603 0.880228
outer loop
vertex -16.4413 7.0095 3.8547
vertex -16.1840 7.6307 3.8547
vertex -16.9582 7.8381 4.2831
endloop
endfacet
facet normal 0.438428 -0.181603 0.880228
outer loop
vertex -16.4413 7.0095 3.8547
vertex -16.9582 7.8381 4.2831
vertex -17.1354 7.4102 4.2831
endloop
endfacet
facet normal 0.470492 -0.061941 0.880228
outer loop
vertex -16.1840 7.6307 3.8547
vertex -16.0962 8.2973 3.8547
vertex -16.8977 8.2973 4.2831
endloop
endfacet
facet normal 0.470492 -0.061941 0.880228
outer loop
vertex -16.1840 7.6307 3.8547
vertex -16.8977 8.2973 4.2831
vertex -16.9582 7.8381 4.2831
endloop
endfacet
facet normal 0.290073 0.038189 0.956242
outer loop
vertex -16.8977 8.2973 4.2831
vertex -16.9582 8.7565 4.2831
vertex -17.7983 8.5314 4.5469
endloop
endfacet
facet normal 0.290073 0.038189 0.956242
outer loop
vertex -16.8977 8.2973 4.2831
vertex -17.7983 8.5314 4.5469
vertex -17.7674 8.2973 4.5469
endloop
endfacet
facet normal 0.270305 0.111964 0.956242
outer loop
vertex -16.9582 8.7565 4.2831
vertex -17.1354 9.1843 4.2831
vertex -17.8886 8.7495 4.5469
endloop
endfacet
facet normal 0.270305 0.111964 0.956242
outer loop
vertex -16.9582 8.7565 4.2831
vertex -17.8886 8.7495 4.5469
vertex -17.7983 8.5314 4.5469
endloop
endfacet
facet normal 0.232116 0.178109 0.956242
outer loop
vertex -17.1354 9.1843 4.2831
vertex -17.4174 9.5518 4.2831
vertex -18.0323 8.9368 4.5469
endloop
endfacet
facet normal 0.232116 0.178109 0.956242
outer loop
vertex -17.1354 9.1843 4.2831
vertex -18.0323 8.9368 4.5469
vertex -17.8886 8.7495 4.5469
endloop
endfacet
facet normal 0.178109 0.232116 0.956242
outer loop
vertex -17.4174 9.5518 4.2831
vertex -17.7848 9.8337 4.2831
vertex -18.2197 9.0805 4.5469
endloop
endfacet
facet normal 0.178109 0.232116 0.956242
outer loop
vertex -17.4174 9.5518 4.2831
vertex -18.2197 9.0805 4.5469
vertex -18.0323 8.9368 4.5469
endloop
endfacet
facet normal 0.111964 0.270305 0.956242
outer loop
vertex -17.7848 9.8337 4.2831
vertex -18.2127 10.0110 4.2831
vertex -18.4378 9.1709 4.5469
endloop
endfacet
facet normal 0.111964 0.270305 0.956242
outer loop
vertex -17.7848 9.8337 4.2831
vertex -18.4378 9.1709 4.5469
vertex -18.2197 9.0805 4.5469
endloop
endfacet
facet normal 0.038189 0.290073 0.956242
outer loop
vertex -18.2127 10.0110 4.2831
vertex -18.6719 10.0714 4.2831
vertex -18.6719 9.2017 4.5469
endloop
endfacet
facet normal 0.038189 0.290073 0.956242
outer loop
vertex -18.2127 10.0110 4.2831
vertex -18.6719 9.2017 4.5469
vertex -18.4378 9.1709 4.5469
endloop
endfacet
facet normal -0.038189 0.290073 0.956242
outer loop
vertex -18.6719 10.0714 4.2831
vertex -19.1311 10.0110 4.2831
vertex -18.9060 9.1709 4.5469
endloop
endfacet
facet normal -0.038189 0.290073 0.956242
outer loop
vertex -18.6719 10.0714 4.2831
vertex -18.9060 9.1709 4.5469
vertex -18.6719 9.2017 4.5469
endloop
endfacet
facet normal -0.111964 0.270305 0.956242
outer loop
vertex -19.1311 10.0110 4.2831
vertex -19.5589 9.8337 4.2831
vertex -19.1241 9.0805 4.5469
endloop
endfacet
facet normal -0.111964 0.270305 0.956242
outer loop
vertex -19.1311 10.0110 4.2831
vertex -19.1241 9.0805 4.5469
vertex -18.9060 9.1709 4.5469
endloop
endfacet
facet normal -0.178109 0.232116 0.956242
outer loop
vertex -19.5589 9.8337 4.2831
vertex -19.9264 9.5518 4.2831
vertex -19.3114 8.9368 4.5469
endloop
endfacet
facet normal -0.178109 0.232116 0.956242
outer loop
vertex -19.5589 9.8337 4.2831
vertex -19.3114 8.9368 4.5469
vertex -19.1241 9.0805 4.5469
endloop
endfacet
facet normal -0.232116 0.178109 0.956242
outer loop
vertex -19.9264 9.5518 4.2831
vertex -20.2083 9.1843 4.2831
vertex -19.4551 8.7495 4.5469
endloop
endfacet
facet normal -0.232116 0.178109 0.956242
outer loop
vertex -19.9264 9.5518 4.2831
vertex -19.4551 8.7495 4.5469
vertex -19.3114 8.9368 4.5469
endloop
endfacet
facet normal -0.270305 0.111964 0.956242
outer loop
vertex -20.2083 9.1843 4.2831
vertex -20.3855 8.7565 4.2831
vertex -19.5455 8.5314 4.5469
endloop
endfacet
facet normal -0.270305 0.111964 0.956242
outer loop
vertex -20.2083 9.1843 4.2831
vertex -19.5455 8.5314 4.5469
vertex -19.4551 8.7495 4.5469
endloop
endfacet
facet normal -0.290073 0.038189 0.956242
outer loop
vertex -20.3855 8.7565 4.2831
vertex -20.4460 8.2973 4.2831
vertex -19.5763 8.2973 4.5469
endloop
endfacet
facet normal -0.290073 0.038189 0.956242
outer loop
vertex -20.3855 8.7565 4.2831
vertex -19.5763 8.2973 4.5469
vertex -19.5455 8.5314 4.5469
endloop
endfacet
facet normal -0.290073 -0.038189 0.956242
outer loop
vertex -20.4460 8.2973 4.2831
vertex -20.3855 7.8381 4.2831
vertex -19.5455 8.0632 4.5469
endloop
endfacet
facet normal -0.290073 -0.038189 0.956242
outer loop
vertex -20.4460 8.2973 4.2831
vertex -19.5455 8.0632 4.5469
vertex -19.5763 8.2973 4.5469
endloop
endfacet
facet normal -0.270305 -0.111964 0.956242
outer loop
vertex -20.3855 7.8381 4.2831
vertex -20.2083 7.4102 4.2831
vertex -19.4551 7.8451 4.5469
endloop
endfacet
facet normal -0.270305 -0.111964 0.956242
outer loop
vertex -20.3855 7.8381 4.2831
vertex -19.4551 7.8451 4.5469
vertex -19.5455 8.0632 4.5469
endloop
endfacet
facet normal -0.232116 -0.178109 0.956242
outer loop
vertex -20.2083 7.4102 4.2831
vertex -19.9264 7.0428 4.2831
vertex -19.3114 7.6577 4.5469
endloop
endfacet
facet normal -0.232116 -0.178109 0.956242
outer loop
vertex -20.2083 7.4102 4.2831
vertex -19.3114 7.6577 4.5469
vertex -19.4551 7.8451 4.5469
endloop
endfacet
facet normal -0.178109 -0.232116 0.956242
outer loop
vertex -19.9264 7.0428 4.2831
vertex -19.5589 6.7608 4.2831
vertex -19.1241 7.5140 4.5469
endloop
endfacet
facet normal -0.178109 -0.232116 0.956242
outer loop
vertex -19.9264 7.0428 4.2831
vertex -19.1241 7.5140 4.5469
vertex -19.3114 7.6577 4.5469
endloop
endfacet
facet normal -0.111964 -0.270305 0.956242
outer loop
vertex -19.5589 6.7608 4.2831
vertex -19.1311 6.5836 4.2831
vertex -18.9060 7.4237 4.5469
endloop
endfacet
facet normal -0.111964 -0.270305 0.956242
outer loop
vertex -19.5589 6.7608 4.2831
vertex -18.9060 7.4237 4.5469
vertex -19.1241 7.5140 4.5469
endloop
endfacet
facet normal -0.038189 -0.290073 0.956242
outer loop
vertex -19.1311 6.5836 4.2831
vertex -18.6719 6.5232 4.2831
vertex -18.6719 7.3928 4.5469
endloop
endfacet
facet normal -0.038189 -0.290073 0.956242
outer loop
vertex -19.1311 6.5836 4.2831
vertex -18.6719 7.3928 4.5469
vertex -18.9060 7.4237 4.5469
endloop
endfacet
facet normal 0.038189 -0.290073 0.956242
outer loop
vertex -18.6719 6.5232 4.2831
vertex -18.2127 6.5836 4.2831
vertex -18.4378 7.4237 4.5469
endloop
endfacet
facet normal 0.038189 -0.290073 0.956242
outer loop
vertex -18.6719 6.5232 4.2831
vertex -18.4378 7.4237 4.5469
vertex -18.6719 7.3928 4.5469
endloop
endfacet
facet normal 0.111964 -0.270305 0.956242
outer loop
vertex -18.2127 6.5836 4.2831
vertex -17.7848 6.7608 4.2831
vertex -18.2197 7.5140 4.5469
endloop
endfacet
facet normal 0.111964 -0.270305 0.956242
outer loop
vertex -18.2127 6.5836 4.2831
vertex -18.2197 7.5140 4.5469
vertex -18.4378 7.4237 4.5469
endloop
endfacet
facet normal 0.178109 -0.232116 0.956242
outer loop
vertex -17.7848 6.7608 4.2831
vertex -17.4174 7.0428 4.2831
vertex -18.0323 7.6577 4.5469
endloop
endfacet
facet normal 0.178109 -0.232116 0.956242
outer loop
vertex -17.7848 6.7608 4.2831
vertex -18.0323 7.6577 4.5469
vertex -18.2197 7.5140 4.5469
endloop
endfacet
facet normal 0.232116 -0.178109 0.956242
outer loop
vertex -17.4174 7.0428 4.2831
vertex -17.1354 7.4102 4.2831
vertex -17.8886 7.8451 4.5469
endloop
endfacet
facet normal 0.232116 -0.178109 0.956242
outer loop
vertex -17.4174 7.0428 4.2831
vertex -17.8886 7.8451 4.5469
vertex -18.0323 7.6577 4.5469
endloop
endfacet
facet normal 0.270305 -0.111964 0.956242
outer loop
vertex -17.1354 7.4102 4.2831
vertex -16.9582 7.8381 4.2831
vertex -17.7983 8.0632 4.5469
endloop
endfacet
facet normal 0.270305 -0.111964 0.956242
outer loop
vertex -17.1354 7.4102 4.2831
vertex -17.7983 8.0632 4.5469
vertex -17.8886 7.8451 4.5469
endloop
endfacet
facet normal 0.290073 -0.038189 0.956242
outer loop
vertex -16.9582 7.8381 4.2831
vertex -16.8977 8.2973 4.2831
vertex -17.7674 8.2973 4.5469
endloop
endfacet
facet normal 0.290073 -0.038189 0.956242
outer loop
vertex -16.9582 7.8381 4.2831
vertex -17.7674 8.2973 4.5469
vertex -17.7983 8.0632 4.5469
endloop
endfacet
facet normal 0.098009 0.012903 0.995102
outer loop
vertex -17.7674 8.2973 4.5469
vertex -17.7983 8.5314 4.5469
vertex -18.6719 8.2973 4.6360
endloop
endfacet
facet normal 0.091330 0.037830 0.995102
outer loop
vertex -17.7983 8.5314 4.5469
vertex -17.8886 8.7495 4.5469
vertex -18.6719 8.2973 4.6360
endloop
endfacet
facet normal 0.078427 0.060179 0.995102
outer loop
vertex -17.8886 8.7495 4.5469
vertex -18.0323 8.9368 4.5469
vertex -18.6719 8.2973 4.6360
endloop
endfacet
facet normal 0.060179 0.078427 0.995102
outer loop
vertex -18.0323 8.9368 4.5469
vertex -18.2197 9.0805 4.5469
vertex -18.6719 8.2973 4.6360
endloop
endfacet
facet normal 0.037830 0.091330 0.995102
outer loop
vertex -18.2197 9.0805 4.5469
vertex -18.4378 9.1709 4.5469
vertex -18.6719 8.2973 4.6360
endloop
endfacet
facet normal 0.012903 0.098009 0.995102
outer loop
vertex -18.4378 9.1709 4.5469
vertex -18.6719 9.2017 4.5469
vertex -18.6719 8.2973 4.6360
endloop
endfacet
facet normal -0.012903 0.098009 0.995102
outer loop
vertex -18.6719 9.2017 4.5469
vertex -18.9060 9.1709 4.5469
vertex -18.6719 8.2973 4.6360
endloop
endfacet
facet normal -0.037830 0.091330 0.995102
outer loop
vertex -18.9060 9.1709 4.5469
vertex -19.1241 9.0805 4.5469
vertex -18.6719 8.2973 4.6360
endloop
endfacet
facet normal -0.060179 0.078427 0.995102
outer loop
vertex -19.1241 9.0805 4.5469
vertex -19.3114 8.9368 4.5469
vertex -18.6719 8.2973 4.6360
endloop
endfacet
facet normal -0.078427 0.060179 0.995102
outer loop
vertex -19.3114 8.9368 4.5469
vertex -19.4551 8.7495 4.5469
vertex -18.6719 8.2973 4.6360
endloop
endfacet
facet normal -0.091330 0.037830 0.995102
outer loop
vertex -19.4551 8.7495 4.5469
vertex -19.5455 8.5314 4.5469
vertex -18.6719 8.2973 4.6360
endloop
endfacet
facet normal -0.098009 0.012903 0.995102
outer loop
vertex -19.5455 8.5314 4.5469
vertex -19.5763 8.2973 4.5469
vertex -18.6719 8.2973 4.6360
endloop
endfacet
facet normal -0.098009 -0.012903 0.995102
outer loop
vertex -19.5763 8.2973 4.5469
vertex -19.5455 8.0632 4.5469
vertex -18.6719 8.2973 4.6360
endloop
endfacet
facet normal -0.091330 -0.037830 0.995102
outer loop
vertex -19.5455 8.0632 4.5469
vertex -19.4551 7.8451 4.5469
vertex -18.6719 8.2973 4.6360
endloop
endfacet
facet normal -0.078427 -0.060179 0.995102
outer loop
vertex -19.4551 7.8451 4.5469
vertex -19.3114 7.6577 4.5469
vertex -18.6719 8.2973 4.6360
endloop
endfacet
facet normal -0.060179 -0.078427 0.995102
outer loop
vertex -19.3114 7.6577 4.5469
vertex -19.1241 7.5140 4.5469
vertex -18.6719 8.2973 4.6360
endloop
endfacet
facet normal -0.037830 -0.091330 0.995102
outer loop
vertex -19.1241 7.5140 4.5469
vertex -18.9060 7.4237 4.5469
vertex -18.6719 8.2973 4.6360
endloop
endfacet
facet normal -0.012903 -0.098009 0.995102
outer loop
vertex -18.9060 7.4237 4.5469
vertex -18.6719 7.3928 4.5469
vertex -18.6719 8.2973 4.6360
endloop
endfacet
facet normal 0.012903 -0.098009 0.995102
outer loop
vertex -18.6719 7.3928 4.5469
vertex -18.4378 7.4237 4.5469
vertex -18.6719 8.2973 4.6360
endloop
endfacet
facet normal 0.037830 -0.091330 0.995102
outer loop
vertex -18.4378 7.4237 4.5469
vertex -18.2197 7.5140 4.5469
vertex -18.6719 8.2973 4.6360
endloop
endfacet
facet normal 0.060179 -0.078427 0.995102
outer loop
vertex -18.2197 7.5140 4.5469
vertex -18.0323 7.6577 4.5469
vertex -18.6719 8.2973 4.6360
endloop
endfacet
facet normal 0.078427 -0.060179 0.995102
outer loop
vertex -18.0323 7.6577 4.5469
vertex -17.8886 7.8451 4.5469
vertex -18.6719 8.2973 4.6360
endloop
endfacet
facet normal 0.091330 -0.037830 0.995102
outer loop
vertex -17.8886 7.8451 4.5469
vertex -17.7983 8.0632 4.5469
vertex -18.6719 8.2973 4.6360
endloop
endfacet
facet normal 0.098009 -0.012903 0.995102
outer loop
vertex -17.7983 8.0632 4.5469
vertex -17.7674 8.2973 4.5469
vertex -18.6719 8.2973 4.6360
endloop
endfacet
facet normal 0.991445 0.130526 0.000000
outer loop
vertex -10.9506 -28.6498 0.0000
vertex -11.0331 -28.0232 0.0000
vertex -11.0331 -28.0232 11.7573
endloop
endfacet
facet normal 0.991445 0.130526 -0.000000
outer loop
vertex -10.9506 -28.6498 0.0000
vertex -11.0331 -28.0232 11.7573
vertex -10.9506 -28.6498 11.7573
endloop
endfacet
facet normal 0.000000 0.000000 1.000000
outer loop
vertex -13.3716 -28.6498 11.7573
vertex -10.9506 -28.6498 11.7573
vertex -11.0331 -28.0232 11.7573
endloop
endfacet
facet normal 0.000000 0.000000 -1.000000
outer loop
vertex -13.3716 -28.6498 0.0000
vertex -11.0331 -28.0232 0.0000
vertex -10.9506 -28.6498 0.0000
endloop
endfacet
facet normal 0.923880 0.382683 0.000000
outer loop
vertex -11.0331 -28.0232 0.0000
vertex -11.2750 -27.4393 0.0000
vertex -11.2750 -27.4393 11.7573
endloop
endfacet
facet normal 0.923880 0.382683 -0.000000
outer loop
vertex -11.0331 -28.0232 0.0000
vertex -11.2750 -27.4393 11.7573
vertex -11.0331 -28.0232 11.7573
endloop
endfacet
facet normal 0.000000 0.000000 1.000000
outer loop
vertex -13.3716 -28.6498 11.7573
vertex -11.0331 -28.0232 11.7573
vertex -11.2750 -27.4393 11.7573
endloop
endfacet
facet normal 0.000000 0.000000 -1.000000
outer loop
vertex -13.3716 -28.6498 0.0000
vertex -11.2750 -27.4393 0.0000
vertex -11.0331 -28.0232 0.0000
endloop
endfacet
facet normal 0.793353 0.608761 0.000000
outer loop
vertex -11.2750 -27.4393 0.0000
vertex -11.6597 -26.9379 0.0000
vertex -11.6597 -26.9379 11.7573
endloop
endfacet
facet normal 0.793353 0.608761 -0.000000
outer loop
vertex -11.2750 -27.4393 0.0000
vertex -11.6597 -26.9379 11.7573
vertex -11.2750 -27.4393 11.7573
endloop
endfacet
facet normal 0.000000 0.000000 1.000000
outer loop
vertex -13.3716 -28.6498 11.7573
vertex -11.2750 -27.4393 11.7573
vertex -11.6597 -26.9379 11.7573
endloop
endfacet
facet normal 0.000000 0.000000 -1.000000
outer loop
vertex -13.3716 -28.6498 0.0000
vertex -11.6597 -26.9379 0.0000
vertex -11.2750 -27.4393 0.0000
endloop
endfacet
facet normal 0.608761 0.793353 0.000000
outer loop
vertex -11.6597 -26.9379 0.0000
vertex -12.1611 -26.5532 0.0000
vertex -12.1611 -26.5532 11.7573
endloop
endfacet
facet normal 0.608761 0.793353 -0.000000
outer loop
vertex -11.6597 -26.9379 0.0000
vertex -12.1611 -26.5532 11.7573
vertex -11.6597 -26.9379 11.7573
endloop
endfacet
facet normal 0.000000 0.000000 1.000000
outer loop
vertex -13.3716 -28.6498 11.7573
vertex -11.6597 -26.9379 11.7573
vertex -12.1611 -26.5532 11.7573
endloop
endfacet
facet normal 0.000000 0.000000 -1.000000
outer loop
vertex -13.3716 -28.6498 0.0000
vertex -12.1611 -26.5532 0.0000
vertex -11.6597 -26.9379 0.0000
endloop
endfacet
facet normal 0.382683 0.923880 0.000000
outer loop
vertex -12.1611 -26.5532 0.0000
vertex -12.7450 -26.3114 0.0000
vertex -12.7450 -26.3114 11.7573
endloop
endfacet
facet normal 0.382683 0.923880 -0.000000
outer loop
vertex -12.1611 -26.5532 0.0000
vertex -12.7450 -26.3114 11.7573
vertex -12.1611 -26.5532 11.7573
endloop
endfacet
facet normal 0.000000 0.000000 1.000000
outer loop
vertex -13.3716 -28.6498 11.7573
vertex -12.1611 -26.5532 11.7573
vertex -12.7450 -26.3114 11.7573
endloop
endfacet
facet normal 0.000000 0.000000 -1.000000
outer loop
vertex -13.3716 -28.6498 0.0000
vertex -12.7450 -26.3114 0.0000
vertex -12.1611 -26.5532 0.0000
endloop
endfacet
facet normal 0.130526 0.991445 0.000000
outer loop
vertex -12.7450 -26.3114 0.0000
vertex -13.3716 -26.2289 0.0000
vertex -13.3716 -26.2289 11.7573
endloop
endfacet
facet normal 0.130526 0.991445 -0.000000
outer loop
vertex -12.7450 -26.3114 0.0000
vertex -13.3716 -26.2289 11.7573
vertex -12.7450 -26.3114 11.7573
endloop
endfacet
facet normal 0.000000 0.000000 1.000000
outer loop
vertex -13.3716 -28.6498 11.7573
vertex -12.7450 -26.3114 11.7573
vertex -13.3716 -26.2289 11.7573
endloop
endfacet
facet normal 0.000000 0.000000 -1.000000
outer loop
vertex -13.3716 -28.6498 0.0000
vertex -13.3716 -26.2289 0.0000
vertex -12.7450 -26.3114 0.0000
endloop
endfacet
facet normal -0.130526 0.991445 0.000000
outer loop
vertex -13.3716 -26.2289 0.0000
vertex -13.9981 -26.3114 0.0000
vertex -13.9981 -26.3114 11.7573
endloop
endfacet
facet normal -0.130526 0.991445 0.000000
outer loop
vertex -13.3716 -26.2289 0.0000
vertex -13.9981 -26.3114 11.7573
vertex -13.3716 -26.2289 11.7573
endloop
endfacet
facet normal 0.000000 -0.000000 1.000000
outer loop
vertex -13.3716 -28.6498 11.7573
vertex -13.3716 -26.2289 11.7573
vertex -13.9981 -26.3114 11.7573
endloop
endfacet
facet normal 0.000000 0.000000 -1.000000
outer loop
vertex -13.3716 -28.6498 0.0000
vertex -13.9981 -26.3114 0.0000
vertex -13.3716 -26.2289 0.0000
endloop
endfacet
facet normal -0.382683 0.923880 0.000000
outer loop
vertex -13.9981 -26.3114 0.0000
vertex -14.5820 -26.5532 0.0000
vertex -14.5820 -26.5532 11.7573
endloop
endfacet
facet normal -0.382683 0.923880 0.000000
outer loop
vertex -13.9981 -26.3114 0.0000
vertex -14.5820 -26.5532 11.7573
vertex -13.9981 -26.3114 11.7573
endloop
endfacet
facet normal 0.000000 0.000000 1.000000
outer loop
vertex -13.3716 -28.6498 11.7573
vertex -13.9981 -26.3114 11.7573
vertex -14.5820 -26.5532 11.7573
endloop
endfacet
facet normal 0.000000 0.000000 -1.000000
outer loop
vertex -13.3716 -28.6498 0.0000
vertex -14.5820 -26.5532 0.0000
vertex -13.9981 -26.3114 0.0000
endloop
endfacet
facet normal -0.608761 0.793353 0.000000
outer loop
vertex -14.5820 -26.5532 0.0000
vertex -15.0834 -26.9379 0.0000
vertex -15.0834 -26.9379 11.7573
endloop
endfacet
facet normal -0.608761 0.793353 0.000000
outer loop
vertex -14.5820 -26.5532 0.0000
vertex -15.0834 -26.9379 11.7573
vertex -14.5820 -26.5532 11.7573
endloop
endfacet
facet normal 0.000000 0.000000 1.000000
outer loop
vertex -13.3716 -28.6498 11.7573
vertex -14.5820 -26.5532 11.7573
vertex -15.0834 -26.9379 11.7573
endloop
endfacet
facet normal 0.000000 0.000000 -1.000000
outer loop
vertex -13.3716 -28.6498 0.0000
vertex -15.0834 -26.9379 0.0000
vertex -14.5820 -26.5532 0.0000
endloop
endfacet
facet normal -0.793353 0.608761 0.000000
outer loop
vertex -15.0834 -26.9379 0.0000
vertex -15.4681 -27.4393 0.0000
vertex -15.4681 -27.4393 11.7573
endloop
endfacet
facet normal -0.793353 0.608761 0.000000
outer loop
vertex -15.0834 -26.9379 0.0000
vertex -15.4681 -27.4393 11.7573
vertex -15.0834 -26.9379 11.7573
endloop
endfacet
facet normal 0.000000 0.000000 1.000000
outer loop
vertex -13.3716 -28.6498 11.7573
vertex -15.0834 -26.9379 11.7573
vertex -15.4681 -27.4393 11.7573
endloop
endfacet
facet normal 0.000000 0.000000 -1.000000
outer loop
vertex -13.3716 -28.6498 0.0000
vertex -15.4681 -27.4393 0.0000
vertex -15.0834 -26.9379 0.0000
endloop
endfacet
facet normal -0.923880 0.382683 0.000000
outer loop
vertex -15.4681 -27.4393 0.0000
vertex -15.7100 -28.0232 0.0000
vertex -15.7100 -28.0232 11.7573
endloop
endfacet
facet normal -0.923880 0.382683 0.000000
outer loop
vertex -15.4681 -27.4393 0.0000
vertex -15.7100 -28.0232 11.7573
vertex -15.4681 -27.4393 11.7573
endloop
endfacet
facet normal 0.000000 0.000000 1.000000
outer loop
vertex -13.3716 -28.6498 11.7573
vertex -15.4681 -27.4393 11.7573
vertex -15.7100 -28.0232 11.7573
endloop
endfacet
facet normal 0.000000 0.000000 -1.000000
outer loop
vertex -13.3716 -28.6498 0.0000
vertex -15.7100 -28.0232 0.0000
vertex -15.4681 -27.4393 0.0000
endloop
endfacet
facet normal -0.991445 0.130526 0.000000
outer loop
vertex -15.7100 -28.0232 0.0000
vertex -15.7925 -28.6498 0.0000
vertex -15.7925 -28.6498 11.7573
endloop
endfacet
facet normal -0.991445 0.130526 0.000000
outer loop
vertex -15.7100 -28.0232 0.0000
vertex -15.7925 -28.6498 11.7573
vertex -15.7100 -28.0232 11.7573
endloop
endfacet
facet normal 0.000000 0.000000 1.000000
outer loop
vertex -13.3716 -28.6498 11.7573
vertex -15.7100 -28.0232 11.7573
vertex -15.7925 -28.6498 11.7573
endloop
endfacet
facet normal 0.000000 0.000000 -1.000000
outer loop
vertex -13.3716 -28.6498 0.0000
vertex -15.7925 -28.6498 0.0000
vertex -15.7100 -28.0232 0.0000
endloop
endfacet
facet normal -0.991445 -0.130526 0.000000
outer loop
vertex -15.7925 -28.6498 0.0000
vertex -15.7100 -29.2764 0.0000
vertex -15.7100 -29.2764 11.7573
endloop
endfacet
facet normal -0.991445 -0.130526 0.000000
outer loop
vertex -15.7925 -28.6498 0.0000
vertex -15.7100 -29.2764 11.7573
vertex -15.7925 -28.6498 11.7573
endloop
endfacet
facet normal 0.000000 0.000000 1.000000
outer loop
vertex -13.3716 -28.6498 11.7573
vertex -15.7925 -28.6498 11.7573
vertex -15.7100 -29.2764 11.7573
endloop
endfacet
facet normal -0.000000 0.000000 -1.000000
outer loop
vertex -13.3716 -28.6498 0.0000
vertex -15.7100 -29.2764 0.0000
vertex -15.7925 -28.6498 0.0000
endloop
endfacet
facet normal -0.923880 -0.382683 0.000000
outer loop
vertex -15.7100 -29.2764 0.0000
vertex -15.4681 -29.8603 0.0000
vertex -15.4681 -29.8603 11.7573
endloop
endfacet
facet normal -0.923880 -0.382683 0.000000
outer loop
vertex -15.7100 -29.2764 0.0000
vertex -15.4681 -29.8603 11.7573
vertex -15.7100 -29.2764 11.7573
endloop
endfacet
facet normal 0.000000 0.000000 1.000000
outer loop
vertex -13.3716 -28.6498 11.7573
vertex -15.7100 -29.2764 11.7573
vertex -15.4681 -29.8603 11.7573
endloop
endfacet
facet normal 0.000000 0.000000 -1.000000
outer loop
vertex -13.3716 -28.6498 0.0000
vertex -15.4681 -29.8603 0.0000
vertex -15.7100 -29.2764 0.0000
endloop
endfacet
facet normal -0.793353 -0.608761 0.000000
outer loop
vertex -15.4681 -29.8603 0.0000
vertex -15.0834 -30.3617 0.0000
vertex -15.0834 -30.3617 11.7573
endloop
endfacet
facet normal -0.793353 -0.608761 0.000000
outer loop
vertex -15.4681 -29.8603 0.0000
vertex -15.0834 -30.3617 11.7573
vertex -15.4681 -29.8603 11.7573
endloop
endfacet
facet normal 0.000000 0.000000 1.000000
outer loop
vertex -13.3716 -28.6498 11.7573
vertex -15.4681 -29.8603 11.7573
vertex -15.0834 -30.3617 11.7573
endloop
endfacet
facet normal 0.000000 0.000000 -1.000000
outer loop
vertex -13.3716 -28.6498 0.0000
vertex -15.0834 -30.3617 0.0000
vertex -15.4681 -29.8603 0.0000
endloop
endfacet
facet normal -0.608761 -0.793353 0.000000
outer loop
vertex -15.0834 -30.3617 0.0000
vertex -14.5820 -30.7464 0.0000
vertex -14.5820 -30.7464 11.7573
endloop
endfacet
facet normal -0.608761 -0.793353 0.000000
outer loop
vertex -15.0834 -30.3617 0.0000
vertex -14.5820 -30.7464 11.7573
vertex -15.0834 -30.3617 11.7573
endloop
endfacet
facet normal 0.000000 0.000000 1.000000
outer loop
vertex -13.3716 -28.6498 11.7573
vertex -15.0834 -30.3617 11.7573
vertex -14.5820 -30.7464 11.7573
endloop
endfacet
facet normal 0.000000 0.000000 -1.000000
outer loop
vertex -13.3716 -28.6498 0.0000
vertex -14.5820 -30.7464 0.0000
vertex -15.0834 -30.3617 0.0000
endloop
endfacet
facet normal -0.382683 -0.923880 0.000000
outer loop
vertex -14.5820 -30.7464 0.0000
vertex -13.9981 -30.9882 0.0000
vertex -13.9981 -30.9882 11.7573
endloop
endfacet
facet normal -0.382683 -0.923880 0.000000
outer loop
vertex -14.5820 -30.7464 0.0000
vertex -13.9981 -30.9882 11.7573
vertex -14.5820 -30.7464 11.7573
endloop
endfacet
facet normal 0.000000 0.000000 1.000000
outer loop
vertex -13.3716 -28.6498 11.7573
vertex -14.5820 -30.7464 11.7573
vertex -13.9981 -30.9882 11.7573
endloop
endfacet
facet normal 0.000000 0.000000 -1.000000
outer loop
vertex -13.3716 -28.6498 0.0000
vertex -13.9981 -30.9882 0.0000
vertex -14.5820 -30.7464 0.0000
endloop
endfacet
facet normal -0.130526 -0.991445 0.000000
outer loop
vertex -13.9981 -30.9882 0.0000
vertex -13.3716 -31.0707 0.0000
vertex -13.3716 -31.0707 11.7573
endloop
endfacet
facet normal -0.130526 -0.991445 0.000000
outer loop
vertex -13.9981 -30.9882 0.0000
vertex -13.3716 -31.0707 11.7573
vertex -13.9981 -30.9882 11.7573
endloop
endfacet
facet normal 0.000000 0.000000 1.000000
outer loop
vertex -13.3716 -28.6498 11.7573
vertex -13.9981 -30.9882 11.7573
vertex -13.3716 -31.0707 11.7573
endloop
endfacet
facet normal 0.000000 -0.000000 -1.000000
outer loop
vertex -13.3716 -28.6498 0.0000
vertex -13.3716 -31.0707 0.0000
vertex -13.9981 -30.9882 0.0000
endloop
endfacet
facet normal 0.130526 -0.991445 0.000000
outer loop
vertex -13.3716 -31.0707 0.0000
vertex -12.7450 -30.9882 0.0000
vertex -12.7450 -30.9882 11.7573
endloop
endfacet
facet normal 0.130526 -0.991445 0.000000
outer loop
vertex -13.3716 -31.0707 0.0000
vertex -12.7450 -30.9882 11.7573
vertex -13.3716 -31.0707 11.7573
endloop
endfacet
facet normal 0.000000 0.000000 1.000000
outer loop
vertex -13.3716 -28.6498 11.7573
vertex -13.3716 -31.0707 11.7573
vertex -12.7450 -30.9882 11.7573
endloop
endfacet
facet normal 0.000000 0.000000 -1.000000
outer loop
vertex -13.3716 -28.6498 0.0000
vertex -12.7450 -30.9882 0.0000
vertex -13.3716 -31.0707 0.0000
endloop
endfacet
facet normal 0.382683 -0.923880 0.000000
outer loop
vertex -12.7450 -30.9882 0.0000
vertex -12.1611 -30.7464 0.0000
vertex -12.1611 -30.7464 11.7573
endloop
endfacet
facet normal 0.382683 -0.923880 0.000000
outer loop
vertex -12.7450 -30.9882 0.0000
vertex -12.1611 -30.7464 11.7573
vertex -12.7450 -30.9882 11.7573
endloop
endfacet
facet normal 0.000000 0.000000 1.000000
outer loop
vertex -13.3716 -28.6498 11.7573
vertex -12.7450 -30.9882 11.7573
vertex -12.1611 -30.7464 11.7573
endloop
endfacet
facet normal 0.000000 0.000000 -1.000000
outer loop
vertex -13.3716 -28.6498 0.0000
vertex -12.1611 -30.7464 0.0000
vertex -12.7450 -30.9882 0.0000
endloop
endfacet
facet normal 0.608761 -0.793353 0.000000
outer loop
vertex -12.1611 -30.7464 0.0000
vertex -11.6597 -30.3617 0.0000
vertex -11.6597 -30.3617 11.7573
endloop
endfacet
facet normal 0.608761 -0.793353 0.000000
outer loop
vertex -12.1611 -30.7464 0.0000
vertex -11.6597 -30.3617 11.7573
vertex -12.1611 -30.7464 11.7573
endloop
endfacet
facet normal 0.000000 0.000000 1.000000
outer loop
vertex -13.3716 -28.6498 11.7573
vertex -12.1611 -30.7464 11.7573
vertex -11.6597 -30.3617 11.7573
endloop
endfacet
facet normal 0.000000 0.000000 -1.000000
outer loop
vertex -13.3716 -28.6498 0.0000
vertex -11.6597 -30.3617 0.0000
vertex -12.1611 -30.7464 0.0000
endloop
endfacet
facet normal 0.793353 -0.608761 0.000000
outer loop
vertex -11.6597 -30.3617 0.0000
vertex -11.2750 -29.8603 0.0000
vertex -11.2750 -29.8603 11.7573
endloop
endfacet
facet normal 0.793353 -0.608761 0.000000
outer loop
vertex -11.6597 -30.3617 0.0000
vertex -11.2750 -29.8603 11.7573
vertex -11.6597 -30.3617 11.7573
endloop
endfacet
facet normal 0.000000 0.000000 1.000000
outer loop
vertex -13.3716 -28.6498 11.7573
vertex -11.6597 -30.3617 11.7573
vertex -11.2750 -29.8603 11.7573
endloop
endfacet
facet normal 0.000000 0.000000 -1.000000
outer loop
vertex -13.3716 -28.6498 0.0000
vertex -11.2750 -29.8603 0.0000
vertex -11.6597 -30.3617 0.0000
endloop
endfacet
facet normal 0.923880 -0.382683 0.000000
outer loop
vertex -11.2750 -29.8603 0.0000
vertex -11.0331 -29.2764 0.0000
vertex -11.0331 -29.2764 11.7573
endloop
endfacet
facet normal 0.923880 -0.382683 0.000000
outer loop
vertex -11.2750 -29.8603 0.0000
vertex -11.0331 -29.2764 11.7573
vertex -11.2750 -29.8603 11.7573
endloop
endfacet
facet normal 0.000000 0.000000 1.000000
outer loop
vertex -13.3716 -28.6498 11.7573
vertex -11.2750 -29.8603 11.7573
vertex -11.0331 -29.2764 11.7573
endloop
endfacet
facet normal 0.000000 0.000000 -1.000000
outer loop
vertex -13.3716 -28.6498 0.0000
vertex -11.0331 -29.2764 0.0000
vertex -11.2750 -29.8603 0.0000
endloop
endfacet
facet normal 0.991445 -0.130526 0.000000
outer loop
vertex -11.0331 -29.2764 0.0000
vertex -10.9506 -28.6498 0.0000
vertex -10.9506 -28.6498 11.7573
endloop
endfacet
facet normal 0.991445 -0.130526 0.000000
outer loop
vertex -11.0331 -29.2764 0.0000
vertex -10.9506 -28.6498 11.7573
vertex -11.0331 -29.2764 11.7573
endloop
endfacet
facet normal -0.000000 0.000000 1.000000
outer loop
vertex -13.3716 -28.6498 11.7573
vertex -11.0331 -29.2764 11.7573
vertex -10.9506 -28.6498 11.7573
endloop
endfacet
facet normal 0.000000 0.000000 -1.000000
outer loop
vertex -13.3716 -28.6498 0.0000
vertex -10.9506 -28.6498 0.0000
vertex -11.0331 -29.2764 0.0000
endloop
endfacet
facet normal 0.986752 0.129908 0.097187
outer loop
vertex 17.7175 0.9651 0.0000
vertex 17.6086 1.7921 0.0000
vertex 17.5493 1.7762 0.6233
endloop
endfacet
facet normal 0.986752 0.129908 0.097187
outer loop
vertex 17.7175 0.9651 0.0000
vertex 17.5493 1.7762 0.6233
vertex 17.6561 0.9651 0.6233
endloop
endfacet
facet normal 0.919506 0.380872 0.097187
outer loop
vertex 17.6086 1.7921 0.0000
vertex 17.2894 2.5627 0.0000
vertex 17.2362 2.5320 0.6233
endloop
endfacet
facet normal 0.919506 0.380872 0.097187
outer loop
vertex 17.6086 1.7921 0.0000
vertex 17.2362 2.5320 0.6233
vertex 17.5493 1.7762 0.6233
endloop
endfacet
facet normal 0.789598 0.605880 0.097187
outer loop
vertex 17.2894 2.5627 0.0000
vertex 16.7816 3.2244 0.0000
vertex 16.7382 3.1810 0.6233
endloop
endfacet
facet normal 0.789598 0.605880 0.097187
outer loop
vertex 17.2894 2.5627 0.0000
vertex 16.7382 3.1810 0.6233
vertex 17.2362 2.5320 0.6233
endloop
endfacet
facet normal 0.605880 0.789598 0.097187
outer loop
vertex 16.7816 3.2244 0.0000
vertex 16.1199 3.7322 0.0000
vertex 16.0892 3.6790 0.6233
endloop
endfacet
facet normal 0.605880 0.789598 0.097187
outer loop
vertex 16.7816 3.2244 0.0000
vertex 16.0892 3.6790 0.6233
vertex 16.7382 3.1810 0.6233
endloop
endfacet
facet normal 0.380872 0.919506 0.097187
outer loop
vertex 16.1199 3.7322 0.0000
vertex 15.3493 4.0514 0.0000
vertex 15.3334 3.9921 0.6233
endloop
endfacet
facet normal 0.380872 0.919506 0.097187
outer loop
vertex 16.1199 3.7322 0.0000
vertex 15.3334 3.9921 0.6233
vertex 16.0892 3.6790 0.6233
endloop
endfacet
facet normal 0.129908 0.986752 0.097187
outer loop
vertex 15.3493 4.0514 0.0000
vertex 14.5223 4.1602 0.0000
vertex 14.5223 4.0989 0.6233
endloop
endfacet
facet normal 0.129908 0.986752 0.097187
outer loop
vertex 15.3493 4.0514 0.0000
vertex 14.5223 4.0989 0.6233
vertex 15.3334 3.9921 0.6233
endloop
endfacet
facet normal -0.129908 0.986752 0.097187
outer loop
vertex 14.5223 4.1602 0.0000
vertex 13.6954 4.0514 0.0000
vertex 13.7113 3.9921 0.6233
endloop
endfacet
facet normal -0.129908 0.986752 0.097187
outer loop
vertex 14.5223 4.1602 0.0000
vertex 13.7113 3.9921 0.6233
vertex 14.5223 4.0989 0.6233
endloop
endfacet
facet normal -0.380872 0.919506 0.097187
outer loop
vertex 13.6954 4.0514 0.0000
vertex 12.9248 3.7322 0.0000
vertex 12.9555 3.6790 0.6233
endloop
endfacet
facet normal -0.380872 0.919506 0.097187
outer loop
vertex 13.6954 4.0514 0.0000
vertex 12.9555 3.6790 0.6233
vertex 13.7113 3.9921 0.6233
endloop
endfacet
facet normal -0.605880 0.789598 0.097187
outer loop
vertex 12.9248 3.7322 0.0000
vertex 12.2630 3.2244 0.0000
vertex 12.3064 3.1810 0.6233
endloop
endfacet
facet normal -0.605880 0.789598 0.097187
outer loop
vertex 12.9248 3.7322 0.0000
vertex 12.3064 3.1810 0.6233
vertex 12.9555 3.6790 0.6233
endloop
endfacet
facet normal -0.789598 0.605880 0.097187
outer loop
vertex 12.2630 3.2244 0.0000
vertex 11.7553 2.5627 0.0000
vertex 11.8084 2.5320 0.6233
endloop
endfacet
facet normal -0.789598 0.605880 0.097187
outer loop
vertex 12.2630 3.2244 0.0000
vertex 11.8084 2.5320 0.6233
vertex 12.3064 3.1810 0.6233
endloop
endfacet
facet normal -0.919506 0.380872 0.097187
outer loop
vertex 11.7553 2.5627 0.0000
vertex 11.4361 1.7921 0.0000
vertex 11.4954 1.7762 0.6233
endloop
endfacet
facet normal -0.919506 0.380872 0.097187
outer loop
vertex 11.7553 2.5627 0.0000
vertex 11.4954 1.7762 0.6233
vertex 11.8084 2.5320 0.6233
endloop
endfacet
facet normal -0.986752 0.129908 0.097187
outer loop
vertex 11.4361 1.7921 0.0000
vertex 11.3272 0.9651 0.0000
vertex 11.3886 0.9651 0.6233
endloop
endfacet
facet normal -0.986752 0.129908 0.097187
outer loop
vertex 11.4361 1.7921 0.0000
vertex 11.3886 0.9651 0.6233
vertex 11.4954 1.7762 0.6233
endloop
endfacet
facet normal -0.986752 -0.129908 0.097187
outer loop
vertex 11.3272 0.9651 0.0000
vertex 11.4361 0.1381 0.0000
vertex 11.4954 0.1540 0.6233
endloop
endfacet
facet normal -0.986752 -0.129908 0.097187
outer loop
vertex 11.3272 0.9651 0.0000
vertex 11.4954 0.1540 0.6233
vertex 11.3886 0.9651 0.6233
endloop
endfacet
facet normal -0.919506 -0.380872 0.097187
outer loop
vertex 11.4361 0.1381 0.0000
vertex 11.7553 -0.6325 0.0000
vertex 11.8084 -0.6018 0.6233
endloop
endfacet
facet normal -0.919506 -0.380872 0.097187
outer loop
vertex 11.4361 0.1381 0.0000
vertex 11.8084 -0.6018 0.6233
vertex 11.4954 0.1540 0.6233
endloop
endfacet
facet normal -0.789598 -0.605880 0.097187
outer loop
vertex 11.7553 -0.6325 0.0000
vertex 12.2630 -1.2942 0.0000
vertex 12.3064 -1.2508 0.6233
endloop
endfacet
facet normal -0.789598 -0.605880 0.097187
outer loop
vertex 11.7553 -0.6325 0.0000
vertex 12.3064 -1.2508 0.6233
vertex 11.8084 -0.6018 0.6233
endloop
endfacet
facet normal -0.605880 -0.789598 0.097187
outer loop
vertex 12.2630 -1.2942 0.0000
vertex 12.9248 -1.8020 0.0000
vertex 12.9555 -1.7488 0.6233
endloop
endfacet
facet normal -0.605880 -0.789598 0.097187
outer loop
vertex 12.2630 -1.2942 0.0000
vertex 12.9555 -1.7488 0.6233
vertex 12.3064 -1.2508 0.6233
endloop
endfacet
facet normal -0.380872 -0.919506 0.097187
outer loop
vertex 12.9248 -1.8020 0.0000
vertex 13.6954 -2.1212 0.0000
vertex 13.7113 -2.0619 0.6233
endloop
endfacet
facet normal -0.380872 -0.919506 0.097187
outer loop
vertex 12.9248 -1.8020 0.0000
vertex 13.7113 -2.0619 0.6233
vertex 12.9555 -1.7488 0.6233
endloop
endfacet
facet normal -0.129908 -0.986752 0.097187
outer loop
vertex 13.6954 -2.1212 0.0000
vertex 14.5223 -2.2301 0.0000
vertex 14.5223 -2.1687 0.6233
endloop
endfacet
facet normal -0.129908 -0.986752 0.097187
outer loop
vertex 13.6954 -2.1212 0.0000
vertex 14.5223 -2.1687 0.6233
vertex 13.7113 -2.0619 0.6233
endloop
endfacet
facet normal 0.129908 -0.986752 0.097187
outer loop
vertex 14.5223 -2.2301 0.0000
vertex 15.3493 -2.1212 0.0000
vertex 15.3334 -2.0619 0.6233
endloop
endfacet
facet normal 0.129908 -0.986752 0.097187
outer loop
vertex 14.5223 -2.2301 0.0000
vertex 15.3334 -2.0619 0.6233
vertex 14.5223 -2.1687 0.6233
endloop
endfacet
facet normal 0.380872 -0.919506 0.097187
outer loop
vertex 15.3493 -2.1212 0.0000
vertex 16.1199 -1.8020 0.0000
vertex 16.0892 -1.7488 0.6233
endloop
endfacet
facet normal 0.380872 -0.919506 0.097187
outer loop
vertex 15.3493 -2.1212 0.0000
vertex 16.0892 -1.7488 0.6233
vertex 15.3334 -2.0619 0.6233
endloop
endfacet
facet normal 0.605880 -0.789598 0.097187
outer loop
vertex 16.1199 -1.8020 0.0000
vertex 16.7816 -1.2942 0.0000
vertex 16.7382 -1.2508 0.6233
endloop
endfacet
facet normal 0.605880 -0.789598 0.097187
outer loop
vertex 16.1199 -1.8020 0.0000
vertex 16.7382 -1.2508 0.6233
vertex 16.0892 -1.7488 0.6233
endloop
endfacet
facet normal 0.789598 -0.605880 0.097187
outer loop
vertex 16.7816 -1.2942 0.0000
vertex 17.2894 -0.6325 0.0000
vertex 17.2362 -0.6018 0.6233
endloop
endfacet
facet normal 0.789598 -0.605880 0.097187
outer loop
vertex 16.7816 -1.2942 0.0000
vertex 17.2362 -0.6018 0.6233
vertex 16.7382 -1.2508 0.6233
endloop
endfacet
facet normal 0.919506 -0.380872 0.097187
outer loop
vertex 17.2894 -0.6325 0.0000
vertex 17.6086 0.1381 0.0000
vertex 17.5493 0.1540 0.6233
endloop
endfacet
facet normal 0.919506 -0.380872 0.097187
outer loop
vertex 17.2894 -0.6325 0.0000
vertex 17.5493 0.1540 0.6233
vertex 17.2362 -0.6018 0.6233
endloop
endfacet
facet normal 0.986752 -0.129908 0.097187
outer loop
vertex 17.6086 0.1381 0.0000
vertex 17.7175 0.9651 0.0000
vertex 17.6561 0.9651 0.6233
endloop
endfacet
facet normal 0.986752 -0.129908 0.097187
outer loop
vertex 17.6086 0.1381 0.0000
vertex 17.6561 0.9651 0.6233
vertex 17.5493 0.1540 0.6233
endloop
endfacet
facet normal 0.949435 0.124996 0.288008
outer loop
vertex 17.6561 0.9651 0.6233
vertex 17.5493 1.7762 0.6233
vertex 17.3737 1.7291 1.2227
endloop
endfacet
facet normal 0.949435 0.124996 0.288008
outer loop
vertex 17.6561 0.9651 0.6233
vertex 17.3737 1.7291 1.2227
vertex 17.4743 0.9651 1.2227
endloop
endfacet
facet normal 0.884733 0.366468 0.288008
outer loop
vertex 17.5493 1.7762 0.6233
vertex 17.2362 2.5320 0.6233
vertex 17.0788 2.4411 1.2227
endloop
endfacet
facet normal 0.884733 0.366468 0.288008
outer loop
vertex 17.5493 1.7762 0.6233
vertex 17.0788 2.4411 1.2227
vertex 17.3737 1.7291 1.2227
endloop
endfacet
facet normal 0.759737 0.582967 0.288008
outer loop
vertex 17.2362 2.5320 0.6233
vertex 16.7382 3.1810 0.6233
vertex 16.6097 3.0524 1.2227
endloop
endfacet
facet normal 0.759737 0.582967 0.288008
outer loop
vertex 17.2362 2.5320 0.6233
vertex 16.6097 3.0524 1.2227
vertex 17.0788 2.4411 1.2227
endloop
endfacet
facet normal 0.582967 0.759737 0.288008
outer loop
vertex 16.7382 3.1810 0.6233
vertex 16.0892 3.6790 0.6233
vertex 15.9983 3.5215 1.2227
endloop
endfacet
facet normal 0.582967 0.759737 0.288008
outer loop
vertex 16.7382 3.1810 0.6233
vertex 15.9983 3.5215 1.2227
vertex 16.6097 3.0524 1.2227
endloop
endfacet
facet normal 0.366468 0.884733 0.288008
outer loop
vertex 16.0892 3.6790 0.6233
vertex 15.3334 3.9921 0.6233
vertex 15.2864 3.8164 1.2227
endloop
endfacet
facet normal 0.366468 0.884733 0.288008
outer loop
vertex 16.0892 3.6790 0.6233
vertex 15.2864 3.8164 1.2227
vertex 15.9983 3.5215 1.2227
endloop
endfacet
facet normal 0.124996 0.949435 0.288008
outer loop
vertex 15.3334 3.9921 0.6233
vertex 14.5223 4.0989 0.6233
vertex 14.5223 3.9170 1.2227
endloop
endfacet
facet normal 0.124996 0.949435 0.288008
outer loop
vertex 15.3334 3.9921 0.6233
vertex 14.5223 3.9170 1.2227
vertex 15.2864 3.8164 1.2227
endloop
endfacet
facet normal -0.124996 0.949435 0.288008
outer loop
vertex 14.5223 4.0989 0.6233
vertex 13.7113 3.9921 0.6233
vertex 13.7583 3.8164 1.2227
endloop
endfacet
facet normal -0.124996 0.949435 0.288008
outer loop
vertex 14.5223 4.0989 0.6233
vertex 13.7583 3.8164 1.2227
vertex 14.5223 3.9170 1.2227
endloop
endfacet
facet normal -0.366468 0.884733 0.288008
outer loop
vertex 13.7113 3.9921 0.6233
vertex 12.9555 3.6790 0.6233
vertex 13.0464 3.5215 1.2227
endloop
endfacet
facet normal -0.366468 0.884733 0.288008
outer loop
vertex 13.7113 3.9921 0.6233
vertex 13.0464 3.5215 1.2227
vertex 13.7583 3.8164 1.2227
endloop
endfacet
facet normal -0.582967 0.759737 0.288008
outer loop
vertex 12.9555 3.6790 0.6233
vertex 12.3064 3.1810 0.6233
vertex 12.4350 3.0524 1.2227
endloop
endfacet
facet normal -0.582967 0.759737 0.288008
outer loop
vertex 12.9555 3.6790 0.6233
vertex 12.4350 3.0524 1.2227
vertex 13.0464 3.5215 1.2227
endloop
endfacet
facet normal -0.759737 0.582967 0.288008
outer loop
vertex 12.3064 3.1810 0.6233
vertex 11.8084 2.5320 0.6233
vertex 11.9659 2.4411 1.2227
endloop
endfacet
facet normal -0.759737 0.582967 0.288008
outer loop
vertex 12.3064 3.1810 0.6233
vertex 11.9659 2.4411 1.2227
vertex 12.4350 3.0524 1.2227
endloop
endfacet
facet normal -0.884733 0.366468 0.288008
outer loop
vertex 11.8084 2.5320 0.6233
vertex 11.4954 1.7762 0.6233
vertex 11.6710 1.7291 1.2227
endloop
endfacet
facet normal -0.884733 0.366468 0.288008
outer loop
vertex 11.8084 2.5320 0.6233
vertex 11.6710 1.7291 1.2227
vertex 11.9659 2.4411 1.2227
endloop
endfacet
facet normal -0.949435 0.124996 0.288008
outer loop
vertex 11.4954 1.7762 0.6233
vertex 11.3886 0.9651 0.6233
vertex 11.5704 0.9651 1.2227
endloop
endfacet
facet normal -0.949435 0.124996 0.288008
outer loop
vertex 11.4954 1.7762 0.6233
vertex 11.5704 0.9651 1.2227
vertex 11.6710 1.7291 1.2227
endloop
endfacet
facet normal -0.949435 -0.124996 0.288008
outer loop
vertex 11.3886 0.9651 0.6233
vertex 11.4954 0.1540 0.6233
vertex 11.6710 0.2011 1.2227
endloop
endfacet
facet normal -0.949435 -0.124996 0.288008
outer loop
vertex 11.3886 0.9651 0.6233
vertex 11.6710 0.2011 1.2227
vertex 11.5704 0.9651 1.2227
endloop
endfacet
facet normal -0.884733 -0.366468 0.288008
outer loop
vertex 11.4954 0.1540 0.6233
vertex 11.8084 -0.6018 0.6233
vertex 11.9659 -0.5109 1.2227
endloop
endfacet
facet normal -0.884733 -0.366468 0.288008
outer loop
vertex 11.4954 0.1540 0.6233
vertex 11.9659 -0.5109 1.2227
vertex 11.6710 0.2011 1.2227
endloop
endfacet
facet normal -0.759737 -0.582967 0.288008
outer loop
vertex 11.8084 -0.6018 0.6233
vertex 12.3064 -1.2508 0.6233
vertex 12.4350 -1.1222 1.2227
endloop
endfacet
facet normal -0.759737 -0.582967 0.288008
outer loop
vertex 11.8084 -0.6018 0.6233
vertex 12.4350 -1.1222 1.2227
vertex 11.9659 -0.5109 1.2227
endloop
endfacet
facet normal -0.582967 -0.759737 0.288008
outer loop
vertex 12.3064 -1.2508 0.6233
vertex 12.9555 -1.7488 0.6233
vertex 13.0464 -1.5914 1.2227
endloop
endfacet
facet normal -0.582967 -0.759737 0.288008
outer loop
vertex 12.3064 -1.2508 0.6233
vertex 13.0464 -1.5914 1.2227
vertex 12.4350 -1.1222 1.2227
endloop
endfacet
facet normal -0.366468 -0.884733 0.288008
outer loop
vertex 12.9555 -1.7488 0.6233
vertex 13.7113 -2.0619 0.6233
vertex 13.7583 -1.8863 1.2227
endloop
endfacet
facet normal -0.366468 -0.884733 0.288008
outer loop
vertex 12.9555 -1.7488 0.6233
vertex 13.7583 -1.8863 1.2227
vertex 13.0464 -1.5914 1.2227
endloop
endfacet
facet normal -0.124996 -0.949435 0.288008
outer loop
vertex 13.7113 -2.0619 0.6233
vertex 14.5223 -2.1687 0.6233
vertex 14.5223 -1.9868 1.2227
endloop
endfacet
facet normal -0.124996 -0.949435 0.288008
outer loop
vertex 13.7113 -2.0619 0.6233
vertex 14.5223 -1.9868 1.2227
vertex 13.7583 -1.8863 1.2227
endloop
endfacet
facet normal 0.124996 -0.949435 0.288008
outer loop
vertex 14.5223 -2.1687 0.6233
vertex 15.3334 -2.0619 0.6233
vertex 15.2864 -1.8863 1.2227
endloop
endfacet
facet normal 0.124996 -0.949435 0.288008
outer loop
vertex 14.5223 -2.1687 0.6233
vertex 15.2864 -1.8863 1.2227
vertex 14.5223 -1.9868 1.2227
endloop
endfacet
facet normal 0.366468 -0.884733 0.288008
outer loop
vertex 15.3334 -2.0619 0.6233
vertex 16.0892 -1.7488 0.6233
vertex 15.9983 -1.5914 1.2227
endloop
endfacet
facet normal 0.366468 -0.884733 0.288008
outer loop
vertex 15.3334 -2.0619 0.6233
vertex 15.9983 -1.5914 1.2227
vertex 15.2864 -1.8863 1.2227
endloop
endfacet
facet normal 0.582967 -0.759737 0.288008
outer loop
vertex 16.0892 -1.7488 0.6233
vertex 16.7382 -1.2508 0.6233
vertex 16.6097 -1.1222 1.2227
endloop
endfacet
facet normal 0.582967 -0.759737 0.288008
outer loop
vertex 16.0892 -1.7488 0.6233
vertex 16.6097 -1.1222 1.2227
vertex 15.9983 -1.5914 1.2227
endloop
endfacet
facet normal 0.759737 -0.582967 0.288008
outer loop
vertex 16.7382 -1.2508 0.6233
vertex 17.2362 -0.6018 0.6233
vertex 17.0788 -0.5109 1.2227
endloop
endfacet
facet normal 0.759737 -0.582967 0.288008
outer loop
vertex 16.7382 -1.2508 0.6233
vertex 17.0788 -0.5109 1.2227
vertex 16.6097 -1.1222 1.2227
endloop
endfacet
facet normal 0.884733 -0.366468 0.288008
outer loop
vertex 17.2362 -0.6018 0.6233
vertex 17.5493 0.1540 0.6233
vertex 17.3737 0.2011 1.2227
endloop
endfacet
facet normal 0.884733 -0.366468 0.288008
outer loop
vertex 17.2362 -0.6018 0.6233
vertex 17.3737 0.2011 1.2227
vertex 17.0788 -0.5109 1.2227
endloop
endfacet
facet normal 0.949435 -0.124996 0.288008
outer loop
vertex 17.5493 0.1540 0.6233
vertex 17.6561 0.9651 0.6233
vertex 17.4743 0.9651 1.2227
endloop
endfacet
facet normal 0.949435 -0.124996 0.288008
outer loop
vertex 17.5493 0.1540 0.6233
vertex 17.4743 0.9651 1.2227
vertex 17.3737 0.2011 1.2227
endloop
endfacet
facet normal 0.876036 0.115332 0.468251
outer loop
vertex 17.4743 0.9651 1.2227
vertex 17.3737 1.7291 1.2227
vertex 17.0885 1.6527 1.7751
endloop
endfacet
facet normal 0.876036 0.115332 0.468251
outer loop
vertex 17.4743 0.9651 1.2227
vertex 17.0885 1.6527 1.7751
vertex 17.1790 0.9651 1.7751
endloop
endfacet
facet normal 0.816336 0.338137 0.468251
outer loop
vertex 17.3737 1.7291 1.2227
vertex 17.0788 2.4411 1.2227
vertex 16.8231 2.2934 1.7751
endloop
endfacet
facet normal 0.816336 0.338137 0.468251
outer loop
vertex 17.3737 1.7291 1.2227
vertex 16.8231 2.2934 1.7751
vertex 17.0885 1.6527 1.7751
endloop
endfacet
facet normal 0.701003 0.537899 0.468251
outer loop
vertex 17.0788 2.4411 1.2227
vertex 16.6097 3.0524 1.2227
vertex 16.4009 2.8436 1.7751
endloop
endfacet
facet normal 0.701003 0.537899 0.468251
outer loop
vertex 17.0788 2.4411 1.2227
vertex 16.4009 2.8436 1.7751
vertex 16.8231 2.2934 1.7751
endloop
endfacet
facet normal 0.537899 0.701003 0.468251
outer loop
vertex 16.6097 3.0524 1.2227
vertex 15.9983 3.5215 1.2227
vertex 15.8507 3.2658 1.7751
endloop
endfacet
facet normal 0.537899 0.701003 0.468251
outer loop
vertex 16.6097 3.0524 1.2227
vertex 15.8507 3.2658 1.7751
vertex 16.4009 2.8436 1.7751
endloop
endfacet
facet normal 0.338137 0.816336 0.468251
outer loop
vertex 15.9983 3.5215 1.2227
vertex 15.2864 3.8164 1.2227
vertex 15.2099 3.5312 1.7751
endloop
endfacet
facet normal 0.338137 0.816336 0.468251
outer loop
vertex 15.9983 3.5215 1.2227
vertex 15.2099 3.5312 1.7751
vertex 15.8507 3.2658 1.7751
endloop
endfacet
facet normal 0.115332 0.876036 0.468251
outer loop
vertex 15.2864 3.8164 1.2227
vertex 14.5223 3.9170 1.2227
vertex 14.5223 3.6218 1.7751
endloop
endfacet
facet normal 0.115332 0.876036 0.468251
outer loop
vertex 15.2864 3.8164 1.2227
vertex 14.5223 3.6218 1.7751
vertex 15.2099 3.5312 1.7751
endloop
endfacet
facet normal -0.115332 0.876036 0.468251
outer loop
vertex 14.5223 3.9170 1.2227
vertex 13.7583 3.8164 1.2227
vertex 13.8347 3.5312 1.7751
endloop
endfacet
facet normal -0.115332 0.876036 0.468251
outer loop
vertex 14.5223 3.9170 1.2227
vertex 13.8347 3.5312 1.7751
vertex 14.5223 3.6218 1.7751
endloop
endfacet
facet normal -0.338137 0.816336 0.468251
outer loop
vertex 13.7583 3.8164 1.2227
vertex 13.0464 3.5215 1.2227
vertex 13.1940 3.2658 1.7751
endloop
endfacet
facet normal -0.338137 0.816336 0.468251
outer loop
vertex 13.7583 3.8164 1.2227
vertex 13.1940 3.2658 1.7751
vertex 13.8347 3.5312 1.7751
endloop
endfacet
facet normal -0.537899 0.701003 0.468251
outer loop
vertex 13.0464 3.5215 1.2227
vertex 12.4350 3.0524 1.2227
vertex 12.6438 2.8436 1.7751
endloop
endfacet
facet normal -0.537899 0.701003 0.468251
outer loop
vertex 13.0464 3.5215 1.2227
vertex 12.6438 2.8436 1.7751
vertex 13.1940 3.2658 1.7751
endloop
endfacet
facet normal -0.701003 0.537899 0.468251
outer loop
vertex 12.4350 3.0524 1.2227
vertex 11.9659 2.4411 1.2227
vertex 12.2216 2.2934 1.7751
endloop
endfacet
facet normal -0.701003 0.537899 0.468251
outer loop
vertex 12.4350 3.0524 1.2227
vertex 12.2216 2.2934 1.7751
vertex 12.6438 2.8436 1.7751
endloop
endfacet
facet normal -0.816336 0.338137 0.468251
outer loop
vertex 11.9659 2.4411 1.2227
vertex 11.6710 1.7291 1.2227
vertex 11.9562 1.6527 1.7751
endloop
endfacet
facet normal -0.816336 0.338137 0.468251
outer loop
vertex 11.9659 2.4411 1.2227
vertex 11.9562 1.6527 1.7751
vertex 12.2216 2.2934 1.7751
endloop
endfacet
facet normal -0.876036 0.115332 0.468251
outer loop
vertex 11.6710 1.7291 1.2227
vertex 11.5704 0.9651 1.2227
vertex 11.8657 0.9651 1.7751
endloop
endfacet
facet normal -0.876036 0.115332 0.468251
outer loop
vertex 11.6710 1.7291 1.2227
vertex 11.8657 0.9651 1.7751
vertex 11.9562 1.6527 1.7751
endloop
endfacet
facet normal -0.876036 -0.115332 0.468251
outer loop
vertex 11.5704 0.9651 1.2227
vertex 11.6710 0.2011 1.2227
vertex 11.9562 0.2775 1.7751
endloop
endfacet
facet normal -0.876036 -0.115332 0.468251
outer loop
vertex 11.5704 0.9651 1.2227
vertex 11.9562 0.2775 1.7751
vertex 11.8657 0.9651 1.7751
endloop
endfacet
facet normal -0.816336 -0.338137 0.468251
outer loop
vertex 11.6710 0.2011 1.2227
vertex 11.9659 -0.5109 1.2227
vertex 12.2216 -0.3632 1.7751
endloop
endfacet
facet normal -0.816336 -0.338137 0.468251
outer loop
vertex 11.6710 0.2011 1.2227
vertex 12.2216 -0.3632 1.7751
vertex 11.9562 0.2775 1.7751
endloop
endfacet
facet normal -0.701003 -0.537899 0.468251
outer loop
vertex 11.9659 -0.5109 1.2227
vertex 12.4350 -1.1222 1.2227
vertex 12.6438 -0.9135 1.7751
endloop
endfacet
facet normal -0.701003 -0.537899 0.468251
outer loop
vertex 11.9659 -0.5109 1.2227
vertex 12.6438 -0.9135 1.7751
vertex 12.2216 -0.3632 1.7751
endloop
endfacet
facet normal -0.537899 -0.701003 0.468251
outer loop
vertex 12.4350 -1.1222 1.2227
vertex 13.0464 -1.5914 1.2227
vertex 13.1940 -1.3356 1.7751
endloop
endfacet
facet normal -0.537899 -0.701003 0.468251
outer loop
vertex 12.4350 -1.1222 1.2227
vertex 13.1940 -1.3356 1.7751
vertex 12.6438 -0.9135 1.7751
endloop
endfacet
facet normal -0.338137 -0.816336 0.468251
outer loop
vertex 13.0464 -1.5914 1.2227
vertex 13.7583 -1.8863 1.2227
vertex 13.8347 -1.6010 1.7751
endloop
endfacet
facet normal -0.338137 -0.816336 0.468251
outer loop
vertex 13.0464 -1.5914 1.2227
vertex 13.8347 -1.6010 1.7751
vertex 13.1940 -1.3356 1.7751
endloop
endfacet
facet normal -0.115332 -0.876036 0.468251
outer loop
vertex 13.7583 -1.8863 1.2227
vertex 14.5223 -1.9868 1.2227
vertex 14.5223 -1.6916 1.7751
endloop
endfacet
facet normal -0.115332 -0.876036 0.468251
outer loop
vertex 13.7583 -1.8863 1.2227
vertex 14.5223 -1.6916 1.7751
vertex 13.8347 -1.6010 1.7751
endloop
endfacet
facet normal 0.115332 -0.876036 0.468251
outer loop
vertex 14.5223 -1.9868 1.2227
vertex 15.2864 -1.8863 1.2227
vertex 15.2099 -1.6010 1.7751
endloop
endfacet
facet normal 0.115332 -0.876036 0.468251
outer loop
vertex 14.5223 -1.9868 1.2227
vertex 15.2099 -1.6010 1.7751
vertex 14.5223 -1.6916 1.7751
endloop
endfacet
facet normal 0.338137 -0.816336 0.468251
outer loop
vertex 15.2864 -1.8863 1.2227
vertex 15.9983 -1.5914 1.2227
vertex 15.8507 -1.3356 1.7751
endloop
endfacet
facet normal 0.338137 -0.816336 0.468251
outer loop
vertex 15.2864 -1.8863 1.2227
vertex 15.8507 -1.3356 1.7751
vertex 15.2099 -1.6010 1.7751
endloop
endfacet
facet normal 0.537899 -0.701003 0.468251
outer loop
vertex 15.9983 -1.5914 1.2227
vertex 16.6097 -1.1222 1.2227
vertex 16.4009 -0.9135 1.7751
endloop
endfacet
facet normal 0.537899 -0.701003 0.468251
outer loop
vertex 15.9983 -1.5914 1.2227
vertex 16.4009 -0.9135 1.7751
vertex 15.8507 -1.3356 1.7751
endloop
endfacet
facet normal 0.701003 -0.537899 0.468251
outer loop
vertex 16.6097 -1.1222 1.2227
vertex 17.0788 -0.5109 1.2227
vertex 16.8231 -0.3632 1.7751
endloop
endfacet
facet normal 0.701003 -0.537899 0.468251
outer loop
vertex 16.6097 -1.1222 1.2227
vertex 16.8231 -0.3632 1.7751
vertex 16.4009 -0.9135 1.7751
endloop
endfacet
facet normal 0.816336 -0.338137 0.468251
outer loop
vertex 17.0788 -0.5109 1.2227
vertex 17.3737 0.2011 1.2227
vertex 17.0885 0.2775 1.7751
endloop
endfacet
facet normal 0.816336 -0.338137 0.468251
outer loop
vertex 17.0788 -0.5109 1.2227
vertex 17.0885 0.2775 1.7751
vertex 16.8231 -0.3632 1.7751
endloop
endfacet
facet normal 0.876036 -0.115332 0.468251
outer loop
vertex 17.3737 0.2011 1.2227
vertex 17.4743 0.9651 1.2227
vertex 17.1790 0.9651 1.7751
endloop
endfacet
facet normal 0.876036 -0.115332 0.468251
outer loop
vertex 17.3737 0.2011 1.2227
vertex 17.1790 0.9651 1.7751
vertex 17.0885 0.2775 1.7751
endloop
endfacet
facet normal 0.769038 0.101246 0.631133
outer loop
vertex 17.1790 0.9651 1.7751
vertex 17.0885 1.6527 1.7751
vertex 16.7047 1.5499 2.2593
endloop
endfacet
facet normal 0.769038 0.101246 0.631133
outer loop
vertex 17.1790 0.9651 1.7751
vertex 16.7047 1.5499 2.2593
vertex 16.7816 0.9651 2.2593
endloop
endfacet
facet normal 0.716630 0.296838 0.631133
outer loop
vertex 17.0885 1.6527 1.7751
vertex 16.8231 2.2934 1.7751
vertex 16.4790 2.0948 2.2593
endloop
endfacet
facet normal 0.716630 0.296838 0.631133
outer loop
vertex 17.0885 1.6527 1.7751
vertex 16.4790 2.0948 2.2593
vertex 16.7047 1.5499 2.2593
endloop
endfacet
facet normal 0.615384 0.472201 0.631133
outer loop
vertex 16.8231 2.2934 1.7751
vertex 16.4009 2.8436 1.7751
vertex 16.1199 2.5627 2.2593
endloop
endfacet
facet normal 0.615384 0.472201 0.631133
outer loop
vertex 16.8231 2.2934 1.7751
vertex 16.1199 2.5627 2.2593
vertex 16.4790 2.0948 2.2593
endloop
endfacet
facet normal 0.472201 0.615384 0.631133
outer loop
vertex 16.4009 2.8436 1.7751
vertex 15.8507 3.2658 1.7751
vertex 15.6520 2.9217 2.2593
endloop
endfacet
facet normal 0.472201 0.615384 0.631133
outer loop
vertex 16.4009 2.8436 1.7751
vertex 15.6520 2.9217 2.2593
vertex 16.1199 2.5627 2.2593
endloop
endfacet
facet normal 0.296838 0.716630 0.631133
outer loop
vertex 15.8507 3.2658 1.7751
vertex 15.2099 3.5312 1.7751
vertex 15.1071 3.1474 2.2593
endloop
endfacet
facet normal 0.296838 0.716630 0.631133
outer loop
vertex 15.8507 3.2658 1.7751
vertex 15.1071 3.1474 2.2593
vertex 15.6520 2.9217 2.2593
endloop
endfacet
facet normal 0.101246 0.769038 0.631133
outer loop
vertex 15.2099 3.5312 1.7751
vertex 14.5223 3.6218 1.7751
vertex 14.5223 3.2244 2.2593
endloop
endfacet
facet normal 0.101246 0.769038 0.631133
outer loop
vertex 15.2099 3.5312 1.7751
vertex 14.5223 3.2244 2.2593
vertex 15.1071 3.1474 2.2593
endloop
endfacet
facet normal -0.101246 0.769038 0.631133
outer loop
vertex 14.5223 3.6218 1.7751
vertex 13.8347 3.5312 1.7751
vertex 13.9376 3.1474 2.2593
endloop
endfacet
facet normal -0.101246 0.769038 0.631133
outer loop
vertex 14.5223 3.6218 1.7751
vertex 13.9376 3.1474 2.2593
vertex 14.5223 3.2244 2.2593
endloop
endfacet
facet normal -0.296838 0.716630 0.631133
outer loop
vertex 13.8347 3.5312 1.7751
vertex 13.1940 3.2658 1.7751
vertex 13.3927 2.9217 2.2593
endloop
endfacet
facet normal -0.296838 0.716630 0.631133
outer loop
vertex 13.8347 3.5312 1.7751
vertex 13.3927 2.9217 2.2593
vertex 13.9376 3.1474 2.2593
endloop
endfacet
facet normal -0.472201 0.615384 0.631133
outer loop
vertex 13.1940 3.2658 1.7751
vertex 12.6438 2.8436 1.7751
vertex 12.9248 2.5627 2.2593
endloop
endfacet
facet normal -0.472201 0.615384 0.631133
outer loop
vertex 13.1940 3.2658 1.7751
vertex 12.9248 2.5627 2.2593
vertex 13.3927 2.9217 2.2593
endloop
endfacet
facet normal -0.615384 0.472201 0.631133
outer loop
vertex 12.6438 2.8436 1.7751
vertex 12.2216 2.2934 1.7751
vertex 12.5657 2.0948 2.2593
endloop
endfacet
facet normal -0.615384 0.472201 0.631133
outer loop
vertex 12.6438 2.8436 1.7751
vertex 12.5657 2.0948 2.2593
vertex 12.9248 2.5627 2.2593
endloop
endfacet
facet normal -0.716630 0.296838 0.631133
outer loop
vertex 12.2216 2.2934 1.7751
vertex 11.9562 1.6527 1.7751
vertex 12.3400 1.5499 2.2593
endloop
endfacet
facet normal -0.716630 0.296838 0.631133
outer loop
vertex 12.2216 2.2934 1.7751
vertex 12.3400 1.5499 2.2593
vertex 12.5657 2.0948 2.2593
endloop
endfacet
facet normal -0.769038 0.101246 0.631133
outer loop
vertex 11.9562 1.6527 1.7751
vertex 11.8657 0.9651 1.7751
vertex 12.2630 0.9651 2.2593
endloop
endfacet
facet normal -0.769038 0.101246 0.631133
outer loop
vertex 11.9562 1.6527 1.7751
vertex 12.2630 0.9651 2.2593
vertex 12.3400 1.5499 2.2593
endloop
endfacet
facet normal -0.769038 -0.101246 0.631133
outer loop
vertex 11.8657 0.9651 1.7751
vertex 11.9562 0.2775 1.7751
vertex 12.3400 0.3803 2.2593
endloop
endfacet
facet normal -0.769038 -0.101246 0.631133
outer loop
vertex 11.8657 0.9651 1.7751
vertex 12.3400 0.3803 2.2593
vertex 12.2630 0.9651 2.2593
endloop
endfacet
facet normal -0.716630 -0.296838 0.631133
outer loop
vertex 11.9562 0.2775 1.7751
vertex 12.2216 -0.3632 1.7751
vertex 12.5657 -0.1646 2.2593
endloop
endfacet
facet normal -0.716630 -0.296838 0.631133
outer loop
vertex 11.9562 0.2775 1.7751
vertex 12.5657 -0.1646 2.2593
vertex 12.3400 0.3803 2.2593
endloop
endfacet
facet normal -0.615384 -0.472201 0.631133
outer loop
vertex 12.2216 -0.3632 1.7751
vertex 12.6438 -0.9135 1.7751
vertex 12.9248 -0.6325 2.2593
endloop
endfacet
facet normal -0.615384 -0.472201 0.631133
outer loop
vertex 12.2216 -0.3632 1.7751
vertex 12.9248 -0.6325 2.2593
vertex 12.5657 -0.1646 2.2593
endloop
endfacet
facet normal -0.472201 -0.615384 0.631133
outer loop
vertex 12.6438 -0.9135 1.7751
vertex 13.1940 -1.3356 1.7751
vertex 13.3927 -0.9915 2.2593
endloop
endfacet
facet normal -0.472201 -0.615384 0.631133
outer loop
vertex 12.6438 -0.9135 1.7751
vertex 13.3927 -0.9915 2.2593
vertex 12.9248 -0.6325 2.2593
endloop
endfacet
facet normal -0.296838 -0.716630 0.631133
outer loop
vertex 13.1940 -1.3356 1.7751
vertex 13.8347 -1.6010 1.7751
vertex 13.9376 -1.2172 2.2593
endloop
endfacet
facet normal -0.296838 -0.716630 0.631133
outer loop
vertex 13.1940 -1.3356 1.7751
vertex 13.9376 -1.2172 2.2593
vertex 13.3927 -0.9915 2.2593
endloop
endfacet
facet normal -0.101246 -0.769038 0.631133
outer loop
vertex 13.8347 -1.6010 1.7751
vertex 14.5223 -1.6916 1.7751
vertex 14.5223 -1.2942 2.2593
endloop
endfacet
facet normal -0.101246 -0.769038 0.631133
outer loop
vertex 13.8347 -1.6010 1.7751
vertex 14.5223 -1.2942 2.2593
vertex 13.9376 -1.2172 2.2593
endloop
endfacet
facet normal 0.101246 -0.769038 0.631133
outer loop
vertex 14.5223 -1.6916 1.7751
vertex 15.2099 -1.6010 1.7751
vertex 15.1071 -1.2172 2.2593
endloop
endfacet
facet normal 0.101246 -0.769038 0.631133
outer loop
vertex 14.5223 -1.6916 1.7751
vertex 15.1071 -1.2172 2.2593
vertex 14.5223 -1.2942 2.2593
endloop
endfacet
facet normal 0.296838 -0.716630 0.631133
outer loop
vertex 15.2099 -1.6010 1.7751
vertex 15.8507 -1.3356 1.7751
vertex 15.6520 -0.9915 2.2593
endloop
endfacet
facet normal 0.296838 -0.716630 0.631133
outer loop
vertex 15.2099 -1.6010 1.7751
vertex 15.6520 -0.9915 2.2593
vertex 15.1071 -1.2172 2.2593
endloop
endfacet
facet normal 0.472201 -0.615384 0.631133
outer loop
vertex 15.8507 -1.3356 1.7751
vertex 16.4009 -0.9135 1.7751
vertex 16.1199 -0.6325 2.2593
endloop
endfacet
facet normal 0.472201 -0.615384 0.631133
outer loop
vertex 15.8507 -1.3356 1.7751
vertex 16.1199 -0.6325 2.2593
vertex 15.6520 -0.9915 2.2593
endloop
endfacet
facet normal 0.615384 -0.472201 0.631133
outer loop
vertex 16.4009 -0.9135 1.7751
vertex 16.8231 -0.3632 1.7751
vertex 16.4790 -0.1646 2.2593
endloop
endfacet
facet normal 0.615384 -0.472201 0.631133
outer loop
vertex 16.4009 -0.9135 1.7751
vertex 16.4790 -0.1646 2.2593
vertex 16.1199 -0.6325 2.2593
endloop
endfacet
facet normal 0.716630 -0.296838 0.631133
outer loop
vertex 16.8231 -0.3632 1.7751
vertex 17.0885 0.2775 1.7751
vertex 16.7047 0.3803 2.2593
endloop
endfacet
facet normal 0.716630 -0.296838 0.631133
outer loop
vertex 16.8231 -0.3632 1.7751
vertex 16.7047 0.3803 2.2593
vertex 16.4790 -0.1646 2.2593
endloop
endfacet
facet normal 0.769038 -0.101246 0.631133
outer loop
vertex 17.0885 0.2775 1.7751
vertex 17.1790 0.9651 1.7751
vertex 16.7816 0.9651 2.2593
endloop
endfacet
facet normal 0.769038 -0.101246 0.631133
outer loop
vertex 17.0885 0.2775 1.7751
vertex 16.7816 0.9651 2.2593
vertex 16.7047 0.3803 2.2593
endloop
endfacet
facet normal 0.632192 0.083230 0.770328
outer loop
vertex 16.7816 0.9651 2.2593
vertex 16.7047 1.5499 2.2593
vertex 16.2370 1.4245 2.6567
endloop
endfacet
facet normal 0.632192 0.083230 0.770328
outer loop
vertex 16.7816 0.9651 2.2593
vertex 16.2370 1.4245 2.6567
vertex 16.2975 0.9651 2.6567
endloop
endfacet
facet normal 0.589109 0.244017 0.770328
outer loop
vertex 16.7047 1.5499 2.2593
vertex 16.4790 2.0948 2.2593
vertex 16.0596 1.8527 2.6567
endloop
endfacet
facet normal 0.589109 0.244017 0.770328
outer loop
vertex 16.7047 1.5499 2.2593
vertex 16.0596 1.8527 2.6567
vertex 16.2370 1.4245 2.6567
endloop
endfacet
facet normal 0.505880 0.388175 0.770328
outer loop
vertex 16.4790 2.0948 2.2593
vertex 16.1199 2.5627 2.2593
vertex 15.7775 2.2203 2.6567
endloop
endfacet
facet normal 0.505880 0.388175 0.770328
outer loop
vertex 16.4790 2.0948 2.2593
vertex 15.7775 2.2203 2.6567
vertex 16.0596 1.8527 2.6567
endloop
endfacet
facet normal 0.388175 0.505880 0.770328
outer loop
vertex 16.1199 2.5627 2.2593
vertex 15.6520 2.9217 2.2593
vertex 15.4099 2.5024 2.6567
endloop
endfacet
facet normal 0.388175 0.505880 0.770328
outer loop
vertex 16.1199 2.5627 2.2593
vertex 15.4099 2.5024 2.6567
vertex 15.7775 2.2203 2.6567
endloop
endfacet
facet normal 0.244017 0.589109 0.770328
outer loop
vertex 15.6520 2.9217 2.2593
vertex 15.1071 3.1474 2.2593
vertex 14.9818 2.6797 2.6567
endloop
endfacet
facet normal 0.244017 0.589109 0.770328
outer loop
vertex 15.6520 2.9217 2.2593
vertex 14.9818 2.6797 2.6567
vertex 15.4099 2.5024 2.6567
endloop
endfacet
facet normal 0.083230 0.632192 0.770328
outer loop
vertex 15.1071 3.1474 2.2593
vertex 14.5223 3.2244 2.2593
vertex 14.5223 2.7402 2.6567
endloop
endfacet
facet normal 0.083230 0.632192 0.770328
outer loop
vertex 15.1071 3.1474 2.2593
vertex 14.5223 2.7402 2.6567
vertex 14.9818 2.6797 2.6567
endloop
endfacet
facet normal -0.083230 0.632192 0.770328
outer loop
vertex 14.5223 3.2244 2.2593
vertex 13.9376 3.1474 2.2593
vertex 14.0629 2.6797 2.6567
endloop
endfacet
facet normal -0.083230 0.632192 0.770328
outer loop
vertex 14.5223 3.2244 2.2593
vertex 14.0629 2.6797 2.6567
vertex 14.5223 2.7402 2.6567
endloop
endfacet
facet normal -0.244017 0.589109 0.770328
outer loop
vertex 13.9376 3.1474 2.2593
vertex 13.3927 2.9217 2.2593
vertex 13.6348 2.5024 2.6567
endloop
endfacet
facet normal -0.244017 0.589109 0.770328
outer loop
vertex 13.9376 3.1474 2.2593
vertex 13.6348 2.5024 2.6567
vertex 14.0629 2.6797 2.6567
endloop
endfacet
facet normal -0.388175 0.505880 0.770328
outer loop
vertex 13.3927 2.9217 2.2593
vertex 12.9248 2.5627 2.2593
vertex 13.2671 2.2203 2.6567
endloop
endfacet
facet normal -0.388175 0.505880 0.770328
outer loop
vertex 13.3927 2.9217 2.2593
vertex 13.2671 2.2203 2.6567
vertex 13.6348 2.5024 2.6567
endloop
endfacet
facet normal -0.505880 0.388175 0.770328
outer loop
vertex 12.9248 2.5627 2.2593
vertex 12.5657 2.0948 2.2593
vertex 12.9850 1.8527 2.6567
endloop
endfacet
facet normal -0.505880 0.388175 0.770328
outer loop
vertex 12.9248 2.5627 2.2593
vertex 12.9850 1.8527 2.6567
vertex 13.2671 2.2203 2.6567
endloop
endfacet
facet normal -0.589109 0.244017 0.770328
outer loop
vertex 12.5657 2.0948 2.2593
vertex 12.3400 1.5499 2.2593
vertex 12.8077 1.4245 2.6567
endloop
endfacet
facet normal -0.589109 0.244017 0.770328
outer loop
vertex 12.5657 2.0948 2.2593
vertex 12.8077 1.4245 2.6567
vertex 12.9850 1.8527 2.6567
endloop
endfacet
facet normal -0.632192 0.083230 0.770328
outer loop
vertex 12.3400 1.5499 2.2593
vertex 12.2630 0.9651 2.2593
vertex 12.7472 0.9651 2.6567
endloop
endfacet
facet normal -0.632192 0.083230 0.770328
outer loop
vertex 12.3400 1.5499 2.2593
vertex 12.7472 0.9651 2.6567
vertex 12.8077 1.4245 2.6567
endloop
endfacet
facet normal -0.632192 -0.083230 0.770328
outer loop
vertex 12.2630 0.9651 2.2593
vertex 12.3400 0.3803 2.2593
vertex 12.8077 0.5057 2.6567
endloop
endfacet
facet normal -0.632192 -0.083230 0.770328
outer loop
vertex 12.2630 0.9651 2.2593
vertex 12.8077 0.5057 2.6567
vertex 12.7472 0.9651 2.6567
endloop
endfacet
facet normal -0.589109 -0.244017 0.770328
outer loop
vertex 12.3400 0.3803 2.2593
vertex 12.5657 -0.1646 2.2593
vertex 12.9850 0.0775 2.6567
endloop
endfacet
facet normal -0.589109 -0.244017 0.770328
outer loop
vertex 12.3400 0.3803 2.2593
vertex 12.9850 0.0775 2.6567
vertex 12.8077 0.5057 2.6567
endloop
endfacet
facet normal -0.505880 -0.388175 0.770328
outer loop
vertex 12.5657 -0.1646 2.2593
vertex 12.9248 -0.6325 2.2593
vertex 13.2671 -0.2901 2.6567
endloop
endfacet
facet normal -0.505880 -0.388175 0.770328
outer loop
vertex 12.5657 -0.1646 2.2593
vertex 13.2671 -0.2901 2.6567
vertex 12.9850 0.0775 2.6567
endloop
endfacet
facet normal -0.388175 -0.505880 0.770328
outer loop
vertex 12.9248 -0.6325 2.2593
vertex 13.3927 -0.9915 2.2593
vertex 13.6348 -0.5722 2.6567
endloop
endfacet
facet normal -0.388175 -0.505880 0.770328
outer loop
vertex 12.9248 -0.6325 2.2593
vertex 13.6348 -0.5722 2.6567
vertex 13.2671 -0.2901 2.6567
endloop
endfacet
facet normal -0.244017 -0.589109 0.770328
outer loop
vertex 13.3927 -0.9915 2.2593
vertex 13.9376 -1.2172 2.2593
vertex 14.0629 -0.7495 2.6567
endloop
endfacet
facet normal -0.244017 -0.589109 0.770328
outer loop
vertex 13.3927 -0.9915 2.2593
vertex 14.0629 -0.7495 2.6567
vertex 13.6348 -0.5722 2.6567
endloop
endfacet
facet normal -0.083230 -0.632192 0.770328
outer loop
vertex 13.9376 -1.2172 2.2593
vertex 14.5223 -1.2942 2.2593
vertex 14.5223 -0.8100 2.6567
endloop
endfacet
facet normal -0.083230 -0.632192 0.770328
outer loop
vertex 13.9376 -1.2172 2.2593
vertex 14.5223 -0.8100 2.6567
vertex 14.0629 -0.7495 2.6567
endloop
endfacet
facet normal 0.083230 -0.632192 0.770328
outer loop
vertex 14.5223 -1.2942 2.2593
vertex 15.1071 -1.2172 2.2593
vertex 14.9818 -0.7495 2.6567
endloop
endfacet
facet normal 0.083230 -0.632192 0.770328
outer loop
vertex 14.5223 -1.2942 2.2593
vertex 14.9818 -0.7495 2.6567
vertex 14.5223 -0.8100 2.6567
endloop
endfacet
facet normal 0.244017 -0.589109 0.770328
outer loop
vertex 15.1071 -1.2172 2.2593
vertex 15.6520 -0.9915 2.2593
vertex 15.4099 -0.5722 2.6567
endloop
endfacet
facet normal 0.244017 -0.589109 0.770328
outer loop
vertex 15.1071 -1.2172 2.2593
vertex 15.4099 -0.5722 2.6567
vertex 14.9818 -0.7495 2.6567
endloop
endfacet
facet normal 0.388175 -0.505880 0.770328
outer loop
vertex 15.6520 -0.9915 2.2593
vertex 16.1199 -0.6325 2.2593
vertex 15.7775 -0.2901 2.6567
endloop
endfacet
facet normal 0.388175 -0.505880 0.770328
outer loop
vertex 15.6520 -0.9915 2.2593
vertex 15.7775 -0.2901 2.6567
vertex 15.4099 -0.5722 2.6567
endloop
endfacet
facet normal 0.505880 -0.388175 0.770328
outer loop
vertex 16.1199 -0.6325 2.2593
vertex 16.4790 -0.1646 2.2593
vertex 16.0596 0.0775 2.6567
endloop
endfacet
facet normal 0.505880 -0.388175 0.770328
outer loop
vertex 16.1199 -0.6325 2.2593
vertex 16.0596 0.0775 2.6567
vertex 15.7775 -0.2901 2.6567
endloop
endfacet
facet normal 0.589109 -0.244017 0.770328
outer loop
vertex 16.4790 -0.1646 2.2593
vertex 16.7047 0.3803 2.2593
vertex 16.2370 0.5057 2.6567
endloop
endfacet
facet normal 0.589109 -0.244017 0.770328
outer loop
vertex 16.4790 -0.1646 2.2593
vertex 16.2370 0.5057 2.6567
vertex 16.0596 0.0775 2.6567
endloop
endfacet
facet normal 0.632192 -0.083230 0.770328
outer loop
vertex 16.7047 0.3803 2.2593
vertex 16.7816 0.9651 2.2593
vertex 16.2975 0.9651 2.6567
endloop
endfacet
facet normal 0.632192 -0.083230 0.770328
outer loop
vertex 16.7047 0.3803 2.2593
vertex 16.2975 0.9651 2.6567
vertex 16.2370 0.5057 2.6567
endloop
endfacet
facet normal 0.470492 0.061941 0.880228
outer loop
vertex 16.2975 0.9651 2.6567
vertex 16.2370 1.4245 2.6567
vertex 15.7034 1.2816 2.9519
endloop
endfacet
facet normal 0.470492 0.061941 0.880228
outer loop
vertex 16.2975 0.9651 2.6567
vertex 15.7034 1.2816 2.9519
vertex 15.7451 0.9651 2.9519
endloop
endfacet
facet normal 0.438428 0.181603 0.880228
outer loop
vertex 16.2370 1.4245 2.6567
vertex 16.0596 1.8527 2.6567
vertex 15.5813 1.5765 2.9519
endloop
endfacet
facet normal 0.438428 0.181603 0.880228
outer loop
vertex 16.2370 1.4245 2.6567
vertex 15.5813 1.5765 2.9519
vertex 15.7034 1.2816 2.9519
endloop
endfacet
facet normal 0.376487 0.288889 0.880228
outer loop
vertex 16.0596 1.8527 2.6567
vertex 15.7775 2.2203 2.6567
vertex 15.3869 1.8297 2.9519
endloop
endfacet
facet normal 0.376487 0.288889 0.880228
outer loop
vertex 16.0596 1.8527 2.6567
vertex 15.3869 1.8297 2.9519
vertex 15.5813 1.5765 2.9519
endloop
endfacet
facet normal 0.288889 0.376487 0.880228
outer loop
vertex 15.7775 2.2203 2.6567
vertex 15.4099 2.5024 2.6567
vertex 15.1337 2.0240 2.9519
endloop
endfacet
facet normal 0.288889 0.376487 0.880228
outer loop
vertex 15.7775 2.2203 2.6567
vertex 15.1337 2.0240 2.9519
vertex 15.3869 1.8297 2.9519
endloop
endfacet
facet normal 0.181603 0.438428 0.880228
outer loop
vertex 15.4099 2.5024 2.6567
vertex 14.9818 2.6797 2.6567
vertex 14.8388 2.1462 2.9519
endloop
endfacet
facet normal 0.181603 0.438428 0.880228
outer loop
vertex 15.4099 2.5024 2.6567
vertex 14.8388 2.1462 2.9519
vertex 15.1337 2.0240 2.9519
endloop
endfacet
facet normal 0.061941 0.470492 0.880228
outer loop
vertex 14.9818 2.6797 2.6567
vertex 14.5223 2.7402 2.6567
vertex 14.5223 2.1878 2.9519
endloop
endfacet
facet normal 0.061941 0.470492 0.880228
outer loop
vertex 14.9818 2.6797 2.6567
vertex 14.5223 2.1878 2.9519
vertex 14.8388 2.1462 2.9519
endloop
endfacet
facet normal -0.061941 0.470492 0.880228
outer loop
vertex 14.5223 2.7402 2.6567
vertex 14.0629 2.6797 2.6567
vertex 14.2059 2.1462 2.9519
endloop
endfacet
facet normal -0.061941 0.470492 0.880228
outer loop
vertex 14.5223 2.7402 2.6567
vertex 14.2059 2.1462 2.9519
vertex 14.5223 2.1878 2.9519
endloop
endfacet
facet normal -0.181603 0.438428 0.880228
outer loop
vertex 14.0629 2.6797 2.6567
vertex 13.6348 2.5024 2.6567
vertex 13.9110 2.0240 2.9519
endloop
endfacet
facet normal -0.181603 0.438428 0.880228
outer loop
vertex 14.0629 2.6797 2.6567
vertex 13.9110 2.0240 2.9519
vertex 14.2059 2.1462 2.9519
endloop
endfacet
facet normal -0.288889 0.376487 0.880228
outer loop
vertex 13.6348 2.5024 2.6567
vertex 13.2671 2.2203 2.6567
vertex 13.6577 1.8297 2.9519
endloop
endfacet
facet normal -0.288889 0.376487 0.880228
outer loop
vertex 13.6348 2.5024 2.6567
vertex 13.6577 1.8297 2.9519
vertex 13.9110 2.0240 2.9519
endloop
endfacet
facet normal -0.376487 0.288889 0.880228
outer loop
vertex 13.2671 2.2203 2.6567
vertex 12.9850 1.8527 2.6567
vertex 13.4634 1.5765 2.9519
endloop
endfacet
facet normal -0.376487 0.288889 0.880228
outer loop
vertex 13.2671 2.2203 2.6567
vertex 13.4634 1.5765 2.9519
vertex 13.6577 1.8297 2.9519
endloop
endfacet
facet normal -0.438428 0.181603 0.880228
outer loop
vertex 12.9850 1.8527 2.6567
vertex 12.8077 1.4245 2.6567
vertex 13.3413 1.2816 2.9519
endloop
endfacet
facet normal -0.438428 0.181603 0.880228
outer loop
vertex 12.9850 1.8527 2.6567
vertex 13.3413 1.2816 2.9519
vertex 13.4634 1.5765 2.9519
endloop
endfacet
facet normal -0.470492 0.061941 0.880228
outer loop
vertex 12.8077 1.4245 2.6567
vertex 12.7472 0.9651 2.6567
vertex 13.2996 0.9651 2.9519
endloop
endfacet
facet normal -0.470492 0.061941 0.880228
outer loop
vertex 12.8077 1.4245 2.6567
vertex 13.2996 0.9651 2.9519
vertex 13.3413 1.2816 2.9519
endloop
endfacet
facet normal -0.470492 -0.061941 0.880228
outer loop
vertex 12.7472 0.9651 2.6567
vertex 12.8077 0.5057 2.6567
vertex 13.3413 0.6486 2.9519
endloop
endfacet
facet normal -0.470492 -0.061941 0.880228
outer loop
vertex 12.7472 0.9651 2.6567
vertex 13.3413 0.6486 2.9519
vertex 13.2996 0.9651 2.9519
endloop
endfacet
facet normal -0.438428 -0.181603 0.880228
outer loop
vertex 12.8077 0.5057 2.6567
vertex 12.9850 0.0775 2.6567
vertex 13.4634 0.3537 2.9519
endloop
endfacet
facet normal -0.438428 -0.181603 0.880228
outer loop
vertex 12.8077 0.5057 2.6567
vertex 13.4634 0.3537 2.9519
vertex 13.3413 0.6486 2.9519
endloop
endfacet
facet normal -0.376487 -0.288889 0.880228
outer loop
vertex 12.9850 0.0775 2.6567
vertex 13.2671 -0.2901 2.6567
vertex 13.6577 0.1005 2.9519
endloop
endfacet
facet normal -0.376487 -0.288889 0.880228
outer loop
vertex 12.9850 0.0775 2.6567
vertex 13.6577 0.1005 2.9519
vertex 13.4634 0.3537 2.9519
endloop
endfacet
facet normal -0.288889 -0.376487 0.880228
outer loop
vertex 13.2671 -0.2901 2.6567
vertex 13.6348 -0.5722 2.6567
vertex 13.9110 -0.0938 2.9519
endloop
endfacet
facet normal -0.288889 -0.376487 0.880228
outer loop
vertex 13.2671 -0.2901 2.6567
vertex 13.9110 -0.0938 2.9519
vertex 13.6577 0.1005 2.9519
endloop
endfacet
facet normal -0.181603 -0.438428 0.880228
outer loop
vertex 13.6348 -0.5722 2.6567
vertex 14.0629 -0.7495 2.6567
vertex 14.2059 -0.2160 2.9519
endloop
endfacet
facet normal -0.181603 -0.438428 0.880228
outer loop
vertex 13.6348 -0.5722 2.6567
vertex 14.2059 -0.2160 2.9519
vertex 13.9110 -0.0938 2.9519
endloop
endfacet
facet normal -0.061941 -0.470492 0.880228
outer loop
vertex 14.0629 -0.7495 2.6567
vertex 14.5223 -0.8100 2.6567
vertex 14.5223 -0.2576 2.9519
endloop
endfacet
facet normal -0.061941 -0.470492 0.880228
outer loop
vertex 14.0629 -0.7495 2.6567
vertex 14.5223 -0.2576 2.9519
vertex 14.2059 -0.2160 2.9519
endloop
endfacet
facet normal 0.061941 -0.470492 0.880228
outer loop
vertex 14.5223 -0.8100 2.6567
vertex 14.9818 -0.7495 2.6567
vertex 14.8388 -0.2160 2.9519
endloop
endfacet
facet normal 0.061941 -0.470492 0.880228
outer loop
vertex 14.5223 -0.8100 2.6567
vertex 14.8388 -0.2160 2.9519
vertex 14.5223 -0.2576 2.9519
endloop
endfacet
facet normal 0.181603 -0.438428 0.880228
outer loop
vertex 14.9818 -0.7495 2.6567
vertex 15.4099 -0.5722 2.6567
vertex 15.1337 -0.0938 2.9519
endloop
endfacet
facet normal 0.181603 -0.438428 0.880228
outer loop
vertex 14.9818 -0.7495 2.6567
vertex 15.1337 -0.0938 2.9519
vertex 14.8388 -0.2160 2.9519
endloop
endfacet
facet normal 0.288889 -0.376487 0.880228
outer loop
vertex 15.4099 -0.5722 2.6567
vertex 15.7775 -0.2901 2.6567
vertex 15.3869 0.1005 2.9519
endloop
endfacet
facet normal 0.288889 -0.376487 0.880228
outer loop
vertex 15.4099 -0.5722 2.6567
vertex 15.3869 0.1005 2.9519
vertex 15.1337 -0.0938 2.9519
endloop
endfacet
facet normal 0.376487 -0.288889 0.880228
outer loop
vertex 15.7775 -0.2901 2.6567
vertex 16.0596 0.0775 2.6567
vertex 15.5813 0.3537 2.9519
endloop
endfacet
facet normal 0.376487 -0.288889 0.880228
outer loop
vertex 15.7775 -0.2901 2.6567
vertex 15.5813 0.3537 2.9519
vertex 15.3869 0.1005 2.9519
endloop
endfacet
facet normal 0.438428 -0.181603 0.880228
outer loop
vertex 16.0596 0.0775 2.6567
vertex 16.2370 0.5057 2.6567
vertex 15.7034 0.6486 2.9519
endloop
endfacet
facet normal 0.438428 -0.181603 0.880228
outer loop
vertex 16.0596 0.0775 2.6567
vertex 15.7034 0.6486 2.9519
vertex 15.5813 0.3537 2.9519
endloop
endfacet
facet normal 0.470492 -0.061941 0.880228
outer loop
vertex 16.2370 0.5057 2.6567
vertex 16.2975 0.9651 2.6567
vertex 15.7451 0.9651 2.9519
endloop
endfacet
facet normal 0.470492 -0.061941 0.880228
outer loop
vertex 16.2370 0.5057 2.6567
vertex 15.7451 0.9651 2.9519
vertex 15.7034 0.6486 2.9519
endloop
endfacet
facet normal 0.290073 0.038189 0.956242
outer loop
vertex 15.7451 0.9651 2.9519
vertex 15.7034 1.2816 2.9519
vertex 15.1244 1.1264 3.1338
endloop
endfacet
facet normal 0.290073 0.038189 0.956242
outer loop
vertex 15.7451 0.9651 2.9519
vertex 15.1244 1.1264 3.1338
vertex 15.1457 0.9651 3.1338
endloop
endfacet
facet normal 0.270305 0.111964 0.956242
outer loop
vertex 15.7034 1.2816 2.9519
vertex 15.5813 1.5765 2.9519
vertex 15.0622 1.2768 3.1338
endloop
endfacet
facet normal 0.270305 0.111964 0.956242
outer loop
vertex 15.7034 1.2816 2.9519
vertex 15.0622 1.2768 3.1338
vertex 15.1244 1.1264 3.1338
endloop
endfacet
facet normal 0.232116 0.178109 0.956242
outer loop
vertex 15.5813 1.5765 2.9519
vertex 15.3869 1.8297 2.9519
vertex 14.9631 1.4059 3.1338
endloop
endfacet
facet normal 0.232116 0.178109 0.956242
outer loop
vertex 15.5813 1.5765 2.9519
vertex 14.9631 1.4059 3.1338
vertex 15.0622 1.2768 3.1338
endloop
endfacet
facet normal 0.178109 0.232116 0.956242
outer loop
vertex 15.3869 1.8297 2.9519
vertex 15.1337 2.0240 2.9519
vertex 14.8340 1.5049 3.1338
endloop
endfacet
facet normal 0.178109 0.232116 0.956242
outer loop
vertex 15.3869 1.8297 2.9519
vertex 14.8340 1.5049 3.1338
vertex 14.9631 1.4059 3.1338
endloop
endfacet
facet normal 0.111964 0.270305 0.956242
outer loop
vertex 15.1337 2.0240 2.9519
vertex 14.8388 2.1462 2.9519
vertex 14.6837 1.5672 3.1338
endloop
endfacet
facet normal 0.111964 0.270305 0.956242
outer loop
vertex 15.1337 2.0240 2.9519
vertex 14.6837 1.5672 3.1338
vertex 14.8340 1.5049 3.1338
endloop
endfacet
facet normal 0.038189 0.290073 0.956242
outer loop
vertex 14.8388 2.1462 2.9519
vertex 14.5223 2.1878 2.9519
vertex 14.5223 1.5884 3.1338
endloop
endfacet
facet normal 0.038189 0.290073 0.956242
outer loop
vertex 14.8388 2.1462 2.9519
vertex 14.5223 1.5884 3.1338
vertex 14.6837 1.5672 3.1338
endloop
endfacet
facet normal -0.038189 0.290073 0.956242
outer loop
vertex 14.5223 2.1878 2.9519
vertex 14.2059 2.1462 2.9519
vertex 14.3610 1.5672 3.1338
endloop
endfacet
facet normal -0.038189 0.290073 0.956242
outer loop
vertex 14.5223 2.1878 2.9519
vertex 14.3610 1.5672 3.1338
vertex 14.5223 1.5884 3.1338
endloop
endfacet
facet normal -0.111964 0.270305 0.956242
outer loop
vertex 14.2059 2.1462 2.9519
vertex 13.9110 2.0240 2.9519
vertex 14.2107 1.5049 3.1338
endloop
endfacet
facet normal -0.111964 0.270305 0.956242
outer loop
vertex 14.2059 2.1462 2.9519
vertex 14.2107 1.5049 3.1338
vertex 14.3610 1.5672 3.1338
endloop
endfacet
facet normal -0.178109 0.232116 0.956242
outer loop
vertex 13.9110 2.0240 2.9519
vertex 13.6577 1.8297 2.9519
vertex 14.0816 1.4059 3.1338
endloop
endfacet
facet normal -0.178109 0.232116 0.956242
outer loop
vertex 13.9110 2.0240 2.9519
vertex 14.0816 1.4059 3.1338
vertex 14.2107 1.5049 3.1338
endloop
endfacet
facet normal -0.232116 0.178109 0.956242
outer loop
vertex 13.6577 1.8297 2.9519
vertex 13.4634 1.5765 2.9519
vertex 13.9825 1.2768 3.1338
endloop
endfacet
facet normal -0.232116 0.178109 0.956242
outer loop
vertex 13.6577 1.8297 2.9519
vertex 13.9825 1.2768 3.1338
vertex 14.0816 1.4059 3.1338
endloop
endfacet
facet normal -0.270305 0.111964 0.956242
outer loop
vertex 13.4634 1.5765 2.9519
vertex 13.3413 1.2816 2.9519
vertex 13.9202 1.1264 3.1338
endloop
endfacet
facet normal -0.270305 0.111964 0.956242
outer loop
vertex 13.4634 1.5765 2.9519
vertex 13.9202 1.1264 3.1338
vertex 13.9825 1.2768 3.1338
endloop
endfacet
facet normal -0.290073 0.038189 0.956242
outer loop
vertex 13.3413 1.2816 2.9519
vertex 13.2996 0.9651 2.9519
vertex 13.8990 0.9651 3.1338
endloop
endfacet
facet normal -0.290073 0.038189 0.956242
outer loop
vertex 13.3413 1.2816 2.9519
vertex 13.8990 0.9651 3.1338
vertex 13.9202 1.1264 3.1338
endloop
endfacet
facet normal -0.290073 -0.038189 0.956242
outer loop
vertex 13.2996 0.9651 2.9519
vertex 13.3413 0.6486 2.9519
vertex 13.9202 0.8038 3.1338
endloop
endfacet
facet normal -0.290073 -0.038189 0.956242
outer loop
vertex 13.2996 0.9651 2.9519
vertex 13.9202 0.8038 3.1338
vertex 13.8990 0.9651 3.1338
endloop
endfacet
facet normal -0.270305 -0.111964 0.956242
outer loop
vertex 13.3413 0.6486 2.9519
vertex 13.4634 0.3537 2.9519
vertex 13.9825 0.6534 3.1338
endloop
endfacet
facet normal -0.270305 -0.111964 0.956242
outer loop
vertex 13.3413 0.6486 2.9519
vertex 13.9825 0.6534 3.1338
vertex 13.9202 0.8038 3.1338
endloop
endfacet
facet normal -0.232116 -0.178109 0.956242
outer loop
vertex 13.4634 0.3537 2.9519
vertex 13.6577 0.1005 2.9519
vertex 14.0816 0.5243 3.1338
endloop
endfacet
facet normal -0.232116 -0.178109 0.956242
outer loop
vertex 13.4634 0.3537 2.9519
vertex 14.0816 0.5243 3.1338
vertex 13.9825 0.6534 3.1338
endloop
endfacet
facet normal -0.178109 -0.232116 0.956242
outer loop
vertex 13.6577 0.1005 2.9519
vertex 13.9110 -0.0938 2.9519
vertex 14.2107 0.4253 3.1338
endloop
endfacet
facet normal -0.178109 -0.232116 0.956242
outer loop
vertex 13.6577 0.1005 2.9519
vertex 14.2107 0.4253 3.1338
vertex 14.0816 0.5243 3.1338
endloop
endfacet
facet normal -0.111964 -0.270305 0.956242
outer loop
vertex 13.9110 -0.0938 2.9519
vertex 14.2059 -0.2160 2.9519
vertex 14.3610 0.3630 3.1338
endloop
endfacet
facet normal -0.111964 -0.270305 0.956242
outer loop
vertex 13.9110 -0.0938 2.9519
vertex 14.3610 0.3630 3.1338
vertex 14.2107 0.4253 3.1338
endloop
endfacet
facet normal -0.038189 -0.290073 0.956242
outer loop
vertex 14.2059 -0.2160 2.9519
vertex 14.5223 -0.2576 2.9519
vertex 14.5223 0.3418 3.1338
endloop
endfacet
facet normal -0.038189 -0.290073 0.956242
outer loop
vertex 14.2059 -0.2160 2.9519
vertex 14.5223 0.3418 3.1338
vertex 14.3610 0.3630 3.1338
endloop
endfacet
facet normal 0.038189 -0.290073 0.956242
outer loop
vertex 14.5223 -0.2576 2.9519
vertex 14.8388 -0.2160 2.9519
vertex 14.6837 0.3630 3.1338
endloop
endfacet
facet normal 0.038189 -0.290073 0.956242
outer loop
vertex 14.5223 -0.2576 2.9519
vertex 14.6837 0.3630 3.1338
vertex 14.5223 0.3418 3.1338
endloop
endfacet
facet normal 0.111964 -0.270305 0.956242
outer loop
vertex 14.8388 -0.2160 2.9519
vertex 15.1337 -0.0938 2.9519
vertex 14.8340 0.4253 3.1338
endloop
endfacet
facet normal 0.111964 -0.270305 0.956242
outer loop
vertex 14.8388 -0.2160 2.9519
vertex 14.8340 0.4253 3.1338
vertex 14.6837 0.3630 3.1338
endloop
endfacet
facet normal 0.178109 -0.232116 0.956242
outer loop
vertex 15.1337 -0.0938 2.9519
vertex 15.3869 0.1005 2.9519
vertex 14.9631 0.5243 3.1338
endloop
endfacet
facet normal 0.178109 -0.232116 0.956242
outer loop
vertex 15.1337 -0.0938 2.9519
vertex 14.9631 0.5243 3.1338
vertex 14.8340 0.4253 3.1338
endloop
endfacet
facet normal 0.232116 -0.178109 0.956242
outer loop
vertex 15.3869 0.1005 2.9519
vertex 15.5813 0.3537 2.9519
vertex 15.0622 0.6534 3.1338
endloop
endfacet
facet normal 0.232116 -0.178109 0.956242
outer loop
vertex 15.3869 0.1005 2.9519
vertex 15.0622 0.6534 3.1338
vertex 14.9631 0.5243 3.1338
endloop
endfacet
facet normal 0.270305 -0.111964 0.956242
outer loop
vertex 15.5813 0.3537 2.9519
vertex 15.7034 0.6486 2.9519
vertex 15.1244 0.8038 3.1338
endloop
endfacet
facet normal 0.270305 -0.111964 0.956242
outer loop
vertex 15.5813 0.3537 2.9519
vertex 15.1244 0.8038 3.1338
vertex 15.0622 0.6534 3.1338
endloop
endfacet
facet normal 0.290073 -0.038189 0.956242
outer loop
vertex 15.7034 0.6486 2.9519
vertex 15.7451 0.9651 2.9519
vertex 15.1457 0.9651 3.1338
endloop
endfacet
facet normal 0.290073 -0.038189 0.956242
outer loop
vertex 15.7034 0.6486 2.9519
vertex 15.1457 0.9651 3.1338
vertex 15.1244 0.8038 3.1338
endloop
endfacet
facet normal 0.098009 0.012903 0.995102
outer loop
vertex 15.1457 0.9651 3.1338
vertex 15.1244 1.1264 3.1338
vertex 14.5223 0.9651 3.1951
endloop
endfacet
facet normal 0.091330 0.037830 0.995102
outer loop
vertex 15.1244 1.1264 3.1338
vertex 15.0622 1.2768 3.1338
vertex 14.5223 0.9651 3.1951
endloop
endfacet
facet normal 0.078427 0.060179 0.995102
outer loop
vertex 15.0622 1.2768 3.1338
vertex 14.9631 1.4059 3.1338
vertex 14.5223 0.9651 3.1951
endloop
endfacet
facet normal 0.060179 0.078427 0.995102
outer loop
vertex 14.9631 1.4059 3.1338
vertex 14.8340 1.5049 3.1338
vertex 14.5223 0.9651 3.1951
endloop
endfacet
facet normal 0.037830 0.091330 0.995102
outer loop
vertex 14.8340 1.5049 3.1338
vertex 14.6837 1.5672 3.1338
vertex 14.5223 0.9651 3.1951
endloop
endfacet
facet normal 0.012903 0.098009 0.995102
outer loop
vertex 14.6837 1.5672 3.1338
vertex 14.5223 1.5884 3.1338
vertex 14.5223 0.9651 3.1951
endloop
endfacet
facet normal -0.012903 0.098009 0.995102
outer loop
vertex 14.5223 1.5884 3.1338
vertex 14.3610 1.5672 3.1338
vertex 14.5223 0.9651 3.1951
endloop
endfacet
facet normal -0.037830 0.091330 0.995102
outer loop
vertex 14.3610 1.5672 3.1338
vertex 14.2107 1.5049 3.1338
vertex 14.5223 0.9651 3.1951
endloop
endfacet
facet normal -0.060179 0.078427 0.995102
outer loop
vertex 14.2107 1.5049 3.1338
vertex 14.0816 1.4059 3.1338
vertex 14.5223 0.9651 3.1951
endloop
endfacet
facet normal -0.078427 0.060179 0.995102
outer loop
vertex 14.0816 1.4059 3.1338
vertex 13.9825 1.2768 3.1338
vertex 14.5223 0.9651 3.1951
endloop
endfacet
facet normal -0.091330 0.037830 0.995102
outer loop
vertex 13.9825 1.2768 3.1338
vertex 13.9202 1.1264 3.1338
vertex 14.5223 0.9651 3.1951
endloop
endfacet
facet normal -0.098009 0.012903 0.995102
outer loop
vertex 13.9202 1.1264 3.1338
vertex 13.8990 0.9651 3.1338
vertex 14.5223 0.9651 3.1951
endloop
endfacet
facet normal -0.098009 -0.012903 0.995102
outer loop
vertex 13.8990 0.9651 3.1338
vertex 13.9202 0.8038 3.1338
vertex 14.5223 0.9651 3.1951
endloop
endfacet
facet normal -0.091330 -0.037830 0.995102
outer loop
vertex 13.9202 0.8038 3.1338
vertex 13.9825 0.6534 3.1338
vertex 14.5223 0.9651 3.1951
endloop
endfacet
facet normal -0.078427 -0.060179 0.995102
outer loop
vertex 13.9825 0.6534 3.1338
vertex 14.0816 0.5243 3.1338
vertex 14.5223 0.9651 3.1951
endloop
endfacet
facet normal -0.060179 -0.078427 0.995102
outer loop
vertex 14.0816 0.5243 3.1338
vertex 14.2107 0.4253 3.1338
vertex 14.5223 0.9651 3.1951
endloop
endfacet
facet normal -0.037830 -0.091330 0.995102
outer loop
vertex 14.2107 0.4253 3.1338
vertex 14.3610 0.3630 3.1338
vertex 14.5223 0.9651 3.1951
endloop
endfacet
facet normal -0.012903 -0.098009 0.995102
outer loop
vertex 14.3610 0.3630 3.1338
vertex 14.5223 0.3418 3.1338
vertex 14.5223 0.9651 3.1951
endloop
endfacet
facet normal 0.012903 -0.098009 0.995102
outer loop
vertex 14.5223 0.3418 3.1338
vertex 14.6837 0.3630 3.1338
vertex 14.5223 0.9651 3.1951
endloop
endfacet
facet normal 0.037830 -0.091330 0.995102
outer loop
vertex 14.6837 0.3630 3.1338
vertex 14.8340 0.4253 3.1338
vertex 14.5223 0.9651 3.1951
endloop
endfacet
facet normal 0.060179 -0.078427 0.995102
outer loop
vertex 14.8340 0.4253 3.1338
vertex 14.9631 0.5243 3.1338
vertex 14.5223 0.9651 3.1951
endloop
endfacet
facet normal 0.078427 -0.060179 0.995102
outer loop
vertex 14.9631 0.5243 3.1338
vertex 15.0622 0.6534 3.1338
vertex 14.5223 0.9651 3.1951
endloop
endfacet
facet normal 0.091330 -0.037830 0.995102
outer loop
vertex 15.0622 0.6534 3.1338
vertex 15.1244 0.8038 3.1338
vertex 14.5223 0.9651 3.1951
endloop
endfacet
facet normal 0.098009 -0.012903 0.995102
outer loop
vertex 15.1244 0.8038 3.1338
vertex 15.1457 0.9651 3.1338
vertex 14.5223 0.9651 3.1951
endloop
endfacet
facet normal 0.991445 0.130526 0.000000
outer loop
vertex 6.5895 -23.2035 0.0000
vertex 6.5237 -22.7040 0.0000
vertex 6.5237 -22.7040 15.4688
endloop
endfacet
facet normal 0.991445 0.130526 -0.000000
outer loop
vertex 6.5895 -23.2035 0.0000
vertex 6.5237 -22.7040 15.4688
vertex 6.5895 -23.2035 15.4688
endloop
endfacet
facet normal 0.000000 0.000000 1.000000
outer loop
vertex 4.6598 -23.2035 15.4688
vertex 6.5895 -23.2035 15.4688
vertex 6.5237 -22.7040 15.4688
endloop
endfacet
facet normal 0.000000 0.000000 -1.000000
outer loop
vertex 4.6598 -23.2035 0.0000
vertex 6.5237 -22.7040 0.0000
vertex 6.5895 -23.2035 0.0000
endloop
endfacet
facet normal 0.923880 0.382683 0.000000
outer loop
vertex 6.5237 -22.7040 0.0000
vertex 6.3309 -22.2386 0.0000
vertex 6.3309 -22.2386 15.4688
endloop
endfacet
facet normal 0.923880 0.382683 -0.000000
outer loop
vertex 6.5237 -22.7040 0.0000
vertex 6.3309 -22.2386 15.4688
vertex 6.5237 -22.7040 15.4688
endloop
endfacet
facet normal 0.000000 0.000000 1.000000
outer loop
vertex 4.6598 -23.2035 15.4688
vertex 6.5237 -22.7040 15.4688
vertex 6.3309 -22.2386 15.4688
endloop
endfacet
facet normal 0.000000 0.000000 -1.000000
outer loop
vertex 4.6598 -23.2035 0.0000
vertex 6.3309 -22.2386 0.0000
vertex 6.5237 -22.7040 0.0000
endloop
endfacet
facet normal 0.793353 0.608761 0.000000
outer loop
vertex 6.3309 -22.2386 0.0000
vertex 6.0243 -21.8390 0.0000
vertex 6.0243 -21.8390 15.4688
endloop
endfacet
facet normal 0.793353 0.608761 -0.000000
outer loop
vertex 6.3309 -22.2386 0.0000
vertex 6.0243 -21.8390 15.4688
vertex 6.3309 -22.2386 15.4688
endloop
endfacet
facet normal 0.000000 0.000000 1.000000
outer loop
vertex 4.6598 -23.2035 15.4688
vertex 6.3309 -22.2386 15.4688
vertex 6.0243 -21.8390 15.4688
endloop
endfacet
facet normal 0.000000 0.000000 -1.000000
outer loop
vertex 4.6598 -23.2035 0.0000
vertex 6.0243 -21.8390 0.0000
vertex 6.3309 -22.2386 0.0000
endloop
endfacet
facet normal 0.608761 0.793353 0.000000
outer loop
vertex 6.0243 -21.8390 0.0000
vertex 5.6246 -21.5323 0.0000
vertex 5.6246 -21.5323 15.4688
endloop
endfacet
facet normal 0.608761 0.793353 -0.000000
outer loop
vertex 6.0243 -21.8390 0.0000
vertex 5.6246 -21.5323 15.4688
vertex 6.0243 -21.8390 15.4688
endloop
endfacet
facet normal 0.000000 0.000000 1.000000
outer loop
vertex 4.6598 -23.2035 15.4688
vertex 6.0243 -21.8390 15.4688
vertex 5.6246 -21.5323 15.4688
endloop
endfacet
facet normal 0.000000 0.000000 -1.000000
outer loop
vertex 4.6598 -23.2035 0.0000
vertex 5.6246 -21.5323 0.0000
vertex 6.0243 -21.8390 0.0000
endloop
endfacet
facet normal 0.382683 0.923880 0.000000
outer loop
vertex 5.6246 -21.5323 0.0000
vertex 5.1592 -21.3396 0.0000
vertex 5.1592 -21.3396 15.4688
endloop
endfacet
facet normal 0.382683 0.923880 -0.000000
outer loop
vertex 5.6246 -21.5323 0.0000
vertex 5.1592 -21.3396 15.4688
vertex 5.6246 -21.5323 15.4688
endloop
endfacet
facet normal 0.000000 0.000000 1.000000
outer loop
vertex 4.6598 -23.2035 15.4688
vertex 5.6246 -21.5323 15.4688
vertex 5.1592 -21.3396 15.4688
endloop
endfacet
facet normal 0.000000 0.000000 -1.000000
outer loop
vertex 4.6598 -23.2035 0.0000
vertex 5.1592 -21.3396 0.0000
vertex 5.6246 -21.5323 0.0000
endloop
endfacet
facet normal 0.130526 0.991445 0.000000
outer loop
vertex 5.1592 -21.3396 0.0000
vertex 4.6598 -21.2738 0.0000
vertex 4.6598 -21.2738 15.4688
endloop
endfacet
facet normal 0.130526 0.991445 -0.000000
outer loop
vertex 5.1592 -21.3396 0.0000
vertex 4.6598 -21.2738 15.4688
vertex 5.1592 -21.3396 15.4688
endloop
endfacet
facet normal 0.000000 0.000000 1.000000
outer loop
vertex 4.6598 -23.2035 15.4688
vertex 5.1592 -21.3396 15.4688
vertex 4.6598 -21.2738 15.4688
endloop
endfacet
facet normal 0.000000 0.000000 -1.000000
outer loop
vertex 4.6598 -23.2035 0.0000
vertex 4.6598 -21.2738 0.0000
vertex 5.1592 -21.3396 0.0000
endloop
endfacet
facet normal -0.130526 0.991445 0.000000
outer loop
vertex 4.6598 -21.2738 0.0000
vertex 4.1604 -21.3396 0.0000
vertex 4.1604 -21.3396 15.4688
endloop
endfacet
facet normal -0.130526 0.991445 0.000000
outer loop
vertex 4.6598 -21.2738 0.0000
vertex 4.1604 -21.3396 15.4688
vertex 4.6598 -21.2738 15.4688
endloop
endfacet
facet normal 0.000000 -0.000000 1.000000
outer loop
vertex 4.6598 -23.2035 15.4688
vertex 4.6598 -21.2738 15.4688
vertex 4.1604 -21.3396 15.4688
endloop
endfacet
facet normal 0.000000 0.000000 -1.000000
outer loop
vertex 4.6598 -23.2035 0.0000
vertex 4.1604 -21.3396 0.0000
vertex 4.6598 -21.2738 0.0000
endloop
endfacet
facet normal -0.382683 0.923880 0.000000
outer loop
vertex 4.1604 -21.3396 0.0000
vertex 3.6950 -21.5323 0.0000
vertex 3.6950 -21.5323 15.4688
endloop
endfacet
facet normal -0.382683 0.923880 0.000000
outer loop
vertex 4.1604 -21.3396 0.0000
vertex 3.6950 -21.5323 15.4688
vertex 4.1604 -21.3396 15.4688
endloop
endfacet
facet normal 0.000000 0.000000 1.000000
outer loop
vertex 4.6598 -23.2035 15.4688
vertex 4.1604 -21.3396 15.4688
vertex 3.6950 -21.5323 15.4688
endloop
endfacet
facet normal 0.000000 0.000000 -1.000000
outer loop
vertex 4.6598 -23.2035 0.0000
vertex 3.6950 -21.5323 0.0000
vertex 4.1604 -21.3396 0.0000
endloop
endfacet
facet normal -0.608761 0.793353 0.000000
outer loop
vertex 3.6950 -21.5323 0.0000
vertex 3.2953 -21.8390 0.0000
vertex 3.2953 -21.8390 15.4688
endloop
endfacet
facet normal -0.608761 0.793353 0.000000
outer loop
vertex 3.6950 -21.5323 0.0000
vertex 3.2953 -21.8390 15.4688
vertex 3.6950 -21.5323 15.4688
endloop
endfacet
facet normal 0.000000 0.000000 1.000000
outer loop
vertex 4.6598 -23.2035 15.4688
vertex 3.6950 -21.5323 15.4688
vertex 3.2953 -21.8390 15.4688
endloop
endfacet
facet normal 0.000000 0.000000 -1.000000
outer loop
vertex 4.6598 -23.2035 0.0000
vertex 3.2953 -21.8390 0.0000
vertex 3.6950 -21.5323 0.0000
endloop
endfacet
facet normal -0.793353 0.608761 0.000000
outer loop
vertex 3.2953 -21.8390 0.0000
vertex 2.9887 -22.2386 0.0000
vertex 2.9887 -22.2386 15.4688
endloop
endfacet
facet normal -0.793353 0.608761 0.000000
outer loop
vertex 3.2953 -21.8390 0.0000
vertex 2.9887 -22.2386 15.4688
vertex 3.2953 -21.8390 15.4688
endloop
endfacet
facet normal 0.000000 0.000000 1.000000
outer loop
vertex 4.6598 -23.2035 15.4688
vertex 3.2953 -21.8390 15.4688
vertex 2.9887 -22.2386 15.4688
endloop
endfacet
facet normal 0.000000 0.000000 -1.000000
outer loop
vertex 4.6598 -23.2035 0.0000
vertex 2.9887 -22.2386 0.0000
vertex 3.2953 -21.8390 0.0000
endloop
endfacet
facet normal -0.923880 0.382683 0.000000
outer loop
vertex 2.9887 -22.2386 0.0000
vertex 2.7959 -22.7040 0.0000
vertex 2.7959 -22.7040 15.4688
endloop
endfacet
facet normal -0.923880 0.382683 0.000000
outer loop
vertex 2.9887 -22.2386 0.0000
vertex 2.7959 -22.7040 15.4688
vertex 2.9887 -22.2386 15.4688
endloop
endfacet
facet normal 0.000000 0.000000 1.000000
outer loop
vertex 4.6598 -23.2035 15.4688
vertex 2.9887 -22.2386 15.4688
vertex 2.7959 -22.7040 15.4688
endloop
endfacet
facet normal 0.000000 0.000000 -1.000000
outer loop
vertex 4.6598 -23.2035 0.0000
vertex 2.7959 -22.7040 0.0000
vertex 2.9887 -22.2386 0.0000
endloop
endfacet
facet normal -0.991445 0.130526 0.000000
outer loop
vertex 2.7959 -22.7040 0.0000
vertex 2.7301 -23.2035 0.0000
vertex 2.7301 -23.2035 15.4688
endloop
endfacet
facet normal -0.991445 0.130526 0.000000
outer loop
vertex 2.7959 -22.7040 0.0000
vertex 2.7301 -23.2035 15.4688
vertex 2.7959 -22.7040 15.4688
endloop
endfacet
facet normal 0.000000 0.000000 1.000000
outer loop
vertex 4.6598 -23.2035 15.4688
vertex 2.7959 -22.7040 15.4688
vertex 2.7301 -23.2035 15.4688
endloop
endfacet
facet normal 0.000000 0.000000 -1.000000
outer loop
vertex 4.6598 -23.2035 0.0000
vertex 2.7301 -23.2035 0.0000
vertex 2.7959 -22.7040 0.0000
endloop
endfacet
facet normal -0.991445 -0.130526 0.000000
outer loop
vertex 2.7301 -23.2035 0.0000
vertex 2.7959 -23.7029 0.0000
vertex 2.7959 -23.7029 15.4688
endloop
endfacet
facet normal -0.991445 -0.130526 0.000000
outer loop
vertex 2.7301 -23.2035 0.0000
vertex 2.7959 -23.7029 15.4688
vertex 2.7301 -23.2035 15.4688
endloop
endfacet
facet normal 0.000000 0.000000 1.000000
outer loop
vertex 4.6598 -23.2035 15.4688
vertex 2.7301 -23.2035 15.4688
vertex 2.7959 -23.7029 15.4688
endloop
endfacet
facet normal -0.000000 0.000000 -1.000000
outer loop
vertex 4.6598 -23.2035 0.0000
vertex 2.7959 -23.7029 0.0000
vertex 2.7301 -23.2035 0.0000
endloop
endfacet
facet normal -0.923880 -0.382683 0.000000
outer loop
vertex 2.7959 -23.7029 0.0000
vertex 2.9887 -24.1683 0.0000
vertex 2.9887 -24.1683 15.4688
endloop
endfacet
facet normal -0.923880 -0.382683 0.000000
outer loop
vertex 2.7959 -23.7029 0.0000
vertex 2.9887 -24.1683 15.4688
vertex 2.7959 -23.7029 15.4688
endloop
endfacet
facet normal 0.000000 0.000000 1.000000
outer loop
vertex 4.6598 -23.2035 15.4688
vertex 2.7959 -23.7029 15.4688
vertex 2.9887 -24.1683 15.4688
endloop
endfacet
facet normal 0.000000 0.000000 -1.000000
outer loop
vertex 4.6598 -23.2035 0.0000
vertex 2.9887 -24.1683 0.0000
vertex 2.7959 -23.7029 0.0000
endloop
endfacet
facet normal -0.793353 -0.608761 0.000000
outer loop
vertex 2.9887 -24.1683 0.0000
vertex 3.2953 -24.5680 0.0000
vertex 3.2953 -24.5680 15.4688
endloop
endfacet
facet normal -0.793353 -0.608761 0.000000
outer loop
vertex 2.9887 -24.1683 0.0000
vertex 3.2953 -24.5680 15.4688
vertex 2.9887 -24.1683 15.4688
endloop
endfacet
facet normal 0.000000 0.000000 1.000000
outer loop
vertex 4.6598 -23.2035 15.4688
vertex 2.9887 -24.1683 15.4688
vertex 3.2953 -24.5680 15.4688
endloop
endfacet
facet normal 0.000000 0.000000 -1.000000
outer loop
vertex 4.6598 -23.2035 0.0000
vertex 3.2953 -24.5680 0.0000
vertex 2.9887 -24.1683 0.0000
endloop
endfacet
facet normal -0.608761 -0.793353 0.000000
outer loop
vertex 3.2953 -24.5680 0.0000
vertex 3.6950 -24.8746 0.0000
vertex 3.6950 -24.8746 15.4688
endloop
endfacet
facet normal -0.608761 -0.793353 0.000000
outer loop
vertex 3.2953 -24.5680 0.0000
vertex 3.6950 -24.8746 15.4688
vertex 3.2953 -24.5680 15.4688
endloop
endfacet
facet normal 0.000000 0.000000 1.000000
outer loop
vertex 4.6598 -23.2035 15.4688
vertex 3.2953 -24.5680 15.4688
vertex 3.6950 -24.8746 15.4688
endloop
endfacet
facet normal 0.000000 0.000000 -1.000000
outer loop
vertex 4.6598 -23.2035 0.0000
vertex 3.6950 -24.8746 0.0000
vertex 3.2953 -24.5680 0.0000
endloop
endfacet
facet normal -0.382683 -0.923880 0.000000
outer loop
vertex 3.6950 -24.8746 0.0000
vertex 4.1604 -25.0674 0.0000
vertex 4.1604 -25.0674 15.4688
endloop
endfacet
facet normal -0.382683 -0.923880 0.000000
outer loop
vertex 3.6950 -24.8746 0.0000
vertex 4.1604 -25.0674 15.4688
vertex 3.6950 -24.8746 15.4688
endloop
endfacet
facet normal 0.000000 0.000000 1.000000
outer loop
vertex 4.6598 -23.2035 15.4688
vertex 3.6950 -24.8746 15.4688
vertex 4.1604 -25.0674 15.4688
endloop
endfacet
facet normal 0.000000 0.000000 -1.000000
outer loop
vertex 4.6598 -23.2035 0.0000
vertex 4.1604 -25.0674 0.0000
vertex 3.6950 -24.8746 0.0000
endloop
endfacet
facet normal -0.130526 -0.991445 0.000000
outer loop
vertex 4.1604 -25.0674 0.0000
vertex 4.6598 -25.1331 0.0000
vertex 4.6598 -25.1331 15.4688
endloop
endfacet
facet normal -0.130526 -0.991445 0.000000
outer loop
vertex 4.1604 -25.0674 0.0000
vertex 4.6598 -25.1331 15.4688
vertex 4.1604 -25.0674 15.4688
endloop
endfacet
facet normal 0.000000 0.000000 1.000000
outer loop
vertex 4.6598 -23.2035 15.4688
vertex 4.1604 -25.0674 15.4688
vertex 4.6598 -25.1331 15.4688
endloop
endfacet
facet normal 0.000000 -0.000000 -1.000000
outer loop
vertex 4.6598 -23.2035 0.0000
vertex 4.6598 -25.1331 0.0000
vertex 4.1604 -25.0674 0.0000
endloop
endfacet
facet normal 0.130526 -0.991445 0.000000
outer loop
vertex 4.6598 -25.1331 0.0000
vertex 5.1592 -25.0674 0.0000
vertex 5.1592 -25.0674 15.4688
endloop
endfacet
facet normal 0.130526 -0.991445 0.000000
outer loop
vertex 4.6598 -25.1331 0.0000
vertex 5.1592 -25.0674 15.4688
vertex 4.6598 -25.1331 15.4688
endloop
endfacet
facet normal 0.000000 0.000000 1.000000
outer loop
vertex 4.6598 -23.2035 15.4688
vertex 4.6598 -25.1331 15.4688
vertex 5.1592 -25.0674 15.4688
endloop
endfacet
facet normal 0.000000 0.000000 -1.000000
outer loop
vertex 4.6598 -23.2035 0.0000
vertex 5.1592 -25.0674 0.0000
vertex 4.6598 -25.1331 0.0000
endloop
endfacet
facet normal 0.382683 -0.923880 0.000000
outer loop
vertex 5.1592 -25.0674 0.0000
vertex 5.6246 -24.8746 0.0000
vertex 5.6246 -24.8746 15.4688
endloop
endfacet
facet normal 0.382683 -0.923880 0.000000
outer loop
vertex 5.1592 -25.0674 0.0000
vertex 5.6246 -24.8746 15.4688
vertex 5.1592 -25.0674 15.4688
endloop
endfacet
facet normal 0.000000 0.000000 1.000000
outer loop
vertex 4.6598 -23.2035 15.4688
vertex 5.1592 -25.0674 15.4688
vertex 5.6246 -24.8746 15.4688
endloop
endfacet
facet normal 0.000000 0.000000 -1.000000
outer loop
vertex 4.6598 -23.2035 0.0000
vertex 5.6246 -24.8746 0.0000
vertex 5.1592 -25.0674 0.0000
endloop
endfacet
facet normal 0.608761 -0.793353 0.000000
outer loop
vertex 5.6246 -24.8746 0.0000
vertex 6.0243 -24.5680 0.0000
vertex 6.0243 -24.5680 15.4688
endloop
endfacet
facet normal 0.608761 -0.793353 0.000000
outer loop
vertex 5.6246 -24.8746 0.0000
vertex 6.0243 -24.5680 15.4688
vertex 5.6246 -24.8746 15.4688
endloop
endfacet
facet normal 0.000000 0.000000 1.000000
outer loop
vertex 4.6598 -23.2035 15.4688
vertex 5.6246 -24.8746 15.4688
vertex 6.0243 -24.5680 15.4688
endloop
endfacet
facet normal 0.000000 0.000000 -1.000000
outer loop
vertex 4.6598 -23.2035 0.0000
vertex 6.0243 -24.5680 0.0000
vertex 5.6246 -24.8746 0.0000
endloop
endfacet
facet normal 0.793353 -0.608761 0.000000
outer loop
vertex 6.0243 -24.5680 0.0000
vertex 6.3309 -24.1683 0.0000
vertex 6.3309 -24.1683 15.4688
endloop
endfacet
facet normal 0.793353 -0.608761 0.000000
outer loop
vertex 6.0243 -24.5680 0.0000
vertex 6.3309 -24.1683 15.4688
vertex 6.0243 -24.5680 15.4688
endloop
endfacet
facet normal 0.000000 0.000000 1.000000
outer loop
vertex 4.6598 -23.2035 15.4688
vertex 6.0243 -24.5680 15.4688
vertex 6.3309 -24.1683 15.4688
endloop
endfacet
facet normal 0.000000 0.000000 -1.000000
outer loop
vertex 4.6598 -23.2035 0.0000
vertex 6.3309 -24.1683 0.0000
vertex 6.0243 -24.5680 0.0000
endloop
endfacet
facet normal 0.923880 -0.382683 0.000000
outer loop
vertex 6.3309 -24.1683 0.0000
vertex 6.5237 -23.7029 0.0000
vertex 6.5237 -23.7029 15.4688
endloop
endfacet
facet normal 0.923880 -0.382683 0.000000
outer loop
vertex 6.3309 -24.1683 0.0000
vertex 6.5237 -23.7029 15.4688
vertex 6.3309 -24.1683 15.4688
endloop
endfacet
facet normal 0.000000 0.000000 1.000000
outer loop
vertex 4.6598 -23.2035 15.4688
vertex 6.3309 -24.1683 15.4688
vertex 6.5237 -23.7029 15.4688
endloop
endfacet
facet normal 0.000000 0.000000 -1.000000
outer loop
vertex 4.6598 -23.2035 0.0000
vertex 6.5237 -23.7029 0.0000
vertex 6.3309 -24.1683 0.0000
endloop
endfacet
facet normal 0.991445 -0.130526 0.000000
outer loop
vertex 6.5237 -23.7029 0.0000
vertex 6.5895 -23.2035 0.0000
vertex 6.5895 -23.2035 15.4688
endloop
endfacet
facet normal 0.991445 -0.130526 0.000000
outer loop
vertex 6.5237 -23.7029 0.0000
vertex 6.5895 -23.2035 15.4688
vertex 6.5237 -23.7029 15.4688
endloop
endfacet
facet normal -0.000000 0.000000 1.000000
outer loop
vertex 4.6598 -23.2035 15.4688
vertex 6.5237 -23.7029 15.4688
vertex 6.5895 -23.2035 15.4688
endloop
endfacet
facet normal 0.000000 0.000000 -1.000000
outer loop
vertex 4.6598 -23.2035 0.0000
vertex 6.5895 -23.2035 0.0000
vertex 6.5237 -23.7029 0.0000
endloop
endfacet
facet normal 0.000000 0.000000 -1.000000
outer loop
vertex 17.2003 -32.1726 0.0000
vertex 17.2003 -21.8293 0.0000
vertex 22.1652 -21.8293 0.0000
endloop
endfacet
facet normal 0.000000 0.000000 -1.000000
outer loop
vertex 17.2003 -32.1726 0.0000
vertex 22.1652 -21.8293 0.0000
vertex 22.1652 -32.1726 0.0000
endloop
endfacet
facet normal 0.000000 0.000000 1.000000
outer loop
vertex 17.2003 -32.1726 19.3774
vertex 22.1652 -32.1726 19.3774
vertex 22.1652 -21.8293 19.3774
endloop
endfacet
facet normal 0.000000 0.000000 1.000000
outer loop
vertex 17.2003 -32.1726 19.3774
vertex 22.1652 -21.8293 19.3774
vertex 17.2003 -21.8293 19.3774
endloop
endfacet
facet normal 0.000000 -1.000000 0.000000
outer loop
vertex 17.2003 -32.1726 0.0000
vertex 22.1652 -32.1726 0.0000
vertex 22.1652 -32.1726 19.3774
endloop
endfacet
facet normal 0.000000 -1.000000 0.000000
outer loop
vertex 17.2003 -32.1726 0.0000
vertex 22.1652 -32.1726 19.3774
vertex 17.2003 -32.1726 19.3774
endloop
endfacet
facet normal 1.000000 0.000000 0.000000
outer loop
vertex 22.1652 -32.1726 0.0000
vertex 22.1652 -21.8293 0.0000
vertex 22.1652 -21.8293 19.3774
endloop
endfacet
facet normal 1.000000 0.000000 0.000000
outer loop
vertex 22.1652 -32.1726 0.0000
vertex 22.1652 -21.8293 19.3774
vertex 22.1652 -32.1726 19.3774
endloop
endfacet
facet normal 0.000000 1.000000 0.000000
outer loop
vertex 22.1652 -21.8293 0.0000
vertex 17.2003 -21.8293 0.0000
vertex 17.2003 -21.8293 19.3774
endloop
endfacet
facet normal 0.000000 1.000000 -0.000000
outer loop
vertex 22.1652 -21.8293 0.0000
vertex 17.2003 -21.8293 19.3774
vertex 22.1652 -21.8293 19.3774
endloop
endfacet
facet normal -1.000000 0.000000 0.000000
outer loop
vertex 17.2003 -21.8293 0.0000
vertex 17.2003 -32.1726 0.0000
vertex 17.2003 -32.1726 19.3774
endloop
endfacet
facet normal -1.000000 0.000000 0.000000
outer loop
vertex 17.2003 -21.8293 0.0000
vertex 17.2003 -32.1726 19.3774
vertex 17.2003 -21.8293 19.3774
endloop
endfacet
facet normal 0.991445 0.130526 0.000000
outer loop
vertex 0.7928 14.3138 0.0000
vertex 0.7399 14.7153 0.0000
vertex 0.7399 14.7153 11.1827
endloop
endfacet
facet normal 0.991445 0.130526 -0.000000
outer loop
vertex 0.7928 14.3138 0.0000
vertex 0.7399 14.7153 11.1827
vertex 0.7928 14.3138 11.1827
endloop
endfacet
facet normal 0.000000 0.000000 1.000000
outer loop
vertex -0.7586 14.3138 11.1827
vertex 0.7928 14.3138 11.1827
vertex 0.7399 14.7153 11.1827
endloop
endfacet
facet normal 0.000000 0.000000 -1.000000
outer loop
vertex -0.7586 14.3138 0.0000
vertex 0.7399 14.7153 0.0000
vertex 0.7928 14.3138 0.0000
endloop
endfacet
facet normal 0.923880 0.382683 0.000000
outer loop
vertex 0.7399 14.7153 0.0000
vertex 0.5849 15.0895 0.0000
vertex 0.5849 15.0895 11.1827
endloop
endfacet
facet normal 0.923880 0.382683 -0.000000
outer loop
vertex 0.7399 14.7153 0.0000
vertex 0.5849 15.0895 11.1827
vertex 0.7399 14.7153 11.1827
endloop
endfacet
facet normal 0.000000 0.000000 1.000000
outer loop
vertex -0.7586 14.3138 11.1827
vertex 0.7399 14.7153 11.1827
vertex 0.5849 15.0895 11.1827
endloop
endfacet
facet normal 0.000000 0.000000 -1.000000
outer loop
vertex -0.7586 14.3138 0.0000
vertex 0.5849 15.0895 0.0000
vertex 0.7399 14.7153 0.0000
endloop
endfacet
facet normal 0.793353 0.608761 0.000000
outer loop
vertex 0.5849 15.0895 0.0000
vertex 0.3384 15.4108 0.0000
vertex 0.3384 15.4108 11.1827
endloop
endfacet
facet normal 0.793353 0.608761 -0.000000
outer loop
vertex 0.5849 15.0895 0.0000
vertex 0.3384 15.4108 11.1827
vertex 0.5849 15.0895 11.1827
endloop
endfacet
facet normal 0.000000 0.000000 1.000000
outer loop
vertex -0.7586 14.3138 11.1827
vertex 0.5849 15.0895 11.1827
vertex 0.3384 15.4108 11.1827
endloop
endfacet
facet normal 0.000000 0.000000 -1.000000
outer loop
vertex -0.7586 14.3138 0.0000
vertex 0.3384 15.4108 0.0000
vertex 0.5849 15.0895 0.0000
endloop
endfacet
facet normal 0.608761 0.793353 0.000000
outer loop
vertex 0.3384 15.4108 0.0000
vertex 0.0171 15.6573 0.0000
vertex 0.0171 15.6573 11.1827
endloop
endfacet
facet normal 0.608761 0.793353 -0.000000
outer loop
vertex 0.3384 15.4108 0.0000
vertex 0.0171 15.6573 11.1827
vertex 0.3384 15.4108 11.1827
endloop
endfacet
facet normal 0.000000 0.000000 1.000000
outer loop
vertex -0.7586 14.3138 11.1827
vertex 0.3384 15.4108 11.1827
vertex 0.0171 15.6573 11.1827
endloop
endfacet
facet normal 0.000000 0.000000 -1.000000
outer loop
vertex -0.7586 14.3138 0.0000
vertex 0.0171 15.6573 0.0000
vertex 0.3384 15.4108 0.0000
endloop
endfacet
facet normal 0.382683 0.923880 0.000000
outer loop
vertex 0.0171 15.6573 0.0000
vertex -0.3571 15.8123 0.0000
vertex -0.3571 15.8123 11.1827
endloop
endfacet
facet normal 0.382683 0.923880 -0.000000
outer loop
vertex 0.0171 15.6573 0.0000
vertex -0.3571 15.8123 11.1827
vertex 0.0171 15.6573 11.1827
endloop
endfacet
facet normal 0.000000 0.000000 1.000000
outer loop
vertex -0.7586 14.3138 11.1827
vertex 0.0171 15.6573 11.1827
vertex -0.3571 15.8123 11.1827
endloop
endfacet
facet normal 0.000000 0.000000 -1.000000
outer loop
vertex -0.7586 14.3138 0.0000
vertex -0.3571 15.8123 0.0000
vertex 0.0171 15.6573 0.0000
endloop
endfacet
facet normal 0.130526 0.991445 0.000000
outer loop
vertex -0.3571 15.8123 0.0000
vertex -0.7586 15.8652 0.0000
vertex -0.7586 15.8652 11.1827
endloop
endfacet
facet normal 0.130526 0.991445 -0.000000
outer loop
vertex -0.3571 15.8123 0.0000
vertex -0.7586 15.8652 11.1827
vertex -0.3571 15.8123 11.1827
endloop
endfacet
facet normal 0.000000 0.000000 1.000000
outer loop
vertex -0.7586 14.3138 11.1827
vertex -0.3571 15.8123 11.1827
vertex -0.7586 15.8652 11.1827
endloop
endfacet
facet normal 0.000000 0.000000 -1.000000
outer loop
vertex -0.7586 14.3138 0.0000
vertex -0.7586 15.8652 0.0000
vertex -0.3571 15.8123 0.0000
endloop
endfacet
facet normal -0.130526 0.991445 0.000000
outer loop
vertex -0.7586 15.8652 0.0000
vertex -1.1601 15.8123 0.0000
vertex -1.1601 15.8123 11.1827
endloop
endfacet
facet normal -0.130526 0.991445 0.000000
outer loop
vertex -0.7586 15.8652 0.0000
vertex -1.1601 15.8123 11.1827
vertex -0.7586 15.8652 11.1827
endloop
endfacet
facet normal 0.000000 -0.000000 1.000000
outer loop
vertex -0.7586 14.3138 11.1827
vertex -0.7586 15.8652 11.1827
vertex -1.1601 15.8123 11.1827
endloop
endfacet
facet normal 0.000000 0.000000 -1.000000
outer loop
vertex -0.7586 14.3138 0.0000
vertex -1.1601 15.8123 0.0000
vertex -0.7586 15.8652 0.0000
endloop
endfacet
facet normal -0.382683 0.923880 0.000000
outer loop
vertex -1.1601 15.8123 0.0000
vertex -1.5343 15.6573 0.0000
vertex -1.5343 15.6573 11.1827
endloop
endfacet
facet normal -0.382683 0.923880 0.000000
outer loop
vertex -1.1601 15.8123 0.0000
vertex -1.5343 15.6573 11.1827
vertex -1.1601 15.8123 11.1827
endloop
endfacet
facet normal 0.000000 0.000000 1.000000
outer loop
vertex -0.7586 14.3138 11.1827
vertex -1.1601 15.8123 11.1827
vertex -1.5343 15.6573 11.1827
endloop
endfacet
facet normal 0.000000 0.000000 -1.000000
outer loop
vertex -0.7586 14.3138 0.0000
vertex -1.5343 15.6573 0.0000
vertex -1.1601 15.8123 0.0000
endloop
endfacet
facet normal -0.608761 0.793353 0.000000
outer loop
vertex -1.5343 15.6573 0.0000
vertex -1.8556 15.4108 0.0000
vertex -1.8556 15.4108 11.1827
endloop
endfacet
facet normal -0.608761 0.793353 0.000000
outer loop
vertex -1.5343 15.6573 0.0000
vertex -1.8556 15.4108 11.1827
vertex -1.5343 15.6573 11.1827
endloop
endfacet
facet normal 0.000000 0.000000 1.000000
outer loop
vertex -0.7586 14.3138 11.1827
vertex -1.5343 15.6573 11.1827
vertex -1.8556 15.4108 11.1827
endloop
endfacet
facet normal 0.000000 0.000000 -1.000000
outer loop
vertex -0.7586 14.3138 0.0000
vertex -1.8556 15.4108 0.0000
vertex -1.5343 15.6573 0.0000
endloop
endfacet
facet normal -0.793353 0.608761 0.000000
outer loop
vertex -1.8556 15.4108 0.0000
vertex -2.1022 15.0895 0.0000
vertex -2.1022 15.0895 11.1827
endloop
endfacet
facet normal -0.793353 0.608761 0.000000
outer loop
vertex -1.8556 15.4108 0.0000
vertex -2.1022 15.0895 11.1827
vertex -1.8556 15.4108 11.1827
endloop
endfacet
facet normal 0.000000 0.000000 1.000000
outer loop
vertex -0.7586 14.3138 11.1827
vertex -1.8556 15.4108 11.1827
vertex -2.1022 15.0895 11.1827
endloop
endfacet
facet normal 0.000000 0.000000 -1.000000
outer loop
vertex -0.7586 14.3138 0.0000
vertex -2.1022 15.0895 0.0000
vertex -1.8556 15.4108 0.0000
endloop
endfacet
facet normal -0.923880 0.382683 0.000000
outer loop
vertex -2.1022 15.0895 0.0000
vertex -2.2571 14.7153 0.0000
vertex -2.2571 14.7153 11.1827
endloop
endfacet
facet normal -0.923880 0.382683 0.000000
outer loop
vertex -2.1022 15.0895 0.0000
vertex -2.2571 14.7153 11.1827
vertex -2.1022 15.0895 11.1827
endloop
endfacet
facet normal 0.000000 0.000000 1.000000
outer loop
vertex -0.7586 14.3138 11.1827
vertex -2.1022 15.0895 11.1827
vertex -2.2571 14.7153 11.1827
endloop
endfacet
facet normal 0.000000 0.000000 -1.000000
outer loop
vertex -0.7586 14.3138 0.0000
vertex -2.2571 14.7153 0.0000
vertex -2.1022 15.0895 0.0000
endloop
endfacet
facet normal -0.991445 0.130526 0.000000
outer loop
vertex -2.2571 14.7153 0.0000
vertex -2.3100 14.3138 0.0000
vertex -2.3100 14.3138 11.1827
endloop
endfacet
facet normal -0.991445 0.130526 0.000000
outer loop
vertex -2.2571 14.7153 0.0000
vertex -2.3100 14.3138 11.1827
vertex -2.2571 14.7153 11.1827
endloop
endfacet
facet normal 0.000000 0.000000 1.000000
outer loop
vertex -0.7586 14.3138 11.1827
vertex -2.2571 14.7153 11.1827
vertex -2.3100 14.3138 11.1827
endloop
endfacet
facet normal 0.000000 0.000000 -1.000000
outer loop
vertex -0.7586 14.3138 0.0000
vertex -2.3100 14.3138 0.0000
vertex -2.2571 14.7153 0.0000
endloop
endfacet
facet normal -0.991445 -0.130526 0.000000
outer loop
vertex -2.3100 14.3138 0.0000
vertex -2.2571 13.9123 0.0000
vertex -2.2571 13.9123 11.1827
endloop
endfacet
facet normal -0.991445 -0.130526 0.000000
outer loop
vertex -2.3100 14.3138 0.0000
vertex -2.2571 13.9123 11.1827
vertex -2.3100 14.3138 11.1827
endloop
endfacet
facet normal 0.000000 0.000000 1.000000
outer loop
vertex -0.7586 14.3138 11.1827
vertex -2.3100 14.3138 11.1827
vertex -2.2571 13.9123 11.1827
endloop
endfacet
facet normal -0.000000 0.000000 -1.000000
outer loop
vertex -0.7586 14.3138 0.0000
vertex -2.2571 13.9123 0.0000
vertex -2.3100 14.3138 0.0000
endloop
endfacet
facet normal -0.923880 -0.382683 0.000000
outer loop
vertex -2.2571 13.9123 0.0000
vertex -2.1022 13.5381 0.0000
vertex -2.1022 13.5381 11.1827
endloop
endfacet
facet normal -0.923880 -0.382683 0.000000
outer loop
vertex -2.2571 13.9123 0.0000
vertex -2.1022 13.5381 11.1827
vertex -2.2571 13.9123 11.1827
endloop
endfacet
facet normal 0.000000 0.000000 1.000000
outer loop
vertex -0.7586 14.3138 11.1827
vertex -2.2571 13.9123 11.1827
vertex -2.1022 13.5381 11.1827
endloop
endfacet
facet normal 0.000000 0.000000 -1.000000
outer loop
vertex -0.7586 14.3138 0.0000
vertex -2.1022 13.5381 0.0000
vertex -2.2571 13.9123 0.0000
endloop
endfacet
facet normal -0.793353 -0.608761 0.000000
outer loop
vertex -2.1022 13.5381 0.0000
vertex -1.8556 13.2168 0.0000
vertex -1.8556 13.2168 11.1827
endloop
endfacet
facet normal -0.793353 -0.608761 0.000000
outer loop
vertex -2.1022 13.5381 0.0000
vertex -1.8556 13.2168 11.1827
vertex -2.1022 13.5381 11.1827
endloop
endfacet
facet normal 0.000000 0.000000 1.000000
outer loop
vertex -0.7586 14.3138 11.1827
vertex -2.1022 13.5381 11.1827
vertex -1.8556 13.2168 11.1827
endloop
endfacet
facet normal 0.000000 0.000000 -1.000000
outer loop
vertex -0.7586 14.3138 0.0000
vertex -1.8556 13.2168 0.0000
vertex -2.1022 13.5381 0.0000
endloop
endfacet
facet normal -0.608761 -0.793353 0.000000
outer loop
vertex -1.8556 13.2168 0.0000
vertex -1.5343 12.9703 0.0000
vertex -1.5343 12.9703 11.1827
endloop
endfacet
facet normal -0.608761 -0.793353 0.000000
outer loop
vertex -1.8556 13.2168 0.0000
vertex -1.5343 12.9703 11.1827
vertex -1.8556 13.2168 11.1827
endloop
endfacet
facet normal 0.000000 0.000000 1.000000
outer loop
vertex -0.7586 14.3138 11.1827
vertex -1.8556 13.2168 11.1827
vertex -1.5343 12.9703 11.1827
endloop
endfacet
facet normal 0.000000 0.000000 -1.000000
outer loop
vertex -0.7586 14.3138 0.0000
vertex -1.5343 12.9703 0.0000
vertex -1.8556 13.2168 0.0000
endloop
endfacet
facet normal -0.382683 -0.923880 0.000000
outer loop
vertex -1.5343 12.9703 0.0000
vertex -1.1601 12.8153 0.0000
vertex -1.1601 12.8153 11.1827
endloop
endfacet
facet normal -0.382683 -0.923880 0.000000
outer loop
vertex -1.5343 12.9703 0.0000
vertex -1.1601 12.8153 11.1827
vertex -1.5343 12.9703 11.1827
endloop
endfacet
facet normal 0.000000 0.000000 1.000000
outer loop
vertex -0.7586 14.3138 11.1827
vertex -1.5343 12.9703 11.1827
vertex -1.1601 12.8153 11.1827
endloop
endfacet
facet normal 0.000000 0.000000 -1.000000
outer loop
vertex -0.7586 14.3138 0.0000
vertex -1.1601 12.8153 0.0000
vertex -1.5343 12.9703 0.0000
endloop
endfacet
facet normal -0.130526 -0.991445 0.000000
outer loop
vertex -1.1601 12.8153 0.0000
vertex -0.7586 12.7624 0.0000
vertex -0.7586 12.7624 11.1827
endloop
endfacet
facet normal -0.130526 -0.991445 0.000000
outer loop
vertex -1.1601 12.8153 0.0000
vertex -0.7586 12.7624 11.1827
vertex -1.1601 12.8153 11.1827
endloop
endfacet
facet normal 0.000000 0.000000 1.000000
outer loop
vertex -0.7586 14.3138 11.1827
vertex -1.1601 12.8153 11.1827
vertex -0.7586 12.7624 11.1827
endloop
endfacet
facet normal 0.000000 0.000000 -1.000000
outer loop
vertex -0.7586 14.3138 0.0000
vertex -0.7586 12.7624 0.0000
vertex -1.1601 12.8153 0.0000
endloop
endfacet
facet normal 0.130526 -0.991445 0.000000
outer loop
vertex -0.7586 12.7624 0.0000
vertex -0.3571 12.8153 0.0000
vertex -0.3571 12.8153 11.1827
endloop
endfacet
facet normal 0.130526 -0.991445 0.000000
outer loop
vertex -0.7586 12.7624 0.0000
vertex -0.3571 12.8153 11.1827
vertex -0.7586 12.7624 11.1827
endloop
endfacet
facet normal 0.000000 0.000000 1.000000
outer loop
vertex -0.7586 14.3138 11.1827
vertex -0.7586 12.7624 11.1827
vertex -0.3571 12.8153 11.1827
endloop
endfacet
facet normal 0.000000 -0.000000 -1.000000
outer loop
vertex -0.7586 14.3138 0.0000
vertex -0.3571 12.8153 0.0000
vertex -0.7586 12.7624 0.0000
endloop
endfacet
facet normal 0.382683 -0.923880 0.000000
outer loop
vertex -0.3571 12.8153 0.0000
vertex 0.0171 12.9703 0.0000
vertex 0.0171 12.9703 11.1827
endloop
endfacet
facet normal 0.382683 -0.923880 0.000000
outer loop
vertex -0.3571 12.8153 0.0000
vertex 0.0171 12.9703 11.1827
vertex -0.3571 12.8153 11.1827
endloop
endfacet
facet normal 0.000000 0.000000 1.000000
outer loop
vertex -0.7586 14.3138 11.1827
vertex -0.3571 12.8153 11.1827
vertex 0.0171 12.9703 11.1827
endloop
endfacet
facet normal 0.000000 0.000000 -1.000000
outer loop
vertex -0.7586 14.3138 0.0000
vertex 0.0171 12.9703 0.0000
vertex -0.3571 12.8153 0.0000
endloop
endfacet
facet normal 0.608761 -0.793353 0.000000
outer loop
vertex 0.0171 12.9703 0.0000
vertex 0.3384 13.2168 0.0000
vertex 0.3384 13.2168 11.1827
endloop
endfacet
facet normal 0.608761 -0.793353 0.000000
outer loop
vertex 0.0171 12.9703 0.0000
vertex 0.3384 13.2168 11.1827
vertex 0.0171 12.9703 11.1827
endloop
endfacet
facet normal 0.000000 0.000000 1.000000
outer loop
vertex -0.7586 14.3138 11.1827
vertex 0.0171 12.9703 11.1827
vertex 0.3384 13.2168 11.1827
endloop
endfacet
facet normal 0.000000 0.000000 -1.000000
outer loop
vertex -0.7586 14.3138 0.0000
vertex 0.3384 13.2168 0.0000
vertex 0.0171 12.9703 0.0000
endloop
endfacet
facet normal 0.793353 -0.608761 0.000000
outer loop
vertex 0.3384 13.2168 0.0000
vertex 0.5849 13.5381 0.0000
vertex 0.5849 13.5381 11.1827
endloop
endfacet
facet normal 0.793353 -0.608761 0.000000
outer loop
vertex 0.3384 13.2168 0.0000
vertex 0.5849 13.5381 11.1827
vertex 0.3384 13.2168 11.1827
endloop
endfacet
facet normal 0.000000 0.000000 1.000000
outer loop
vertex -0.7586 14.3138 11.1827
vertex 0.3384 13.2168 11.1827
vertex 0.5849 13.5381 11.1827
endloop
endfacet
facet normal 0.000000 0.000000 -1.000000
outer loop
vertex -0.7586 14.3138 0.0000
vertex 0.5849 13.5381 0.0000
vertex 0.3384 13.2168 0.0000
endloop
endfacet
facet normal 0.923880 -0.382683 0.000000
outer loop
vertex 0.5849 13.5381 0.0000
vertex 0.7399 13.9123 0.0000
vertex 0.7399 13.9123 11.1827
endloop
endfacet
facet normal 0.923880 -0.382683 0.000000
outer loop
vertex 0.5849 13.5381 0.0000
vertex 0.7399 13.9123 11.1827
vertex 0.5849 13.5381 11.1827
endloop
endfacet
facet normal 0.000000 0.000000 1.000000
outer loop
vertex -0.7586 14.3138 11.1827
vertex 0.5849 13.5381 11.1827
vertex 0.7399 13.9123 11.1827
endloop
endfacet
facet normal 0.000000 0.000000 -1.000000
outer loop
vertex -0.7586 14.3138 0.0000
vertex 0.7399 13.9123 0.0000
vertex 0.5849 13.5381 0.0000
endloop
endfacet
facet normal 0.991445 -0.130526 0.000000
outer loop
vertex 0.7399 13.9123 0.0000
vertex 0.7928 14.3138 0.0000
vertex 0.7928 14.3138 11.1827
endloop
endfacet
facet normal 0.991445 -0.130526 0.000000
outer loop
vertex 0.7399 13.9123 0.0000
vertex 0.7928 14.3138 11.1827
vertex 0.7399 13.9123 11.1827
endloop
endfacet
facet normal -0.000000 0.000000 1.000000
outer loop
vertex -0.7586 14.3138 11.1827
vertex 0.7399 13.9123 11.1827
vertex 0.7928 14.3138 11.1827
endloop
endfacet
facet normal 0.000000 0.000000 -1.000000
outer loop
vertex -0.7586 14.3138 0.0000
vertex 0.7928 14.3138 0.0000
vertex 0.7399 13.9123 0.0000
endloop
endfacet
facet normal 0.991445 0.130526 0.000000
outer loop
vertex 29.5468 32.7871 0.0000
vertex 29.4497 33.5244 0.0000
vertex 29.4497 33.5244 22.6718
endloop
endfacet
facet normal 0.991445 0.130526 -0.000000
outer loop
vertex 29.5468 32.7871 0.0000
vertex 29.4497 33.5244 22.6718
vertex 29.5468 32.7871 22.6718
endloop
endfacet
facet normal 0.000000 0.000000 1.000000
outer loop
vertex 26.6984 32.7871 22.6718
vertex 29.5468 32.7871 22.6718
vertex 29.4497 33.5244 22.6718
endloop
endfacet
facet normal 0.000000 0.000000 -1.000000
outer loop
vertex 26.6984 32.7871 0.0000
vertex 29.4497 33.5244 0.0000
vertex 29.5468 32.7871 0.0000
endloop
endfacet
facet normal 0.923880 0.382683 0.000000
outer loop
vertex 29.4497 33.5244 0.0000
vertex 29.1652 34.2113 0.0000
vertex 29.1652 34.2113 22.6718
endloop
endfacet
facet normal 0.923880 0.382683 -0.000000
outer loop
vertex 29.4497 33.5244 0.0000
vertex 29.1652 34.2113 22.6718
vertex 29.4497 33.5244 22.6718
endloop
endfacet
facet normal 0.000000 0.000000 1.000000
outer loop
vertex 26.6984 32.7871 22.6718
vertex 29.4497 33.5244 22.6718
vertex 29.1652 34.2113 22.6718
endloop
endfacet
facet normal 0.000000 0.000000 -1.000000
outer loop
vertex 26.6984 32.7871 0.0000
vertex 29.1652 34.2113 0.0000
vertex 29.4497 33.5244 0.0000
endloop
endfacet
facet normal 0.793353 0.608761 0.000000
outer loop
vertex 29.1652 34.2113 0.0000
vertex 28.7125 34.8012 0.0000
vertex 28.7125 34.8012 22.6718
endloop
endfacet
facet normal 0.793353 0.608761 -0.000000
outer loop
vertex 29.1652 34.2113 0.0000
vertex 28.7125 34.8012 22.6718
vertex 29.1652 34.2113 22.6718
endloop
endfacet
facet normal 0.000000 0.000000 1.000000
outer loop
vertex 26.6984 32.7871 22.6718
vertex 29.1652 34.2113 22.6718
vertex 28.7125 34.8012 22.6718
endloop
endfacet
facet normal 0.000000 0.000000 -1.000000
outer loop
vertex 26.6984 32.7871 0.0000
vertex 28.7125 34.8012 0.0000
vertex 29.1652 34.2113 0.0000
endloop
endfacet
facet normal 0.608761 0.793353 0.000000
outer loop
vertex 28.7125 34.8012 0.0000
vertex 28.1226 35.2539 0.0000
vertex 28.1226 35.2539 22.6718
endloop
endfacet
facet normal 0.608761 0.793353 -0.000000
outer loop
vertex 28.7125 34.8012 0.0000
vertex 28.1226 35.2539 22.6718
vertex 28.7125 34.8012 22.6718
endloop
endfacet
facet normal 0.000000 0.000000 1.000000
outer loop
vertex 26.6984 32.7871 22.6718
vertex 28.7125 34.8012 22.6718
vertex 28.1226 35.2539 22.6718
endloop
endfacet
facet normal 0.000000 0.000000 -1.000000
outer loop
vertex 26.6984 32.7871 0.0000
vertex 28.1226 35.2539 0.0000
vertex 28.7125 34.8012 0.0000
endloop
endfacet
facet normal 0.382683 0.923880 0.000000
outer loop
vertex 28.1226 35.2539 0.0000
vertex 27.4356 35.5384 0.0000
vertex 27.4356 35.5384 22.6718
endloop
endfacet
facet normal 0.382683 0.923880 -0.000000
outer loop
vertex 28.1226 35.2539 0.0000
vertex 27.4356 35.5384 22.6718
vertex 28.1226 35.2539 22.6718
endloop
endfacet
facet normal 0.000000 0.000000 1.000000
outer loop
vertex 26.6984 32.7871 22.6718
vertex 28.1226 35.2539 22.6718
vertex 27.4356 35.5384 22.6718
endloop
endfacet
facet normal 0.000000 0.000000 -1.000000
outer loop
vertex 26.6984 32.7871 0.0000
vertex 27.4356 35.5384 0.0000
vertex 28.1226 35.2539 0.0000
endloop
endfacet
facet normal 0.130526 0.991445 0.000000
outer loop
vertex 27.4356 35.5384 0.0000
vertex 26.6984 35.6355 0.0000
vertex 26.6984 35.6355 22.6718
endloop
endfacet
facet normal 0.130526 0.991445 -0.000000
outer loop
vertex 27.4356 35.5384 0.0000
vertex 26.6984 35.6355 22.6718
vertex 27.4356 35.5384 22.6718
endloop
endfacet
facet normal 0.000000 0.000000 1.000000
outer loop
vertex 26.6984 32.7871 22.6718
vertex 27.4356 35.5384 22.6718
vertex 26.6984 35.6355 22.6718
endloop
endfacet
facet normal 0.000000 0.000000 -1.000000
outer loop
vertex 26.6984 32.7871 0.0000
vertex 26.6984 35.6355 0.0000
vertex 27.4356 35.5384 0.0000
endloop
endfacet
facet normal -0.130526 0.991445 0.000000
outer loop
vertex 26.6984 35.6355 0.0000
vertex 25.9612 35.5384 0.0000
vertex 25.9612 35.5384 22.6718
endloop
endfacet
facet normal -0.130526 0.991445 0.000000
outer loop
vertex 26.6984 35.6355 0.0000
vertex 25.9612 35.5384 22.6718
vertex 26.6984 35.6355 22.6718
endloop
endfacet
facet normal 0.000000 -0.000000 1.000000
outer loop
vertex 26.6984 32.7871 22.6718
vertex 26.6984 35.6355 22.6718
vertex 25.9612 35.5384 22.6718
endloop
endfacet
facet normal 0.000000 0.000000 -1.000000
outer loop
vertex 26.6984 32.7871 0.0000
vertex 25.9612 35.5384 0.0000
vertex 26.6984 35.6355 0.0000
endloop
endfacet
facet normal -0.382683 0.923880 0.000000
outer loop
vertex 25.9612 35.5384 0.0000
vertex 25.2742 35.2539 0.0000
vertex 25.2742 35.2539 22.6718
endloop
endfacet
facet normal -0.382683 0.923880 0.000000
outer loop
vertex 25.9612 35.5384 0.0000
vertex 25.2742 35.2539 22.6718
vertex 25.9612 35.5384 22.6718
endloop
endfacet
facet normal 0.000000 0.000000 1.000000
outer loop
vertex 26.6984 32.7871 22.6718
vertex 25.9612 35.5384 22.6718
vertex 25.2742 35.2539 22.6718
endloop
endfacet
facet normal 0.000000 0.000000 -1.000000
outer loop
vertex 26.6984 32.7871 0.0000
vertex 25.2742 35.2539 0.0000
vertex 25.9612 35.5384 0.0000
endloop
endfacet
facet normal -0.608761 0.793353 0.000000
outer loop
vertex 25.2742 35.2539 0.0000
vertex 24.6843 34.8012 0.0000
vertex 24.6843 34.8012 22.6718
endloop
endfacet
facet normal -0.608761 0.793353 0.000000
outer loop
vertex 25.2742 35.2539 0.0000
vertex 24.6843 34.8012 22.6718
vertex 25.2742 35.2539 22.6718
endloop
endfacet
facet normal 0.000000 0.000000 1.000000
outer loop
vertex 26.6984 32.7871 22.6718
vertex 25.2742 35.2539 22.6718
vertex 24.6843 34.8012 22.6718
endloop
endfacet
facet normal 0.000000 0.000000 -1.000000
outer loop
vertex 26.6984 32.7871 0.0000
vertex 24.6843 34.8012 0.0000
vertex 25.2742 35.2539 0.0000
endloop
endfacet
facet normal -0.793353 0.608761 0.000000
outer loop
vertex 24.6843 34.8012 0.0000
vertex 24.2317 34.2113 0.0000
vertex 24.2317 34.2113 22.6718
endloop
endfacet
facet normal -0.793353 0.608761 0.000000
outer loop
vertex 24.6843 34.8012 0.0000
vertex 24.2317 34.2113 22.6718
vertex 24.6843 34.8012 22.6718
endloop
endfacet
facet normal 0.000000 0.000000 1.000000
outer loop
vertex 26.6984 32.7871 22.6718
vertex 24.6843 34.8012 22.6718
vertex 24.2317 34.2113 22.6718
endloop
endfacet
facet normal 0.000000 0.000000 -1.000000
outer loop
vertex 26.6984 32.7871 0.0000
vertex 24.2317 34.2113 0.0000
vertex 24.6843 34.8012 0.0000
endloop
endfacet
facet normal -0.923880 0.382683 0.000000
outer loop
vertex 24.2317 34.2113 0.0000
vertex 23.9471 33.5244 0.0000
vertex 23.9471 33.5244 22.6718
endloop
endfacet
facet normal -0.923880 0.382683 0.000000
outer loop
vertex 24.2317 34.2113 0.0000
vertex 23.9471 33.5244 22.6718
vertex 24.2317 34.2113 22.6718
endloop
endfacet
facet normal 0.000000 0.000000 1.000000
outer loop
vertex 26.6984 32.7871 22.6718
vertex 24.2317 34.2113 22.6718
vertex 23.9471 33.5244 22.6718
endloop
endfacet
facet normal 0.000000 0.000000 -1.000000
outer loop
vertex 26.6984 32.7871 0.0000
vertex 23.9471 33.5244 0.0000
vertex 24.2317 34.2113 0.0000
endloop
endfacet
facet normal -0.991445 0.130526 0.000000
outer loop
vertex 23.9471 33.5244 0.0000
vertex 23.8501 32.7871 0.0000
vertex 23.8501 32.7871 22.6718
endloop
endfacet
facet normal -0.991445 0.130526 0.000000
outer loop
vertex 23.9471 33.5244 0.0000
vertex 23.8501 32.7871 22.6718
vertex 23.9471 33.5244 22.6718
endloop
endfacet
facet normal 0.000000 0.000000 1.000000
outer loop
vertex 26.6984 32.7871 22.6718
vertex 23.9471 33.5244 22.6718
vertex 23.8501 32.7871 22.6718
endloop
endfacet
facet normal 0.000000 0.000000 -1.000000
outer loop
vertex 26.6984 32.7871 0.0000
vertex 23.8501 32.7871 0.0000
vertex 23.9471 33.5244 0.0000
endloop
endfacet
facet normal -0.991445 -0.130526 0.000000
outer loop
vertex 23.8501 32.7871 0.0000
vertex 23.9471 32.0499 0.0000
vertex 23.9471 32.0499 22.6718
endloop
endfacet
facet normal -0.991445 -0.130526 0.000000
outer loop
vertex 23.8501 32.7871 0.0000
vertex 23.9471 32.0499 22.6718
vertex 23.8501 32.7871 22.6718
endloop
endfacet
facet normal 0.000000 0.000000 1.000000
outer loop
vertex 26.6984 32.7871 22.6718
vertex 23.8501 32.7871 22.6718
vertex 23.9471 32.0499 22.6718
endloop
endfacet
facet normal -0.000000 0.000000 -1.000000
outer loop
vertex 26.6984 32.7871 0.0000
vertex 23.9471 32.0499 0.0000
vertex 23.8501 32.7871 0.0000
endloop
endfacet
facet normal -0.923880 -0.382683 0.000000
outer loop
vertex 23.9471 32.0499 0.0000
vertex 24.2317 31.3630 0.0000
vertex 24.2317 31.3630 22.6718
endloop
endfacet
facet normal -0.923880 -0.382683 0.000000
outer loop
vertex 23.9471 32.0499 0.0000
vertex 24.2317 31.3630 22.6718
vertex 23.9471 32.0499 22.6718
endloop
endfacet
facet normal 0.000000 0.000000 1.000000
outer loop
vertex 26.6984 32.7871 22.6718
vertex 23.9471 32.0499 22.6718
vertex 24.2317 31.3630 22.6718
endloop
endfacet
facet normal 0.000000 0.000000 -1.000000
outer loop
vertex 26.6984 32.7871 0.0000
vertex 24.2317 31.3630 0.0000
vertex 23.9471 32.0499 0.0000
endloop
endfacet
facet normal -0.793353 -0.608761 0.000000
outer loop
vertex 24.2317 31.3630 0.0000
vertex 24.6843 30.7731 0.0000
vertex 24.6843 30.7731 22.6718
endloop
endfacet
facet normal -0.793353 -0.608761 0.000000
outer loop
vertex 24.2317 31.3630 0.0000
vertex 24.6843 30.7731 22.6718
vertex 24.2317 31.3630 22.6718
endloop
endfacet
facet normal 0.000000 0.000000 1.000000
outer loop
vertex 26.6984 32.7871 22.6718
vertex 24.2317 31.3630 22.6718
vertex 24.6843 30.7731 22.6718
endloop
endfacet
facet normal 0.000000 0.000000 -1.000000
outer loop
vertex 26.6984 32.7871 0.0000
vertex 24.6843 30.7731 0.0000
vertex 24.2317 31.3630 0.0000
endloop
endfacet
facet normal -0.608761 -0.793353 0.000000
outer loop
vertex 24.6843 30.7731 0.0000
vertex 25.2742 30.3204 0.0000
vertex 25.2742 30.3204 22.6718
endloop
endfacet
facet normal -0.608761 -0.793353 0.000000
outer loop
vertex 24.6843 30.7731 0.0000
vertex 25.2742 30.3204 22.6718
vertex 24.6843 30.7731 22.6718
endloop
endfacet
facet normal 0.000000 0.000000 1.000000
outer loop
vertex 26.6984 32.7871 22.6718
vertex 24.6843 30.7731 22.6718
vertex 25.2742 30.3204 22.6718
endloop
endfacet
facet normal 0.000000 0.000000 -1.000000
outer loop
vertex 26.6984 32.7871 0.0000
vertex 25.2742 30.3204 0.0000
vertex 24.6843 30.7731 0.0000
endloop
endfacet
facet normal -0.382683 -0.923880 0.000000
outer loop
vertex 25.2742 30.3204 0.0000
vertex 25.9612 30.0358 0.0000
vertex 25.9612 30.0358 22.6718
endloop
endfacet
facet normal -0.382683 -0.923880 0.000000
outer loop
vertex 25.2742 30.3204 0.0000
vertex 25.9612 30.0358 22.6718
vertex 25.2742 30.3204 22.6718
endloop
endfacet
facet normal 0.000000 0.000000 1.000000
outer loop
vertex 26.6984 32.7871 22.6718
vertex 25.2742 30.3204 22.6718
vertex 25.9612 30.0358 22.6718
endloop
endfacet
facet normal 0.000000 0.000000 -1.000000
outer loop
vertex 26.6984 32.7871 0.0000
vertex 25.9612 30.0358 0.0000
vertex 25.2742 30.3204 0.0000
endloop
endfacet
facet normal -0.130526 -0.991445 0.000000
outer loop
vertex 25.9612 30.0358 0.0000
vertex 26.6984 29.9388 0.0000
vertex 26.6984 29.9388 22.6718
endloop
endfacet
facet normal -0.130526 -0.991445 0.000000
outer loop
vertex 25.9612 30.0358 0.0000
vertex 26.6984 29.9388 22.6718
vertex 25.9612 30.0358 22.6718
endloop
endfacet
facet normal 0.000000 0.000000 1.000000
outer loop
vertex 26.6984 32.7871 22.6718
vertex 25.9612 30.0358 22.6718
vertex 26.6984 29.9388 22.6718
endloop
endfacet
facet normal 0.000000 -0.000000 -1.000000
outer loop
vertex 26.6984 32.7871 0.0000
vertex 26.6984 29.9388 0.0000
vertex 25.9612 30.0358 0.0000
endloop
endfacet
facet normal 0.130526 -0.991445 0.000000
outer loop
vertex 26.6984 29.9388 0.0000
vertex 27.4356 30.0358 0.0000
vertex 27.4356 30.0358 22.6718
endloop
endfacet
facet normal 0.130526 -0.991445 0.000000
outer loop
vertex 26.6984 29.9388 0.0000
vertex 27.4356 30.0358 22.6718
vertex 26.6984 29.9388 22.6718
endloop
endfacet
facet normal 0.000000 0.000000 1.000000
outer loop
vertex 26.6984 32.7871 22.6718
vertex 26.6984 29.9388 22.6718
vertex 27.4356 30.0358 22.6718
endloop
endfacet
facet normal 0.000000 0.000000 -1.000000
outer loop
vertex 26.6984 32.7871 0.0000
vertex 27.4356 30.0358 0.0000
vertex 26.6984 29.9388 0.0000
endloop
endfacet
facet normal 0.382683 -0.923880 0.000000
outer loop
vertex 27.4356 30.0358 0.0000
vertex 28.1226 30.3204 0.0000
vertex 28.1226 30.3204 22.6718
endloop
endfacet
facet normal 0.382683 -0.923880 0.000000
outer loop
vertex 27.4356 30.0358 0.0000
vertex 28.1226 30.3204 22.6718
vertex 27.4356 30.0358 22.6718
endloop
endfacet
facet normal 0.000000 0.000000 1.000000
outer loop
vertex 26.6984 32.7871 22.6718
vertex 27.4356 30.0358 22.6718
vertex 28.1226 30.3204 22.6718
endloop
endfacet
facet normal 0.000000 0.000000 -1.000000
outer loop
vertex 26.6984 32.7871 0.0000
vertex 28.1226 30.3204 0.0000
vertex 27.4356 30.0358 0.0000
endloop
endfacet
facet normal 0.608761 -0.793353 0.000000
outer loop
vertex 28.1226 30.3204 0.0000
vertex 28.7125 30.7731 0.0000
vertex 28.7125 30.7731 22.6718
endloop
endfacet
facet normal 0.608761 -0.793353 0.000000
outer loop
vertex 28.1226 30.3204 0.0000
vertex 28.7125 30.7731 22.6718
vertex 28.1226 30.3204 22.6718
endloop
endfacet
facet normal 0.000000 0.000000 1.000000
outer loop
vertex 26.6984 32.7871 22.6718
vertex 28.1226 30.3204 22.6718
vertex 28.7125 30.7731 22.6718
endloop
endfacet
facet normal 0.000000 0.000000 -1.000000
outer loop
vertex 26.6984 32.7871 0.0000
vertex 28.7125 30.7731 0.0000
vertex 28.1226 30.3204 0.0000
endloop
endfacet
facet normal 0.793353 -0.608761 0.000000
outer loop
vertex 28.7125 30.7731 0.0000
vertex 29.1652 31.3630 0.0000
vertex 29.1652 31.3630 22.6718
endloop
endfacet
facet normal 0.793353 -0.608761 0.000000
outer loop
vertex 28.7125 30.7731 0.0000
vertex 29.1652 31.3630 22.6718
vertex 28.7125 30.7731 22.6718
endloop
endfacet
facet normal 0.000000 0.000000 1.000000
outer loop
vertex 26.6984 32.7871 22.6718
vertex 28.7125 30.7731 22.6718
vertex 29.1652 31.3630 22.6718
endloop
endfacet
facet normal 0.000000 0.000000 -1.000000
outer loop
vertex 26.6984 32.7871 0.0000
vertex 29.1652 31.3630 0.0000
vertex 28.7125 30.7731 0.0000
endloop
endfacet
facet normal 0.923880 -0.382683 0.000000
outer loop
vertex 29.1652 31.3630 0.0000
vertex 29.4497 32.0499 0.0000
vertex 29.4497 32.0499 22.6718
endloop
endfacet
facet normal 0.923880 -0.382683 0.000000
outer loop
vertex 29.1652 31.3630 0.0000
vertex 29.4497 32.0499 22.6718
vertex 29.1652 31.3630 22.6718
endloop
endfacet
facet normal 0.000000 0.000000 1.000000
outer loop
vertex 26.6984 32.7871 22.6718
vertex 29.1652 31.3630 22.6718
vertex 29.4497 32.0499 22.6718
endloop
endfacet
facet normal 0.000000 0.000000 -1.000000
outer loop
vertex 26.6984 32.7871 0.0000
vertex 29.4497 32.0499 0.0000
vertex 29.1652 31.3630 0.0000
endloop
endfacet
facet normal 0.991445 -0.130526 0.000000
outer loop
vertex 29.4497 32.0499 0.0000
vertex 29.5468 32.7871 0.0000
vertex 29.5468 32.7871 22.6718
endloop
endfacet
facet normal 0.991445 -0.130526 0.000000
outer loop
vertex 29.4497 32.0499 0.0000
vertex 29.5468 32.7871 22.6718
vertex 29.4497 32.0499 22.6718
endloop
endfacet
facet normal -0.000000 0.000000 1.000000
outer loop
vertex 26.6984 32.7871 22.6718
vertex 29.4497 32.0499 22.6718
vertex 29.5468 32.7871 22.6718
endloop
endfacet
facet normal 0.000000 0.000000 -1.000000
outer loop
vertex 26.6984 32.7871 0.0000
vertex 29.5468 32.7871 0.0000
vertex 29.4497 32.0499 0.0000
endloop
endfacet
facet normal 0.991445 0.130526 0.000000
outer loop
vertex -16.6835 -10.0983 0.0000
vertex -16.7408 -9.6629 0.0000
vertex -16.7408 -9.6629 10.1216
endloop
endfacet
facet normal 0.991445 0.130526 -0.000000
outer loop
vertex -16.6835 -10.0983 0.0000
vertex -16.7408 -9.6629 10.1216
vertex -16.6835 -10.0983 10.1216
endloop
endfacet
facet normal 0.000000 0.000000 1.000000
outer loop
vertex -18.3657 -10.0983 10.1216
vertex -16.6835 -10.0983 10.1216
vertex -16.7408 -9.6629 10.1216
endloop
endfacet
facet normal 0.000000 0.000000 -1.000000
outer loop
vertex -18.3657 -10.0983 0.0000
vertex -16.7408 -9.6629 0.0000
vertex -16.6835 -10.0983 0.0000
endloop
endfacet
facet normal 0.923880 0.382683 0.000000
outer loop
vertex -16.7408 -9.6629 0.0000
vertex -16.9089 -9.2571 0.0000
vertex -16.9089 -9.2571 10.1216
endloop
endfacet
facet normal 0.923880 0.382683 -0.000000
outer loop
vertex -16.7408 -9.6629 0.0000
vertex -16.9089 -9.2571 10.1216
vertex -16.7408 -9.6629 10.1216
endloop
endfacet
facet normal 0.000000 0.000000 1.000000
outer loop
vertex -18.3657 -10.0983 10.1216
vertex -16.7408 -9.6629 10.1216
vertex -16.9089 -9.2571 10.1216
endloop
endfacet
facet normal 0.000000 0.000000 -1.000000
outer loop
vertex -18.3657 -10.0983 0.0000
vertex -16.9089 -9.2571 0.0000
vertex -16.7408 -9.6629 0.0000
endloop
endfacet
facet normal 0.793353 0.608761 0.000000
outer loop
vertex -16.9089 -9.2571 0.0000
vertex -17.1762 -8.9087 0.0000
vertex -17.1762 -8.9087 10.1216
endloop
endfacet
facet normal 0.793353 0.608761 -0.000000
outer loop
vertex -16.9089 -9.2571 0.0000
vertex -17.1762 -8.9087 10.1216
vertex -16.9089 -9.2571 10.1216
endloop
endfacet
facet normal 0.000000 0.000000 1.000000
outer loop
vertex -18.3657 -10.0983 10.1216
vertex -16.9089 -9.2571 10.1216
vertex -17.1762 -8.9087 10.1216
endloop
endfacet
facet normal 0.000000 0.000000 -1.000000
outer loop
vertex -18.3657 -10.0983 0.0000
vertex -17.1762 -8.9087 0.0000
vertex -16.9089 -9.2571 0.0000
endloop
endfacet
facet normal 0.608761 0.793353 0.000000
outer loop
vertex -17.1762 -8.9087 0.0000
vertex -17.5246 -8.6414 0.0000
vertex -17.5246 -8.6414 10.1216
endloop
endfacet
facet normal 0.608761 0.793353 -0.000000
outer loop
vertex -17.1762 -8.9087 0.0000
vertex -17.5246 -8.6414 10.1216
vertex -17.1762 -8.9087 10.1216
endloop
endfacet
facet normal 0.000000 0.000000 1.000000
outer loop
vertex -18.3657 -10.0983 10.1216
vertex -17.1762 -8.9087 10.1216
vertex -17.5246 -8.6414 10.1216
endloop
endfacet
facet normal 0.000000 0.000000 -1.000000
outer loop
vertex -18.3657 -10.0983 0.0000
vertex -17.5246 -8.6414 0.0000
vertex -17.1762 -8.9087 0.0000
endloop
endfacet
facet normal 0.382683 0.923880 0.000000
outer loop
vertex -17.5246 -8.6414 0.0000
vertex -17.9303 -8.4734 0.0000
vertex -17.9303 -8.4734 10.1216
endloop
endfacet
facet normal 0.382683 0.923880 -0.000000
outer loop
vertex -17.5246 -8.6414 0.0000
vertex -17.9303 -8.4734 10.1216
vertex -17.5246 -8.6414 10.1216
endloop
endfacet
facet normal 0.000000 0.000000 1.000000
outer loop
vertex -18.3657 -10.0983 10.1216
vertex -17.5246 -8.6414 10.1216
vertex -17.9303 -8.4734 10.1216
endloop
endfacet
facet normal 0.000000 0.000000 -1.000000
outer loop
vertex -18.3657 -10.0983 0.0000
vertex -17.9303 -8.4734 0.0000
vertex -17.5246 -8.6414 0.0000
endloop
endfacet
facet normal 0.130526 0.991445 0.000000
outer loop
vertex -17.9303 -8.4734 0.0000
vertex -18.3657 -8.4160 0.0000
vertex -18.3657 -8.4160 10.1216
endloop
endfacet
facet normal 0.130526 0.991445 -0.000000
outer loop
vertex -17.9303 -8.4734 0.0000
vertex -18.3657 -8.4160 10.1216
vertex -17.9303 -8.4734 10.1216
endloop
endfacet
facet normal 0.000000 0.000000 1.000000
outer loop
vertex -18.3657 -10.0983 10.1216
vertex -17.9303 -8.4734 10.1216
vertex -18.3657 -8.4160 10.1216
endloop
endfacet
facet normal 0.000000 0.000000 -1.000000
outer loop
vertex -18.3657 -10.0983 0.0000
vertex -18.3657 -8.4160 0.0000
vertex -17.9303 -8.4734 0.0000
endloop
endfacet
facet normal -0.130526 0.991445 0.000000
outer loop
vertex -18.3657 -8.4160 0.0000
vertex -18.8011 -8.4734 0.0000
vertex -18.8011 -8.4734 10.1216
endloop
endfacet
facet normal -0.130526 0.991445 0.000000
outer loop
vertex -18.3657 -8.4160 0.0000
vertex -18.8011 -8.4734 10.1216
vertex -18.3657 -8.4160 10.1216
endloop
endfacet
facet normal 0.000000 -0.000000 1.000000
outer loop
vertex -18.3657 -10.0983 10.1216
vertex -18.3657 -8.4160 10.1216
vertex -18.8011 -8.4734 10.1216
endloop
endfacet
facet normal 0.000000 0.000000 -1.000000
outer loop
vertex -18.3657 -10.0983 0.0000
vertex -18.8011 -8.4734 0.0000
vertex -18.3657 -8.4160 0.0000
endloop
endfacet
facet normal -0.382683 0.923880 0.000000
outer loop
vertex -18.8011 -8.4734 0.0000
vertex -19.2068 -8.6414 0.0000
vertex -19.2068 -8.6414 10.1216
endloop
endfacet
facet normal -0.382683 0.923880 0.000000
outer loop
vertex -18.8011 -8.4734 0.0000
vertex -19.2068 -8.6414 10.1216
vertex -18.8011 -8.4734 10.1216
endloop
endfacet
facet normal 0.000000 0.000000 1.000000
outer loop
vertex -18.3657 -10.0983 10.1216
vertex -18.8011 -8.4734 10.1216
vertex -19.2068 -8.6414 10.1216
endloop
endfacet
facet normal 0.000000 0.000000 -1.000000
outer loop
vertex -18.3657 -10.0983 0.0000
vertex -19.2068 -8.6414 0.0000
vertex -18.8011 -8.4734 0.0000
endloop
endfacet
facet normal -0.608761 0.793353 0.000000
outer loop
vertex -19.2068 -8.6414 0.0000
vertex -19.5552 -8.9087 0.0000
vertex -19.5552 -8.9087 10.1216
endloop
endfacet
facet normal -0.608761 0.793353 0.000000
outer loop
vertex -19.2068 -8.6414 0.0000
vertex -19.5552 -8.9087 10.1216
vertex -19.2068 -8.6414 10.1216
endloop
endfacet
facet normal 0.000000 0.000000 1.000000
outer loop
vertex -18.3657 -10.0983 10.1216
vertex -19.2068 -8.6414 10.1216
vertex -19.5552 -8.9087 10.1216
endloop
endfacet
facet normal 0.000000 0.000000 -1.000000
outer loop
vertex -18.3657 -10.0983 0.0000
vertex -19.5552 -8.9087 0.0000
vertex -19.2068 -8.6414 0.0000
endloop
endfacet
facet normal -0.793353 0.608761 0.000000
outer loop
vertex -19.5552 -8.9087 0.0000
vertex -19.8226 -9.2571 0.0000
vertex -19.8226 -9.2571 10.1216
endloop
endfacet
facet normal -0.793353 0.608761 0.000000
outer loop
vertex -19.5552 -8.9087 0.0000
vertex -19.8226 -9.2571 10.1216
vertex -19.5552 -8.9087 10.1216
endloop
endfacet
facet normal 0.000000 0.000000 1.000000
outer loop
vertex -18.3657 -10.0983 10.1216
vertex -19.5552 -8.9087 10.1216
vertex -19.8226 -9.2571 10.1216
endloop
endfacet
facet normal 0.000000 0.000000 -1.000000
outer loop
vertex -18.3657 -10.0983 0.0000
vertex -19.8226 -9.2571 0.0000
vertex -19.5552 -8.9087 0.0000
endloop
endfacet
facet normal -0.923880 0.382683 0.000000
outer loop
vertex -19.8226 -9.2571 0.0000
vertex -19.9906 -9.6629 0.0000
vertex -19.9906 -9.6629 10.1216
endloop
endfacet
facet normal -0.923880 0.382683 0.000000
outer loop
vertex -19.8226 -9.2571 0.0000
vertex -19.9906 -9.6629 10.1216
vertex -19.8226 -9.2571 10.1216
endloop
endfacet
facet normal 0.000000 0.000000 1.000000
outer loop
vertex -18.3657 -10.0983 10.1216
vertex -19.8226 -9.2571 10.1216
vertex -19.9906 -9.6629 10.1216
endloop
endfacet
facet normal 0.000000 0.000000 -1.000000
outer loop
vertex -18.3657 -10.0983 0.0000
vertex -19.9906 -9.6629 0.0000
vertex -19.8226 -9.2571 0.0000
endloop
endfacet
facet normal -0.991445 0.130526 0.000000
outer loop
vertex -19.9906 -9.6629 0.0000
vertex -20.0479 -10.0983 0.0000
vertex -20.0479 -10.0983 10.1216
endloop
endfacet
facet normal -0.991445 0.130526 0.000000
outer loop
vertex -19.9906 -9.6629 0.0000
vertex -20.0479 -10.0983 10.1216
vertex -19.9906 -9.6629 10.1216
endloop
endfacet
facet normal 0.000000 0.000000 1.000000
outer loop
vertex -18.3657 -10.0983 10.1216
vertex -19.9906 -9.6629 10.1216
vertex -20.0479 -10.0983 10.1216
endloop
endfacet
facet normal 0.000000 0.000000 -1.000000
outer loop
vertex -18.3657 -10.0983 0.0000
vertex -20.0479 -10.0983 0.0000
vertex -19.9906 -9.6629 0.0000
endloop
endfacet
facet normal -0.991445 -0.130526 0.000000
outer loop
vertex -20.0479 -10.0983 0.0000
vertex -19.9906 -10.5336 0.0000
vertex -19.9906 -10.5336 10.1216
endloop
endfacet
facet normal -0.991445 -0.130526 0.000000
outer loop
vertex -20.0479 -10.0983 0.0000
vertex -19.9906 -10.5336 10.1216
vertex -20.0479 -10.0983 10.1216
endloop
endfacet
facet normal 0.000000 0.000000 1.000000
outer loop
vertex -18.3657 -10.0983 10.1216
vertex -20.0479 -10.0983 10.1216
vertex -19.9906 -10.5336 10.1216
endloop
endfacet
facet normal -0.000000 0.000000 -1.000000
outer loop
vertex -18.3657 -10.0983 0.0000
vertex -19.9906 -10.5336 0.0000
vertex -20.0479 -10.0983 0.0000
endloop
endfacet
facet normal -0.923880 -0.382683 0.000000
outer loop
vertex -19.9906 -10.5336 0.0000
vertex -19.8226 -10.9394 0.0000
vertex -19.8226 -10.9394 10.1216
endloop
endfacet
facet normal -0.923880 -0.382683 0.000000
outer loop
vertex -19.9906 -10.5336 0.0000
vertex -19.8226 -10.9394 10.1216
vertex -19.9906 -10.5336 10.1216
endloop
endfacet
facet normal 0.000000 0.000000 1.000000
outer loop
vertex -18.3657 -10.0983 10.1216
vertex -19.9906 -10.5336 10.1216
vertex -19.8226 -10.9394 10.1216
endloop
endfacet
facet normal 0.000000 0.000000 -1.000000
outer loop
vertex -18.3657 -10.0983 0.0000
vertex -19.8226 -10.9394 0.0000
vertex -19.9906 -10.5336 0.0000
endloop
endfacet
facet normal -0.793353 -0.608761 0.000000
outer loop
vertex -19.8226 -10.9394 0.0000
vertex -19.5552 -11.2878 0.0000
vertex -19.5552 -11.2878 10.1216
endloop
endfacet
facet normal -0.793353 -0.608761 0.000000
outer loop
vertex -19.8226 -10.9394 0.0000
vertex -19.5552 -11.2878 10.1216
vertex -19.8226 -10.9394 10.1216
endloop
endfacet
facet normal 0.000000 0.000000 1.000000
outer loop
vertex -18.3657 -10.0983 10.1216
vertex -19.8226 -10.9394 10.1216
vertex -19.5552 -11.2878 10.1216
endloop
endfacet
facet normal 0.000000 0.000000 -1.000000
outer loop
vertex -18.3657 -10.0983 0.0000
vertex -19.5552 -11.2878 0.0000
vertex -19.8226 -10.9394 0.0000
endloop
endfacet
facet normal -0.608761 -0.793353 0.000000
outer loop
vertex -19.5552 -11.2878 0.0000
vertex -19.2068 -11.5551 0.0000
vertex -19.2068 -11.5551 10.1216
endloop
endfacet
facet normal -0.608761 -0.793353 0.000000
outer loop
vertex -19.5552 -11.2878 0.0000
vertex -19.2068 -11.5551 10.1216
vertex -19.5552 -11.2878 10.1216
endloop
endfacet
facet normal 0.000000 0.000000 1.000000
outer loop
vertex -18.3657 -10.0983 10.1216
vertex -19.5552 -11.2878 10.1216
vertex -19.2068 -11.5551 10.1216
endloop
endfacet
facet normal 0.000000 0.000000 -1.000000
outer loop
vertex -18.3657 -10.0983 0.0000
vertex -19.2068 -11.5551 0.0000
vertex -19.5552 -11.2878 0.0000
endloop
endfacet
facet normal -0.382683 -0.923880 0.000000
outer loop
vertex -19.2068 -11.5551 0.0000
vertex -18.8011 -11.7232 0.0000
vertex -18.8011 -11.7232 10.1216
endloop
endfacet
facet normal -0.382683 -0.923880 0.000000
outer loop
vertex -19.2068 -11.5551 0.0000
vertex -18.8011 -11.7232 10.1216
vertex -19.2068 -11.5551 10.1216
endloop
endfacet
facet normal 0.000000 0.000000 1.000000
outer loop
vertex -18.3657 -10.0983 10.1216
vertex -19.2068 -11.5551 10.1216
vertex -18.8011 -11.7232 10.1216
endloop
endfacet
facet normal 0.000000 0.000000 -1.000000
outer loop
vertex -18.3657 -10.0983 0.0000
vertex -18.8011 -11.7232 0.0000
vertex -19.2068 -11.5551 0.0000
endloop
endfacet
facet normal -0.130526 -0.991445 0.000000
outer loop
vertex -18.8011 -11.7232 0.0000
vertex -18.3657 -11.7805 0.0000
vertex -18.3657 -11.7805 10.1216
endloop
endfacet
facet normal -0.130526 -0.991445 0.000000
outer loop
vertex -18.8011 -11.7232 0.0000
vertex -18.3657 -11.7805 10.1216
vertex -18.8011 -11.7232 10.1216
endloop
endfacet
facet normal 0.000000 0.000000 1.000000
outer loop
vertex -18.3657 -10.0983 10.1216
vertex -18.8011 -11.7232 10.1216
vertex -18.3657 -11.7805 10.1216
endloop
endfacet
facet normal 0.000000 -0.000000 -1.000000
outer loop
vertex -18.3657 -10.0983 0.0000
vertex -18.3657 -11.7805 0.0000
vertex -18.8011 -11.7232 0.0000
endloop
endfacet
facet normal 0.130526 -0.991445 0.000000
outer loop
vertex -18.3657 -11.7805 0.0000
vertex -17.9303 -11.7232 0.0000
vertex -17.9303 -11.7232 10.1216
endloop
endfacet
facet normal 0.130526 -0.991445 0.000000
outer loop
vertex -18.3657 -11.7805 0.0000
vertex -17.9303 -11.7232 10.1216
vertex -18.3657 -11.7805 10.1216
endloop
endfacet
facet normal 0.000000 0.000000 1.000000
outer loop
vertex -18.3657 -10.0983 10.1216
vertex -18.3657 -11.7805 10.1216
vertex -17.9303 -11.7232 10.1216
endloop
endfacet
facet normal 0.000000 0.000000 -1.000000
outer loop
vertex -18.3657 -10.0983 0.0000
vertex -17.9303 -11.7232 0.0000
vertex -18.3657 -11.7805 0.0000
endloop
endfacet
facet normal 0.382683 -0.923880 0.000000
outer loop
vertex -17.9303 -11.7232 0.0000
vertex -17.5246 -11.5551 0.0000
vertex -17.5246 -11.5551 10.1216
endloop
endfacet
facet normal 0.382683 -0.923880 0.000000
outer loop
vertex -17.9303 -11.7232 0.0000
vertex -17.5246 -11.5551 10.1216
vertex -17.9303 -11.7232 10.1216
endloop
endfacet
facet normal 0.000000 0.000000 1.000000
outer loop
vertex -18.3657 -10.0983 10.1216
vertex -17.9303 -11.7232 10.1216
vertex -17.5246 -11.5551 10.1216
endloop
endfacet
facet normal 0.000000 0.000000 -1.000000
outer loop
vertex -18.3657 -10.0983 0.0000
vertex -17.5246 -11.5551 0.0000
vertex -17.9303 -11.7232 0.0000
endloop
endfacet
facet normal 0.608761 -0.793353 0.000000
outer loop
vertex -17.5246 -11.5551 0.0000
vertex -17.1762 -11.2878 0.0000
vertex -17.1762 -11.2878 10.1216
endloop
endfacet
facet normal 0.608761 -0.793353 0.000000
outer loop
vertex -17.5246 -11.5551 0.0000
vertex -17.1762 -11.2878 10.1216
vertex -17.5246 -11.5551 10.1216
endloop
endfacet
facet normal 0.000000 0.000000 1.000000
outer loop
vertex -18.3657 -10.0983 10.1216
vertex -17.5246 -11.5551 10.1216
vertex -17.1762 -11.2878 10.1216
endloop
endfacet
facet normal 0.000000 0.000000 -1.000000
outer loop
vertex -18.3657 -10.0983 0.0000
vertex -17.1762 -11.2878 0.0000
vertex -17.5246 -11.5551 0.0000
endloop
endfacet
facet normal 0.793353 -0.608761 0.000000
outer loop
vertex -17.1762 -11.2878 0.0000
vertex -16.9089 -10.9394 0.0000
vertex -16.9089 -10.9394 10.1216
endloop
endfacet
facet normal 0.793353 -0.608761 0.000000
outer loop
vertex -17.1762 -11.2878 0.0000
vertex -16.9089 -10.9394 10.1216
vertex -17.1762 -11.2878 10.1216
endloop
endfacet
facet normal 0.000000 0.000000 1.000000
outer loop
vertex -18.3657 -10.0983 10.1216
vertex -17.1762 -11.2878 10.1216
vertex -16.9089 -10.9394 10.1216
endloop
endfacet
facet normal 0.000000 0.000000 -1.000000
outer loop
vertex -18.3657 -10.0983 0.0000
vertex -16.9089 -10.9394 0.0000
vertex -17.1762 -11.2878 0.0000
endloop
endfacet
facet normal 0.923880 -0.382683 0.000000
outer loop
vertex -16.9089 -10.9394 0.0000
vertex -16.7408 -10.5336 0.0000
vertex -16.7408 -10.5336 10.1216
endloop
endfacet
facet normal 0.923880 -0.382683 0.000000
outer loop
vertex -16.9089 -10.9394 0.0000
vertex -16.7408 -10.5336 10.1216
vertex -16.9089 -10.9394 10.1216
endloop
endfacet
facet normal 0.000000 0.000000 1.000000
outer loop
vertex -18.3657 -10.0983 10.1216
vertex -16.9089 -10.9394 10.1216
vertex -16.7408 -10.5336 10.1216
endloop
endfacet
facet normal 0.000000 0.000000 -1.000000
outer loop
vertex -18.3657 -10.0983 0.0000
vertex -16.7408 -10.5336 0.0000
vertex -16.9089 -10.9394 0.0000
endloop
endfacet
facet normal 0.991445 -0.130526 0.000000
outer loop
vertex -16.7408 -10.5336 0.0000
vertex -16.6835 -10.0983 0.0000
vertex -16.6835 -10.0983 10.1216
endloop
endfacet
facet normal 0.991445 -0.130526 0.000000
outer loop
vertex -16.7408 -10.5336 0.0000
vertex -16.6835 -10.0983 10.1216
vertex -16.7408 -10.5336 10.1216
endloop
endfacet
facet normal -0.000000 0.000000 1.000000
outer loop
vertex -18.3657 -10.0983 10.1216
vertex -16.7408 -10.5336 10.1216
vertex -16.6835 -10.0983 10.1216
endloop
endfacet
facet normal 0.000000 0.000000 -1.000000
outer loop
vertex -18.3657 -10.0983 0.0000
vertex -16.6835 -10.0983 0.0000
vertex -16.7408 -10.5336 0.0000
endloop
endfacet
facet normal 0.991445 0.130526 0.000000
outer loop
vertex -3.6571 31.6147 0.0000
vertex -3.7363 32.2165 0.0000
vertex -3.7363 32.2165 11.7448
endloop
endfacet
facet normal 0.991445 0.130526 -0.000000
outer loop
vertex -3.6571 31.6147 0.0000
vertex -3.7363 32.2165 11.7448
vertex -3.6571 31.6147 11.7448
endloop
endfacet
facet normal 0.000000 0.000000 1.000000
outer loop
vertex -5.9821 31.6147 11.7448
vertex -3.6571 31.6147 11.7448
vertex -3.7363 32.2165 11.7448
endloop
endfacet
facet normal 0.000000 0.000000 -1.000000
outer loop
vertex -5.9821 31.6147 0.0000
vertex -3.7363 32.2165 0.0000
vertex -3.6571 31.6147 0.0000
endloop
endfacet
facet normal 0.923880 0.382683 0.000000
outer loop
vertex -3.7363 32.2165 0.0000
vertex -3.9686 32.7773 0.0000
vertex -3.9686 32.7773 11.7448
endloop
endfacet
facet normal 0.923880 0.382683 -0.000000
outer loop
vertex -3.7363 32.2165 0.0000
vertex -3.9686 32.7773 11.7448
vertex -3.7363 32.2165 11.7448
endloop
endfacet
facet normal 0.000000 0.000000 1.000000
outer loop
vertex -5.9821 31.6147 11.7448
vertex -3.7363 32.2165 11.7448
vertex -3.9686 32.7773 11.7448
endloop
endfacet
facet normal 0.000000 0.000000 -1.000000
outer loop
vertex -5.9821 31.6147 0.0000
vertex -3.9686 32.7773 0.0000
vertex -3.7363 32.2165 0.0000
endloop
endfacet
facet normal 0.793353 0.608761 0.000000
outer loop
vertex -3.9686 32.7773 0.0000
vertex -4.3381 33.2588 0.0000
vertex -4.3381 33.2588 11.7448
endloop
endfacet
facet normal 0.793353 0.608761 -0.000000
outer loop
vertex -3.9686 32.7773 0.0000
vertex -4.3381 33.2588 11.7448
vertex -3.9686 32.7773 11.7448
endloop
endfacet
facet normal 0.000000 0.000000 1.000000
outer loop
vertex -5.9821 31.6147 11.7448
vertex -3.9686 32.7773 11.7448
vertex -4.3381 33.2588 11.7448
endloop
endfacet
facet normal 0.000000 0.000000 -1.000000
outer loop
vertex -5.9821 31.6147 0.0000
vertex -4.3381 33.2588 0.0000
vertex -3.9686 32.7773 0.0000
endloop
endfacet
facet normal 0.608761 0.793353 0.000000
outer loop
vertex -4.3381 33.2588 0.0000
vertex -4.8196 33.6283 0.0000
vertex -4.8196 33.6283 11.7448
endloop
endfacet
facet normal 0.608761 0.793353 -0.000000
outer loop
vertex -4.3381 33.2588 0.0000
vertex -4.8196 33.6283 11.7448
vertex -4.3381 33.2588 11.7448
endloop
endfacet
facet normal 0.000000 0.000000 1.000000
outer loop
vertex -5.9821 31.6147 11.7448
vertex -4.3381 33.2588 11.7448
vertex -4.8196 33.6283 11.7448
endloop
endfacet
facet normal 0.000000 0.000000 -1.000000
outer loop
vertex -5.9821 31.6147 0.0000
vertex -4.8196 33.6283 0.0000
vertex -4.3381 33.2588 0.0000
endloop
endfacet
facet normal 0.382683 0.923880 0.000000
outer loop
vertex -4.8196 33.6283 0.0000
vertex -5.3803 33.8605 0.0000
vertex -5.3803 33.8605 11.7448
endloop
endfacet
facet normal 0.382683 0.923880 -0.000000
outer loop
vertex -4.8196 33.6283 0.0000
vertex -5.3803 33.8605 11.7448
vertex -4.8196 33.6283 11.7448
endloop
endfacet
facet normal 0.000000 0.000000 1.000000
outer loop
vertex -5.9821 31.6147 11.7448
vertex -4.8196 33.6283 11.7448
vertex -5.3803 33.8605 11.7448
endloop
endfacet
facet normal 0.000000 0.000000 -1.000000
outer loop
vertex -5.9821 31.6147 0.0000
vertex -5.3803 33.8605 0.0000
vertex -4.8196 33.6283 0.0000
endloop
endfacet
facet normal 0.130526 0.991445 0.000000
outer loop
vertex -5.3803 33.8605 0.0000
vertex -5.9821 33.9398 0.0000
vertex -5.9821 33.9398 11.7448
endloop
endfacet
facet normal 0.130526 0.991445 -0.000000
outer loop
vertex -5.3803 33.8605 0.0000
vertex -5.9821 33.9398 11.7448
vertex -5.3803 33.8605 11.7448
endloop
endfacet
facet normal 0.000000 0.000000 1.000000
outer loop
vertex -5.9821 31.6147 11.7448
vertex -5.3803 33.8605 11.7448
vertex -5.9821 33.9398 11.7448
endloop
endfacet
facet normal 0.000000 0.000000 -1.000000
outer loop
vertex -5.9821 31.6147 0.0000
vertex -5.9821 33.9398 0.0000
vertex -5.3803 33.8605 0.0000
endloop
endfacet
facet normal -0.130526 0.991445 0.000000
outer loop
vertex -5.9821 33.9398 0.0000
vertex -6.5839 33.8605 0.0000
vertex -6.5839 33.8605 11.7448
endloop
endfacet
facet normal -0.130526 0.991445 0.000000
outer loop
vertex -5.9821 33.9398 0.0000
vertex -6.5839 33.8605 11.7448
vertex -5.9821 33.9398 11.7448
endloop
endfacet
facet normal 0.000000 -0.000000 1.000000
outer loop
vertex -5.9821 31.6147 11.7448
vertex -5.9821 33.9398 11.7448
vertex -6.5839 33.8605 11.7448
endloop
endfacet
facet normal 0.000000 0.000000 -1.000000
outer loop
vertex -5.9821 31.6147 0.0000
vertex -6.5839 33.8605 0.0000
vertex -5.9821 33.9398 0.0000
endloop
endfacet
facet normal -0.382683 0.923880 0.000000
outer loop
vertex -6.5839 33.8605 0.0000
vertex -7.1446 33.6283 0.0000
vertex -7.1446 33.6283 11.7448
endloop
endfacet
facet normal -0.382683 0.923880 0.000000
outer loop
vertex -6.5839 33.8605 0.0000
vertex -7.1446 33.6283 11.7448
vertex -6.5839 33.8605 11.7448
endloop
endfacet
facet normal 0.000000 0.000000 1.000000
outer loop
vertex -5.9821 31.6147 11.7448
vertex -6.5839 33.8605 11.7448
vertex -7.1446 33.6283 11.7448
endloop
endfacet
facet normal 0.000000 0.000000 -1.000000
outer loop
vertex -5.9821 31.6147 0.0000
vertex -7.1446 33.6283 0.0000
vertex -6.5839 33.8605 0.0000
endloop
endfacet
facet normal -0.608761 0.793353 0.000000
outer loop
vertex -7.1446 33.6283 0.0000
vertex -7.6261 33.2588 0.0000
vertex -7.6261 33.2588 11.7448
endloop
endfacet
facet normal -0.608761 0.793353 0.000000
outer loop
vertex -7.1446 33.6283 0.0000
vertex -7.6261 33.2588 11.7448
vertex -7.1446 33.6283 11.7448
endloop
endfacet
facet normal 0.000000 0.000000 1.000000
outer loop
vertex -5.9821 31.6147 11.7448
vertex -7.1446 33.6283 11.7448
vertex -7.6261 33.2588 11.7448
endloop
endfacet
facet normal 0.000000 0.000000 -1.000000
outer loop
vertex -5.9821 31.6147 0.0000
vertex -7.6261 33.2588 0.0000
vertex -7.1446 33.6283 0.0000
endloop
endfacet
facet normal -0.793353 0.608761 0.000000
outer loop
vertex -7.6261 33.2588 0.0000
vertex -7.9956 32.7773 0.0000
vertex -7.9956 32.7773 11.7448
endloop
endfacet
facet normal -0.793353 0.608761 0.000000
outer loop
vertex -7.6261 33.2588 0.0000
vertex -7.9956 32.7773 11.7448
vertex -7.6261 33.2588 11.7448
endloop
endfacet
facet normal 0.000000 0.000000 1.000000
outer loop
vertex -5.9821 31.6147 11.7448
vertex -7.6261 33.2588 11.7448
vertex -7.9956 32.7773 11.7448
endloop
endfacet
facet normal 0.000000 0.000000 -1.000000
outer loop
vertex -5.9821 31.6147 0.0000
vertex -7.9956 32.7773 0.0000
vertex -7.6261 33.2588 0.0000
endloop
endfacet
facet normal -0.923880 0.382683 0.000000
outer loop
vertex -7.9956 32.7773 0.0000
vertex -8.2279 32.2165 0.0000
vertex -8.2279 32.2165 11.7448
endloop
endfacet
facet normal -0.923880 0.382683 0.000000
outer loop
vertex -7.9956 32.7773 0.0000
vertex -8.2279 32.2165 11.7448
vertex -7.9956 32.7773 11.7448
endloop
endfacet
facet normal 0.000000 0.000000 1.000000
outer loop
vertex -5.9821 31.6147 11.7448
vertex -7.9956 32.7773 11.7448
vertex -8.2279 32.2165 11.7448
endloop
endfacet
facet normal 0.000000 0.000000 -1.000000
outer loop
vertex -5.9821 31.6147 0.0000
vertex -8.2279 32.2165 0.0000
vertex -7.9956 32.7773 0.0000
endloop
endfacet
facet normal -0.991445 0.130526 0.000000
outer loop
vertex -8.2279 32.2165 0.0000
vertex -8.3071 31.6147 0.0000
vertex -8.3071 31.6147 11.7448
endloop
endfacet
facet normal -0.991445 0.130526 0.000000
outer loop
vertex -8.2279 32.2165 0.0000
vertex -8.3071 31.6147 11.7448
vertex -8.2279 32.2165 11.7448
endloop
endfacet
facet normal 0.000000 0.000000 1.000000
outer loop
vertex -5.9821 31.6147 11.7448
vertex -8.2279 32.2165 11.7448
vertex -8.3071 31.6147 11.7448
endloop
endfacet
facet normal 0.000000 0.000000 -1.000000
outer loop
vertex -5.9821 31.6147 0.0000
vertex -8.3071 31.6147 0.0000
vertex -8.2279 32.2165 0.0000
endloop
endfacet
facet normal -0.991445 -0.130526 0.000000
outer loop
vertex -8.3071 31.6147 0.0000
vertex -8.2279 31.0130 0.0000
vertex -8.2279 31.0130 11.7448
endloop
endfacet
facet normal -0.991445 -0.130526 0.000000
outer loop
vertex -8.3071 31.6147 0.0000
vertex -8.2279 31.0130 11.7448
vertex -8.3071 31.6147 11.7448
endloop
endfacet
facet normal 0.000000 0.000000 1.000000
outer loop
vertex -5.9821 31.6147 11.7448
vertex -8.3071 31.6147 11.7448
vertex -8.2279 31.0130 11.7448
endloop
endfacet
facet normal -0.000000 0.000000 -1.000000
outer loop
vertex -5.9821 31.6147 0.0000
vertex -8.2279 31.0130 0.0000
vertex -8.3071 31.6147 0.0000
endloop
endfacet
facet normal -0.923880 -0.382683 0.000000
outer loop
vertex -8.2279 31.0130 0.0000
vertex -7.9956 30.4522 0.0000
vertex -7.9956 30.4522 11.7448
endloop
endfacet
facet normal -0.923880 -0.382683 0.000000
outer loop
vertex -8.2279 31.0130 0.0000
vertex -7.9956 30.4522 11.7448
vertex -8.2279 31.0130 11.7448
endloop
endfacet
facet normal 0.000000 0.000000 1.000000
outer loop
vertex -5.9821 31.6147 11.7448
vertex -8.2279 31.0130 11.7448
vertex -7.9956 30.4522 11.7448
endloop
endfacet
facet normal 0.000000 0.000000 -1.000000
outer loop
vertex -5.9821 31.6147 0.0000
vertex -7.9956 30.4522 0.0000
vertex -8.2279 31.0130 0.0000
endloop
endfacet
facet normal -0.793353 -0.608761 0.000000
outer loop
vertex -7.9956 30.4522 0.0000
vertex -7.6261 29.9707 0.0000
vertex -7.6261 29.9707 11.7448
endloop
endfacet
facet normal -0.793353 -0.608761 0.000000
outer loop
vertex -7.9956 30.4522 0.0000
vertex -7.6261 29.9707 11.7448
vertex -7.9956 30.4522 11.7448
endloop
endfacet
facet normal 0.000000 0.000000 1.000000
outer loop
vertex -5.9821 31.6147 11.7448
vertex -7.9956 30.4522 11.7448
vertex -7.6261 29.9707 11.7448
endloop
endfacet
facet normal 0.000000 0.000000 -1.000000
outer loop
vertex -5.9821 31.6147 0.0000
vertex -7.6261 29.9707 0.0000
vertex -7.9956 30.4522 0.0000
endloop
endfacet
facet normal -0.608761 -0.793353 0.000000
outer loop
vertex -7.6261 29.9707 0.0000
vertex -7.1446 29.6012 0.0000
vertex -7.1446 29.6012 11.7448
endloop
endfacet
facet normal -0.608761 -0.793353 0.000000
outer loop
vertex -7.6261 29.9707 0.0000
vertex -7.1446 29.6012 11.7448
vertex -7.6261 29.9707 11.7448
endloop
endfacet
facet normal 0.000000 0.000000 1.000000
outer loop
vertex -5.9821 31.6147 11.7448
vertex -7.6261 29.9707 11.7448
vertex -7.1446 29.6012 11.7448
endloop
endfacet
facet normal 0.000000 0.000000 -1.000000
outer loop
vertex -5.9821 31.6147 0.0000
vertex -7.1446 29.6012 0.0000
vertex -7.6261 29.9707 0.0000
endloop
endfacet
facet normal -0.382683 -0.923880 0.000000
outer loop
vertex -7.1446 29.6012 0.0000
vertex -6.5839 29.3689 0.0000
vertex -6.5839 29.3689 11.7448
endloop
endfacet
facet normal -0.382683 -0.923880 0.000000
outer loop
vertex -7.1446 29.6012 0.0000
vertex -6.5839 29.3689 11.7448
vertex -7.1446 29.6012 11.7448
endloop
endfacet
facet normal 0.000000 0.000000 1.000000
outer loop
vertex -5.9821 31.6147 11.7448
vertex -7.1446 29.6012 11.7448
vertex -6.5839 29.3689 11.7448
endloop
endfacet
facet normal 0.000000 0.000000 -1.000000
outer loop
vertex -5.9821 31.6147 0.0000
vertex -6.5839 29.3689 0.0000
vertex -7.1446 29.6012 0.0000
endloop
endfacet
facet normal -0.130526 -0.991445 0.000000
outer loop
vertex -6.5839 29.3689 0.0000
vertex -5.9821 29.2897 0.0000
vertex -5.9821 29.2897 11.7448
endloop
endfacet
facet normal -0.130526 -0.991445 0.000000
outer loop
vertex -6.5839 29.3689 0.0000
vertex -5.9821 29.2897 11.7448
vertex -6.5839 29.3689 11.7448
endloop
endfacet
facet normal 0.000000 0.000000 1.000000
outer loop
vertex -5.9821 31.6147 11.7448
vertex -6.5839 29.3689 11.7448
vertex -5.9821 29.2897 11.7448
endloop
endfacet
facet normal 0.000000 -0.000000 -1.000000
outer loop
vertex -5.9821 31.6147 0.0000
vertex -5.9821 29.2897 0.0000
vertex -6.5839 29.3689 0.0000
endloop
endfacet
facet normal 0.130526 -0.991445 0.000000
outer loop
vertex -5.9821 29.2897 0.0000
vertex -5.3803 29.3689 0.0000
vertex -5.3803 29.3689 11.7448
endloop
endfacet
facet normal 0.130526 -0.991445 0.000000
outer loop
vertex -5.9821 29.2897 0.0000
vertex -5.3803 29.3689 11.7448
vertex -5.9821 29.2897 11.7448
endloop
endfacet
facet normal 0.000000 0.000000 1.000000
outer loop
vertex -5.9821 31.6147 11.7448
vertex -5.9821 29.2897 11.7448
vertex -5.3803 29.3689 11.7448
endloop
endfacet
facet normal 0.000000 0.000000 -1.000000
outer loop
vertex -5.9821 31.6147 0.0000
vertex -5.3803 29.3689 0.0000
vertex -5.9821 29.2897 0.0000
endloop
endfacet
facet normal 0.382683 -0.923880 0.000000
outer loop
vertex -5.3803 29.3689 0.0000
vertex -4.8196 29.6012 0.0000
vertex -4.8196 29.6012 11.7448
endloop
endfacet
facet normal 0.382683 -0.923880 0.000000
outer loop
vertex -5.3803 29.3689 0.0000
vertex -4.8196 29.6012 11.7448
vertex -5.3803 29.3689 11.7448
endloop
endfacet
facet normal 0.000000 0.000000 1.000000
outer loop
vertex -5.9821 31.6147 11.7448
vertex -5.3803 29.3689 11.7448
vertex -4.8196 29.6012 11.7448
endloop
endfacet
facet normal 0.000000 0.000000 -1.000000
outer loop
vertex -5.9821 31.6147 0.0000
vertex -4.8196 29.6012 0.0000
vertex -5.3803 29.3689 0.0000
endloop
endfacet
facet normal 0.608761 -0.793353 0.000000
outer loop
vertex -4.8196 29.6012 0.0000
vertex -4.3381 29.9707 0.0000
vertex -4.3381 29.9707 11.7448
endloop
endfacet
facet normal 0.608761 -0.793353 0.000000
outer loop
vertex -4.8196 29.6012 0.0000
vertex -4.3381 29.9707 11.7448
vertex -4.8196 29.6012 11.7448
endloop
endfacet
facet normal 0.000000 0.000000 1.000000
outer loop
vertex -5.9821 31.6147 11.7448
vertex -4.8196 29.6012 11.7448
vertex -4.3381 29.9707 11.7448
endloop
endfacet
facet normal 0.000000 0.000000 -1.000000
outer loop
vertex -5.9821 31.6147 0.0000
vertex -4.3381 29.9707 0.0000
vertex -4.8196 29.6012 0.0000
endloop
endfacet
facet normal 0.793353 -0.608761 0.000000
outer loop
vertex -4.3381 29.9707 0.0000
vertex -3.9686 30.4522 0.0000
vertex -3.9686 30.4522 11.7448
endloop
endfacet
facet normal 0.793353 -0.608761 0.000000
outer loop
vertex -4.3381 29.9707 0.0000
vertex -3.9686 30.4522 11.7448
vertex -4.3381 29.9707 11.7448
endloop
endfacet
facet normal 0.000000 0.000000 1.000000
outer loop
vertex -5.9821 31.6147 11.7448
vertex -4.3381 29.9707 11.7448
vertex -3.9686 30.4522 11.7448
endloop
endfacet
facet normal 0.000000 0.000000 -1.000000
outer loop
vertex -5.9821 31.6147 0.0000
vertex -3.9686 30.4522 0.0000
vertex -4.3381 29.9707 0.0000
endloop
endfacet
facet normal 0.923880 -0.382683 0.000000
outer loop
vertex -3.9686 30.4522 0.0000
vertex -3.7363 31.0130 0.0000
vertex -3.7363 31.0130 11.7448
endloop
endfacet
facet normal 0.923880 -0.382683 0.000000
outer loop
vertex -3.9686 30.4522 0.0000
vertex -3.7363 31.0130 11.7448
vertex -3.9686 30.4522 11.7448
endloop
endfacet
facet normal 0.000000 0.000000 1.000000
outer loop
vertex -5.9821 31.6147 11.7448
vertex -3.9686 30.4522 11.7448
vertex -3.7363 31.0130 11.7448
endloop
endfacet
facet normal 0.000000 0.000000 -1.000000
outer loop
vertex -5.9821 31.6147 0.0000
vertex -3.7363 31.0130 0.0000
vertex -3.9686 30.4522 0.0000
endloop
endfacet
facet normal 0.991445 -0.130526 0.000000
outer loop
vertex -3.7363 31.0130 0.0000
vertex -3.6571 31.6147 0.0000
vertex -3.6571 31.6147 11.7448
endloop
endfacet
facet normal 0.991445 -0.130526 0.000000
outer loop
vertex -3.7363 31.0130 0.0000
vertex -3.6571 31.6147 11.7448
vertex -3.7363 31.0130 11.7448
endloop
endfacet
facet normal -0.000000 0.000000 1.000000
outer loop
vertex -5.9821 31.6147 11.7448
vertex -3.7363 31.0130 11.7448
vertex -3.6571 31.6147 11.7448
endloop
endfacet
facet normal 0.000000 0.000000 -1.000000
outer loop
vertex -5.9821 31.6147 0.0000
vertex -3.6571 31.6147 0.0000
vertex -3.7363 31.0130 0.0000
endloop
endfacet
facet normal 0.991445 0.130526 0.000000
outer loop
vertex -5.4705 -12.2053 0.0000
vertex -5.5343 -11.7206 0.0000
vertex -5.5343 -11.7206 9.5351
endloop
endfacet
facet normal 0.991445 0.130526 -0.000000
outer loop
vertex -5.4705 -12.2053 0.0000
vertex -5.5343 -11.7206 9.5351
vertex -5.4705 -12.2053 9.5351
endloop
endfacet
facet normal 0.000000 0.000000 1.000000
outer loop
vertex -7.3432 -12.2053 9.5351
vertex -5.4705 -12.2053 9.5351
vertex -5.5343 -11.7206 9.5351
endloop
endfacet
facet normal 0.000000 0.000000 -1.000000
outer loop
vertex -7.3432 -12.2053 0.0000
vertex -5.5343 -11.7206 0.0000
vertex -5.4705 -12.2053 0.0000
endloop
endfacet
facet normal 0.923880 0.382683 0.000000
outer loop
vertex -5.5343 -11.7206 0.0000
vertex -5.7214 -11.2690 0.0000
vertex -5.7214 -11.2690 9.5351
endloop
endfacet
facet normal 0.923880 0.382683 -0.000000
outer loop
vertex -5.5343 -11.7206 0.0000
vertex -5.7214 -11.2690 9.5351
vertex -5.5343 -11.7206 9.5351
endloop
endfacet
facet normal 0.000000 0.000000 1.000000
outer loop
vertex -7.3432 -12.2053 9.5351
vertex -5.5343 -11.7206 9.5351
vertex -5.7214 -11.2690 9.5351
endloop
endfacet
facet normal 0.000000 0.000000 -1.000000
outer loop
vertex -7.3432 -12.2053 0.0000
vertex -5.7214 -11.2690 0.0000
vertex -5.5343 -11.7206 0.0000
endloop
endfacet
facet normal 0.793353 0.608761 0.000000
outer loop
vertex -5.7214 -11.2690 0.0000
vertex -6.0190 -10.8811 0.0000
vertex -6.0190 -10.8811 9.5351
endloop
endfacet
facet normal 0.793353 0.608761 -0.000000
outer loop
vertex -5.7214 -11.2690 0.0000
vertex -6.0190 -10.8811 9.5351
vertex -5.7214 -11.2690 9.5351
endloop
endfacet
facet normal 0.000000 0.000000 1.000000
outer loop
vertex -7.3432 -12.2053 9.5351
vertex -5.7214 -11.2690 9.5351
vertex -6.0190 -10.8811 9.5351
endloop
endfacet
facet normal 0.000000 0.000000 -1.000000
outer loop
vertex -7.3432 -12.2053 0.0000
vertex -6.0190 -10.8811 0.0000
vertex -5.7214 -11.2690 0.0000
endloop
endfacet
facet normal 0.608761 0.793353 0.000000
outer loop
vertex -6.0190 -10.8811 0.0000
vertex -6.4068 -10.5835 0.0000
vertex -6.4068 -10.5835 9.5351
endloop
endfacet
facet normal 0.608761 0.793353 -0.000000
outer loop
vertex -6.0190 -10.8811 0.0000
vertex -6.4068 -10.5835 9.5351
vertex -6.0190 -10.8811 9.5351
endloop
endfacet
facet normal 0.000000 0.000000 1.000000
outer loop
vertex -7.3432 -12.2053 9.5351
vertex -6.0190 -10.8811 9.5351
vertex -6.4068 -10.5835 9.5351
endloop
endfacet
facet normal 0.000000 0.000000 -1.000000
outer loop
vertex -7.3432 -12.2053 0.0000
vertex -6.4068 -10.5835 0.0000
vertex -6.0190 -10.8811 0.0000
endloop
endfacet
facet normal 0.382683 0.923880 0.000000
outer loop
vertex -6.4068 -10.5835 0.0000
vertex -6.8585 -10.3964 0.0000
vertex -6.8585 -10.3964 9.5351
endloop
endfacet
facet normal 0.382683 0.923880 -0.000000
outer loop
vertex -6.4068 -10.5835 0.0000
vertex -6.8585 -10.3964 9.5351
vertex -6.4068 -10.5835 9.5351
endloop
endfacet
facet normal 0.000000 0.000000 1.000000
outer loop
vertex -7.3432 -12.2053 9.5351
vertex -6.4068 -10.5835 9.5351
vertex -6.8585 -10.3964 9.5351
endloop
endfacet
facet normal 0.000000 0.000000 -1.000000
outer loop
vertex -7.3432 -12.2053 0.0000
vertex -6.8585 -10.3964 0.0000
vertex -6.4068 -10.5835 0.0000
endloop
endfacet
facet normal 0.130526 0.991445 0.000000
outer loop
vertex -6.8585 -10.3964 0.0000
vertex -7.3432 -10.3326 0.0000
vertex -7.3432 -10.3326 9.5351
endloop
endfacet
facet normal 0.130526 0.991445 -0.000000
outer loop
vertex -6.8585 -10.3964 0.0000
vertex -7.3432 -10.3326 9.5351
vertex -6.8585 -10.3964 9.5351
endloop
endfacet
facet normal 0.000000 0.000000 1.000000
outer loop
vertex -7.3432 -12.2053 9.5351
vertex -6.8585 -10.3964 9.5351
vertex -7.3432 -10.3326 9.5351
endloop
endfacet
facet normal 0.000000 0.000000 -1.000000
outer loop
vertex -7.3432 -12.2053 0.0000
vertex -7.3432 -10.3326 0.0000
vertex -6.8585 -10.3964 0.0000
endloop
endfacet
facet normal -0.130526 0.991445 0.000000
outer loop
vertex -7.3432 -10.3326 0.0000
vertex -7.8278 -10.3964 0.0000
vertex -7.8278 -10.3964 9.5351
endloop
endfacet
facet normal -0.130526 0.991445 0.000000
outer loop
vertex -7.3432 -10.3326 0.0000
vertex -7.8278 -10.3964 9.5351
vertex -7.3432 -10.3326 9.5351
endloop
endfacet
facet normal 0.000000 -0.000000 1.000000
outer loop
vertex -7.3432 -12.2053 9.5351
vertex -7.3432 -10.3326 9.5351
vertex -7.8278 -10.3964 9.5351
endloop
endfacet
facet normal 0.000000 0.000000 -1.000000
outer loop
vertex -7.3432 -12.2053 0.0000
vertex -7.8278 -10.3964 0.0000
vertex -7.3432 -10.3326 0.0000
endloop
endfacet
facet normal -0.382683 0.923880 0.000000
outer loop
vertex -7.8278 -10.3964 0.0000
vertex -8.2795 -10.5835 0.0000
vertex -8.2795 -10.5835 9.5351
endloop
endfacet
facet normal -0.382683 0.923880 0.000000
outer loop
vertex -7.8278 -10.3964 0.0000
vertex -8.2795 -10.5835 9.5351
vertex -7.8278 -10.3964 9.5351
endloop
endfacet
facet normal 0.000000 0.000000 1.000000
outer loop
vertex -7.3432 -12.2053 9.5351
vertex -7.8278 -10.3964 9.5351
vertex -8.2795 -10.5835 9.5351
endloop
endfacet
facet normal 0.000000 0.000000 -1.000000
outer loop
vertex -7.3432 -12.2053 0.0000
vertex -8.2795 -10.5835 0.0000
vertex -7.8278 -10.3964 0.0000
endloop
endfacet
facet normal -0.608761 0.793353 0.000000
outer loop
vertex -8.2795 -10.5835 0.0000
vertex -8.6673 -10.8811 0.0000
vertex -8.6673 -10.8811 9.5351
endloop
endfacet
facet normal -0.608761 0.793353 0.000000
outer loop
vertex -8.2795 -10.5835 0.0000
vertex -8.6673 -10.8811 9.5351
vertex -8.2795 -10.5835 9.5351
endloop
endfacet
facet normal 0.000000 0.000000 1.000000
outer loop
vertex -7.3432 -12.2053 9.5351
vertex -8.2795 -10.5835 9.5351
vertex -8.6673 -10.8811 9.5351
endloop
endfacet
facet normal 0.000000 0.000000 -1.000000
outer loop
vertex -7.3432 -12.2053 0.0000
vertex -8.6673 -10.8811 0.0000
vertex -8.2795 -10.5835 0.0000
endloop
endfacet
facet normal -0.793353 0.608761 0.000000
outer loop
vertex -8.6673 -10.8811 0.0000
vertex -8.9649 -11.2690 0.0000
vertex -8.9649 -11.2690 9.5351
endloop
endfacet
facet normal -0.793353 0.608761 0.000000
outer loop
vertex -8.6673 -10.8811 0.0000
vertex -8.9649 -11.2690 9.5351
vertex -8.6673 -10.8811 9.5351
endloop
endfacet
facet normal 0.000000 0.000000 1.000000
outer loop
vertex -7.3432 -12.2053 9.5351
vertex -8.6673 -10.8811 9.5351
vertex -8.9649 -11.2690 9.5351
endloop
endfacet
facet normal 0.000000 0.000000 -1.000000
outer loop
vertex -7.3432 -12.2053 0.0000
vertex -8.9649 -11.2690 0.0000
vertex -8.6673 -10.8811 0.0000
endloop
endfacet
facet normal -0.923880 0.382683 0.000000
outer loop
vertex -8.9649 -11.2690 0.0000
vertex -9.1520 -11.7206 0.0000
vertex -9.1520 -11.7206 9.5351
endloop
endfacet
facet normal -0.923880 0.382683 0.000000
outer loop
vertex -8.9649 -11.2690 0.0000
vertex -9.1520 -11.7206 9.5351
vertex -8.9649 -11.2690 9.5351
endloop
endfacet
facet normal 0.000000 0.000000 1.000000
outer loop
vertex -7.3432 -12.2053 9.5351
vertex -8.9649 -11.2690 9.5351
vertex -9.1520 -11.7206 9.5351
endloop
endfacet
facet normal 0.000000 0.000000 -1.000000
outer loop
vertex -7.3432 -12.2053 0.0000
vertex -9.1520 -11.7206 0.0000
vertex -8.9649 -11.2690 0.0000
endloop
endfacet
facet normal -0.991445 0.130526 0.000000
outer loop
vertex -9.1520 -11.7206 0.0000
vertex -9.2158 -12.2053 0.0000
vertex -9.2158 -12.2053 9.5351
endloop
endfacet
facet normal -0.991445 0.130526 0.000000
outer loop
vertex -9.1520 -11.7206 0.0000
vertex -9.2158 -12.2053 9.5351
vertex -9.1520 -11.7206 9.5351
endloop
endfacet
facet normal 0.000000 0.000000 1.000000
outer loop
vertex -7.3432 -12.2053 9.5351
vertex -9.1520 -11.7206 9.5351
vertex -9.2158 -12.2053 9.5351
endloop
endfacet
facet normal 0.000000 0.000000 -1.000000
outer loop
vertex -7.3432 -12.2053 0.0000
vertex -9.2158 -12.2053 0.0000
vertex -9.1520 -11.7206 0.0000
endloop
endfacet
facet normal -0.991445 -0.130526 0.000000
outer loop
vertex -9.2158 -12.2053 0.0000
vertex -9.1520 -12.6900 0.0000
vertex -9.1520 -12.6900 9.5351
endloop
endfacet
facet normal -0.991445 -0.130526 0.000000
outer loop
vertex -9.2158 -12.2053 0.0000
vertex -9.1520 -12.6900 9.5351
vertex -9.2158 -12.2053 9.5351
endloop
endfacet
facet normal 0.000000 0.000000 1.000000
outer loop
vertex -7.3432 -12.2053 9.5351
vertex -9.2158 -12.2053 9.5351
vertex -9.1520 -12.6900 9.5351
endloop
endfacet
facet normal -0.000000 0.000000 -1.000000
outer loop
vertex -7.3432 -12.2053 0.0000
vertex -9.1520 -12.6900 0.0000
vertex -9.2158 -12.2053 0.0000
endloop
endfacet
facet normal -0.923880 -0.382683 0.000000
outer loop
vertex -9.1520 -12.6900 0.0000
vertex -8.9649 -13.1416 0.0000
vertex -8.9649 -13.1416 9.5351
endloop
endfacet
facet normal -0.923880 -0.382683 0.000000
outer loop
vertex -9.1520 -12.6900 0.0000
vertex -8.9649 -13.1416 9.5351
vertex -9.1520 -12.6900 9.5351
endloop
endfacet
facet normal 0.000000 0.000000 1.000000
outer loop
vertex -7.3432 -12.2053 9.5351
vertex -9.1520 -12.6900 9.5351
vertex -8.9649 -13.1416 9.5351
endloop
endfacet
facet normal 0.000000 0.000000 -1.000000
outer loop
vertex -7.3432 -12.2053 0.0000
vertex -8.9649 -13.1416 0.0000
vertex -9.1520 -12.6900 0.0000
endloop
endfacet
facet normal -0.793353 -0.608761 0.000000
outer loop
vertex -8.9649 -13.1416 0.0000
vertex -8.6673 -13.5294 0.0000
vertex -8.6673 -13.5294 9.5351
endloop
endfacet
facet normal -0.793353 -0.608761 0.000000
outer loop
vertex -8.9649 -13.1416 0.0000
vertex -8.6673 -13.5294 9.5351
vertex -8.9649 -13.1416 9.5351
endloop
endfacet
facet normal 0.000000 0.000000 1.000000
outer loop
vertex -7.3432 -12.2053 9.5351
vertex -8.9649 -13.1416 9.5351
vertex -8.6673 -13.5294 9.5351
endloop
endfacet
facet normal 0.000000 0.000000 -1.000000
outer loop
vertex -7.3432 -12.2053 0.0000
vertex -8.6673 -13.5294 0.0000
vertex -8.9649 -13.1416 0.0000
endloop
endfacet
facet normal -0.608761 -0.793353 0.000000
outer loop
vertex -8.6673 -13.5294 0.0000
vertex -8.2795 -13.8270 0.0000
vertex -8.2795 -13.8270 9.5351
endloop
endfacet
facet normal -0.608761 -0.793353 0.000000
outer loop
vertex -8.6673 -13.5294 0.0000
vertex -8.2795 -13.8270 9.5351
vertex -8.6673 -13.5294 9.5351
endloop
endfacet
facet normal 0.000000 0.000000 1.000000
outer loop
vertex -7.3432 -12.2053 9.5351
vertex -8.6673 -13.5294 9.5351
vertex -8.2795 -13.8270 9.5351
endloop
endfacet
facet normal 0.000000 0.000000 -1.000000
outer loop
vertex -7.3432 -12.2053 0.0000
vertex -8.2795 -13.8270 0.0000
vertex -8.6673 -13.5294 0.0000
endloop
endfacet
facet normal -0.382683 -0.923880 0.000000
outer loop
vertex -8.2795 -13.8270 0.0000
vertex -7.8278 -14.0141 0.0000
vertex -7.8278 -14.0141 9.5351
endloop
endfacet
facet normal -0.382683 -0.923880 0.000000
outer loop
vertex -8.2795 -13.8270 0.0000
vertex -7.8278 -14.0141 9.5351
vertex -8.2795 -13.8270 9.5351
endloop
endfacet
facet normal 0.000000 0.000000 1.000000
outer loop
vertex -7.3432 -12.2053 9.5351
vertex -8.2795 -13.8270 9.5351
vertex -7.8278 -14.0141 9.5351
endloop
endfacet
facet normal 0.000000 0.000000 -1.000000
outer loop
vertex -7.3432 -12.2053 0.0000
vertex -7.8278 -14.0141 0.0000
vertex -8.2795 -13.8270 0.0000
endloop
endfacet
facet normal -0.130526 -0.991445 0.000000
outer loop
vertex -7.8278 -14.0141 0.0000
vertex -7.3432 -14.0779 0.0000
vertex -7.3432 -14.0779 9.5351
endloop
endfacet
facet normal -0.130526 -0.991445 0.000000
outer loop
vertex -7.8278 -14.0141 0.0000
vertex -7.3432 -14.0779 9.5351
vertex -7.8278 -14.0141 9.5351
endloop
endfacet
facet normal 0.000000 0.000000 1.000000
outer loop
vertex -7.3432 -12.2053 9.5351
vertex -7.8278 -14.0141 9.5351
vertex -7.3432 -14.0779 9.5351
endloop
endfacet
facet normal 0.000000 -0.000000 -1.000000
outer loop
vertex -7.3432 -12.2053 0.0000
vertex -7.3432 -14.0779 0.0000
vertex -7.8278 -14.0141 0.0000
endloop
endfacet
facet normal 0.130526 -0.991445 0.000000
outer loop
vertex -7.3432 -14.0779 0.0000
vertex -6.8585 -14.0141 0.0000
vertex -6.8585 -14.0141 9.5351
endloop
endfacet
facet normal 0.130526 -0.991445 0.000000
outer loop
vertex -7.3432 -14.0779 0.0000
vertex -6.8585 -14.0141 9.5351
vertex -7.3432 -14.0779 9.5351
endloop
endfacet
facet normal 0.000000 0.000000 1.000000
outer loop
vertex -7.3432 -12.2053 9.5351
vertex -7.3432 -14.0779 9.5351
vertex -6.8585 -14.0141 9.5351
endloop
endfacet
facet normal 0.000000 0.000000 -1.000000
outer loop
vertex -7.3432 -12.2053 0.0000
vertex -6.8585 -14.0141 0.0000
vertex -7.3432 -14.0779 0.0000
endloop
endfacet
facet normal 0.382683 -0.923880 0.000000
outer loop
vertex -6.8585 -14.0141 0.0000
vertex -6.4068 -13.8270 0.0000
vertex -6.4068 -13.8270 9.5351
endloop
endfacet
facet normal 0.382683 -0.923880 0.000000
outer loop
vertex -6.8585 -14.0141 0.0000
vertex -6.4068 -13.8270 9.5351
vertex -6.8585 -14.0141 9.5351
endloop
endfacet
facet normal 0.000000 0.000000 1.000000
outer loop
vertex -7.3432 -12.2053 9.5351
vertex -6.8585 -14.0141 9.5351
vertex -6.4068 -13.8270 9.5351
endloop
endfacet
facet normal 0.000000 0.000000 -1.000000
outer loop
vertex -7.3432 -12.2053 0.0000
vertex -6.4068 -13.8270 0.0000
vertex -6.8585 -14.0141 0.0000
endloop
endfacet
facet normal 0.608761 -0.793353 0.000000
outer loop
vertex -6.4068 -13.8270 0.0000
vertex -6.0190 -13.5294 0.0000
vertex -6.0190 -13.5294 9.5351
endloop
endfacet
facet normal 0.608761 -0.793353 0.000000
outer loop
vertex -6.4068 -13.8270 0.0000
vertex -6.0190 -13.5294 9.5351
vertex -6.4068 -13.8270 9.5351
endloop
endfacet
facet normal 0.000000 0.000000 1.000000
outer loop
vertex -7.3432 -12.2053 9.5351
vertex -6.4068 -13.8270 9.5351
vertex -6.0190 -13.5294 9.5351
endloop
endfacet
facet normal 0.000000 0.000000 -1.000000
outer loop
vertex -7.3432 -12.2053 0.0000
vertex -6.0190 -13.5294 0.0000
vertex -6.4068 -13.8270 0.0000
endloop
endfacet
facet normal 0.793353 -0.608761 0.000000
outer loop
vertex -6.0190 -13.5294 0.0000
vertex -5.7214 -13.1416 0.0000
vertex -5.7214 -13.1416 9.5351
endloop
endfacet
facet normal 0.793353 -0.608761 0.000000
outer loop
vertex -6.0190 -13.5294 0.0000
vertex -5.7214 -13.1416 9.5351
vertex -6.0190 -13.5294 9.5351
endloop
endfacet
facet normal 0.000000 0.000000 1.000000
outer loop
vertex -7.3432 -12.2053 9.5351
vertex -6.0190 -13.5294 9.5351
vertex -5.7214 -13.1416 9.5351
endloop
endfacet
facet normal 0.000000 0.000000 -1.000000
outer loop
vertex -7.3432 -12.2053 0.0000
vertex -5.7214 -13.1416 0.0000
vertex -6.0190 -13.5294 0.0000
endloop
endfacet
facet normal 0.923880 -0.382683 0.000000
outer loop
vertex -5.7214 -13.1416 0.0000
vertex -5.5343 -12.6900 0.0000
vertex -5.5343 -12.6900 9.5351
endloop
endfacet
facet normal 0.923880 -0.382683 0.000000
outer loop
vertex -5.7214 -13.1416 0.0000
vertex -5.5343 -12.6900 9.5351
vertex -5.7214 -13.1416 9.5351
endloop
endfacet
facet normal 0.000000 0.000000 1.000000
outer loop
vertex -7.3432 -12.2053 9.5351
vertex -5.7214 -13.1416 9.5351
vertex -5.5343 -12.6900 9.5351
endloop
endfacet
facet normal 0.000000 0.000000 -1.000000
outer loop
vertex -7.3432 -12.2053 0.0000
vertex -5.5343 -12.6900 0.0000
vertex -5.7214 -13.1416 0.0000
endloop
endfacet
facet normal 0.991445 -0.130526 0.000000
outer loop
vertex -5.5343 -12.6900 0.0000
vertex -5.4705 -12.2053 0.0000
vertex -5.4705 -12.2053 9.5351
endloop
endfacet
facet normal 0.991445 -0.130526 0.000000
outer loop
vertex -5.5343 -12.6900 0.0000
vertex -5.4705 -12.2053 9.5351
vertex -5.5343 -12.6900 9.5351
endloop
endfacet
facet normal -0.000000 0.000000 1.000000
outer loop
vertex -7.3432 -12.2053 9.5351
vertex -5.5343 -12.6900 9.5351
vertex -5.4705 -12.2053 9.5351
endloop
endfacet
facet normal 0.000000 0.000000 -1.000000
outer loop
vertex -7.3432 -12.2053 0.0000
vertex -5.4705 -12.2053 0.0000
vertex -5.5343 -12.6900 0.0000
endloop
endfacet
facet normal 0.986752 0.129908 0.097187
outer loop
vertex 9.4328 34.7990 0.0000
vertex 9.3181 35.6705 0.0000
vertex 9.2556 35.6538 0.6569
endloop
endfacet
facet normal 0.986752 0.129908 0.097187
outer loop
vertex 9.4328 34.7990 0.0000
vertex 9.2556 35.6538 0.6569
vertex 9.3681 34.7990 0.6569
endloop
endfacet
facet normal 0.919506 0.380872 0.097187
outer loop
vertex 9.3181 35.6705 0.0000
vertex 8.9817 36.4827 0.0000
vertex 8.9257 36.4503 0.6569
endloop
endfacet
facet normal 0.919506 0.380872 0.097187
outer loop
vertex 9.3181 35.6705 0.0000
vertex 8.9257 36.4503 0.6569
vertex 9.2556 35.6538 0.6569
endloop
endfacet
facet normal 0.789598 0.605880 0.097187
outer loop
vertex 8.9817 36.4827 0.0000
vertex 8.4466 37.1801 0.0000
vertex 8.4008 37.1343 0.6569
endloop
endfacet
facet normal 0.789598 0.605880 0.097187
outer loop
vertex 8.9817 36.4827 0.0000
vertex 8.4008 37.1343 0.6569
vertex 8.9257 36.4503 0.6569
endloop
endfacet
facet normal 0.605880 0.789598 0.097187
outer loop
vertex 8.4466 37.1801 0.0000
vertex 7.7492 37.7152 0.0000
vertex 7.7168 37.6591 0.6569
endloop
endfacet
facet normal 0.605880 0.789598 0.097187
outer loop
vertex 8.4466 37.1801 0.0000
vertex 7.7168 37.6591 0.6569
vertex 8.4008 37.1343 0.6569
endloop
endfacet
facet normal 0.380872 0.919506 0.097187
outer loop
vertex 7.7492 37.7152 0.0000
vertex 6.9371 38.0516 0.0000
vertex 6.9203 37.9891 0.6569
endloop
endfacet
facet normal 0.380872 0.919506 0.097187
outer loop
vertex 7.7492 37.7152 0.0000
vertex 6.9203 37.9891 0.6569
vertex 7.7168 37.6591 0.6569
endloop
endfacet
facet normal 0.129908 0.986752 0.097187
outer loop
vertex 6.9371 38.0516 0.0000
vertex 6.0656 38.1663 0.0000
vertex 6.0656 38.1016 0.6569
endloop
endfacet
facet normal 0.129908 0.986752 0.097187
outer loop
vertex 6.9371 38.0516 0.0000
vertex 6.0656 38.1016 0.6569
vertex 6.9203 37.9891 0.6569
endloop
endfacet
facet normal -0.129908 0.986752 0.097187
outer loop
vertex 6.0656 38.1663 0.0000
vertex 5.1940 38.0516 0.0000
vertex 5.2108 37.9891 0.6569
endloop
endfacet
facet normal -0.129908 0.986752 0.097187
outer loop
vertex 6.0656 38.1663 0.0000
vertex 5.2108 37.9891 0.6569
vertex 6.0656 38.1016 0.6569
endloop
endfacet
facet normal -0.380872 0.919506 0.097187
outer loop
vertex 5.1940 38.0516 0.0000
vertex 4.3819 37.7152 0.0000
vertex 4.4143 37.6591 0.6569
endloop
endfacet
facet normal -0.380872 0.919506 0.097187
outer loop
vertex 5.1940 38.0516 0.0000
vertex 4.4143 37.6591 0.6569
vertex 5.2108 37.9891 0.6569
endloop
endfacet
facet normal -0.605880 0.789598 0.097187
outer loop
vertex 4.3819 37.7152 0.0000
vertex 3.6845 37.1801 0.0000
vertex 3.7303 37.1343 0.6569
endloop
endfacet
facet normal -0.605880 0.789598 0.097187
outer loop
vertex 4.3819 37.7152 0.0000
vertex 3.7303 37.1343 0.6569
vertex 4.4143 37.6591 0.6569
endloop
endfacet
facet normal -0.789598 0.605880 0.097187
outer loop
vertex 3.6845 37.1801 0.0000
vertex 3.1494 36.4827 0.0000
vertex 3.2054 36.4503 0.6569
endloop
endfacet
facet normal -0.789598 0.605880 0.097187
outer loop
vertex 3.6845 37.1801 0.0000
vertex 3.2054 36.4503 0.6569
vertex 3.7303 37.1343 0.6569
endloop
endfacet
facet normal -0.919506 0.380872 0.097187
outer loop
vertex 3.1494 36.4827 0.0000
vertex 2.8130 35.6705 0.0000
vertex 2.8755 35.6538 0.6569
endloop
endfacet
facet normal -0.919506 0.380872 0.097187
outer loop
vertex 3.1494 36.4827 0.0000
vertex 2.8755 35.6538 0.6569
vertex 3.2054 36.4503 0.6569
endloop
endfacet
facet normal -0.986752 0.129908 0.097187
outer loop
vertex 2.8130 35.6705 0.0000
vertex 2.6983 34.7990 0.0000
vertex 2.7630 34.7990 0.6569
endloop
endfacet
facet normal -0.986752 0.129908 0.097187
outer loop
vertex 2.8130 35.6705 0.0000
vertex 2.7630 34.7990 0.6569
vertex 2.8755 35.6538 0.6569
endloop
endfacet
facet normal -0.986752 -0.129908 0.097187
outer loop
vertex 2.6983 34.7990 0.0000
vertex 2.8130 33.9275 0.0000
vertex 2.8755 33.9443 0.6569
endloop
endfacet
facet normal -0.986752 -0.129908 0.097187
outer loop
vertex 2.6983 34.7990 0.0000
vertex 2.8755 33.9443 0.6569
vertex 2.7630 34.7990 0.6569
endloop
endfacet
facet normal -0.919506 -0.380872 0.097187
outer loop
vertex 2.8130 33.9275 0.0000
vertex 3.1494 33.1154 0.0000
vertex 3.2054 33.1477 0.6569
endloop
endfacet
facet normal -0.919506 -0.380872 0.097187
outer loop
vertex 2.8130 33.9275 0.0000
vertex 3.2054 33.1477 0.6569
vertex 2.8755 33.9443 0.6569
endloop
endfacet
facet normal -0.789598 -0.605880 0.097187
outer loop
vertex 3.1494 33.1154 0.0000
vertex 3.6845 32.4180 0.0000
vertex 3.7303 32.4638 0.6569
endloop
endfacet
facet normal -0.789598 -0.605880 0.097187
outer loop
vertex 3.1494 33.1154 0.0000
vertex 3.7303 32.4638 0.6569
vertex 3.2054 33.1477 0.6569
endloop
endfacet
facet normal -0.605880 -0.789598 0.097187
outer loop
vertex 3.6845 32.4180 0.0000
vertex 4.3819 31.8829 0.0000
vertex 4.4143 31.9389 0.6569
endloop
endfacet
facet normal -0.605880 -0.789598 0.097187
outer loop
vertex 3.6845 32.4180 0.0000
vertex 4.4143 31.9389 0.6569
vertex 3.7303 32.4638 0.6569
endloop
endfacet
facet normal -0.380872 -0.919506 0.097187
outer loop
vertex 4.3819 31.8829 0.0000
vertex 5.1940 31.5465 0.0000
vertex 5.2108 31.6090 0.6569
endloop
endfacet
facet normal -0.380872 -0.919506 0.097187
outer loop
vertex 4.3819 31.8829 0.0000
vertex 5.2108 31.6090 0.6569
vertex 4.4143 31.9389 0.6569
endloop
endfacet
facet normal -0.129908 -0.986752 0.097187
outer loop
vertex 5.1940 31.5465 0.0000
vertex 6.0656 31.4317 0.0000
vertex 6.0656 31.4964 0.6569
endloop
endfacet
facet normal -0.129908 -0.986752 0.097187
outer loop
vertex 5.1940 31.5465 0.0000
vertex 6.0656 31.4964 0.6569
vertex 5.2108 31.6090 0.6569
endloop
endfacet
facet normal 0.129908 -0.986752 0.097187
outer loop
vertex 6.0656 31.4317 0.0000
vertex 6.9371 31.5465 0.0000
vertex 6.9203 31.6090 0.6569
endloop
endfacet
facet normal 0.129908 -0.986752 0.097187
outer loop
vertex 6.0656 31.4317 0.0000
vertex 6.9203 31.6090 0.6569
vertex 6.0656 31.4964 0.6569
endloop
endfacet
facet normal 0.380872 -0.919506 0.097187
outer loop
vertex 6.9371 31.5465 0.0000
vertex 7.7492 31.8829 0.0000
vertex 7.7168 31.9389 0.6569
endloop
endfacet
facet normal 0.380872 -0.919506 0.097187
outer loop
vertex 6.9371 31.5465 0.0000
vertex 7.7168 31.9389 0.6569
vertex 6.9203 31.6090 0.6569
endloop
endfacet
facet normal 0.605880 -0.789598 0.097187
outer loop
vertex 7.7492 31.8829 0.0000
vertex 8.4466 32.4180 0.0000
vertex 8.4008 32.4638 0.6569
endloop
endfacet
facet normal 0.605880 -0.789598 0.097187
outer loop
vertex 7.7492 31.8829 0.0000
vertex 8.4008 32.4638 0.6569
vertex 7.7168 31.9389 0.6569
endloop
endfacet
facet normal 0.789598 -0.605880 0.097187
outer loop
vertex 8.4466 32.4180 0.0000
vertex 8.9817 33.1154 0.0000
vertex 8.9257 33.1477 0.6569
endloop
endfacet
facet normal 0.789598 -0.605880 0.097187
outer loop
vertex 8.4466 32.4180 0.0000
vertex 8.9257 33.1477 0.6569
vertex 8.4008 32.4638 0.6569
endloop
endfacet
facet normal 0.919506 -0.380872 0.097187
outer loop
vertex 8.9817 33.1154 0.0000
vertex 9.3181 33.9275 0.0000
vertex 9.2556 33.9443 0.6569
endloop
endfacet
facet normal 0.919506 -0.380872 0.097187
outer loop
vertex 8.9817 33.1154 0.0000
vertex 9.2556 33.9443 0.6569
vertex 8.9257 33.1477 0.6569
endloop
endfacet
facet normal 0.986752 -0.129908 0.097187
outer loop
vertex 9.3181 33.9275 0.0000
vertex 9.4328 34.7990 0.0000
vertex 9.3681 34.7990 0.6569
endloop
endfacet
facet normal 0.986752 -0.129908 0.097187
outer loop
vertex 9.3181 33.9275 0.0000
vertex 9.3681 34.7990 0.6569
vertex 9.2556 33.9443 0.6569
endloop
endfacet
facet normal 0.949435 0.124996 0.288008
outer loop
vertex 9.3681 34.7990 0.6569
vertex 9.2556 35.6538 0.6569
vertex 9.0705 35.6042 1.2886
endloop
endfacet
facet normal 0.949435 0.124996 0.288008
outer loop
vertex 9.3681 34.7990 0.6569
vertex 9.0705 35.6042 1.2886
vertex 9.1765 34.7990 1.2886
endloop
endfacet
facet normal 0.884733 0.366468 0.288008
outer loop
vertex 9.2556 35.6538 0.6569
vertex 8.9257 36.4503 0.6569
vertex 8.7597 36.3545 1.2886
endloop
endfacet
facet normal 0.884733 0.366468 0.288008
outer loop
vertex 9.2556 35.6538 0.6569
vertex 8.7597 36.3545 1.2886
vertex 9.0705 35.6042 1.2886
endloop
endfacet
facet normal 0.759737 0.582967 0.288008
outer loop
vertex 8.9257 36.4503 0.6569
vertex 8.4008 37.1343 0.6569
vertex 8.2653 36.9988 1.2886
endloop
endfacet
facet normal 0.759737 0.582967 0.288008
outer loop
vertex 8.9257 36.4503 0.6569
vertex 8.2653 36.9988 1.2886
vertex 8.7597 36.3545 1.2886
endloop
endfacet
facet normal 0.582967 0.759737 0.288008
outer loop
vertex 8.4008 37.1343 0.6569
vertex 7.7168 37.6591 0.6569
vertex 7.6210 37.4932 1.2886
endloop
endfacet
facet normal 0.582967 0.759737 0.288008
outer loop
vertex 8.4008 37.1343 0.6569
vertex 7.6210 37.4932 1.2886
vertex 8.2653 36.9988 1.2886
endloop
endfacet
facet normal 0.366468 0.884733 0.288008
outer loop
vertex 7.7168 37.6591 0.6569
vertex 6.9203 37.9891 0.6569
vertex 6.8707 37.8040 1.2886
endloop
endfacet
facet normal 0.366468 0.884733 0.288008
outer loop
vertex 7.7168 37.6591 0.6569
vertex 6.8707 37.8040 1.2886
vertex 7.6210 37.4932 1.2886
endloop
endfacet
facet normal 0.124996 0.949435 0.288008
outer loop
vertex 6.9203 37.9891 0.6569
vertex 6.0656 38.1016 0.6569
vertex 6.0656 37.9100 1.2886
endloop
endfacet
facet normal 0.124996 0.949435 0.288008
outer loop
vertex 6.9203 37.9891 0.6569
vertex 6.0656 37.9100 1.2886
vertex 6.8707 37.8040 1.2886
endloop
endfacet
facet normal -0.124996 0.949435 0.288008
outer loop
vertex 6.0656 38.1016 0.6569
vertex 5.2108 37.9891 0.6569
vertex 5.2604 37.8040 1.2886
endloop
endfacet
facet normal -0.124996 0.949435 0.288008
outer loop
vertex 6.0656 38.1016 0.6569
vertex 5.2604 37.8040 1.2886
vertex 6.0656 37.9100 1.2886
endloop
endfacet
facet normal -0.366468 0.884733 0.288008
outer loop
vertex 5.2108 37.9891 0.6569
vertex 4.4143 37.6591 0.6569
vertex 4.5101 37.4932 1.2886
endloop
endfacet
facet normal -0.366468 0.884733 0.288008
outer loop
vertex 5.2108 37.9891 0.6569
vertex 4.5101 37.4932 1.2886
vertex 5.2604 37.8040 1.2886
endloop
endfacet
facet normal -0.582967 0.759737 0.288008
outer loop
vertex 4.4143 37.6591 0.6569
vertex 3.7303 37.1343 0.6569
vertex 3.8658 36.9988 1.2886
endloop
endfacet
facet normal -0.582967 0.759737 0.288008
outer loop
vertex 4.4143 37.6591 0.6569
vertex 3.8658 36.9988 1.2886
vertex 4.5101 37.4932 1.2886
endloop
endfacet
facet normal -0.759737 0.582967 0.288008
outer loop
vertex 3.7303 37.1343 0.6569
vertex 3.2054 36.4503 0.6569
vertex 3.3714 36.3545 1.2886
endloop
endfacet
facet normal -0.759737 0.582967 0.288008
outer loop
vertex 3.7303 37.1343 0.6569
vertex 3.3714 36.3545 1.2886
vertex 3.8658 36.9988 1.2886
endloop
endfacet
facet normal -0.884733 0.366468 0.288008
outer loop
vertex 3.2054 36.4503 0.6569
vertex 2.8755 35.6538 0.6569
vertex 3.0606 35.6042 1.2886
endloop
endfacet
facet normal -0.884733 0.366468 0.288008
outer loop
vertex 3.2054 36.4503 0.6569
vertex 3.0606 35.6042 1.2886
vertex 3.3714 36.3545 1.2886
endloop
endfacet
facet normal -0.949435 0.124996 0.288008
outer loop
vertex 2.8755 35.6538 0.6569
vertex 2.7630 34.7990 0.6569
vertex 2.9546 34.7990 1.2886
endloop
endfacet
facet normal -0.949435 0.124996 0.288008
outer loop
vertex 2.8755 35.6538 0.6569
vertex 2.9546 34.7990 1.2886
vertex 3.0606 35.6042 1.2886
endloop
endfacet
facet normal -0.949435 -0.124996 0.288008
outer loop
vertex 2.7630 34.7990 0.6569
vertex 2.8755 33.9443 0.6569
vertex 3.0606 33.9939 1.2886
endloop
endfacet
facet normal -0.949435 -0.124996 0.288008
outer loop
vertex 2.7630 34.7990 0.6569
vertex 3.0606 33.9939 1.2886
vertex 2.9546 34.7990 1.2886
endloop
endfacet
facet normal -0.884733 -0.366468 0.288008
outer loop
vertex 2.8755 33.9443 0.6569
vertex 3.2054 33.1477 0.6569
vertex 3.3714 33.2435 1.2886
endloop
endfacet
facet normal -0.884733 -0.366468 0.288008
outer loop
vertex 2.8755 33.9443 0.6569
vertex 3.3714 33.2435 1.2886
vertex 3.0606 33.9939 1.2886
endloop
endfacet
facet normal -0.759737 -0.582967 0.288008
outer loop
vertex 3.2054 33.1477 0.6569
vertex 3.7303 32.4638 0.6569
vertex 3.8658 32.5992 1.2886
endloop
endfacet
facet normal -0.759737 -0.582967 0.288008
outer loop
vertex 3.2054 33.1477 0.6569
vertex 3.8658 32.5992 1.2886
vertex 3.3714 33.2435 1.2886
endloop
endfacet
facet normal -0.582967 -0.759737 0.288008
outer loop
vertex 3.7303 32.4638 0.6569
vertex 4.4143 31.9389 0.6569
vertex 4.5101 32.1049 1.2886
endloop
endfacet
facet normal -0.582967 -0.759737 0.288008
outer loop
vertex 3.7303 32.4638 0.6569
vertex 4.5101 32.1049 1.2886
vertex 3.8658 32.5992 1.2886
endloop
endfacet
facet normal -0.366468 -0.884733 0.288008
outer loop
vertex 4.4143 31.9389 0.6569
vertex 5.2108 31.6090 0.6569
vertex 5.2604 31.7941 1.2886
endloop
endfacet
facet normal -0.366468 -0.884733 0.288008
outer loop
vertex 4.4143 31.9389 0.6569
vertex 5.2604 31.7941 1.2886
vertex 4.5101 32.1049 1.2886
endloop
endfacet
facet normal -0.124996 -0.949435 0.288008
outer loop
vertex 5.2108 31.6090 0.6569
vertex 6.0656 31.4964 0.6569
vertex 6.0656 31.6881 1.2886
endloop
endfacet
facet normal -0.124996 -0.949435 0.288008
outer loop
vertex 5.2108 31.6090 0.6569
vertex 6.0656 31.6881 1.2886
vertex 5.2604 31.7941 1.2886
endloop
endfacet
facet normal 0.124996 -0.949435 0.288008
outer loop
vertex 6.0656 31.4964 0.6569
vertex 6.9203 31.6090 0.6569
vertex 6.8707 31.7941 1.2886
endloop
endfacet
facet normal 0.124996 -0.949435 0.288008
outer loop
vertex 6.0656 31.4964 0.6569
vertex 6.8707 31.7941 1.2886
vertex 6.0656 31.6881 1.2886
endloop
endfacet
facet normal 0.366468 -0.884733 0.288008
outer loop
vertex 6.9203 31.6090 0.6569
vertex 7.7168 31.9389 0.6569
vertex 7.6210 32.1049 1.2886
endloop
endfacet
facet normal 0.366468 -0.884733 0.288008
outer loop
vertex 6.9203 31.6090 0.6569
vertex 7.6210 32.1049 1.2886
vertex 6.8707 31.7941 1.2886
endloop
endfacet
facet normal 0.582967 -0.759737 0.288008
outer loop
vertex 7.7168 31.9389 0.6569
vertex 8.4008 32.4638 0.6569
vertex 8.2653 32.5992 1.2886
endloop
endfacet
facet normal 0.582967 -0.759737 0.288008
outer loop
vertex 7.7168 31.9389 0.6569
vertex 8.2653 32.5992 1.2886
vertex 7.6210 32.1049 1.2886
endloop
endfacet
facet normal 0.759737 -0.582967 0.288008
outer loop
vertex 8.4008 32.4638 0.6569
vertex 8.9257 33.1477 0.6569
vertex 8.7597 33.2435 1.2886
endloop
endfacet
facet normal 0.759737 -0.582967 0.288008
outer loop
vertex 8.4008 32.4638 0.6569
vertex 8.7597 33.2435 1.2886
vertex 8.2653 32.5992 1.2886
endloop
endfacet
facet normal 0.884733 -0.366468 0.288008
outer loop
vertex 8.9257 33.1477 0.6569
vertex 9.2556 33.9443 0.6569
vertex 9.0705 33.9939 1.2886
endloop
endfacet
facet normal 0.884733 -0.366468 0.288008
outer loop
vertex 8.9257 33.1477 0.6569
vertex 9.0705 33.9939 1.2886
vertex 8.7597 33.2435 1.2886
endloop
endfacet
facet normal 0.949435 -0.124996 0.288008
outer loop
vertex 9.2556 33.9443 0.6569
vertex 9.3681 34.7990 0.6569
vertex 9.1765 34.7990 1.2886
endloop
endfacet
facet normal 0.949435 -0.124996 0.288008
outer loop
vertex 9.2556 33.9443 0.6569
vertex 9.1765 34.7990 1.2886
vertex 9.0705 33.9939 1.2886
endloop
endfacet
facet normal 0.876036 0.115332 0.468251
outer loop
vertex 9.1765 34.7990 1.2886
vertex 9.0705 35.6042 1.2886
vertex 8.7699 35.5237 1.8708
endloop
endfacet
facet normal 0.876036 0.115332 0.468251
outer loop
vertex 9.1765 34.7990 1.2886
vertex 8.7699 35.5237 1.8708
vertex 8.8653 34.7990 1.8708
endloop
endfacet
facet normal 0.816336 0.338137 0.468251
outer loop
vertex 9.0705 35.6042 1.2886
vertex 8.7597 36.3545 1.2886
vertex 8.4902 36.1989 1.8708
endloop
endfacet
facet normal 0.816336 0.338137 0.468251
outer loop
vertex 9.0705 35.6042 1.2886
vertex 8.4902 36.1989 1.8708
vertex 8.7699 35.5237 1.8708
endloop
endfacet
facet normal 0.701003 0.537899 0.468251
outer loop
vertex 8.7597 36.3545 1.2886
vertex 8.2653 36.9988 1.2886
vertex 8.0453 36.7788 1.8708
endloop
endfacet
facet normal 0.701003 0.537899 0.468251
outer loop
vertex 8.7597 36.3545 1.2886
vertex 8.0453 36.7788 1.8708
vertex 8.4902 36.1989 1.8708
endloop
endfacet
facet normal 0.537899 0.701003 0.468251
outer loop
vertex 8.2653 36.9988 1.2886
vertex 7.6210 37.4932 1.2886
vertex 7.4655 37.2237 1.8708
endloop
endfacet
facet normal 0.537899 0.701003 0.468251
outer loop
vertex 8.2653 36.9988 1.2886
vertex 7.4655 37.2237 1.8708
vertex 8.0453 36.7788 1.8708
endloop
endfacet
facet normal 0.338137 0.816336 0.468251
outer loop
vertex 7.6210 37.4932 1.2886
vertex 6.8707 37.8040 1.2886
vertex 6.7902 37.5034 1.8708
endloop
endfacet
facet normal 0.338137 0.816336 0.468251
outer loop
vertex 7.6210 37.4932 1.2886
vertex 6.7902 37.5034 1.8708
vertex 7.4655 37.2237 1.8708
endloop
endfacet
facet normal 0.115332 0.876036 0.468251
outer loop
vertex 6.8707 37.8040 1.2886
vertex 6.0656 37.9100 1.2886
vertex 6.0656 37.5988 1.8708
endloop
endfacet
facet normal 0.115332 0.876036 0.468251
outer loop
vertex 6.8707 37.8040 1.2886
vertex 6.0656 37.5988 1.8708
vertex 6.7902 37.5034 1.8708
endloop
endfacet
facet normal -0.115332 0.876036 0.468251
outer loop
vertex 6.0656 37.9100 1.2886
vertex 5.2604 37.8040 1.2886
vertex 5.3409 37.5034 1.8708
endloop
endfacet
facet normal -0.115332 0.876036 0.468251
outer loop
vertex 6.0656 37.9100 1.2886
vertex 5.3409 37.5034 1.8708
vertex 6.0656 37.5988 1.8708
endloop
endfacet
facet normal -0.338137 0.816336 0.468251
outer loop
vertex 5.2604 37.8040 1.2886
vertex 4.5101 37.4932 1.2886
vertex 4.6657 37.2237 1.8708
endloop
endfacet
facet normal -0.338137 0.816336 0.468251
outer loop
vertex 5.2604 37.8040 1.2886
vertex 4.6657 37.2237 1.8708
vertex 5.3409 37.5034 1.8708
endloop
endfacet
facet normal -0.537899 0.701003 0.468251
outer loop
vertex 4.5101 37.4932 1.2886
vertex 3.8658 36.9988 1.2886
vertex 4.0858 36.7788 1.8708
endloop
endfacet
facet normal -0.537899 0.701003 0.468251
outer loop
vertex 4.5101 37.4932 1.2886
vertex 4.0858 36.7788 1.8708
vertex 4.6657 37.2237 1.8708
endloop
endfacet
facet normal -0.701003 0.537899 0.468251
outer loop
vertex 3.8658 36.9988 1.2886
vertex 3.3714 36.3545 1.2886
vertex 3.6409 36.1989 1.8708
endloop
endfacet
facet normal -0.701003 0.537899 0.468251
outer loop
vertex 3.8658 36.9988 1.2886
vertex 3.6409 36.1989 1.8708
vertex 4.0858 36.7788 1.8708
endloop
endfacet
facet normal -0.816336 0.338137 0.468251
outer loop
vertex 3.3714 36.3545 1.2886
vertex 3.0606 35.6042 1.2886
vertex 3.3612 35.5237 1.8708
endloop
endfacet
facet normal -0.816336 0.338137 0.468251
outer loop
vertex 3.3714 36.3545 1.2886
vertex 3.3612 35.5237 1.8708
vertex 3.6409 36.1989 1.8708
endloop
endfacet
facet normal -0.876036 0.115332 0.468251
outer loop
vertex 3.0606 35.6042 1.2886
vertex 2.9546 34.7990 1.2886
vertex 3.2658 34.7990 1.8708
endloop
endfacet
facet normal -0.876036 0.115332 0.468251
outer loop
vertex 3.0606 35.6042 1.2886
vertex 3.2658 34.7990 1.8708
vertex 3.3612 35.5237 1.8708
endloop
endfacet
facet normal -0.876036 -0.115332 0.468251
outer loop
vertex 2.9546 34.7990 1.2886
vertex 3.0606 33.9939 1.2886
vertex 3.3612 34.0744 1.8708
endloop
endfacet
facet normal -0.876036 -0.115332 0.468251
outer loop
vertex 2.9546 34.7990 1.2886
vertex 3.3612 34.0744 1.8708
vertex 3.2658 34.7990 1.8708
endloop
endfacet
facet normal -0.816336 -0.338137 0.468251
outer loop
vertex 3.0606 33.9939 1.2886
vertex 3.3714 33.2435 1.2886
vertex 3.6409 33.3991 1.8708
endloop
endfacet
facet normal -0.816336 -0.338137 0.468251
outer loop
vertex 3.0606 33.9939 1.2886
vertex 3.6409 33.3991 1.8708
vertex 3.3612 34.0744 1.8708
endloop
endfacet
facet normal -0.701003 -0.537899 0.468251
outer loop
vertex 3.3714 33.2435 1.2886
vertex 3.8658 32.5992 1.2886
vertex 4.0858 32.8193 1.8708
endloop
endfacet
facet normal -0.701003 -0.537899 0.468251
outer loop
vertex 3.3714 33.2435 1.2886
vertex 4.0858 32.8193 1.8708
vertex 3.6409 33.3991 1.8708
endloop
endfacet
facet normal -0.537899 -0.701003 0.468251
outer loop
vertex 3.8658 32.5992 1.2886
vertex 4.5101 32.1049 1.2886
vertex 4.6657 32.3743 1.8708
endloop
endfacet
facet normal -0.537899 -0.701003 0.468251
outer loop
vertex 3.8658 32.5992 1.2886
vertex 4.6657 32.3743 1.8708
vertex 4.0858 32.8193 1.8708
endloop
endfacet
facet normal -0.338137 -0.816336 0.468251
outer loop
vertex 4.5101 32.1049 1.2886
vertex 5.2604 31.7941 1.2886
vertex 5.3409 32.0946 1.8708
endloop
endfacet
facet normal -0.338137 -0.816336 0.468251
outer loop
vertex 4.5101 32.1049 1.2886
vertex 5.3409 32.0946 1.8708
vertex 4.6657 32.3743 1.8708
endloop
endfacet
facet normal -0.115332 -0.876036 0.468251
outer loop
vertex 5.2604 31.7941 1.2886
vertex 6.0656 31.6881 1.2886
vertex 6.0656 31.9992 1.8708
endloop
endfacet
facet normal -0.115332 -0.876036 0.468251
outer loop
vertex 5.2604 31.7941 1.2886
vertex 6.0656 31.9992 1.8708
vertex 5.3409 32.0946 1.8708
endloop
endfacet
facet normal 0.115332 -0.876036 0.468251
outer loop
vertex 6.0656 31.6881 1.2886
vertex 6.8707 31.7941 1.2886
vertex 6.7902 32.0946 1.8708
endloop
endfacet
facet normal 0.115332 -0.876036 0.468251
outer loop
vertex 6.0656 31.6881 1.2886
vertex 6.7902 32.0946 1.8708
vertex 6.0656 31.9992 1.8708
endloop
endfacet
facet normal 0.338137 -0.816336 0.468251
outer loop
vertex 6.8707 31.7941 1.2886
vertex 7.6210 32.1049 1.2886
vertex 7.4655 32.3743 1.8708
endloop
endfacet
facet normal 0.338137 -0.816336 0.468251
outer loop
vertex 6.8707 31.7941 1.2886
vertex 7.4655 32.3743 1.8708
vertex 6.7902 32.0946 1.8708
endloop
endfacet
facet normal 0.537899 -0.701003 0.468251
outer loop
vertex 7.6210 32.1049 1.2886
vertex 8.2653 32.5992 1.2886
vertex 8.0453 32.8193 1.8708
endloop
endfacet
facet normal 0.537899 -0.701003 0.468251
outer loop
vertex 7.6210 32.1049 1.2886
vertex 8.0453 32.8193 1.8708
vertex 7.4655 32.3743 1.8708
endloop
endfacet
facet normal 0.701003 -0.537899 0.468251
outer loop
vertex 8.2653 32.5992 1.2886
vertex 8.7597 33.2435 1.2886
vertex 8.4902 33.3991 1.8708
endloop
endfacet
facet normal 0.701003 -0.537899 0.468251
outer loop
vertex 8.2653 32.5992 1.2886
vertex 8.4902 33.3991 1.8708
vertex 8.0453 32.8193 1.8708
endloop
endfacet
facet normal 0.816336 -0.338137 0.468251
outer loop
vertex 8.7597 33.2435 1.2886
vertex 9.0705 33.9939 1.2886
vertex 8.7699 34.0744 1.8708
endloop
endfacet
facet normal 0.816336 -0.338137 0.468251
outer loop
vertex 8.7597 33.2435 1.2886
vertex 8.7699 34.0744 1.8708
vertex 8.4902 33.3991 1.8708
endloop
endfacet
facet normal 0.876036 -0.115332 0.468251
outer loop
vertex 9.0705 33.9939 1.2886
vertex 9.1765 34.7990 1.2886
vertex 8.8653 34.7990 1.8708
endloop
endfacet
facet normal 0.876036 -0.115332 0.468251
outer loop
vertex 9.0705 33.9939 1.2886
vertex 8.8653 34.7990 1.8708
vertex 8.7699 34.0744 1.8708
endloop
endfacet
facet normal 0.769038 0.101246 0.631133
outer loop
vertex 8.8653 34.7990 1.8708
vertex 8.7699 35.5237 1.8708
vertex 8.3655 35.4153 2.3810
endloop
endfacet
facet normal 0.769038 0.101246 0.631133
outer loop
vertex 8.8653 34.7990 1.8708
vertex 8.3655 35.4153 2.3810
vertex 8.4466 34.7990 2.3810
endloop
endfacet
facet normal 0.716630 0.296838 0.631133
outer loop
vertex 8.7699 35.5237 1.8708
vertex 8.4902 36.1989 1.8708
vertex 8.1276 35.9895 2.3810
endloop
endfacet
facet normal 0.716630 0.296838 0.631133
outer loop
vertex 8.7699 35.5237 1.8708
vertex 8.1276 35.9895 2.3810
vertex 8.3655 35.4153 2.3810
endloop
endfacet
facet normal 0.615384 0.472201 0.631133
outer loop
vertex 8.4902 36.1989 1.8708
vertex 8.0453 36.7788 1.8708
vertex 7.7492 36.4827 2.3810
endloop
endfacet
facet normal 0.615384 0.472201 0.631133
outer loop
vertex 8.4902 36.1989 1.8708
vertex 7.7492 36.4827 2.3810
vertex 8.1276 35.9895 2.3810
endloop
endfacet
facet normal 0.472201 0.615384 0.631133
outer loop
vertex 8.0453 36.7788 1.8708
vertex 7.4655 37.2237 1.8708
vertex 7.2561 36.8611 2.3810
endloop
endfacet
facet normal 0.472201 0.615384 0.631133
outer loop
vertex 8.0453 36.7788 1.8708
vertex 7.2561 36.8611 2.3810
vertex 7.7492 36.4827 2.3810
endloop
endfacet
facet normal 0.296838 0.716630 0.631133
outer loop
vertex 7.4655 37.2237 1.8708
vertex 6.7902 37.5034 1.8708
vertex 6.6818 37.0989 2.3810
endloop
endfacet
facet normal 0.296838 0.716630 0.631133
outer loop
vertex 7.4655 37.2237 1.8708
vertex 6.6818 37.0989 2.3810
vertex 7.2561 36.8611 2.3810
endloop
endfacet
facet normal 0.101246 0.769038 0.631133
outer loop
vertex 6.7902 37.5034 1.8708
vertex 6.0656 37.5988 1.8708
vertex 6.0656 37.1801 2.3810
endloop
endfacet
facet normal 0.101246 0.769038 0.631133
outer loop
vertex 6.7902 37.5034 1.8708
vertex 6.0656 37.1801 2.3810
vertex 6.6818 37.0989 2.3810
endloop
endfacet
facet normal -0.101246 0.769038 0.631133
outer loop
vertex 6.0656 37.5988 1.8708
vertex 5.3409 37.5034 1.8708
vertex 5.4493 37.0989 2.3810
endloop
endfacet
facet normal -0.101246 0.769038 0.631133
outer loop
vertex 6.0656 37.5988 1.8708
vertex 5.4493 37.0989 2.3810
vertex 6.0656 37.1801 2.3810
endloop
endfacet
facet normal -0.296838 0.716630 0.631133
outer loop
vertex 5.3409 37.5034 1.8708
vertex 4.6657 37.2237 1.8708
vertex 4.8750 36.8611 2.3810
endloop
endfacet
facet normal -0.296838 0.716630 0.631133
outer loop
vertex 5.3409 37.5034 1.8708
vertex 4.8750 36.8611 2.3810
vertex 5.4493 37.0989 2.3810
endloop
endfacet
facet normal -0.472201 0.615384 0.631133
outer loop
vertex 4.6657 37.2237 1.8708
vertex 4.0858 36.7788 1.8708
vertex 4.3819 36.4827 2.3810
endloop
endfacet
facet normal -0.472201 0.615384 0.631133
outer loop
vertex 4.6657 37.2237 1.8708
vertex 4.3819 36.4827 2.3810
vertex 4.8750 36.8611 2.3810
endloop
endfacet
facet normal -0.615384 0.472201 0.631133
outer loop
vertex 4.0858 36.7788 1.8708
vertex 3.6409 36.1989 1.8708
vertex 4.0035 35.9895 2.3810
endloop
endfacet
facet normal -0.615384 0.472201 0.631133
outer loop
vertex 4.0858 36.7788 1.8708
vertex 4.0035 35.9895 2.3810
vertex 4.3819 36.4827 2.3810
endloop
endfacet
facet normal -0.716630 0.296838 0.631133
outer loop
vertex 3.6409 36.1989 1.8708
vertex 3.3612 35.5237 1.8708
vertex 3.7657 35.4153 2.3810
endloop
endfacet
facet normal -0.716630 0.296838 0.631133
outer loop
vertex 3.6409 36.1989 1.8708
vertex 3.7657 35.4153 2.3810
vertex 4.0035 35.9895 2.3810
endloop
endfacet
facet normal -0.769038 0.101246 0.631133
outer loop
vertex 3.3612 35.5237 1.8708
vertex 3.2658 34.7990 1.8708
vertex 3.6845 34.7990 2.3810
endloop
endfacet
facet normal -0.769038 0.101246 0.631133
outer loop
vertex 3.3612 35.5237 1.8708
vertex 3.6845 34.7990 2.3810
vertex 3.7657 35.4153 2.3810
endloop
endfacet
facet normal -0.769038 -0.101246 0.631133
outer loop
vertex 3.2658 34.7990 1.8708
vertex 3.3612 34.0744 1.8708
vertex 3.7657 34.1828 2.3810
endloop
endfacet
facet normal -0.769038 -0.101246 0.631133
outer loop
vertex 3.2658 34.7990 1.8708
vertex 3.7657 34.1828 2.3810
vertex 3.6845 34.7990 2.3810
endloop
endfacet
facet normal -0.716630 -0.296838 0.631133
outer loop
vertex 3.3612 34.0744 1.8708
vertex 3.6409 33.3991 1.8708
vertex 4.0035 33.6085 2.3810
endloop
endfacet
facet normal -0.716630 -0.296838 0.631133
outer loop
vertex 3.3612 34.0744 1.8708
vertex 4.0035 33.6085 2.3810
vertex 3.7657 34.1828 2.3810
endloop
endfacet
facet normal -0.615384 -0.472201 0.631133
outer loop
vertex 3.6409 33.3991 1.8708
vertex 4.0858 32.8193 1.8708
vertex 4.3819 33.1154 2.3810
endloop
endfacet
facet normal -0.615384 -0.472201 0.631133
outer loop
vertex 3.6409 33.3991 1.8708
vertex 4.3819 33.1154 2.3810
vertex 4.0035 33.6085 2.3810
endloop
endfacet
facet normal -0.472201 -0.615384 0.631133
outer loop
vertex 4.0858 32.8193 1.8708
vertex 4.6657 32.3743 1.8708
vertex 4.8750 32.7370 2.3810
endloop
endfacet
facet normal -0.472201 -0.615384 0.631133
outer loop
vertex 4.0858 32.8193 1.8708
vertex 4.8750 32.7370 2.3810
vertex 4.3819 33.1154 2.3810
endloop
endfacet
facet normal -0.296838 -0.716630 0.631133
outer loop
vertex 4.6657 32.3743 1.8708
vertex 5.3409 32.0946 1.8708
vertex 5.4493 32.4991 2.3810
endloop
endfacet
facet normal -0.296838 -0.716630 0.631133
outer loop
vertex 4.6657 32.3743 1.8708
vertex 5.4493 32.4991 2.3810
vertex 4.8750 32.7370 2.3810
endloop
endfacet
facet normal -0.101246 -0.769038 0.631133
outer loop
vertex 5.3409 32.0946 1.8708
vertex 6.0656 31.9992 1.8708
vertex 6.0656 32.4180 2.3810
endloop
endfacet
facet normal -0.101246 -0.769038 0.631133
outer loop
vertex 5.3409 32.0946 1.8708
vertex 6.0656 32.4180 2.3810
vertex 5.4493 32.4991 2.3810
endloop
endfacet
facet normal 0.101246 -0.769038 0.631133
outer loop
vertex 6.0656 31.9992 1.8708
vertex 6.7902 32.0946 1.8708
vertex 6.6818 32.4991 2.3810
endloop
endfacet
facet normal 0.101246 -0.769038 0.631133
outer loop
vertex 6.0656 31.9992 1.8708
vertex 6.6818 32.4991 2.3810
vertex 6.0656 32.4180 2.3810
endloop
endfacet
facet normal 0.296838 -0.716630 0.631133
outer loop
vertex 6.7902 32.0946 1.8708
vertex 7.4655 32.3743 1.8708
vertex 7.2561 32.7370 2.3810
endloop
endfacet
facet normal 0.296838 -0.716630 0.631133
outer loop
vertex 6.7902 32.0946 1.8708
vertex 7.2561 32.7370 2.3810
vertex 6.6818 32.4991 2.3810
endloop
endfacet
facet normal 0.472201 -0.615384 0.631133
outer loop
vertex 7.4655 32.3743 1.8708
vertex 8.0453 32.8193 1.8708
vertex 7.7492 33.1154 2.3810
endloop
endfacet
facet normal 0.472201 -0.615384 0.631133
outer loop
vertex 7.4655 32.3743 1.8708
vertex 7.7492 33.1154 2.3810
vertex 7.2561 32.7370 2.3810
endloop
endfacet
facet normal 0.615384 -0.472201 0.631133
outer loop
vertex 8.0453 32.8193 1.8708
vertex 8.4902 33.3991 1.8708
vertex 8.1276 33.6085 2.3810
endloop
endfacet
facet normal 0.615384 -0.472201 0.631133
outer loop
vertex 8.0453 32.8193 1.8708
vertex 8.1276 33.6085 2.3810
vertex 7.7492 33.1154 2.3810
endloop
endfacet
facet normal 0.716630 -0.296838 0.631133
outer loop
vertex 8.4902 33.3991 1.8708
vertex 8.7699 34.0744 1.8708
vertex 8.3655 34.1828 2.3810
endloop
endfacet
facet normal 0.716630 -0.296838 0.631133
outer loop
vertex 8.4902 33.3991 1.8708
vertex 8.3655 34.1828 2.3810
vertex 8.1276 33.6085 2.3810
endloop
endfacet
facet normal 0.769038 -0.101246 0.631133
outer loop
vertex 8.7699 34.0744 1.8708
vertex 8.8653 34.7990 1.8708
vertex 8.4466 34.7990 2.3810
endloop
endfacet
facet normal 0.769038 -0.101246 0.631133
outer loop
vertex 8.7699 34.0744 1.8708
vertex 8.4466 34.7990 2.3810
vertex 8.3655 34.1828 2.3810
endloop
endfacet
facet normal 0.632192 0.083230 0.770328
outer loop
vertex 8.4466 34.7990 2.3810
vertex 8.3655 35.4153 2.3810
vertex 7.8726 35.2832 2.7998
endloop
endfacet
facet normal 0.632192 0.083230 0.770328
outer loop
vertex 8.4466 34.7990 2.3810
vertex 7.8726 35.2832 2.7998
vertex 7.9363 34.7990 2.7998
endloop
endfacet
facet normal 0.589109 0.244017 0.770328
outer loop
vertex 8.3655 35.4153 2.3810
vertex 8.1276 35.9895 2.3810
vertex 7.6857 35.7344 2.7998
endloop
endfacet
facet normal 0.589109 0.244017 0.770328
outer loop
vertex 8.3655 35.4153 2.3810
vertex 7.6857 35.7344 2.7998
vertex 7.8726 35.2832 2.7998
endloop
endfacet
facet normal 0.505880 0.388175 0.770328
outer loop
vertex 8.1276 35.9895 2.3810
vertex 7.7492 36.4827 2.3810
vertex 7.3884 36.1219 2.7998
endloop
endfacet
facet normal 0.505880 0.388175 0.770328
outer loop
vertex 8.1276 35.9895 2.3810
vertex 7.3884 36.1219 2.7998
vertex 7.6857 35.7344 2.7998
endloop
endfacet
facet normal 0.388175 0.505880 0.770328
outer loop
vertex 7.7492 36.4827 2.3810
vertex 7.2561 36.8611 2.3810
vertex 7.0009 36.4192 2.7998
endloop
endfacet
facet normal 0.388175 0.505880 0.770328
outer loop
vertex 7.7492 36.4827 2.3810
vertex 7.0009 36.4192 2.7998
vertex 7.3884 36.1219 2.7998
endloop
endfacet
facet normal 0.244017 0.589109 0.770328
outer loop
vertex 7.2561 36.8611 2.3810
vertex 6.6818 37.0989 2.3810
vertex 6.5497 36.6060 2.7998
endloop
endfacet
facet normal 0.244017 0.589109 0.770328
outer loop
vertex 7.2561 36.8611 2.3810
vertex 6.5497 36.6060 2.7998
vertex 7.0009 36.4192 2.7998
endloop
endfacet
facet normal 0.083230 0.632192 0.770328
outer loop
vertex 6.6818 37.0989 2.3810
vertex 6.0656 37.1801 2.3810
vertex 6.0656 36.6698 2.7998
endloop
endfacet
facet normal 0.083230 0.632192 0.770328
outer loop
vertex 6.6818 37.0989 2.3810
vertex 6.0656 36.6698 2.7998
vertex 6.5497 36.6060 2.7998
endloop
endfacet
facet normal -0.083230 0.632192 0.770328
outer loop
vertex 6.0656 37.1801 2.3810
vertex 5.4493 37.0989 2.3810
vertex 5.5814 36.6060 2.7998
endloop
endfacet
facet normal -0.083230 0.632192 0.770328
outer loop
vertex 6.0656 37.1801 2.3810
vertex 5.5814 36.6060 2.7998
vertex 6.0656 36.6698 2.7998
endloop
endfacet
facet normal -0.244017 0.589109 0.770328
outer loop
vertex 5.4493 37.0989 2.3810
vertex 4.8750 36.8611 2.3810
vertex 5.1302 36.4192 2.7998
endloop
endfacet
facet normal -0.244017 0.589109 0.770328
outer loop
vertex 5.4493 37.0989 2.3810
vertex 5.1302 36.4192 2.7998
vertex 5.5814 36.6060 2.7998
endloop
endfacet
facet normal -0.388175 0.505880 0.770328
outer loop
vertex 4.8750 36.8611 2.3810
vertex 4.3819 36.4827 2.3810
vertex 4.7427 36.1219 2.7998
endloop
endfacet
facet normal -0.388175 0.505880 0.770328
outer loop
vertex 4.8750 36.8611 2.3810
vertex 4.7427 36.1219 2.7998
vertex 5.1302 36.4192 2.7998
endloop
endfacet
facet normal -0.505880 0.388175 0.770328
outer loop
vertex 4.3819 36.4827 2.3810
vertex 4.0035 35.9895 2.3810
vertex 4.4454 35.7344 2.7998
endloop
endfacet
facet normal -0.505880 0.388175 0.770328
outer loop
vertex 4.3819 36.4827 2.3810
vertex 4.4454 35.7344 2.7998
vertex 4.7427 36.1219 2.7998
endloop
endfacet
facet normal -0.589109 0.244017 0.770328
outer loop
vertex 4.0035 35.9895 2.3810
vertex 3.7657 35.4153 2.3810
vertex 4.2585 35.2832 2.7998
endloop
endfacet
facet normal -0.589109 0.244017 0.770328
outer loop
vertex 4.0035 35.9895 2.3810
vertex 4.2585 35.2832 2.7998
vertex 4.4454 35.7344 2.7998
endloop
endfacet
facet normal -0.632192 0.083230 0.770328
outer loop
vertex 3.7657 35.4153 2.3810
vertex 3.6845 34.7990 2.3810
vertex 4.1948 34.7990 2.7998
endloop
endfacet
facet normal -0.632192 0.083230 0.770328
outer loop
vertex 3.7657 35.4153 2.3810
vertex 4.1948 34.7990 2.7998
vertex 4.2585 35.2832 2.7998
endloop
endfacet
facet normal -0.632192 -0.083230 0.770328
outer loop
vertex 3.6845 34.7990 2.3810
vertex 3.7657 34.1828 2.3810
vertex 4.2585 34.3148 2.7998
endloop
endfacet
facet normal -0.632192 -0.083230 0.770328
outer loop
vertex 3.6845 34.7990 2.3810
vertex 4.2585 34.3148 2.7998
vertex 4.1948 34.7990 2.7998
endloop
endfacet
facet normal -0.589109 -0.244017 0.770328
outer loop
vertex 3.7657 34.1828 2.3810
vertex 4.0035 33.6085 2.3810
vertex 4.4454 33.8636 2.7998
endloop
endfacet
facet normal -0.589109 -0.244017 0.770328
outer loop
vertex 3.7657 34.1828 2.3810
vertex 4.4454 33.8636 2.7998
vertex 4.2585 34.3148 2.7998
endloop
endfacet
facet normal -0.505880 -0.388175 0.770328
outer loop
vertex 4.0035 33.6085 2.3810
vertex 4.3819 33.1154 2.3810
vertex 4.7427 33.4762 2.7998
endloop
endfacet
facet normal -0.505880 -0.388175 0.770328
outer loop
vertex 4.0035 33.6085 2.3810
vertex 4.7427 33.4762 2.7998
vertex 4.4454 33.8636 2.7998
endloop
endfacet
facet normal -0.388175 -0.505880 0.770328
outer loop
vertex 4.3819 33.1154 2.3810
vertex 4.8750 32.7370 2.3810
vertex 5.1302 33.1789 2.7998
endloop
endfacet
facet normal -0.388175 -0.505880 0.770328
outer loop
vertex 4.3819 33.1154 2.3810
vertex 5.1302 33.1789 2.7998
vertex 4.7427 33.4762 2.7998
endloop
endfacet
facet normal -0.244017 -0.589109 0.770328
outer loop
vertex 4.8750 32.7370 2.3810
vertex 5.4493 32.4991 2.3810
vertex 5.5814 32.9920 2.7998
endloop
endfacet
facet normal -0.244017 -0.589109 0.770328
outer loop
vertex 4.8750 32.7370 2.3810
vertex 5.5814 32.9920 2.7998
vertex 5.1302 33.1789 2.7998
endloop
endfacet
facet normal -0.083230 -0.632192 0.770328
outer loop
vertex 5.4493 32.4991 2.3810
vertex 6.0656 32.4180 2.3810
vertex 6.0656 32.9283 2.7998
endloop
endfacet
facet normal -0.083230 -0.632192 0.770328
outer loop
vertex 5.4493 32.4991 2.3810
vertex 6.0656 32.9283 2.7998
vertex 5.5814 32.9920 2.7998
endloop
endfacet
facet normal 0.083230 -0.632192 0.770328
outer loop
vertex 6.0656 32.4180 2.3810
vertex 6.6818 32.4991 2.3810
vertex 6.5497 32.9920 2.7998
endloop
endfacet
facet normal 0.083230 -0.632192 0.770328
outer loop
vertex 6.0656 32.4180 2.3810
vertex 6.5497 32.9920 2.7998
vertex 6.0656 32.9283 2.7998
endloop
endfacet
facet normal 0.244017 -0.589109 0.770328
outer loop
vertex 6.6818 32.4991 2.3810
vertex 7.2561 32.7370 2.3810
vertex 7.0009 33.1789 2.7998
endloop
endfacet
facet normal 0.244017 -0.589109 0.770328
outer loop
vertex 6.6818 32.4991 2.3810
vertex 7.0009 33.1789 2.7998
vertex 6.5497 32.9920 2.7998
endloop
endfacet
facet normal 0.388175 -0.505880 0.770328
outer loop
vertex 7.2561 32.7370 2.3810
vertex 7.7492 33.1154 2.3810
vertex 7.3884 33.4762 2.7998
endloop
endfacet
facet normal 0.388175 -0.505880 0.770328
outer loop
vertex 7.2561 32.7370 2.3810
vertex 7.3884 33.4762 2.7998
vertex 7.0009 33.1789 2.7998
endloop
endfacet
facet normal 0.505880 -0.388175 0.770328
outer loop
vertex 7.7492 33.1154 2.3810
vertex 8.1276 33.6085 2.3810
vertex 7.6857 33.8636 2.7998
endloop
endfacet
facet normal 0.505880 -0.388175 0.770328
outer loop
vertex 7.7492 33.1154 2.3810
vertex 7.6857 33.8636 2.7998
vertex 7.3884 33.4762 2.7998
endloop
endfacet
facet normal 0.589109 -0.244017 0.770328
outer loop
vertex 8.1276 33.6085 2.3810
vertex 8.3655 34.1828 2.3810
vertex 7.8726 34.3148 2.7998
endloop
endfacet
facet normal 0.589109 -0.244017 0.770328
outer loop
vertex 8.1276 33.6085 2.3810
vertex 7.8726 34.3148 2.7998
vertex 7.6857 33.8636 2.7998
endloop
endfacet
facet normal 0.632192 -0.083230 0.770328
outer loop
vertex 8.3655 34.1828 2.3810
vertex 8.4466 34.7990 2.3810
vertex 7.9363 34.7990 2.7998
endloop
endfacet
facet normal 0.632192 -0.083230 0.770328
outer loop
vertex 8.3655 34.1828 2.3810
vertex 7.9363 34.7990 2.7998
vertex 7.8726 34.3148 2.7998
endloop
endfacet
facet normal 0.470492 0.061941 0.880228
outer loop
vertex 7.9363 34.7990 2.7998
vertex 7.8726 35.2832 2.7998
vertex 7.3102 35.1325 3.1110
endloop
endfacet
facet normal 0.470492 0.061941 0.880228
outer loop
vertex 7.9363 34.7990 2.7998
vertex 7.3102 35.1325 3.1110
vertex 7.3542 34.7990 3.1110
endloop
endfacet
facet normal 0.438428 0.181603 0.880228
outer loop
vertex 7.8726 35.2832 2.7998
vertex 7.6857 35.7344 2.7998
vertex 7.1815 35.4433 3.1110
endloop
endfacet
facet normal 0.438428 0.181603 0.880228
outer loop
vertex 7.8726 35.2832 2.7998
vertex 7.1815 35.4433 3.1110
vertex 7.3102 35.1325 3.1110
endloop
endfacet
facet normal 0.376487 0.288889 0.880228
outer loop
vertex 7.6857 35.7344 2.7998
vertex 7.3884 36.1219 2.7998
vertex 6.9767 35.7102 3.1110
endloop
endfacet
facet normal 0.376487 0.288889 0.880228
outer loop
vertex 7.6857 35.7344 2.7998
vertex 6.9767 35.7102 3.1110
vertex 7.1815 35.4433 3.1110
endloop
endfacet
facet normal 0.288889 0.376487 0.880228
outer loop
vertex 7.3884 36.1219 2.7998
vertex 7.0009 36.4192 2.7998
vertex 6.7099 35.9150 3.1110
endloop
endfacet
facet normal 0.288889 0.376487 0.880228
outer loop
vertex 7.3884 36.1219 2.7998
vertex 6.7099 35.9150 3.1110
vertex 6.9767 35.7102 3.1110
endloop
endfacet
facet normal 0.181603 0.438428 0.880228
outer loop
vertex 7.0009 36.4192 2.7998
vertex 6.5497 36.6060 2.7998
vertex 6.3991 36.0437 3.1110
endloop
endfacet
facet normal 0.181603 0.438428 0.880228
outer loop
vertex 7.0009 36.4192 2.7998
vertex 6.3991 36.0437 3.1110
vertex 6.7099 35.9150 3.1110
endloop
endfacet
facet normal 0.061941 0.470492 0.880228
outer loop
vertex 6.5497 36.6060 2.7998
vertex 6.0656 36.6698 2.7998
vertex 6.0656 36.0876 3.1110
endloop
endfacet
facet normal 0.061941 0.470492 0.880228
outer loop
vertex 6.5497 36.6060 2.7998
vertex 6.0656 36.0876 3.1110
vertex 6.3991 36.0437 3.1110
endloop
endfacet
facet normal -0.061941 0.470492 0.880228
outer loop
vertex 6.0656 36.6698 2.7998
vertex 5.5814 36.6060 2.7998
vertex 5.7320 36.0437 3.1110
endloop
endfacet
facet normal -0.061941 0.470492 0.880228
outer loop
vertex 6.0656 36.6698 2.7998
vertex 5.7320 36.0437 3.1110
vertex 6.0656 36.0876 3.1110
endloop
endfacet
facet normal -0.181603 0.438428 0.880228
outer loop
vertex 5.5814 36.6060 2.7998
vertex 5.1302 36.4192 2.7998
vertex 5.4213 35.9150 3.1110
endloop
endfacet
facet normal -0.181603 0.438428 0.880228
outer loop
vertex 5.5814 36.6060 2.7998
vertex 5.4213 35.9150 3.1110
vertex 5.7320 36.0437 3.1110
endloop
endfacet
facet normal -0.288889 0.376487 0.880228
outer loop
vertex 5.1302 36.4192 2.7998
vertex 4.7427 36.1219 2.7998
vertex 5.1544 35.7102 3.1110
endloop
endfacet
facet normal -0.288889 0.376487 0.880228
outer loop
vertex 5.1302 36.4192 2.7998
vertex 5.1544 35.7102 3.1110
vertex 5.4213 35.9150 3.1110
endloop
endfacet
facet normal -0.376487 0.288889 0.880228
outer loop
vertex 4.7427 36.1219 2.7998
vertex 4.4454 35.7344 2.7998
vertex 4.9496 35.4433 3.1110
endloop
endfacet
facet normal -0.376487 0.288889 0.880228
outer loop
vertex 4.7427 36.1219 2.7998
vertex 4.9496 35.4433 3.1110
vertex 5.1544 35.7102 3.1110
endloop
endfacet
facet normal -0.438428 0.181603 0.880228
outer loop
vertex 4.4454 35.7344 2.7998
vertex 4.2585 35.2832 2.7998
vertex 4.8209 35.1325 3.1110
endloop
endfacet
facet normal -0.438428 0.181603 0.880228
outer loop
vertex 4.4454 35.7344 2.7998
vertex 4.8209 35.1325 3.1110
vertex 4.9496 35.4433 3.1110
endloop
endfacet
facet normal -0.470492 0.061941 0.880228
outer loop
vertex 4.2585 35.2832 2.7998
vertex 4.1948 34.7990 2.7998
vertex 4.7770 34.7990 3.1110
endloop
endfacet
facet normal -0.470492 0.061941 0.880228
outer loop
vertex 4.2585 35.2832 2.7998
vertex 4.7770 34.7990 3.1110
vertex 4.8209 35.1325 3.1110
endloop
endfacet
facet normal -0.470492 -0.061941 0.880228
outer loop
vertex 4.1948 34.7990 2.7998
vertex 4.2585 34.3148 2.7998
vertex 4.8209 34.4655 3.1110
endloop
endfacet
facet normal -0.470492 -0.061941 0.880228
outer loop
vertex 4.1948 34.7990 2.7998
vertex 4.8209 34.4655 3.1110
vertex 4.7770 34.7990 3.1110
endloop
endfacet
facet normal -0.438428 -0.181603 0.880228
outer loop
vertex 4.2585 34.3148 2.7998
vertex 4.4454 33.8636 2.7998
vertex 4.9496 34.1547 3.1110
endloop
endfacet
facet normal -0.438428 -0.181603 0.880228
outer loop
vertex 4.2585 34.3148 2.7998
vertex 4.9496 34.1547 3.1110
vertex 4.8209 34.4655 3.1110
endloop
endfacet
facet normal -0.376487 -0.288889 0.880228
outer loop
vertex 4.4454 33.8636 2.7998
vertex 4.7427 33.4762 2.7998
vertex 5.1544 33.8878 3.1110
endloop
endfacet
facet normal -0.376487 -0.288889 0.880228
outer loop
vertex 4.4454 33.8636 2.7998
vertex 5.1544 33.8878 3.1110
vertex 4.9496 34.1547 3.1110
endloop
endfacet
facet normal -0.288889 -0.376487 0.880228
outer loop
vertex 4.7427 33.4762 2.7998
vertex 5.1302 33.1789 2.7998
vertex 5.4213 33.6831 3.1110
endloop
endfacet
facet normal -0.288889 -0.376487 0.880228
outer loop
vertex 4.7427 33.4762 2.7998
vertex 5.4213 33.6831 3.1110
vertex 5.1544 33.8878 3.1110
endloop
endfacet
facet normal -0.181603 -0.438428 0.880228
outer loop
vertex 5.1302 33.1789 2.7998
vertex 5.5814 32.9920 2.7998
vertex 5.7320 33.5543 3.1110
endloop
endfacet
facet normal -0.181603 -0.438428 0.880228
outer loop
vertex 5.1302 33.1789 2.7998
vertex 5.7320 33.5543 3.1110
vertex 5.4213 33.6831 3.1110
endloop
endfacet
facet normal -0.061941 -0.470492 0.880228
outer loop
vertex 5.5814 32.9920 2.7998
vertex 6.0656 32.9283 2.7998
vertex 6.0656 33.5104 3.1110
endloop
endfacet
facet normal -0.061941 -0.470492 0.880228
outer loop
vertex 5.5814 32.9920 2.7998
vertex 6.0656 33.5104 3.1110
vertex 5.7320 33.5543 3.1110
endloop
endfacet
facet normal 0.061941 -0.470492 0.880228
outer loop
vertex 6.0656 32.9283 2.7998
vertex 6.5497 32.9920 2.7998
vertex 6.3991 33.5543 3.1110
endloop
endfacet
facet normal 0.061941 -0.470492 0.880228
outer loop
vertex 6.0656 32.9283 2.7998
vertex 6.3991 33.5543 3.1110
vertex 6.0656 33.5104 3.1110
endloop
endfacet
facet normal 0.181603 -0.438428 0.880228
outer loop
vertex 6.5497 32.9920 2.7998
vertex 7.0009 33.1789 2.7998
vertex 6.7099 33.6831 3.1110
endloop
endfacet
facet normal 0.181603 -0.438428 0.880228
outer loop
vertex 6.5497 32.9920 2.7998
vertex 6.7099 33.6831 3.1110
vertex 6.3991 33.5543 3.1110
endloop
endfacet
facet normal 0.288889 -0.376487 0.880228
outer loop
vertex 7.0009 33.1789 2.7998
vertex 7.3884 33.4762 2.7998
vertex 6.9767 33.8878 3.1110
endloop
endfacet
facet normal 0.288889 -0.376487 0.880228
outer loop
vertex 7.0009 33.1789 2.7998
vertex 6.9767 33.8878 3.1110
vertex 6.7099 33.6831 3.1110
endloop
endfacet
facet normal 0.376487 -0.288889 0.880228
outer loop
vertex 7.3884 33.4762 2.7998
vertex 7.6857 33.8636 2.7998
vertex 7.1815 34.1547 3.1110
endloop
endfacet
facet normal 0.376487 -0.288889 0.880228
outer loop
vertex 7.3884 33.4762 2.7998
vertex 7.1815 34.1547 3.1110
vertex 6.9767 33.8878 3.1110
endloop
endfacet
facet normal 0.438428 -0.181603 0.880228
outer loop
vertex 7.6857 33.8636 2.7998
vertex 7.8726 34.3148 2.7998
vertex 7.3102 34.4655 3.1110
endloop
endfacet
facet normal 0.438428 -0.181603 0.880228
outer loop
vertex 7.6857 33.8636 2.7998
vertex 7.3102 34.4655 3.1110
vertex 7.1815 34.1547 3.1110
endloop
endfacet
facet normal 0.470492 -0.061941 0.880228
outer loop
vertex 7.8726 34.3148 2.7998
vertex 7.9363 34.7990 2.7998
vertex 7.3542 34.7990 3.1110
endloop
endfacet
facet normal 0.470492 -0.061941 0.880228
outer loop
vertex 7.8726 34.3148 2.7998
vertex 7.3542 34.7990 3.1110
vertex 7.3102 34.4655 3.1110
endloop
endfacet
facet normal 0.290073 0.038189 0.956242
outer loop
vertex 7.3542 34.7990 3.1110
vertex 7.3102 35.1325 3.1110
vertex 6.7001 34.9691 3.3026
endloop
endfacet
facet normal 0.290073 0.038189 0.956242
outer loop
vertex 7.3542 34.7990 3.1110
vertex 6.7001 34.9691 3.3026
vertex 6.7225 34.7990 3.3026
endloop
endfacet
facet normal 0.270305 0.111964 0.956242
outer loop
vertex 7.3102 35.1325 3.1110
vertex 7.1815 35.4433 3.1110
vertex 6.6345 35.1275 3.3026
endloop
endfacet
facet normal 0.270305 0.111964 0.956242
outer loop
vertex 7.3102 35.1325 3.1110
vertex 6.6345 35.1275 3.3026
vertex 6.7001 34.9691 3.3026
endloop
endfacet
facet normal 0.232116 0.178109 0.956242
outer loop
vertex 7.1815 35.4433 3.1110
vertex 6.9767 35.7102 3.1110
vertex 6.5301 35.2635 3.3026
endloop
endfacet
facet normal 0.232116 0.178109 0.956242
outer loop
vertex 7.1815 35.4433 3.1110
vertex 6.5301 35.2635 3.3026
vertex 6.6345 35.1275 3.3026
endloop
endfacet
facet normal 0.178109 0.232116 0.956242
outer loop
vertex 6.9767 35.7102 3.1110
vertex 6.7099 35.9150 3.1110
vertex 6.3940 35.3679 3.3026
endloop
endfacet
facet normal 0.178109 0.232116 0.956242
outer loop
vertex 6.9767 35.7102 3.1110
vertex 6.3940 35.3679 3.3026
vertex 6.5301 35.2635 3.3026
endloop
endfacet
facet normal 0.111964 0.270305 0.956242
outer loop
vertex 6.7099 35.9150 3.1110
vertex 6.3991 36.0437 3.1110
vertex 6.2356 35.4336 3.3026
endloop
endfacet
facet normal 0.111964 0.270305 0.956242
outer loop
vertex 6.7099 35.9150 3.1110
vertex 6.2356 35.4336 3.3026
vertex 6.3940 35.3679 3.3026
endloop
endfacet
facet normal 0.038189 0.290073 0.956242
outer loop
vertex 6.3991 36.0437 3.1110
vertex 6.0656 36.0876 3.1110
vertex 6.0656 35.4560 3.3026
endloop
endfacet
facet normal 0.038189 0.290073 0.956242
outer loop
vertex 6.3991 36.0437 3.1110
vertex 6.0656 35.4560 3.3026
vertex 6.2356 35.4336 3.3026
endloop
endfacet
facet normal -0.038189 0.290073 0.956242
outer loop
vertex 6.0656 36.0876 3.1110
vertex 5.7320 36.0437 3.1110
vertex 5.8955 35.4336 3.3026
endloop
endfacet
facet normal -0.038189 0.290073 0.956242
outer loop
vertex 6.0656 36.0876 3.1110
vertex 5.8955 35.4336 3.3026
vertex 6.0656 35.4560 3.3026
endloop
endfacet
facet normal -0.111964 0.270305 0.956242
outer loop
vertex 5.7320 36.0437 3.1110
vertex 5.4213 35.9150 3.1110
vertex 5.7371 35.3679 3.3026
endloop
endfacet
facet normal -0.111964 0.270305 0.956242
outer loop
vertex 5.7320 36.0437 3.1110
vertex 5.7371 35.3679 3.3026
vertex 5.8955 35.4336 3.3026
endloop
endfacet
facet normal -0.178109 0.232116 0.956242
outer loop
vertex 5.4213 35.9150 3.1110
vertex 5.1544 35.7102 3.1110
vertex 5.6010 35.2635 3.3026
endloop
endfacet
facet normal -0.178109 0.232116 0.956242
outer loop
vertex 5.4213 35.9150 3.1110
vertex 5.6010 35.2635 3.3026
vertex 5.7371 35.3679 3.3026
endloop
endfacet
facet normal -0.232116 0.178109 0.956242
outer loop
vertex 5.1544 35.7102 3.1110
vertex 4.9496 35.4433 3.1110
vertex 5.4966 35.1275 3.3026
endloop
endfacet
facet normal -0.232116 0.178109 0.956242
outer loop
vertex 5.1544 35.7102 3.1110
vertex 5.4966 35.1275 3.3026
vertex 5.6010 35.2635 3.3026
endloop
endfacet
facet normal -0.270305 0.111964 0.956242
outer loop
vertex 4.9496 35.4433 3.1110
vertex 4.8209 35.1325 3.1110
vertex 5.4310 34.9691 3.3026
endloop
endfacet
facet normal -0.270305 0.111964 0.956242
outer loop
vertex 4.9496 35.4433 3.1110
vertex 5.4310 34.9691 3.3026
vertex 5.4966 35.1275 3.3026
endloop
endfacet
facet normal -0.290073 0.038189 0.956242
outer loop
vertex 4.8209 35.1325 3.1110
vertex 4.7770 34.7990 3.1110
vertex 5.4086 34.7990 3.3026
endloop
endfacet
facet normal -0.290073 0.038189 0.956242
outer loop
vertex 4.8209 35.1325 3.1110
vertex 5.4086 34.7990 3.3026
vertex 5.4310 34.9691 3.3026
endloop
endfacet
facet normal -0.290073 -0.038189 0.956242
outer loop
vertex 4.7770 34.7990 3.1110
vertex 4.8209 34.4655 3.1110
vertex 5.4310 34.6290 3.3026
endloop
endfacet
facet normal -0.290073 -0.038189 0.956242
outer loop
vertex 4.7770 34.7990 3.1110
vertex 5.4310 34.6290 3.3026
vertex 5.4086 34.7990 3.3026
endloop
endfacet
facet normal -0.270305 -0.111964 0.956242
outer loop
vertex 4.8209 34.4655 3.1110
vertex 4.9496 34.1547 3.1110
vertex 5.4966 34.4706 3.3026
endloop
endfacet
facet normal -0.270305 -0.111964 0.956242
outer loop
vertex 4.8209 34.4655 3.1110
vertex 5.4966 34.4706 3.3026
vertex 5.4310 34.6290 3.3026
endloop
endfacet
facet normal -0.232116 -0.178109 0.956242
outer loop
vertex 4.9496 34.1547 3.1110
vertex 5.1544 33.8878 3.1110
vertex 5.6010 34.3345 3.3026
endloop
endfacet
facet normal -0.232116 -0.178109 0.956242
outer loop
vertex 4.9496 34.1547 3.1110
vertex 5.6010 34.3345 3.3026
vertex 5.4966 34.4706 3.3026
endloop
endfacet
facet normal -0.178109 -0.232116 0.956242
outer loop
vertex 5.1544 33.8878 3.1110
vertex 5.4213 33.6831 3.1110
vertex 5.7371 34.2301 3.3026
endloop
endfacet
facet normal -0.178109 -0.232116 0.956242
outer loop
vertex 5.1544 33.8878 3.1110
vertex 5.7371 34.2301 3.3026
vertex 5.6010 34.3345 3.3026
endloop
endfacet
facet normal -0.111964 -0.270305 0.956242
outer loop
vertex 5.4213 33.6831 3.1110
vertex 5.7320 33.5543 3.1110
vertex 5.8955 34.1645 3.3026
endloop
endfacet
facet normal -0.111964 -0.270305 0.956242
outer loop
vertex 5.4213 33.6831 3.1110
vertex 5.8955 34.1645 3.3026
vertex 5.7371 34.2301 3.3026
endloop
endfacet
facet normal -0.038189 -0.290073 0.956242
outer loop
vertex 5.7320 33.5543 3.1110
vertex 6.0656 33.5104 3.1110
vertex 6.0656 34.1421 3.3026
endloop
endfacet
facet normal -0.038189 -0.290073 0.956242
outer loop
vertex 5.7320 33.5543 3.1110
vertex 6.0656 34.1421 3.3026
vertex 5.8955 34.1645 3.3026
endloop
endfacet
facet normal 0.038189 -0.290073 0.956242
outer loop
vertex 6.0656 33.5104 3.1110
vertex 6.3991 33.5543 3.1110
vertex 6.2356 34.1645 3.3026
endloop
endfacet
facet normal 0.038189 -0.290073 0.956242
outer loop
vertex 6.0656 33.5104 3.1110
vertex 6.2356 34.1645 3.3026
vertex 6.0656 34.1421 3.3026
endloop
endfacet
facet normal 0.111964 -0.270305 0.956242
outer loop
vertex 6.3991 33.5543 3.1110
vertex 6.7099 33.6831 3.1110
vertex 6.3940 34.2301 3.3026
endloop
endfacet
facet normal 0.111964 -0.270305 0.956242
outer loop
vertex 6.3991 33.5543 3.1110
vertex 6.3940 34.2301 3.3026
vertex 6.2356 34.1645 3.3026
endloop
endfacet
facet normal 0.178109 -0.232116 0.956242
outer loop
vertex 6.7099 33.6831 3.1110
vertex 6.9767 33.8878 3.1110
vertex 6.5301 34.3345 3.3026
endloop
endfacet
facet normal 0.178109 -0.232116 0.956242
outer loop
vertex 6.7099 33.6831 3.1110
vertex 6.5301 34.3345 3.3026
vertex 6.3940 34.2301 3.3026
endloop
endfacet
facet normal 0.232116 -0.178109 0.956242
outer loop
vertex 6.9767 33.8878 3.1110
vertex 7.1815 34.1547 3.1110
vertex 6.6345 34.4706 3.3026
endloop
endfacet
facet normal 0.232116 -0.178109 0.956242
outer loop
vertex 6.9767 33.8878 3.1110
vertex 6.6345 34.4706 3.3026
vertex 6.5301 34.3345 3.3026
endloop
endfacet
facet normal 0.270305 -0.111964 0.956242
outer loop
vertex 7.1815 34.1547 3.1110
vertex 7.3102 34.4655 3.1110
vertex 6.7001 34.6290 3.3026
endloop
endfacet
facet normal 0.270305 -0.111964 0.956242
outer loop
vertex 7.1815 34.1547 3.1110
vertex 6.7001 34.6290 3.3026
vertex 6.6345 34.4706 3.3026
endloop
endfacet
facet normal 0.290073 -0.038189 0.956242
outer loop
vertex 7.3102 34.4655 3.1110
vertex 7.3542 34.7990 3.1110
vertex 6.7225 34.7990 3.3026
endloop
endfacet
facet normal 0.290073 -0.038189 0.956242
outer loop
vertex 7.3102 34.4655 3.1110
vertex 6.7225 34.7990 3.3026
vertex 6.7001 34.6290 3.3026
endloop
endfacet
facet normal 0.098009 0.012903 0.995102
outer loop
vertex 6.7225 34.7990 3.3026
vertex 6.7001 34.9691 3.3026
vertex 6.0656 34.7990 3.3673
endloop
endfacet
facet normal 0.091330 0.037830 0.995102
outer loop
vertex 6.7001 34.9691 3.3026
vertex 6.6345 35.1275 3.3026
vertex 6.0656 34.7990 3.3673
endloop
endfacet
facet normal 0.078427 0.060179 0.995102
outer loop
vertex 6.6345 35.1275 3.3026
vertex 6.5301 35.2635 3.3026
vertex 6.0656 34.7990 3.3673
endloop
endfacet
facet normal 0.060179 0.078427 0.995102
outer loop
vertex 6.5301 35.2635 3.3026
vertex 6.3940 35.3679 3.3026
vertex 6.0656 34.7990 3.3673
endloop
endfacet
facet normal 0.037830 0.091330 0.995102
outer loop
vertex 6.3940 35.3679 3.3026
vertex 6.2356 35.4336 3.3026
vertex 6.0656 34.7990 3.3673
endloop
endfacet
facet normal 0.012903 0.098009 0.995102
outer loop
vertex 6.2356 35.4336 3.3026
vertex 6.0656 35.4560 3.3026
vertex 6.0656 34.7990 3.3673
endloop
endfacet
facet normal -0.012903 0.098009 0.995102
outer loop
vertex 6.0656 35.4560 3.3026
vertex 5.8955 35.4336 3.3026
vertex 6.0656 34.7990 3.3673
endloop
endfacet
facet normal -0.037830 0.091330 0.995102
outer loop
vertex 5.8955 35.4336 3.3026
vertex 5.7371 35.3679 3.3026
vertex 6.0656 34.7990 3.3673
endloop
endfacet
facet normal -0.060179 0.078427 0.995102
outer loop
vertex 5.7371 35.3679 3.3026
vertex 5.6010 35.2635 3.3026
vertex 6.0656 34.7990 3.3673
endloop
endfacet
facet normal -0.078427 0.060179 0.995102
outer loop
vertex 5.6010 35.2635 3.3026
vertex 5.4966 35.1275 3.3026
vertex 6.0656 34.7990 3.3673
endloop
endfacet
facet normal -0.091330 0.037830 0.995102
outer loop
vertex 5.4966 35.1275 3.3026
vertex 5.4310 34.9691 3.3026
vertex 6.0656 34.7990 3.3673
endloop
endfacet
facet normal -0.098009 0.012903 0.995102
outer loop
vertex 5.4310 34.9691 3.3026
vertex 5.4086 34.7990 3.3026
vertex 6.0656 34.7990 3.3673
endloop
endfacet
facet normal -0.098009 -0.012903 0.995102
outer loop
vertex 5.4086 34.7990 3.3026
vertex 5.4310 34.6290 3.3026
vertex 6.0656 34.7990 3.3673
endloop
endfacet
facet normal -0.091330 -0.037830 0.995102
outer loop
vertex 5.4310 34.6290 3.3026
vertex 5.4966 34.4706 3.3026
vertex 6.0656 34.7990 3.3673
endloop
endfacet
facet normal -0.078427 -0.060179 0.995102
outer loop
vertex 5.4966 34.4706 3.3026
vertex 5.6010 34.3345 3.3026
vertex 6.0656 34.7990 3.3673
endloop
endfacet
facet normal -0.060179 -0.078427 0.995102
outer loop
vertex 5.6010 34.3345 3.3026
vertex 5.7371 34.2301 3.3026
vertex 6.0656 34.7990 3.3673
endloop
endfacet
facet normal -0.037830 -0.091330 0.995102
outer loop
vertex 5.7371 34.2301 3.3026
vertex 5.8955 34.1645 3.3026
vertex 6.0656 34.7990 3.3673
endloop
endfacet
facet normal -0.012903 -0.098009 0.995102
outer loop
vertex 5.8955 34.1645 3.3026
vertex 6.0656 34.1421 3.3026
vertex 6.0656 34.7990 3.3673
endloop
endfacet
facet normal 0.012903 -0.098009 0.995102
outer loop
vertex 6.0656 34.1421 3.3026
vertex 6.2356 34.1645 3.3026
vertex 6.0656 34.7990 3.3673
endloop
endfacet
facet normal 0.037830 -0.091330 0.995102
outer loop
vertex 6.2356 34.1645 3.3026
vertex 6.3940 34.2301 3.3026
vertex 6.0656 34.7990 3.3673
endloop
endfacet
facet normal 0.060179 -0.078427 0.995102
outer loop
vertex 6.3940 34.2301 3.3026
vertex 6.5301 34.3345 3.3026
vertex 6.0656 34.7990 3.3673
endloop
endfacet
facet normal 0.078427 -0.060179 0.995102
outer loop
vertex 6.5301 34.3345 3.3026
vertex 6.6345 34.4706 3.3026
vertex 6.0656 34.7990 3.3673
endloop
endfacet
facet normal 0.091330 -0.037830 0.995102
outer loop
vertex 6.6345 34.4706 3.3026
vertex 6.7001 34.6290 3.3026
vertex 6.0656 34.7990 3.3673
endloop
endfacet
facet normal 0.098009 -0.012903 0.995102
outer loop
vertex 6.7001 34.6290 3.3026
vertex 6.7225 34.7990 3.3026
vertex 6.0656 34.7990 3.3673
endloop
endfacet
facet normal 0.000000 0.000000 -1.000000
outer loop
vertex 3.0987 -38.7231 0.0000
vertex 3.0987 -32.9117 0.0000
vertex 9.9742 -32.9117 0.0000
endloop
endfacet
facet normal 0.000000 0.000000 -1.000000
outer loop
vertex 3.0987 -38.7231 0.0000
vertex 9.9742 -32.9117 0.0000
vertex 9.9742 -38.7231 0.0000
endloop
endfacet
facet normal 0.000000 0.000000 1.000000
outer loop
vertex 3.0987 -38.7231 19.5580
vertex 9.9742 -38.7231 19.5580
vertex 9.9742 -32.9117 19.5580
endloop
endfacet
facet normal 0.000000 0.000000 1.000000
outer loop
vertex 3.0987 -38.7231 19.5580
vertex 9.9742 -32.9117 19.5580
vertex 3.0987 -32.9117 19.5580
endloop
endfacet
facet normal 0.000000 -1.000000 0.000000
outer loop
vertex 3.0987 -38.7231 0.0000
vertex 9.9742 -38.7231 0.0000
vertex 9.9742 -38.7231 19.5580
endloop
endfacet
facet normal 0.000000 -1.000000 0.000000
outer loop
vertex 3.0987 -38.7231 0.0000
vertex 9.9742 -38.7231 19.5580
vertex 3.0987 -38.7231 19.5580
endloop
endfacet
facet normal 1.000000 0.000000 0.000000
outer loop
vertex 9.9742 -38.7231 0.0000
vertex 9.9742 -32.9117 0.0000
vertex 9.9742 -32.9117 19.5580
endloop
endfacet
facet normal 1.000000 0.000000 0.000000
outer loop
vertex 9.9742 -38.7231 0.0000
vertex 9.9742 -32.9117 19.5580
vertex 9.9742 -38.7231 19.5580
endloop
endfacet
facet normal 0.000000 1.000000 0.000000
outer loop
vertex 9.9742 -32.9117 0.0000
vertex 3.0987 -32.9117 0.0000
vertex 3.0987 -32.9117 19.5580
endloop
endfacet
facet normal 0.000000 1.000000 -0.000000
outer loop
vertex 9.9742 -32.9117 0.0000
vertex 3.0987 -32.9117 19.5580
vertex 9.9742 -32.9117 19.5580
endloop
endfacet
facet normal -1.000000 0.000000 0.000000
outer loop
vertex 3.0987 -32.9117 0.0000
vertex 3.0987 -38.7231 0.0000
vertex 3.0987 -38.7231 19.5580
endloop
endfacet
facet normal -1.000000 0.000000 0.000000
outer loop
vertex 3.0987 -32.9117 0.0000
vertex 3.0987 -38.7231 19.5580
vertex 3.0987 -32.9117 19.5580
endloop
endfacet
facet normal 0.000000 0.000000 -1.000000
outer loop
vertex 9.7817 -16.1613 0.0000
vertex 9.7817 -9.6343 0.0000
vertex 16.2532 -9.6343 0.0000
endloop
endfacet
facet normal 0.000000 0.000000 -1.000000
outer loop
vertex 9.7817 -16.1613 0.0000
vertex 16.2532 -9.6343 0.0000
vertex 16.2532 -16.1613 0.0000
endloop
endfacet
facet normal 0.000000 0.000000 1.000000
outer loop
vertex 9.7817 -16.1613 5.4114
vertex 16.2532 -16.1613 5.4114
vertex 16.2532 -9.6343 5.4114
endloop
endfacet
facet normal 0.000000 0.000000 1.000000
outer loop
vertex 9.7817 -16.1613 5.4114
vertex 16.2532 -9.6343 5.4114
vertex 9.7817 -9.6343 5.4114
endloop
endfacet
facet normal 0.000000 -1.000000 0.000000
outer loop
vertex 9.7817 -16.1613 0.0000
vertex 16.2532 -16.1613 0.0000
vertex 16.2532 -16.1613 5.4114
endloop
endfacet
facet normal 0.000000 -1.000000 0.000000
outer loop
vertex 9.7817 -16.1613 0.0000
vertex 16.2532 -16.1613 5.4114
vertex 9.7817 -16.1613 5.4114
endloop
endfacet
facet normal 1.000000 0.000000 0.000000
outer loop
vertex 16.2532 -16.1613 0.0000
vertex 16.2532 -9.6343 0.0000
vertex 16.2532 -9.6343 5.4114
endloop
endfacet
facet normal 1.000000 0.000000 0.000000
outer loop
vertex 16.2532 -16.1613 0.0000
vertex 16.2532 -9.6343 5.4114
vertex 16.2532 -16.1613 5.4114
endloop
endfacet
facet normal 0.000000 1.000000 0.000000
outer loop
vertex 16.2532 -9.6343 0.0000
vertex 9.7817 -9.6343 0.0000
vertex 9.7817 -9.6343 5.4114
endloop
endfacet
facet normal 0.000000 1.000000 -0.000000
outer loop
vertex 16.2532 -9.6343 0.0000
vertex 9.7817 -9.6343 5.4114
vertex 16.2532 -9.6343 5.4114
endloop
endfacet
facet normal -1.000000 0.000000 0.000000
outer loop
vertex 9.7817 -9.6343 0.0000
vertex 9.7817 -16.1613 0.0000
vertex 9.7817 -16.1613 5.4114
endloop
endfacet
facet normal -1.000000 0.000000 0.000000
outer loop
vertex 9.7817 -9.6343 0.0000
vertex 9.7817 -16.1613 5.4114
vertex 9.7817 -9.6343 5.4114
endloop
endfacet
facet normal 0.986752 0.129908 0.097187
outer loop
vertex -15.0298 25.4791 0.0000
vertex -15.2193 26.9183 0.0000
vertex -15.3225 26.8907 1.0848
endloop
endfacet
facet normal 0.986752 0.129908 0.097187
outer loop
vertex -15.0298 25.4791 0.0000
vertex -15.3225 26.8907 1.0848
vertex -15.1366 25.4791 1.0848
endloop
endfacet
facet normal 0.919506 0.380872 0.097187
outer loop
vertex -15.2193 26.9183 0.0000
vertex -15.7748 28.2595 0.0000
vertex -15.8673 28.2060 1.0848
endloop
endfacet
facet normal 0.919506 0.380872 0.097187
outer loop
vertex -15.2193 26.9183 0.0000
vertex -15.8673 28.2060 1.0848
vertex -15.3225 26.8907 1.0848
endloop
endfacet
facet normal 0.789598 0.605880 0.097187
outer loop
vertex -15.7748 28.2595 0.0000
vertex -16.6585 29.4111 0.0000
vertex -16.7341 29.3356 1.0848
endloop
endfacet
facet normal 0.789598 0.605880 0.097187
outer loop
vertex -15.7748 28.2595 0.0000
vertex -16.7341 29.3356 1.0848
vertex -15.8673 28.2060 1.0848
endloop
endfacet
facet normal 0.605880 0.789598 0.097187
outer loop
vertex -16.6585 29.4111 0.0000
vertex -17.8102 30.2948 0.0000
vertex -17.8636 30.2023 1.0848
endloop
endfacet
facet normal 0.605880 0.789598 0.097187
outer loop
vertex -16.6585 29.4111 0.0000
vertex -17.8636 30.2023 1.0848
vertex -16.7341 29.3356 1.0848
endloop
endfacet
facet normal 0.380872 0.919506 0.097187
outer loop
vertex -17.8102 30.2948 0.0000
vertex -19.1513 30.8504 0.0000
vertex -19.1790 30.7471 1.0848
endloop
endfacet
facet normal 0.380872 0.919506 0.097187
outer loop
vertex -17.8102 30.2948 0.0000
vertex -19.1790 30.7471 1.0848
vertex -17.8636 30.2023 1.0848
endloop
endfacet
facet normal 0.129908 0.986752 0.097187
outer loop
vertex -19.1513 30.8504 0.0000
vertex -20.5905 31.0398 0.0000
vertex -20.5905 30.9330 1.0848
endloop
endfacet
facet normal 0.129908 0.986752 0.097187
outer loop
vertex -19.1513 30.8504 0.0000
vertex -20.5905 30.9330 1.0848
vertex -19.1790 30.7471 1.0848
endloop
endfacet
facet normal -0.129908 0.986752 0.097187
outer loop
vertex -20.5905 31.0398 0.0000
vertex -22.0297 30.8504 0.0000
vertex -22.0021 30.7471 1.0848
endloop
endfacet
facet normal -0.129908 0.986752 0.097187
outer loop
vertex -20.5905 31.0398 0.0000
vertex -22.0021 30.7471 1.0848
vertex -20.5905 30.9330 1.0848
endloop
endfacet
facet normal -0.380872 0.919506 0.097187
outer loop
vertex -22.0297 30.8504 0.0000
vertex -23.3709 30.2948 0.0000
vertex -23.3175 30.2023 1.0848
endloop
endfacet
facet normal -0.380872 0.919506 0.097187
outer loop
vertex -22.0297 30.8504 0.0000
vertex -23.3175 30.2023 1.0848
vertex -22.0021 30.7471 1.0848
endloop
endfacet
facet normal -0.605880 0.789598 0.097187
outer loop
vertex -23.3709 30.2948 0.0000
vertex -24.5225 29.4111 0.0000
vertex -24.4470 29.3356 1.0848
endloop
endfacet
facet normal -0.605880 0.789598 0.097187
outer loop
vertex -23.3709 30.2948 0.0000
vertex -24.4470 29.3356 1.0848
vertex -23.3175 30.2023 1.0848
endloop
endfacet
facet normal -0.789598 0.605880 0.097187
outer loop
vertex -24.5225 29.4111 0.0000
vertex -25.4062 28.2595 0.0000
vertex -25.3137 28.2060 1.0848
endloop
endfacet
facet normal -0.789598 0.605880 0.097187
outer loop
vertex -24.5225 29.4111 0.0000
vertex -25.3137 28.2060 1.0848
vertex -24.4470 29.3356 1.0848
endloop
endfacet
facet normal -0.919506 0.380872 0.097187
outer loop
vertex -25.4062 28.2595 0.0000
vertex -25.9618 26.9183 0.0000
vertex -25.8586 26.8907 1.0848
endloop
endfacet
facet normal -0.919506 0.380872 0.097187
outer loop
vertex -25.4062 28.2595 0.0000
vertex -25.8586 26.8907 1.0848
vertex -25.3137 28.2060 1.0848
endloop
endfacet
facet normal -0.986752 0.129908 0.097187
outer loop
vertex -25.9618 26.9183 0.0000
vertex -26.1512 25.4791 0.0000
vertex -26.0444 25.4791 1.0848
endloop
endfacet
facet normal -0.986752 0.129908 0.097187
outer loop
vertex -25.9618 26.9183 0.0000
vertex -26.0444 25.4791 1.0848
vertex -25.8586 26.8907 1.0848
endloop
endfacet
facet normal -0.986752 -0.129908 0.097187
outer loop
vertex -26.1512 25.4791 0.0000
vertex -25.9618 24.0399 0.0000
vertex -25.8586 24.0675 1.0848
endloop
endfacet
facet normal -0.986752 -0.129908 0.097187
outer loop
vertex -26.1512 25.4791 0.0000
vertex -25.8586 24.0675 1.0848
vertex -26.0444 25.4791 1.0848
endloop
endfacet
facet normal -0.919506 -0.380872 0.097187
outer loop
vertex -25.9618 24.0399 0.0000
vertex -25.4062 22.6988 0.0000
vertex -25.3137 22.7522 1.0848
endloop
endfacet
facet normal -0.919506 -0.380872 0.097187
outer loop
vertex -25.9618 24.0399 0.0000
vertex -25.3137 22.7522 1.0848
vertex -25.8586 24.0675 1.0848
endloop
endfacet
facet normal -0.789598 -0.605880 0.097187
outer loop
vertex -25.4062 22.6988 0.0000
vertex -24.5225 21.5471 0.0000
vertex -24.4470 21.6226 1.0848
endloop
endfacet
facet normal -0.789598 -0.605880 0.097187
outer loop
vertex -25.4062 22.6988 0.0000
vertex -24.4470 21.6226 1.0848
vertex -25.3137 22.7522 1.0848
endloop
endfacet
facet normal -0.605880 -0.789598 0.097187
outer loop
vertex -24.5225 21.5471 0.0000
vertex -23.3709 20.6634 0.0000
vertex -23.3175 20.7559 1.0848
endloop
endfacet
facet normal -0.605880 -0.789598 0.097187
outer loop
vertex -24.5225 21.5471 0.0000
vertex -23.3175 20.7559 1.0848
vertex -24.4470 21.6226 1.0848
endloop
endfacet
facet normal -0.380872 -0.919506 0.097187
outer loop
vertex -23.3709 20.6634 0.0000
vertex -22.0297 20.1079 0.0000
vertex -22.0021 20.2111 1.0848
endloop
endfacet
facet normal -0.380872 -0.919506 0.097187
outer loop
vertex -23.3709 20.6634 0.0000
vertex -22.0021 20.2111 1.0848
vertex -23.3175 20.7559 1.0848
endloop
endfacet
facet normal -0.129908 -0.986752 0.097187
outer loop
vertex -22.0297 20.1079 0.0000
vertex -20.5905 19.9184 0.0000
vertex -20.5905 20.0252 1.0848
endloop
endfacet
facet normal -0.129908 -0.986752 0.097187
outer loop
vertex -22.0297 20.1079 0.0000
vertex -20.5905 20.0252 1.0848
vertex -22.0021 20.2111 1.0848
endloop
endfacet
facet normal 0.129908 -0.986752 0.097187
outer loop
vertex -20.5905 19.9184 0.0000
vertex -19.1513 20.1079 0.0000
vertex -19.1790 20.2111 1.0848
endloop
endfacet
facet normal 0.129908 -0.986752 0.097187
outer loop
vertex -20.5905 19.9184 0.0000
vertex -19.1790 20.2111 1.0848
vertex -20.5905 20.0252 1.0848
endloop
endfacet
facet normal 0.380872 -0.919506 0.097187
outer loop
vertex -19.1513 20.1079 0.0000
vertex -17.8102 20.6634 0.0000
vertex -17.8636 20.7559 1.0848
endloop
endfacet
facet normal 0.380872 -0.919506 0.097187
outer loop
vertex -19.1513 20.1079 0.0000
vertex -17.8636 20.7559 1.0848
vertex -19.1790 20.2111 1.0848
endloop
endfacet
facet normal 0.605880 -0.789598 0.097187
outer loop
vertex -17.8102 20.6634 0.0000
vertex -16.6585 21.5471 0.0000
vertex -16.7341 21.6226 1.0848
endloop
endfacet
facet normal 0.605880 -0.789598 0.097187
outer loop
vertex -17.8102 20.6634 0.0000
vertex -16.7341 21.6226 1.0848
vertex -17.8636 20.7559 1.0848
endloop
endfacet
facet normal 0.789598 -0.605880 0.097187
outer loop
vertex -16.6585 21.5471 0.0000
vertex -15.7748 22.6988 0.0000
vertex -15.8673 22.7522 1.0848
endloop
endfacet
facet normal 0.789598 -0.605880 0.097187
outer loop
vertex -16.6585 21.5471 0.0000
vertex -15.8673 22.7522 1.0848
vertex -16.7341 21.6226 1.0848
endloop
endfacet
facet normal 0.919506 -0.380872 0.097187
outer loop
vertex -15.7748 22.6988 0.0000
vertex -15.2193 24.0399 0.0000
vertex -15.3225 24.0675 1.0848
endloop
endfacet
facet normal 0.919506 -0.380872 0.097187
outer loop
vertex -15.7748 22.6988 0.0000
vertex -15.3225 24.0675 1.0848
vertex -15.8673 22.7522 1.0848
endloop
endfacet
facet normal 0.986752 -0.129908 0.097187
outer loop
vertex -15.2193 24.0399 0.0000
vertex -15.0298 25.4791 0.0000
vertex -15.1366 25.4791 1.0848
endloop
endfacet
facet normal 0.986752 -0.129908 0.097187
outer loop
vertex -15.2193 24.0399 0.0000
vertex -15.1366 25.4791 1.0848
vertex -15.3225 24.0675 1.0848
endloop
endfacet
facet normal 0.949435 0.124996 0.288008
outer loop
vertex -15.1366 25.4791 1.0848
vertex -15.3225 26.8907 1.0848
vertex -15.6281 26.8088 2.1280
endloop
endfacet
facet normal 0.949435 0.124996 0.288008
outer loop
vertex -15.1366 25.4791 1.0848
vertex -15.6281 26.8088 2.1280
vertex -15.4531 25.4791 2.1280
endloop
endfacet
facet normal 0.884733 0.366468 0.288008
outer loop
vertex -15.3225 26.8907 1.0848
vertex -15.8673 28.2060 1.0848
vertex -16.1414 28.0478 2.1280
endloop
endfacet
facet normal 0.884733 0.366468 0.288008
outer loop
vertex -15.3225 26.8907 1.0848
vertex -16.1414 28.0478 2.1280
vertex -15.6281 26.8088 2.1280
endloop
endfacet
facet normal 0.759737 0.582967 0.288008
outer loop
vertex -15.8673 28.2060 1.0848
vertex -16.7341 29.3356 1.0848
vertex -16.9578 29.1118 2.1280
endloop
endfacet
facet normal 0.759737 0.582967 0.288008
outer loop
vertex -15.8673 28.2060 1.0848
vertex -16.9578 29.1118 2.1280
vertex -16.1414 28.0478 2.1280
endloop
endfacet
facet normal 0.582967 0.759737 0.288008
outer loop
vertex -16.7341 29.3356 1.0848
vertex -17.8636 30.2023 1.0848
vertex -18.0218 29.9283 2.1280
endloop
endfacet
facet normal 0.582967 0.759737 0.288008
outer loop
vertex -16.7341 29.3356 1.0848
vertex -18.0218 29.9283 2.1280
vertex -16.9578 29.1118 2.1280
endloop
endfacet
facet normal 0.366468 0.884733 0.288008
outer loop
vertex -17.8636 30.2023 1.0848
vertex -19.1790 30.7471 1.0848
vertex -19.2609 30.4415 2.1280
endloop
endfacet
facet normal 0.366468 0.884733 0.288008
outer loop
vertex -17.8636 30.2023 1.0848
vertex -19.2609 30.4415 2.1280
vertex -18.0218 29.9283 2.1280
endloop
endfacet
facet normal 0.124996 0.949435 0.288008
outer loop
vertex -19.1790 30.7471 1.0848
vertex -20.5905 30.9330 1.0848
vertex -20.5905 30.6165 2.1280
endloop
endfacet
facet normal 0.124996 0.949435 0.288008
outer loop
vertex -19.1790 30.7471 1.0848
vertex -20.5905 30.6165 2.1280
vertex -19.2609 30.4415 2.1280
endloop
endfacet
facet normal -0.124996 0.949435 0.288008
outer loop
vertex -20.5905 30.9330 1.0848
vertex -22.0021 30.7471 1.0848
vertex -21.9202 30.4415 2.1280
endloop
endfacet
facet normal -0.124996 0.949435 0.288008
outer loop
vertex -20.5905 30.9330 1.0848
vertex -21.9202 30.4415 2.1280
vertex -20.5905 30.6165 2.1280
endloop
endfacet
facet normal -0.366468 0.884733 0.288008
outer loop
vertex -22.0021 30.7471 1.0848
vertex -23.3175 30.2023 1.0848
vertex -23.1592 29.9283 2.1280
endloop
endfacet
facet normal -0.366468 0.884733 0.288008
outer loop
vertex -22.0021 30.7471 1.0848
vertex -23.1592 29.9283 2.1280
vertex -21.9202 30.4415 2.1280
endloop
endfacet
facet normal -0.582967 0.759737 0.288008
outer loop
vertex -23.3175 30.2023 1.0848
vertex -24.4470 29.3356 1.0848
vertex -24.2232 29.1118 2.1280
endloop
endfacet
facet normal -0.582967 0.759737 0.288008
outer loop
vertex -23.3175 30.2023 1.0848
vertex -24.2232 29.1118 2.1280
vertex -23.1592 29.9283 2.1280
endloop
endfacet
facet normal -0.759737 0.582967 0.288008
outer loop
vertex -24.4470 29.3356 1.0848
vertex -25.3137 28.2060 1.0848
vertex -25.0397 28.0478 2.1280
endloop
endfacet
facet normal -0.759737 0.582967 0.288008
outer loop
vertex -24.4470 29.3356 1.0848
vertex -25.0397 28.0478 2.1280
vertex -24.2232 29.1118 2.1280
endloop
endfacet
facet normal -0.884733 0.366468 0.288008
outer loop
vertex -25.3137 28.2060 1.0848
vertex -25.8586 26.8907 1.0848
vertex -25.5529 26.8088 2.1280
endloop
endfacet
facet normal -0.884733 0.366468 0.288008
outer loop
vertex -25.3137 28.2060 1.0848
vertex -25.5529 26.8088 2.1280
vertex -25.0397 28.0478 2.1280
endloop
endfacet
facet normal -0.949435 0.124996 0.288008
outer loop
vertex -25.8586 26.8907 1.0848
vertex -26.0444 25.4791 1.0848
vertex -25.7280 25.4791 2.1280
endloop
endfacet
facet normal -0.949435 0.124996 0.288008
outer loop
vertex -25.8586 26.8907 1.0848
vertex -25.7280 25.4791 2.1280
vertex -25.5529 26.8088 2.1280
endloop
endfacet
facet normal -0.949435 -0.124996 0.288008
outer loop
vertex -26.0444 25.4791 1.0848
vertex -25.8586 24.0675 1.0848
vertex -25.5529 24.1494 2.1280
endloop
endfacet
facet normal -0.949435 -0.124996 0.288008
outer loop
vertex -26.0444 25.4791 1.0848
vertex -25.5529 24.1494 2.1280
vertex -25.7280 25.4791 2.1280
endloop
endfacet
facet normal -0.884733 -0.366468 0.288008
outer loop
vertex -25.8586 24.0675 1.0848
vertex -25.3137 22.7522 1.0848
vertex -25.0397 22.9104 2.1280
endloop
endfacet
facet normal -0.884733 -0.366468 0.288008
outer loop
vertex -25.8586 24.0675 1.0848
vertex -25.0397 22.9104 2.1280
vertex -25.5529 24.1494 2.1280
endloop
endfacet
facet normal -0.759737 -0.582967 0.288008
outer loop
vertex -25.3137 22.7522 1.0848
vertex -24.4470 21.6226 1.0848
vertex -24.2232 21.8464 2.1280
endloop
endfacet
facet normal -0.759737 -0.582967 0.288008
outer loop
vertex -25.3137 22.7522 1.0848
vertex -24.2232 21.8464 2.1280
vertex -25.0397 22.9104 2.1280
endloop
endfacet
facet normal -0.582967 -0.759737 0.288008
outer loop
vertex -24.4470 21.6226 1.0848
vertex -23.3175 20.7559 1.0848
vertex -23.1592 21.0300 2.1280
endloop
endfacet
facet normal -0.582967 -0.759737 0.288008
outer loop
vertex -24.4470 21.6226 1.0848
vertex -23.1592 21.0300 2.1280
vertex -24.2232 21.8464 2.1280
endloop
endfacet
facet normal -0.366468 -0.884733 0.288008
outer loop
vertex -23.3175 20.7559 1.0848
vertex -22.0021 20.2111 1.0848
vertex -21.9202 20.5167 2.1280
endloop
endfacet
facet normal -0.366468 -0.884733 0.288008
outer loop
vertex -23.3175 20.7559 1.0848
vertex -21.9202 20.5167 2.1280
vertex -23.1592 21.0300 2.1280
endloop
endfacet
facet normal -0.124996 -0.949435 0.288008
outer loop
vertex -22.0021 20.2111 1.0848
vertex -20.5905 20.0252 1.0848
vertex -20.5905 20.3417 2.1280
endloop
endfacet
facet normal -0.124996 -0.949435 0.288008
outer loop
vertex -22.0021 20.2111 1.0848
vertex -20.5905 20.3417 2.1280
vertex -21.9202 20.5167 2.1280
endloop
endfacet
facet normal 0.124996 -0.949435 0.288008
outer loop
vertex -20.5905 20.0252 1.0848
vertex -19.1790 20.2111 1.0848
vertex -19.2609 20.5167 2.1280
endloop
endfacet
facet normal 0.124996 -0.949435 0.288008
outer loop
vertex -20.5905 20.0252 1.0848
vertex -19.2609 20.5167 2.1280
vertex -20.5905 20.3417 2.1280
endloop
endfacet
facet normal 0.366468 -0.884733 0.288008
outer loop
vertex -19.1790 20.2111 1.0848
vertex -17.8636 20.7559 1.0848
vertex -18.0218 21.0300 2.1280
endloop
endfacet
facet normal 0.366468 -0.884733 0.288008
outer loop
vertex -19.1790 20.2111 1.0848
vertex -18.0218 21.0300 2.1280
vertex -19.2609 20.5167 2.1280
endloop
endfacet
facet normal 0.582967 -0.759737 0.288008
outer loop
vertex -17.8636 20.7559 1.0848
vertex -16.7341 21.6226 1.0848
vertex -16.9578 21.8464 2.1280
endloop
endfacet
facet normal 0.582967 -0.759737 0.288008
outer loop
vertex -17.8636 20.7559 1.0848
vertex -16.9578 21.8464 2.1280
vertex -18.0218 21.0300 2.1280
endloop
endfacet
facet normal 0.759737 -0.582967 0.288008
outer loop
vertex -16.7341 21.6226 1.0848
vertex -15.8673 22.7522 1.0848
vertex -16.1414 22.9104 2.1280
endloop
endfacet
facet normal 0.759737 -0.582967 0.288008
outer loop
vertex -16.7341 21.6226 1.0848
vertex -16.1414 22.9104 2.1280
vertex -16.9578 21.8464 2.1280
endloop
endfacet
facet normal 0.884733 -0.366468 0.288008
outer loop
vertex -15.8673 22.7522 1.0848
vertex -15.3225 24.0675 1.0848
vertex -15.6281 24.1494 2.1280
endloop
endfacet
facet normal 0.884733 -0.366468 0.288008
outer loop
vertex -15.8673 22.7522 1.0848
vertex -15.6281 24.1494 2.1280
vertex -16.1414 22.9104 2.1280
endloop
endfacet
facet normal 0.949435 -0.124996 0.288008
outer loop
vertex -15.3225 24.0675 1.0848
vertex -15.1366 25.4791 1.0848
vertex -15.4531 25.4791 2.1280
endloop
endfacet
facet normal 0.949435 -0.124996 0.288008
outer loop
vertex -15.3225 24.0675 1.0848
vertex -15.4531 25.4791 2.1280
vertex -15.6281 24.1494 2.1280
endloop
endfacet
facet normal 0.876036 0.115332 0.468251
outer loop
vertex -15.4531 25.4791 2.1280
vertex -15.6281 26.8088 2.1280
vertex -16.1245 26.6758 3.0894
endloop
endfacet
facet normal 0.876036 0.115332 0.468251
outer loop
vertex -15.4531 25.4791 2.1280
vertex -16.1245 26.6758 3.0894
vertex -15.9670 25.4791 3.0894
endloop
endfacet
facet normal 0.816336 0.338137 0.468251
outer loop
vertex -15.6281 26.8088 2.1280
vertex -16.1414 28.0478 2.1280
vertex -16.5864 27.7909 3.0894
endloop
endfacet
facet normal 0.816336 0.338137 0.468251
outer loop
vertex -15.6281 26.8088 2.1280
vertex -16.5864 27.7909 3.0894
vertex -16.1245 26.6758 3.0894
endloop
endfacet
facet normal 0.701003 0.537899 0.468251
outer loop
vertex -16.1414 28.0478 2.1280
vertex -16.9578 29.1118 2.1280
vertex -17.3212 28.7485 3.0894
endloop
endfacet
facet normal 0.701003 0.537899 0.468251
outer loop
vertex -16.1414 28.0478 2.1280
vertex -17.3212 28.7485 3.0894
vertex -16.5864 27.7909 3.0894
endloop
endfacet
facet normal 0.537899 0.701003 0.468251
outer loop
vertex -16.9578 29.1118 2.1280
vertex -18.0218 29.9283 2.1280
vertex -18.2787 29.4832 3.0894
endloop
endfacet
facet normal 0.537899 0.701003 0.468251
outer loop
vertex -16.9578 29.1118 2.1280
vertex -18.2787 29.4832 3.0894
vertex -17.3212 28.7485 3.0894
endloop
endfacet
facet normal 0.338137 0.816336 0.468251
outer loop
vertex -18.0218 29.9283 2.1280
vertex -19.2609 30.4415 2.1280
vertex -19.3939 29.9451 3.0894
endloop
endfacet
facet normal 0.338137 0.816336 0.468251
outer loop
vertex -18.0218 29.9283 2.1280
vertex -19.3939 29.9451 3.0894
vertex -18.2787 29.4832 3.0894
endloop
endfacet
facet normal 0.115332 0.876036 0.468251
outer loop
vertex -19.2609 30.4415 2.1280
vertex -20.5905 30.6165 2.1280
vertex -20.5905 30.1027 3.0894
endloop
endfacet
facet normal 0.115332 0.876036 0.468251
outer loop
vertex -19.2609 30.4415 2.1280
vertex -20.5905 30.1027 3.0894
vertex -19.3939 29.9451 3.0894
endloop
endfacet
facet normal -0.115332 0.876036 0.468251
outer loop
vertex -20.5905 30.6165 2.1280
vertex -21.9202 30.4415 2.1280
vertex -21.7872 29.9451 3.0894
endloop
endfacet
facet normal -0.115332 0.876036 0.468251
outer loop
vertex -20.5905 30.6165 2.1280
vertex -21.7872 29.9451 3.0894
vertex -20.5905 30.1027 3.0894
endloop
endfacet
facet normal -0.338137 0.816336 0.468251
outer loop
vertex -21.9202 30.4415 2.1280
vertex -23.1592 29.9283 2.1280
vertex -22.9023 29.4832 3.0894
endloop
endfacet
facet normal -0.338137 0.816336 0.468251
outer loop
vertex -21.9202 30.4415 2.1280
vertex -22.9023 29.4832 3.0894
vertex -21.7872 29.9451 3.0894
endloop
endfacet
facet normal -0.537899 0.701003 0.468251
outer loop
vertex -23.1592 29.9283 2.1280
vertex -24.2232 29.1118 2.1280
vertex -23.8599 28.7485 3.0894
endloop
endfacet
facet normal -0.537899 0.701003 0.468251
outer loop
vertex -23.1592 29.9283 2.1280
vertex -23.8599 28.7485 3.0894
vertex -22.9023 29.4832 3.0894
endloop
endfacet
facet normal -0.701003 0.537899 0.468251
outer loop
vertex -24.2232 29.1118 2.1280
vertex -25.0397 28.0478 2.1280
vertex -24.5947 27.7909 3.0894
endloop
endfacet
facet normal -0.701003 0.537899 0.468251
outer loop
vertex -24.2232 29.1118 2.1280
vertex -24.5947 27.7909 3.0894
vertex -23.8599 28.7485 3.0894
endloop
endfacet
facet normal -0.816336 0.338137 0.468251
outer loop
vertex -25.0397 28.0478 2.1280
vertex -25.5529 26.8088 2.1280
vertex -25.0565 26.6758 3.0894
endloop
endfacet
facet normal -0.816336 0.338137 0.468251
outer loop
vertex -25.0397 28.0478 2.1280
vertex -25.0565 26.6758 3.0894
vertex -24.5947 27.7909 3.0894
endloop
endfacet
facet normal -0.876036 0.115332 0.468251
outer loop
vertex -25.5529 26.8088 2.1280
vertex -25.7280 25.4791 2.1280
vertex -25.2141 25.4791 3.0894
endloop
endfacet
facet normal -0.876036 0.115332 0.468251
outer loop
vertex -25.5529 26.8088 2.1280
vertex -25.2141 25.4791 3.0894
vertex -25.0565 26.6758 3.0894
endloop
endfacet
facet normal -0.876036 -0.115332 0.468251
outer loop
vertex -25.7280 25.4791 2.1280
vertex -25.5529 24.1494 2.1280
vertex -25.0565 24.2824 3.0894
endloop
endfacet
facet normal -0.876036 -0.115332 0.468251
outer loop
vertex -25.7280 25.4791 2.1280
vertex -25.0565 24.2824 3.0894
vertex -25.2141 25.4791 3.0894
endloop
endfacet
facet normal -0.816336 -0.338137 0.468251
outer loop
vertex -25.5529 24.1494 2.1280
vertex -25.0397 22.9104 2.1280
vertex -24.5947 23.1673 3.0894
endloop
endfacet
facet normal -0.816336 -0.338137 0.468251
outer loop
vertex -25.5529 24.1494 2.1280
vertex -24.5947 23.1673 3.0894
vertex -25.0565 24.2824 3.0894
endloop
endfacet
facet normal -0.701003 -0.537899 0.468251
outer loop
vertex -25.0397 22.9104 2.1280
vertex -24.2232 21.8464 2.1280
vertex -23.8599 22.2098 3.0894
endloop
endfacet
facet normal -0.701003 -0.537899 0.468251
outer loop
vertex -25.0397 22.9104 2.1280
vertex -23.8599 22.2098 3.0894
vertex -24.5947 23.1673 3.0894
endloop
endfacet
facet normal -0.537899 -0.701003 0.468251
outer loop
vertex -24.2232 21.8464 2.1280
vertex -23.1592 21.0300 2.1280
vertex -22.9023 21.4750 3.0894
endloop
endfacet
facet normal -0.537899 -0.701003 0.468251
outer loop
vertex -24.2232 21.8464 2.1280
vertex -22.9023 21.4750 3.0894
vertex -23.8599 22.2098 3.0894
endloop
endfacet
facet normal -0.338137 -0.816336 0.468251
outer loop
vertex -23.1592 21.0300 2.1280
vertex -21.9202 20.5167 2.1280
vertex -21.7872 21.0131 3.0894
endloop
endfacet
facet normal -0.338137 -0.816336 0.468251
outer loop
vertex -23.1592 21.0300 2.1280
vertex -21.7872 21.0131 3.0894
vertex -22.9023 21.4750 3.0894
endloop
endfacet
facet normal -0.115332 -0.876036 0.468251
outer loop
vertex -21.9202 20.5167 2.1280
vertex -20.5905 20.3417 2.1280
vertex -20.5905 20.8555 3.0894
endloop
endfacet
facet normal -0.115332 -0.876036 0.468251
outer loop
vertex -21.9202 20.5167 2.1280
vertex -20.5905 20.8555 3.0894
vertex -21.7872 21.0131 3.0894
endloop
endfacet
facet normal 0.115332 -0.876036 0.468251
outer loop
vertex -20.5905 20.3417 2.1280
vertex -19.2609 20.5167 2.1280
vertex -19.3939 21.0131 3.0894
endloop
endfacet
facet normal 0.115332 -0.876036 0.468251
outer loop
vertex -20.5905 20.3417 2.1280
vertex -19.3939 21.0131 3.0894
vertex -20.5905 20.8555 3.0894
endloop
endfacet
facet normal 0.338137 -0.816336 0.468251
outer loop
vertex -19.2609 20.5167 2.1280
vertex -18.0218 21.0300 2.1280
vertex -18.2787 21.4750 3.0894
endloop
endfacet
facet normal 0.338137 -0.816336 0.468251
outer loop
vertex -19.2609 20.5167 2.1280
vertex -18.2787 21.4750 3.0894
vertex -19.3939 21.0131 3.0894
endloop
endfacet
facet normal 0.537899 -0.701003 0.468251
outer loop
vertex -18.0218 21.0300 2.1280
vertex -16.9578 21.8464 2.1280
vertex -17.3212 22.2098 3.0894
endloop
endfacet
facet normal 0.537899 -0.701003 0.468251
outer loop
vertex -18.0218 21.0300 2.1280
vertex -17.3212 22.2098 3.0894
vertex -18.2787 21.4750 3.0894
endloop
endfacet
facet normal 0.701003 -0.537899 0.468251
outer loop
vertex -16.9578 21.8464 2.1280
vertex -16.1414 22.9104 2.1280
vertex -16.5864 23.1673 3.0894
endloop
endfacet
facet normal 0.701003 -0.537899 0.468251
outer loop
vertex -16.9578 21.8464 2.1280
vertex -16.5864 23.1673 3.0894
vertex -17.3212 22.2098 3.0894
endloop
endfacet
facet normal 0.816336 -0.338137 0.468251
outer loop
vertex -16.1414 22.9104 2.1280
vertex -15.6281 24.1494 2.1280
vertex -16.1245 24.2824 3.0894
endloop
endfacet
facet normal 0.816336 -0.338137 0.468251
outer loop
vertex -16.1414 22.9104 2.1280
vertex -16.1245 24.2824 3.0894
vertex -16.5864 23.1673 3.0894
endloop
endfacet
facet normal 0.876036 -0.115332 0.468251
outer loop
vertex -15.6281 24.1494 2.1280
vertex -15.4531 25.4791 2.1280
vertex -15.9670 25.4791 3.0894
endloop
endfacet
facet normal 0.876036 -0.115332 0.468251
outer loop
vertex -15.6281 24.1494 2.1280
vertex -15.9670 25.4791 3.0894
vertex -16.1245 24.2824 3.0894
endloop
endfacet
facet normal 0.769038 0.101246 0.631133
outer loop
vertex -15.9670 25.4791 3.0894
vertex -16.1245 26.6758 3.0894
vertex -16.7925 26.4968 3.9320
endloop
endfacet
facet normal 0.769038 0.101246 0.631133
outer loop
vertex -15.9670 25.4791 3.0894
vertex -16.7925 26.4968 3.9320
vertex -16.6585 25.4791 3.9320
endloop
endfacet
facet normal 0.716630 0.296838 0.631133
outer loop
vertex -16.1245 26.6758 3.0894
vertex -16.5864 27.7909 3.0894
vertex -17.1853 27.4451 3.9320
endloop
endfacet
facet normal 0.716630 0.296838 0.631133
outer loop
vertex -16.1245 26.6758 3.0894
vertex -17.1853 27.4451 3.9320
vertex -16.7925 26.4968 3.9320
endloop
endfacet
facet normal 0.615384 0.472201 0.631133
outer loop
vertex -16.5864 27.7909 3.0894
vertex -17.3212 28.7485 3.0894
vertex -17.8102 28.2595 3.9320
endloop
endfacet
facet normal 0.615384 0.472201 0.631133
outer loop
vertex -16.5864 27.7909 3.0894
vertex -17.8102 28.2595 3.9320
vertex -17.1853 27.4451 3.9320
endloop
endfacet
facet normal 0.472201 0.615384 0.631133
outer loop
vertex -17.3212 28.7485 3.0894
vertex -18.2787 29.4832 3.0894
vertex -18.6245 28.8843 3.9320
endloop
endfacet
facet normal 0.472201 0.615384 0.631133
outer loop
vertex -17.3212 28.7485 3.0894
vertex -18.6245 28.8843 3.9320
vertex -17.8102 28.2595 3.9320
endloop
endfacet
facet normal 0.296838 0.716630 0.631133
outer loop
vertex -18.2787 29.4832 3.0894
vertex -19.3939 29.9451 3.0894
vertex -19.5728 29.2772 3.9320
endloop
endfacet
facet normal 0.296838 0.716630 0.631133
outer loop
vertex -18.2787 29.4832 3.0894
vertex -19.5728 29.2772 3.9320
vertex -18.6245 28.8843 3.9320
endloop
endfacet
facet normal 0.101246 0.769038 0.631133
outer loop
vertex -19.3939 29.9451 3.0894
vertex -20.5905 30.1027 3.0894
vertex -20.5905 29.4111 3.9320
endloop
endfacet
facet normal 0.101246 0.769038 0.631133
outer loop
vertex -19.3939 29.9451 3.0894
vertex -20.5905 29.4111 3.9320
vertex -19.5728 29.2772 3.9320
endloop
endfacet
facet normal -0.101246 0.769038 0.631133
outer loop
vertex -20.5905 30.1027 3.0894
vertex -21.7872 29.9451 3.0894
vertex -21.6082 29.2772 3.9320
endloop
endfacet
facet normal -0.101246 0.769038 0.631133
outer loop
vertex -20.5905 30.1027 3.0894
vertex -21.6082 29.2772 3.9320
vertex -20.5905 29.4111 3.9320
endloop
endfacet
facet normal -0.296838 0.716630 0.631133
outer loop
vertex -21.7872 29.9451 3.0894
vertex -22.9023 29.4832 3.0894
vertex -22.5565 28.8843 3.9320
endloop
endfacet
facet normal -0.296838 0.716630 0.631133
outer loop
vertex -21.7872 29.9451 3.0894
vertex -22.5565 28.8843 3.9320
vertex -21.6082 29.2772 3.9320
endloop
endfacet
facet normal -0.472201 0.615384 0.631133
outer loop
vertex -22.9023 29.4832 3.0894
vertex -23.8599 28.7485 3.0894
vertex -23.3709 28.2595 3.9320
endloop
endfacet
facet normal -0.472201 0.615384 0.631133
outer loop
vertex -22.9023 29.4832 3.0894
vertex -23.3709 28.2595 3.9320
vertex -22.5565 28.8843 3.9320
endloop
endfacet
facet normal -0.615384 0.472201 0.631133
outer loop
vertex -23.8599 28.7485 3.0894
vertex -24.5947 27.7909 3.0894
vertex -23.9958 27.4451 3.9320
endloop
endfacet
facet normal -0.615384 0.472201 0.631133
outer loop
vertex -23.8599 28.7485 3.0894
vertex -23.9958 27.4451 3.9320
vertex -23.3709 28.2595 3.9320
endloop
endfacet
facet normal -0.716630 0.296838 0.631133
outer loop
vertex -24.5947 27.7909 3.0894
vertex -25.0565 26.6758 3.0894
vertex -24.3886 26.4968 3.9320
endloop
endfacet
facet normal -0.716630 0.296838 0.631133
outer loop
vertex -24.5947 27.7909 3.0894
vertex -24.3886 26.4968 3.9320
vertex -23.9958 27.4451 3.9320
endloop
endfacet
facet normal -0.769038 0.101246 0.631133
outer loop
vertex -25.0565 26.6758 3.0894
vertex -25.2141 25.4791 3.0894
vertex -24.5225 25.4791 3.9320
endloop
endfacet
facet normal -0.769038 0.101246 0.631133
outer loop
vertex -25.0565 26.6758 3.0894
vertex -24.5225 25.4791 3.9320
vertex -24.3886 26.4968 3.9320
endloop
endfacet
facet normal -0.769038 -0.101246 0.631133
outer loop
vertex -25.2141 25.4791 3.0894
vertex -25.0565 24.2824 3.0894
vertex -24.3886 24.4614 3.9320
endloop
endfacet
facet normal -0.769038 -0.101246 0.631133
outer loop
vertex -25.2141 25.4791 3.0894
vertex -24.3886 24.4614 3.9320
vertex -24.5225 25.4791 3.9320
endloop
endfacet
facet normal -0.716630 -0.296838 0.631133
outer loop
vertex -25.0565 24.2824 3.0894
vertex -24.5947 23.1673 3.0894
vertex -23.9958 23.5131 3.9320
endloop
endfacet
facet normal -0.716630 -0.296838 0.631133
outer loop
vertex -25.0565 24.2824 3.0894
vertex -23.9958 23.5131 3.9320
vertex -24.3886 24.4614 3.9320
endloop
endfacet
facet normal -0.615384 -0.472201 0.631133
outer loop
vertex -24.5947 23.1673 3.0894
vertex -23.8599 22.2098 3.0894
vertex -23.3709 22.6988 3.9320
endloop
endfacet
facet normal -0.615384 -0.472201 0.631133
outer loop
vertex -24.5947 23.1673 3.0894
vertex -23.3709 22.6988 3.9320
vertex -23.9958 23.5131 3.9320
endloop
endfacet
facet normal -0.472201 -0.615384 0.631133
outer loop
vertex -23.8599 22.2098 3.0894
vertex -22.9023 21.4750 3.0894
vertex -22.5565 22.0739 3.9320
endloop
endfacet
facet normal -0.472201 -0.615384 0.631133
outer loop
vertex -23.8599 22.2098 3.0894
vertex -22.5565 22.0739 3.9320
vertex -23.3709 22.6988 3.9320
endloop
endfacet
facet normal -0.296838 -0.716630 0.631133
outer loop
vertex -22.9023 21.4750 3.0894
vertex -21.7872 21.0131 3.0894
vertex -21.6082 21.6811 3.9320
endloop
endfacet
facet normal -0.296838 -0.716630 0.631133
outer loop
vertex -22.9023 21.4750 3.0894
vertex -21.6082 21.6811 3.9320
vertex -22.5565 22.0739 3.9320
endloop
endfacet
facet normal -0.101246 -0.769038 0.631133
outer loop
vertex -21.7872 21.0131 3.0894
vertex -20.5905 20.8555 3.0894
vertex -20.5905 21.5471 3.9320
endloop
endfacet
facet normal -0.101246 -0.769038 0.631133
outer loop
vertex -21.7872 21.0131 3.0894
vertex -20.5905 21.5471 3.9320
vertex -21.6082 21.6811 3.9320
endloop
endfacet
facet normal 0.101246 -0.769038 0.631133
outer loop
vertex -20.5905 20.8555 3.0894
vertex -19.3939 21.0131 3.0894
vertex -19.5728 21.6811 3.9320
endloop
endfacet
facet normal 0.101246 -0.769038 0.631133
outer loop
vertex -20.5905 20.8555 3.0894
vertex -19.5728 21.6811 3.9320
vertex -20.5905 21.5471 3.9320
endloop
endfacet
facet normal 0.296838 -0.716630 0.631133
outer loop
vertex -19.3939 21.0131 3.0894
vertex -18.2787 21.4750 3.0894
vertex -18.6245 22.0739 3.9320
endloop
endfacet
facet normal 0.296838 -0.716630 0.631133
outer loop
vertex -19.3939 21.0131 3.0894
vertex -18.6245 22.0739 3.9320
vertex -19.5728 21.6811 3.9320
endloop
endfacet
facet normal 0.472201 -0.615384 0.631133
outer loop
vertex -18.2787 21.4750 3.0894
vertex -17.3212 22.2098 3.0894
vertex -17.8102 22.6988 3.9320
endloop
endfacet
facet normal 0.472201 -0.615384 0.631133
outer loop
vertex -18.2787 21.4750 3.0894
vertex -17.8102 22.6988 3.9320
vertex -18.6245 22.0739 3.9320
endloop
endfacet
facet normal 0.615384 -0.472201 0.631133
outer loop
vertex -17.3212 22.2098 3.0894
vertex -16.5864 23.1673 3.0894
vertex -17.1853 23.5131 3.9320
endloop
endfacet
facet normal 0.615384 -0.472201 0.631133
outer loop
vertex -17.3212 22.2098 3.0894
vertex -17.1853 23.5131 3.9320
vertex -17.8102 22.6988 3.9320
endloop
endfacet
facet normal 0.716630 -0.296838 0.631133
outer loop
vertex -16.5864 23.1673 3.0894
vertex -16.1245 24.2824 3.0894
vertex -16.7925 24.4614 3.9320
endloop
endfacet
facet normal 0.716630 -0.296838 0.631133
outer loop
vertex -16.5864 23.1673 3.0894
vertex -16.7925 24.4614 3.9320
vertex -17.1853 23.5131 3.9320
endloop
endfacet
facet normal 0.769038 -0.101246 0.631133
outer loop
vertex -16.1245 24.2824 3.0894
vertex -15.9670 25.4791 3.0894
vertex -16.6585 25.4791 3.9320
endloop
endfacet
facet normal 0.769038 -0.101246 0.631133
outer loop
vertex -16.1245 24.2824 3.0894
vertex -16.6585 25.4791 3.9320
vertex -16.7925 24.4614 3.9320
endloop
endfacet
facet normal 0.632192 0.083230 0.770328
outer loop
vertex -16.6585 25.4791 3.9320
vertex -16.7925 26.4968 3.9320
vertex -17.6064 26.2787 4.6236
endloop
endfacet
facet normal 0.632192 0.083230 0.770328
outer loop
vertex -16.6585 25.4791 3.9320
vertex -17.6064 26.2787 4.6236
vertex -17.5012 25.4791 4.6236
endloop
endfacet
facet normal 0.589109 0.244017 0.770328
outer loop
vertex -16.7925 26.4968 3.9320
vertex -17.1853 27.4451 3.9320
vertex -17.9150 27.0238 4.6236
endloop
endfacet
facet normal 0.589109 0.244017 0.770328
outer loop
vertex -16.7925 26.4968 3.9320
vertex -17.9150 27.0238 4.6236
vertex -17.6064 26.2787 4.6236
endloop
endfacet
facet normal 0.505880 0.388175 0.770328
outer loop
vertex -17.1853 27.4451 3.9320
vertex -17.8102 28.2595 3.9320
vertex -18.4060 27.6636 4.6236
endloop
endfacet
facet normal 0.505880 0.388175 0.770328
outer loop
vertex -17.1853 27.4451 3.9320
vertex -18.4060 27.6636 4.6236
vertex -17.9150 27.0238 4.6236
endloop
endfacet
facet normal 0.388175 0.505880 0.770328
outer loop
vertex -17.8102 28.2595 3.9320
vertex -18.6245 28.8843 3.9320
vertex -19.0458 28.1546 4.6236
endloop
endfacet
facet normal 0.388175 0.505880 0.770328
outer loop
vertex -17.8102 28.2595 3.9320
vertex -19.0458 28.1546 4.6236
vertex -18.4060 27.6636 4.6236
endloop
endfacet
facet normal 0.244017 0.589109 0.770328
outer loop
vertex -18.6245 28.8843 3.9320
vertex -19.5728 29.2772 3.9320
vertex -19.7909 28.4632 4.6236
endloop
endfacet
facet normal 0.244017 0.589109 0.770328
outer loop
vertex -18.6245 28.8843 3.9320
vertex -19.7909 28.4632 4.6236
vertex -19.0458 28.1546 4.6236
endloop
endfacet
facet normal 0.083230 0.632192 0.770328
outer loop
vertex -19.5728 29.2772 3.9320
vertex -20.5905 29.4111 3.9320
vertex -20.5905 28.5685 4.6236
endloop
endfacet
facet normal 0.083230 0.632192 0.770328
outer loop
vertex -19.5728 29.2772 3.9320
vertex -20.5905 28.5685 4.6236
vertex -19.7909 28.4632 4.6236
endloop
endfacet
facet normal -0.083230 0.632192 0.770328
outer loop
vertex -20.5905 29.4111 3.9320
vertex -21.6082 29.2772 3.9320
vertex -21.3901 28.4632 4.6236
endloop
endfacet
facet normal -0.083230 0.632192 0.770328
outer loop
vertex -20.5905 29.4111 3.9320
vertex -21.3901 28.4632 4.6236
vertex -20.5905 28.5685 4.6236
endloop
endfacet
facet normal -0.244017 0.589109 0.770328
outer loop
vertex -21.6082 29.2772 3.9320
vertex -22.5565 28.8843 3.9320
vertex -22.1352 28.1546 4.6236
endloop
endfacet
facet normal -0.244017 0.589109 0.770328
outer loop
vertex -21.6082 29.2772 3.9320
vertex -22.1352 28.1546 4.6236
vertex -21.3901 28.4632 4.6236
endloop
endfacet
facet normal -0.388175 0.505880 0.770328
outer loop
vertex -22.5565 28.8843 3.9320
vertex -23.3709 28.2595 3.9320
vertex -22.7750 27.6636 4.6236
endloop
endfacet
facet normal -0.388175 0.505880 0.770328
outer loop
vertex -22.5565 28.8843 3.9320
vertex -22.7750 27.6636 4.6236
vertex -22.1352 28.1546 4.6236
endloop
endfacet
facet normal -0.505880 0.388175 0.770328
outer loop
vertex -23.3709 28.2595 3.9320
vertex -23.9958 27.4451 3.9320
vertex -23.2660 27.0238 4.6236
endloop
endfacet
facet normal -0.505880 0.388175 0.770328
outer loop
vertex -23.3709 28.2595 3.9320
vertex -23.2660 27.0238 4.6236
vertex -22.7750 27.6636 4.6236
endloop
endfacet
facet normal -0.589109 0.244017 0.770328
outer loop
vertex -23.9958 27.4451 3.9320
vertex -24.3886 26.4968 3.9320
vertex -23.5746 26.2787 4.6236
endloop
endfacet
facet normal -0.589109 0.244017 0.770328
outer loop
vertex -23.9958 27.4451 3.9320
vertex -23.5746 26.2787 4.6236
vertex -23.2660 27.0238 4.6236
endloop
endfacet
facet normal -0.632192 0.083230 0.770328
outer loop
vertex -24.3886 26.4968 3.9320
vertex -24.5225 25.4791 3.9320
vertex -23.6799 25.4791 4.6236
endloop
endfacet
facet normal -0.632192 0.083230 0.770328
outer loop
vertex -24.3886 26.4968 3.9320
vertex -23.6799 25.4791 4.6236
vertex -23.5746 26.2787 4.6236
endloop
endfacet
facet normal -0.632192 -0.083230 0.770328
outer loop
vertex -24.5225 25.4791 3.9320
vertex -24.3886 24.4614 3.9320
vertex -23.5746 24.6795 4.6236
endloop
endfacet
facet normal -0.632192 -0.083230 0.770328
outer loop
vertex -24.5225 25.4791 3.9320
vertex -23.5746 24.6795 4.6236
vertex -23.6799 25.4791 4.6236
endloop
endfacet
facet normal -0.589109 -0.244017 0.770328
outer loop
vertex -24.3886 24.4614 3.9320
vertex -23.9958 23.5131 3.9320
vertex -23.2660 23.9344 4.6236
endloop
endfacet
facet normal -0.589109 -0.244017 0.770328
outer loop
vertex -24.3886 24.4614 3.9320
vertex -23.2660 23.9344 4.6236
vertex -23.5746 24.6795 4.6236
endloop
endfacet
facet normal -0.505880 -0.388175 0.770328
outer loop
vertex -23.9958 23.5131 3.9320
vertex -23.3709 22.6988 3.9320
vertex -22.7750 23.2946 4.6236
endloop
endfacet
facet normal -0.505880 -0.388175 0.770328
outer loop
vertex -23.9958 23.5131 3.9320
vertex -22.7750 23.2946 4.6236
vertex -23.2660 23.9344 4.6236
endloop
endfacet
facet normal -0.388175 -0.505880 0.770328
outer loop
vertex -23.3709 22.6988 3.9320
vertex -22.5565 22.0739 3.9320
vertex -22.1352 22.8036 4.6236
endloop
endfacet
facet normal -0.388175 -0.505880 0.770328
outer loop
vertex -23.3709 22.6988 3.9320
vertex -22.1352 22.8036 4.6236
vertex -22.7750 23.2946 4.6236
endloop
endfacet
facet normal -0.244017 -0.589109 0.770328
outer loop
vertex -22.5565 22.0739 3.9320
vertex -21.6082 21.6811 3.9320
vertex -21.3901 22.4950 4.6236
endloop
endfacet
facet normal -0.244017 -0.589109 0.770328
outer loop
vertex -22.5565 22.0739 3.9320
vertex -21.3901 22.4950 4.6236
vertex -22.1352 22.8036 4.6236
endloop
endfacet
facet normal -0.083230 -0.632192 0.770328
outer loop
vertex -21.6082 21.6811 3.9320
vertex -20.5905 21.5471 3.9320
vertex -20.5905 22.3897 4.6236
endloop
endfacet
facet normal -0.083230 -0.632192 0.770328
outer loop
vertex -21.6082 21.6811 3.9320
vertex -20.5905 22.3897 4.6236
vertex -21.3901 22.4950 4.6236
endloop
endfacet
facet normal 0.083230 -0.632192 0.770328
outer loop
vertex -20.5905 21.5471 3.9320
vertex -19.5728 21.6811 3.9320
vertex -19.7909 22.4950 4.6236
endloop
endfacet
facet normal 0.083230 -0.632192 0.770328
outer loop
vertex -20.5905 21.5471 3.9320
vertex -19.7909 22.4950 4.6236
vertex -20.5905 22.3897 4.6236
endloop
endfacet
facet normal 0.244017 -0.589109 0.770328
outer loop
vertex -19.5728 21.6811 3.9320
vertex -18.6245 22.0739 3.9320
vertex -19.0458 22.8036 4.6236
endloop
endfacet
facet normal 0.244017 -0.589109 0.770328
outer loop
vertex -19.5728 21.6811 3.9320
vertex -19.0458 22.8036 4.6236
vertex -19.7909 22.4950 4.6236
endloop
endfacet
facet normal 0.388175 -0.505880 0.770328
outer loop
vertex -18.6245 22.0739 3.9320
vertex -17.8102 22.6988 3.9320
vertex -18.4060 23.2946 4.6236
endloop
endfacet
facet normal 0.388175 -0.505880 0.770328
outer loop
vertex -18.6245 22.0739 3.9320
vertex -18.4060 23.2946 4.6236
vertex -19.0458 22.8036 4.6236
endloop
endfacet
facet normal 0.505880 -0.388175 0.770328
outer loop
vertex -17.8102 22.6988 3.9320
vertex -17.1853 23.5131 3.9320
vertex -17.9150 23.9344 4.6236
endloop
endfacet
facet normal 0.505880 -0.388175 0.770328
outer loop
vertex -17.8102 22.6988 3.9320
vertex -17.9150 23.9344 4.6236
vertex -18.4060 23.2946 4.6236
endloop
endfacet
facet normal 0.589109 -0.244017 0.770328
outer loop
vertex -17.1853 23.5131 3.9320
vertex -16.7925 24.4614 3.9320
vertex -17.6064 24.6795 4.6236
endloop
endfacet
facet normal 0.589109 -0.244017 0.770328
outer loop
vertex -17.1853 23.5131 3.9320
vertex -17.6064 24.6795 4.6236
vertex -17.9150 23.9344 4.6236
endloop
endfacet
facet normal 0.632192 -0.083230 0.770328
outer loop
vertex -16.7925 24.4614 3.9320
vertex -16.6585 25.4791 3.9320
vertex -17.5012 25.4791 4.6236
endloop
endfacet
facet normal 0.632192 -0.083230 0.770328
outer loop
vertex -16.7925 24.4614 3.9320
vertex -17.5012 25.4791 4.6236
vertex -17.6064 24.6795 4.6236
endloop
endfacet
facet normal 0.470492 0.061941 0.880228
outer loop
vertex -17.5012 25.4791 4.6236
vertex -17.6064 26.2787 4.6236
vertex -18.5350 26.0299 5.1374
endloop
endfacet
facet normal 0.470492 0.061941 0.880228
outer loop
vertex -17.5012 25.4791 4.6236
vertex -18.5350 26.0299 5.1374
vertex -18.4625 25.4791 5.1374
endloop
endfacet
facet normal 0.438428 0.181603 0.880228
outer loop
vertex -17.6064 26.2787 4.6236
vertex -17.9150 27.0238 4.6236
vertex -18.7476 26.5431 5.1374
endloop
endfacet
facet normal 0.438428 0.181603 0.880228
outer loop
vertex -17.6064 26.2787 4.6236
vertex -18.7476 26.5431 5.1374
vertex -18.5350 26.0299 5.1374
endloop
endfacet
facet normal 0.376487 0.288889 0.880228
outer loop
vertex -17.9150 27.0238 4.6236
vertex -18.4060 27.6636 4.6236
vertex -19.0858 26.9838 5.1374
endloop
endfacet
facet normal 0.376487 0.288889 0.880228
outer loop
vertex -17.9150 27.0238 4.6236
vertex -19.0858 26.9838 5.1374
vertex -18.7476 26.5431 5.1374
endloop
endfacet
facet normal 0.288889 0.376487 0.880228
outer loop
vertex -18.4060 27.6636 4.6236
vertex -19.0458 28.1546 4.6236
vertex -19.5265 27.3220 5.1374
endloop
endfacet
facet normal 0.288889 0.376487 0.880228
outer loop
vertex -18.4060 27.6636 4.6236
vertex -19.5265 27.3220 5.1374
vertex -19.0858 26.9838 5.1374
endloop
endfacet
facet normal 0.181603 0.438428 0.880228
outer loop
vertex -19.0458 28.1546 4.6236
vertex -19.7909 28.4632 4.6236
vertex -20.0398 27.5346 5.1374
endloop
endfacet
facet normal 0.181603 0.438428 0.880228
outer loop
vertex -19.0458 28.1546 4.6236
vertex -20.0398 27.5346 5.1374
vertex -19.5265 27.3220 5.1374
endloop
endfacet
facet normal 0.061941 0.470492 0.880228
outer loop
vertex -19.7909 28.4632 4.6236
vertex -20.5905 28.5685 4.6236
vertex -20.5905 27.6071 5.1374
endloop
endfacet
facet normal 0.061941 0.470492 0.880228
outer loop
vertex -19.7909 28.4632 4.6236
vertex -20.5905 27.6071 5.1374
vertex -20.0398 27.5346 5.1374
endloop
endfacet
facet normal -0.061941 0.470492 0.880228
outer loop
vertex -20.5905 28.5685 4.6236
vertex -21.3901 28.4632 4.6236
vertex -21.1413 27.5346 5.1374
endloop
endfacet
facet normal -0.061941 0.470492 0.880228
outer loop
vertex -20.5905 28.5685 4.6236
vertex -21.1413 27.5346 5.1374
vertex -20.5905 27.6071 5.1374
endloop
endfacet
facet normal -0.181603 0.438428 0.880228
outer loop
vertex -21.3901 28.4632 4.6236
vertex -22.1352 28.1546 4.6236
vertex -21.6545 27.3220 5.1374
endloop
endfacet
facet normal -0.181603 0.438428 0.880228
outer loop
vertex -21.3901 28.4632 4.6236
vertex -21.6545 27.3220 5.1374
vertex -21.1413 27.5346 5.1374
endloop
endfacet
facet normal -0.288889 0.376487 0.880228
outer loop
vertex -22.1352 28.1546 4.6236
vertex -22.7750 27.6636 4.6236
vertex -22.0952 26.9838 5.1374
endloop
endfacet
facet normal -0.288889 0.376487 0.880228
outer loop
vertex -22.1352 28.1546 4.6236
vertex -22.0952 26.9838 5.1374
vertex -21.6545 27.3220 5.1374
endloop
endfacet
facet normal -0.376487 0.288889 0.880228
outer loop
vertex -22.7750 27.6636 4.6236
vertex -23.2660 27.0238 4.6236
vertex -22.4334 26.5431 5.1374
endloop
endfacet
facet normal -0.376487 0.288889 0.880228
outer loop
vertex -22.7750 27.6636 4.6236
vertex -22.4334 26.5431 5.1374
vertex -22.0952 26.9838 5.1374
endloop
endfacet
facet normal -0.438428 0.181603 0.880228
outer loop
vertex -23.2660 27.0238 4.6236
vertex -23.5746 26.2787 4.6236
vertex -22.6460 26.0299 5.1374
endloop
endfacet
facet normal -0.438428 0.181603 0.880228
outer loop
vertex -23.2660 27.0238 4.6236
vertex -22.6460 26.0299 5.1374
vertex -22.4334 26.5431 5.1374
endloop
endfacet
facet normal -0.470492 0.061941 0.880228
outer loop
vertex -23.5746 26.2787 4.6236
vertex -23.6799 25.4791 4.6236
vertex -22.7185 25.4791 5.1374
endloop
endfacet
facet normal -0.470492 0.061941 0.880228
outer loop
vertex -23.5746 26.2787 4.6236
vertex -22.7185 25.4791 5.1374
vertex -22.6460 26.0299 5.1374
endloop
endfacet
facet normal -0.470492 -0.061941 0.880228
outer loop
vertex -23.6799 25.4791 4.6236
vertex -23.5746 24.6795 4.6236
vertex -22.6460 24.9283 5.1374
endloop
endfacet
facet normal -0.470492 -0.061941 0.880228
outer loop
vertex -23.6799 25.4791 4.6236
vertex -22.6460 24.9283 5.1374
vertex -22.7185 25.4791 5.1374
endloop
endfacet
facet normal -0.438428 -0.181603 0.880228
outer loop
vertex -23.5746 24.6795 4.6236
vertex -23.2660 23.9344 4.6236
vertex -22.4334 24.4151 5.1374
endloop
endfacet
facet normal -0.438428 -0.181603 0.880228
outer loop
vertex -23.5746 24.6795 4.6236
vertex -22.4334 24.4151 5.1374
vertex -22.6460 24.9283 5.1374
endloop
endfacet
facet normal -0.376487 -0.288889 0.880228
outer loop
vertex -23.2660 23.9344 4.6236
vertex -22.7750 23.2946 4.6236
vertex -22.0952 23.9744 5.1374
endloop
endfacet
facet normal -0.376487 -0.288889 0.880228
outer loop
vertex -23.2660 23.9344 4.6236
vertex -22.0952 23.9744 5.1374
vertex -22.4334 24.4151 5.1374
endloop
endfacet
facet normal -0.288889 -0.376487 0.880228
outer loop
vertex -22.7750 23.2946 4.6236
vertex -22.1352 22.8036 4.6236
vertex -21.6545 23.6362 5.1374
endloop
endfacet
facet normal -0.288889 -0.376487 0.880228
outer loop
vertex -22.7750 23.2946 4.6236
vertex -21.6545 23.6362 5.1374
vertex -22.0952 23.9744 5.1374
endloop
endfacet
facet normal -0.181603 -0.438428 0.880228
outer loop
vertex -22.1352 22.8036 4.6236
vertex -21.3901 22.4950 4.6236
vertex -21.1413 23.4236 5.1374
endloop
endfacet
facet normal -0.181603 -0.438428 0.880228
outer loop
vertex -22.1352 22.8036 4.6236
vertex -21.1413 23.4236 5.1374
vertex -21.6545 23.6362 5.1374
endloop
endfacet
facet normal -0.061941 -0.470492 0.880228
outer loop
vertex -21.3901 22.4950 4.6236
vertex -20.5905 22.3897 4.6236
vertex -20.5905 23.3511 5.1374
endloop
endfacet
facet normal -0.061941 -0.470492 0.880228
outer loop
vertex -21.3901 22.4950 4.6236
vertex -20.5905 23.3511 5.1374
vertex -21.1413 23.4236 5.1374
endloop
endfacet
facet normal 0.061941 -0.470492 0.880228
outer loop
vertex -20.5905 22.3897 4.6236
vertex -19.7909 22.4950 4.6236
vertex -20.0398 23.4236 5.1374
endloop
endfacet
facet normal 0.061941 -0.470492 0.880228
outer loop
vertex -20.5905 22.3897 4.6236
vertex -20.0398 23.4236 5.1374
vertex -20.5905 23.3511 5.1374
endloop
endfacet
facet normal 0.181603 -0.438428 0.880228
outer loop
vertex -19.7909 22.4950 4.6236
vertex -19.0458 22.8036 4.6236
vertex -19.5265 23.6362 5.1374
endloop
endfacet
facet normal 0.181603 -0.438428 0.880228
outer loop
vertex -19.7909 22.4950 4.6236
vertex -19.5265 23.6362 5.1374
vertex -20.0398 23.4236 5.1374
endloop
endfacet
facet normal 0.288889 -0.376487 0.880228
outer loop
vertex -19.0458 22.8036 4.6236
vertex -18.4060 23.2946 4.6236
vertex -19.0858 23.9744 5.1374
endloop
endfacet
facet normal 0.288889 -0.376487 0.880228
outer loop
vertex -19.0458 22.8036 4.6236
vertex -19.0858 23.9744 5.1374
vertex -19.5265 23.6362 5.1374
endloop
endfacet
facet normal 0.376487 -0.288889 0.880228
outer loop
vertex -18.4060 23.2946 4.6236
vertex -17.9150 23.9344 4.6236
vertex -18.7476 24.4151 5.1374
endloop
endfacet
facet normal 0.376487 -0.288889 0.880228
outer loop
vertex -18.4060 23.2946 4.6236
vertex -18.7476 24.4151 5.1374
vertex -19.0858 23.9744 5.1374
endloop
endfacet
facet normal 0.438428 -0.181603 0.880228
outer loop
vertex -17.9150 23.9344 4.6236
vertex -17.6064 24.6795 4.6236
vertex -18.5350 24.9283 5.1374
endloop
endfacet
facet normal 0.438428 -0.181603 0.880228
outer loop
vertex -17.9150 23.9344 4.6236
vertex -18.5350 24.9283 5.1374
vertex -18.7476 24.4151 5.1374
endloop
endfacet
facet normal 0.470492 -0.061941 0.880228
outer loop
vertex -17.6064 24.6795 4.6236
vertex -17.5012 25.4791 4.6236
vertex -18.4625 25.4791 5.1374
endloop
endfacet
facet normal 0.470492 -0.061941 0.880228
outer loop
vertex -17.6064 24.6795 4.6236
vertex -18.4625 25.4791 5.1374
vertex -18.5350 24.9283 5.1374
endloop
endfacet
facet normal 0.290073 0.038189 0.956242
outer loop
vertex -18.4625 25.4791 5.1374
vertex -18.5350 26.0299 5.1374
vertex -19.5426 25.7599 5.4539
endloop
endfacet
facet normal 0.290073 0.038189 0.956242
outer loop
vertex -18.4625 25.4791 5.1374
vertex -19.5426 25.7599 5.4539
vertex -19.5057 25.4791 5.4539
endloop
endfacet
facet normal 0.270305 0.111964 0.956242
outer loop
vertex -18.5350 26.0299 5.1374
vertex -18.7476 26.5431 5.1374
vertex -19.6510 26.0215 5.4539
endloop
endfacet
facet normal 0.270305 0.111964 0.956242
outer loop
vertex -18.5350 26.0299 5.1374
vertex -19.6510 26.0215 5.4539
vertex -19.5426 25.7599 5.4539
endloop
endfacet
facet normal 0.232116 0.178109 0.956242
outer loop
vertex -18.7476 26.5431 5.1374
vertex -19.0858 26.9838 5.1374
vertex -19.8234 26.2462 5.4539
endloop
endfacet
facet normal 0.232116 0.178109 0.956242
outer loop
vertex -18.7476 26.5431 5.1374
vertex -19.8234 26.2462 5.4539
vertex -19.6510 26.0215 5.4539
endloop
endfacet
facet normal 0.178109 0.232116 0.956242
outer loop
vertex -19.0858 26.9838 5.1374
vertex -19.5265 27.3220 5.1374
vertex -20.0481 26.4186 5.4539
endloop
endfacet
facet normal 0.178109 0.232116 0.956242
outer loop
vertex -19.0858 26.9838 5.1374
vertex -20.0481 26.4186 5.4539
vertex -19.8234 26.2462 5.4539
endloop
endfacet
facet normal 0.111964 0.270305 0.956242
outer loop
vertex -19.5265 27.3220 5.1374
vertex -20.0398 27.5346 5.1374
vertex -20.3097 26.5270 5.4539
endloop
endfacet
facet normal 0.111964 0.270305 0.956242
outer loop
vertex -19.5265 27.3220 5.1374
vertex -20.3097 26.5270 5.4539
vertex -20.0481 26.4186 5.4539
endloop
endfacet
facet normal 0.038189 0.290073 0.956242
outer loop
vertex -20.0398 27.5346 5.1374
vertex -20.5905 27.6071 5.1374
vertex -20.5905 26.5640 5.4539
endloop
endfacet
facet normal 0.038189 0.290073 0.956242
outer loop
vertex -20.0398 27.5346 5.1374
vertex -20.5905 26.5640 5.4539
vertex -20.3097 26.5270 5.4539
endloop
endfacet
facet normal -0.038189 0.290073 0.956242
outer loop
vertex -20.5905 27.6071 5.1374
vertex -21.1413 27.5346 5.1374
vertex -20.8713 26.5270 5.4539
endloop
endfacet
facet normal -0.038189 0.290073 0.956242
outer loop
vertex -20.5905 27.6071 5.1374
vertex -20.8713 26.5270 5.4539
vertex -20.5905 26.5640 5.4539
endloop
endfacet
facet normal -0.111964 0.270305 0.956242
outer loop
vertex -21.1413 27.5346 5.1374
vertex -21.6545 27.3220 5.1374
vertex -21.1329 26.4186 5.4539
endloop
endfacet
facet normal -0.111964 0.270305 0.956242
outer loop
vertex -21.1413 27.5346 5.1374
vertex -21.1329 26.4186 5.4539
vertex -20.8713 26.5270 5.4539
endloop
endfacet
facet normal -0.178109 0.232116 0.956242
outer loop
vertex -21.6545 27.3220 5.1374
vertex -22.0952 26.9838 5.1374
vertex -21.3576 26.2462 5.4539
endloop
endfacet
facet normal -0.178109 0.232116 0.956242
outer loop
vertex -21.6545 27.3220 5.1374
vertex -21.3576 26.2462 5.4539
vertex -21.1329 26.4186 5.4539
endloop
endfacet
facet normal -0.232116 0.178109 0.956242
outer loop
vertex -22.0952 26.9838 5.1374
vertex -22.4334 26.5431 5.1374
vertex -21.5300 26.0215 5.4539
endloop
endfacet
facet normal -0.232116 0.178109 0.956242
outer loop
vertex -22.0952 26.9838 5.1374
vertex -21.5300 26.0215 5.4539
vertex -21.3576 26.2462 5.4539
endloop
endfacet
facet normal -0.270305 0.111964 0.956242
outer loop
vertex -22.4334 26.5431 5.1374
vertex -22.6460 26.0299 5.1374
vertex -21.6384 25.7599 5.4539
endloop
endfacet
facet normal -0.270305 0.111964 0.956242
outer loop
vertex -22.4334 26.5431 5.1374
vertex -21.6384 25.7599 5.4539
vertex -21.5300 26.0215 5.4539
endloop
endfacet
facet normal -0.290073 0.038189 0.956242
outer loop
vertex -22.6460 26.0299 5.1374
vertex -22.7185 25.4791 5.1374
vertex -21.6754 25.4791 5.4539
endloop
endfacet
facet normal -0.290073 0.038189 0.956242
outer loop
vertex -22.6460 26.0299 5.1374
vertex -21.6754 25.4791 5.4539
vertex -21.6384 25.7599 5.4539
endloop
endfacet
facet normal -0.290073 -0.038189 0.956242
outer loop
vertex -22.7185 25.4791 5.1374
vertex -22.6460 24.9283 5.1374
vertex -21.6384 25.1983 5.4539
endloop
endfacet
facet normal -0.290073 -0.038189 0.956242
outer loop
vertex -22.7185 25.4791 5.1374
vertex -21.6384 25.1983 5.4539
vertex -21.6754 25.4791 5.4539
endloop
endfacet
facet normal -0.270305 -0.111964 0.956242
outer loop
vertex -22.6460 24.9283 5.1374
vertex -22.4334 24.4151 5.1374
vertex -21.5300 24.9367 5.4539
endloop
endfacet
facet normal -0.270305 -0.111964 0.956242
outer loop
vertex -22.6460 24.9283 5.1374
vertex -21.5300 24.9367 5.4539
vertex -21.6384 25.1983 5.4539
endloop
endfacet
facet normal -0.232116 -0.178109 0.956242
outer loop
vertex -22.4334 24.4151 5.1374
vertex -22.0952 23.9744 5.1374
vertex -21.3576 24.7120 5.4539
endloop
endfacet
facet normal -0.232116 -0.178109 0.956242
outer loop
vertex -22.4334 24.4151 5.1374
vertex -21.3576 24.7120 5.4539
vertex -21.5300 24.9367 5.4539
endloop
endfacet
facet normal -0.178109 -0.232116 0.956242
outer loop
vertex -22.0952 23.9744 5.1374
vertex -21.6545 23.6362 5.1374
vertex -21.1329 24.5396 5.4539
endloop
endfacet
facet normal -0.178109 -0.232116 0.956242
outer loop
vertex -22.0952 23.9744 5.1374
vertex -21.1329 24.5396 5.4539
vertex -21.3576 24.7120 5.4539
endloop
endfacet
facet normal -0.111964 -0.270305 0.956242
outer loop
vertex -21.6545 23.6362 5.1374
vertex -21.1413 23.4236 5.1374
vertex -20.8713 24.4312 5.4539
endloop
endfacet
facet normal -0.111964 -0.270305 0.956242
outer loop
vertex -21.6545 23.6362 5.1374
vertex -20.8713 24.4312 5.4539
vertex -21.1329 24.5396 5.4539
endloop
endfacet
facet normal -0.038189 -0.290073 0.956242
outer loop
vertex -21.1413 23.4236 5.1374
vertex -20.5905 23.3511 5.1374
vertex -20.5905 24.3943 5.4539
endloop
endfacet
facet normal -0.038189 -0.290073 0.956242
outer loop
vertex -21.1413 23.4236 5.1374
vertex -20.5905 24.3943 5.4539
vertex -20.8713 24.4312 5.4539
endloop
endfacet
facet normal 0.038189 -0.290073 0.956242
outer loop
vertex -20.5905 23.3511 5.1374
vertex -20.0398 23.4236 5.1374
vertex -20.3097 24.4312 5.4539
endloop
endfacet
facet normal 0.038189 -0.290073 0.956242
outer loop
vertex -20.5905 23.3511 5.1374
vertex -20.3097 24.4312 5.4539
vertex -20.5905 24.3943 5.4539
endloop
endfacet
facet normal 0.111964 -0.270305 0.956242
outer loop
vertex -20.0398 23.4236 5.1374
vertex -19.5265 23.6362 5.1374
vertex -20.0481 24.5396 5.4539
endloop
endfacet
facet normal 0.111964 -0.270305 0.956242
outer loop
vertex -20.0398 23.4236 5.1374
vertex -20.0481 24.5396 5.4539
vertex -20.3097 24.4312 5.4539
endloop
endfacet
facet normal 0.178109 -0.232116 0.956242
outer loop
vertex -19.5265 23.6362 5.1374
vertex -19.0858 23.9744 5.1374
vertex -19.8234 24.7120 5.4539
endloop
endfacet
facet normal 0.178109 -0.232116 0.956242
outer loop
vertex -19.5265 23.6362 5.1374
vertex -19.8234 24.7120 5.4539
vertex -20.0481 24.5396 5.4539
endloop
endfacet
facet normal 0.232116 -0.178109 0.956242
outer loop
vertex -19.0858 23.9744 5.1374
vertex -18.7476 24.4151 5.1374
vertex -19.6510 24.9367 5.4539
endloop
endfacet
facet normal 0.232116 -0.178109 0.956242
outer loop
vertex -19.0858 23.9744 5.1374
vertex -19.6510 24.9367 5.4539
vertex -19.8234 24.7120 5.4539
endloop
endfacet
facet normal 0.270305 -0.111964 0.956242
outer loop
vertex -18.7476 24.4151 5.1374
vertex -18.5350 24.9283 5.1374
vertex -19.5426 25.1983 5.4539
endloop
endfacet
facet normal 0.270305 -0.111964 0.956242
outer loop
vertex -18.7476 24.4151 5.1374
vertex -19.5426 25.1983 5.4539
vertex -19.6510 24.9367 5.4539
endloop
endfacet
facet normal 0.290073 -0.038189 0.956242
outer loop
vertex -18.5350 24.9283 5.1374
vertex -18.4625 25.4791 5.1374
vertex -19.5057 25.4791 5.4539
endloop
endfacet
facet normal 0.290073 -0.038189 0.956242
outer loop
vertex -18.5350 24.9283 5.1374
vertex -19.5057 25.4791 5.4539
vertex -19.5426 25.1983 5.4539
endloop
endfacet
facet normal 0.098009 0.012903 0.995102
outer loop
vertex -19.5057 25.4791 5.4539
vertex -19.5426 25.7599 5.4539
vertex -20.5905 25.4791 5.5607
endloop
endfacet
facet normal 0.091330 0.037830 0.995102
outer loop
vertex -19.5426 25.7599 5.4539
vertex -19.6510 26.0215 5.4539
vertex -20.5905 25.4791 5.5607
endloop
endfacet
facet normal 0.078427 0.060179 0.995102
outer loop
vertex -19.6510 26.0215 5.4539
vertex -19.8234 26.2462 5.4539
vertex -20.5905 25.4791 5.5607
endloop
endfacet
facet normal 0.060179 0.078427 0.995102
outer loop
vertex -19.8234 26.2462 5.4539
vertex -20.0481 26.4186 5.4539
vertex -20.5905 25.4791 5.5607
endloop
endfacet
facet normal 0.037830 0.091330 0.995102
outer loop
vertex -20.0481 26.4186 5.4539
vertex -20.3097 26.5270 5.4539
vertex -20.5905 25.4791 5.5607
endloop
endfacet
facet normal 0.012903 0.098009 0.995102
outer loop
vertex -20.3097 26.5270 5.4539
vertex -20.5905 26.5640 5.4539
vertex -20.5905 25.4791 5.5607
endloop
endfacet
facet normal -0.012903 0.098009 0.995102
outer loop
vertex -20.5905 26.5640 5.4539
vertex -20.8713 26.5270 5.4539
vertex -20.5905 25.4791 5.5607
endloop
endfacet
facet normal -0.037830 0.091330 0.995102
outer loop
vertex -20.8713 26.5270 5.4539
vertex -21.1329 26.4186 5.4539
vertex -20.5905 25.4791 5.5607
endloop
endfacet
facet normal -0.060179 0.078427 0.995102
outer loop
vertex -21.1329 26.4186 5.4539
vertex -21.3576 26.2462 5.4539
vertex -20.5905 25.4791 5.5607
endloop
endfacet
facet normal -0.078427 0.060179 0.995102
outer loop
vertex -21.3576 26.2462 5.4539
vertex -21.5300 26.0215 5.4539
vertex -20.5905 25.4791 5.5607
endloop
endfacet
facet normal -0.091330 0.037830 0.995102
outer loop
vertex -21.5300 26.0215 5.4539
vertex -21.6384 25.7599 5.4539
vertex -20.5905 25.4791 5.5607
endloop
endfacet
facet normal -0.098009 0.012903 0.995102
outer loop
vertex -21.6384 25.7599 5.4539
vertex -21.6754 25.4791 5.4539
vertex -20.5905 25.4791 5.5607
endloop
endfacet
facet normal -0.098009 -0.012903 0.995102
outer loop
vertex -21.6754 25.4791 5.4539
vertex -21.6384 25.1983 5.4539
vertex -20.5905 25.4791 5.5607
endloop
endfacet
facet normal -0.091330 -0.037830 0.995102
outer loop
vertex -21.6384 25.1983 5.4539
vertex -21.5300 24.9367 5.4539
vertex -20.5905 25.4791 5.5607
endloop
endfacet
facet normal -0.078427 -0.060179 0.995102
outer loop
vertex -21.5300 24.9367 5.4539
vertex -21.3576 24.7120 5.4539
vertex -20.5905 25.4791 5.5607
endloop
endfacet
facet normal -0.060179 -0.078427 0.995102
outer loop
vertex -21.3576 24.7120 5.4539
vertex -21.1329 24.5396 5.4539
vertex -20.5905 25.4791 5.5607
endloop
endfacet
facet normal -0.037830 -0.091330 0.995102
outer loop
vertex -21.1329 24.5396 5.4539
vertex -20.8713 24.4312 5.4539
vertex -20.5905 25.4791 5.5607
endloop
endfacet
facet normal -0.012903 -0.098009 0.995102
outer loop
vertex -20.8713 24.4312 5.4539
vertex -20.5905 24.3943 5.4539
vertex -20.5905 25.4791 5.5607
endloop
endfacet
facet normal 0.012903 -0.098009 0.995102
outer loop
vertex -20.5905 24.3943 5.4539
vertex -20.3097 24.4312 5.4539
vertex -20.5905 25.4791 5.5607
endloop
endfacet
facet normal 0.037830 -0.091330 0.995102
outer loop
vertex -20.3097 24.4312 5.4539
vertex -20.0481 24.5396 5.4539
vertex -20.5905 25.4791 5.5607
endloop
endfacet
facet normal 0.060179 -0.078427 0.995102
outer loop
vertex -20.0481 24.5396 5.4539
vertex -19.8234 24.7120 5.4539
vertex -20.5905 25.4791 5.5607
endloop
endfacet
facet normal 0.078427 -0.060179 0.995102
outer loop
vertex -19.8234 24.7120 5.4539
vertex -19.6510 24.9367 5.4539
vertex -20.5905 25.4791 5.5607
endloop
endfacet
facet normal 0.091330 -0.037830 0.995102
outer loop
vertex -19.6510 24.9367 5.4539
vertex -19.5426 25.1983 5.4539
vertex -20.5905 25.4791 5.5607
endloop
endfacet
facet normal 0.098009 -0.012903 0.995102
outer loop
vertex -19.5426 25.1983 5.4539
vertex -19.5057 25.4791 5.4539
vertex -20.5905 25.4791 5.5607
endloop
endfacet
facet normal 0.000000 0.000000 -1.000000
outer loop
vertex -28.2465 -38.4232 0.0000
vertex -28.2465 -29.3789 0.0000
vertex -23.4748 -29.3789 0.0000
endloop
endfacet
facet normal 0.000000 0.000000 -1.000000
outer loop
vertex -28.2465 -38.4232 0.0000
vertex -23.4748 -29.3789 0.0000
vertex -23.4748 -38.4232 0.0000
endloop
endfacet
facet normal 0.000000 0.000000 1.000000
outer loop
vertex -28.2465 -38.4232 12.1660
vertex -23.4748 -38.4232 12.1660
vertex -23.4748 -29.3789 12.1660
endloop
endfacet
facet normal 0.000000 0.000000 1.000000
outer loop
vertex -28.2465 -38.4232 12.1660
vertex -23.4748 -29.3789 12.1660
vertex -28.2465 -29.3789 12.1660
endloop
endfacet
facet normal 0.000000 -1.000000 0.000000
outer loop
vertex -28.2465 -38.4232 0.0000
vertex -23.4748 -38.4232 0.0000
vertex -23.4748 -38.4232 12.1660
endloop
endfacet
facet normal 0.000000 -1.000000 0.000000
outer loop
vertex -28.2465 -38.4232 0.0000
vertex -23.4748 -38.4232 12.1660
vertex -28.2465 -38.4232 12.1660
endloop
endfacet
facet normal 1.000000 0.000000 0.000000
outer loop
vertex -23.4748 -38.4232 0.0000
vertex -23.4748 -29.3789 0.0000
vertex -23.4748 -29.3789 12.1660
endloop
endfacet
facet normal 1.000000 0.000000 0.000000
outer loop
vertex -23.4748 -38.4232 0.0000
vertex -23.4748 -29.3789 12.1660
vertex -23.4748 -38.4232 12.1660
endloop
endfacet
facet normal 0.000000 1.000000 0.000000
outer loop
vertex -23.4748 -29.3789 0.0000
vertex -28.2465 -29.3789 0.0000
vertex -28.2465 -29.3789 12.1660
endloop
endfacet
facet normal 0.000000 1.000000 -0.000000
outer loop
vertex -23.4748 -29.3789 0.0000
vertex -28.2465 -29.3789 12.1660
vertex -23.4748 -29.3789 12.1660
endloop
endfacet
facet normal -1.000000 0.000000 0.000000
outer loop
vertex -28.2465 -29.3789 0.0000
vertex -28.2465 -38.4232 0.0000
vertex -28.2465 -38.4232 12.1660
endloop
endfacet
facet normal -1.000000 0.000000 0.000000
outer loop
vertex -28.2465 -29.3789 0.0000
vertex -28.2465 -38.4232 12.1660
vertex -28.2465 -29.3789 12.1660
endloop
endfacet
facet normal 0.991445 0.130526 0.000000
outer loop
vertex -24.1542 -3.7541 0.0000
vertex -24.2195 -3.2577 0.0000
vertex -24.2195 -3.2577 22.6646
endloop
endfacet
facet normal 0.991445 0.130526 -0.000000
outer loop
vertex -24.1542 -3.7541 0.0000
vertex -24.2195 -3.2577 22.6646
vertex -24.1542 -3.7541 22.6646
endloop
endfacet
facet normal 0.000000 0.000000 1.000000
outer loop
vertex -26.0718 -3.7541 22.6646
vertex -24.1542 -3.7541 22.6646
vertex -24.2195 -3.2577 22.6646
endloop
endfacet
facet normal 0.000000 0.000000 -1.000000
outer loop
vertex -26.0718 -3.7541 0.0000
vertex -24.2195 -3.2577 0.0000
vertex -24.1542 -3.7541 0.0000
endloop
endfacet
facet normal 0.923880 0.382683 0.000000
outer loop
vertex -24.2195 -3.2577 0.0000
vertex -24.4111 -2.7952 0.0000
vertex -24.4111 -2.7952 22.6646
endloop
endfacet
facet normal 0.923880 0.382683 -0.000000
outer loop
vertex -24.2195 -3.2577 0.0000
vertex -24.4111 -2.7952 22.6646
vertex -24.2195 -3.2577 22.6646
endloop
endfacet
facet normal 0.000000 0.000000 1.000000
outer loop
vertex -26.0718 -3.7541 22.6646
vertex -24.2195 -3.2577 22.6646
vertex -24.4111 -2.7952 22.6646
endloop
endfacet
facet normal 0.000000 0.000000 -1.000000
outer loop
vertex -26.0718 -3.7541 0.0000
vertex -24.4111 -2.7952 0.0000
vertex -24.2195 -3.2577 0.0000
endloop
endfacet
facet normal 0.793353 0.608761 0.000000
outer loop
vertex -24.4111 -2.7952 0.0000
vertex -24.7158 -2.3981 0.0000
vertex -24.7158 -2.3981 22.6646
endloop
endfacet
facet normal 0.793353 0.608761 -0.000000
outer loop
vertex -24.4111 -2.7952 0.0000
vertex -24.7158 -2.3981 22.6646
vertex -24.4111 -2.7952 22.6646
endloop
endfacet
facet normal 0.000000 0.000000 1.000000
outer loop
vertex -26.0718 -3.7541 22.6646
vertex -24.4111 -2.7952 22.6646
vertex -24.7158 -2.3981 22.6646
endloop
endfacet
facet normal 0.000000 0.000000 -1.000000
outer loop
vertex -26.0718 -3.7541 0.0000
vertex -24.7158 -2.3981 0.0000
vertex -24.4111 -2.7952 0.0000
endloop
endfacet
facet normal 0.608761 0.793353 0.000000
outer loop
vertex -24.7158 -2.3981 0.0000
vertex -25.1130 -2.0933 0.0000
vertex -25.1130 -2.0933 22.6646
endloop
endfacet
facet normal 0.608761 0.793353 -0.000000
outer loop
vertex -24.7158 -2.3981 0.0000
vertex -25.1130 -2.0933 22.6646
vertex -24.7158 -2.3981 22.6646
endloop
endfacet
facet normal 0.000000 0.000000 1.000000
outer loop
vertex -26.0718 -3.7541 22.6646
vertex -24.7158 -2.3981 22.6646
vertex -25.1130 -2.0933 22.6646
endloop
endfacet
facet normal 0.000000 0.000000 -1.000000
outer loop
vertex -26.0718 -3.7541 0.0000
vertex -25.1130 -2.0933 0.0000
vertex -24.7158 -2.3981 0.0000
endloop
endfacet
facet normal 0.382683 0.923880 0.000000
outer loop
vertex -25.1130 -2.0933 0.0000
vertex -25.5755 -1.9017 0.0000
vertex -25.5755 -1.9017 22.6646
endloop
endfacet
facet normal 0.382683 0.923880 -0.000000
outer loop
vertex -25.1130 -2.0933 0.0000
vertex -25.5755 -1.9017 22.6646
vertex -25.1130 -2.0933 22.6646
endloop
endfacet
facet normal 0.000000 0.000000 1.000000
outer loop
vertex -26.0718 -3.7541 22.6646
vertex -25.1130 -2.0933 22.6646
vertex -25.5755 -1.9017 22.6646
endloop
endfacet
facet normal 0.000000 0.000000 -1.000000
outer loop
vertex -26.0718 -3.7541 0.0000
vertex -25.5755 -1.9017 0.0000
vertex -25.1130 -2.0933 0.0000
endloop
endfacet
facet normal 0.130526 0.991445 0.000000
outer loop
vertex -25.5755 -1.9017 0.0000
vertex -26.0718 -1.8364 0.0000
vertex -26.0718 -1.8364 22.6646
endloop
endfacet
facet normal 0.130526 0.991445 -0.000000
outer loop
vertex -25.5755 -1.9017 0.0000
vertex -26.0718 -1.8364 22.6646
vertex -25.5755 -1.9017 22.6646
endloop
endfacet
facet normal 0.000000 0.000000 1.000000
outer loop
vertex -26.0718 -3.7541 22.6646
vertex -25.5755 -1.9017 22.6646
vertex -26.0718 -1.8364 22.6646
endloop
endfacet
facet normal 0.000000 0.000000 -1.000000
outer loop
vertex -26.0718 -3.7541 0.0000
vertex -26.0718 -1.8364 0.0000
vertex -25.5755 -1.9017 0.0000
endloop
endfacet
facet normal -0.130526 0.991445 0.000000
outer loop
vertex -26.0718 -1.8364 0.0000
vertex -26.5682 -1.9017 0.0000
vertex -26.5682 -1.9017 22.6646
endloop
endfacet
facet normal -0.130526 0.991445 0.000000
outer loop
vertex -26.0718 -1.8364 0.0000
vertex -26.5682 -1.9017 22.6646
vertex -26.0718 -1.8364 22.6646
endloop
endfacet
facet normal 0.000000 -0.000000 1.000000
outer loop
vertex -26.0718 -3.7541 22.6646
vertex -26.0718 -1.8364 22.6646
vertex -26.5682 -1.9017 22.6646
endloop
endfacet
facet normal 0.000000 0.000000 -1.000000
outer loop
vertex -26.0718 -3.7541 0.0000
vertex -26.5682 -1.9017 0.0000
vertex -26.0718 -1.8364 0.0000
endloop
endfacet
facet normal -0.382683 0.923880 0.000000
outer loop
vertex -26.5682 -1.9017 0.0000
vertex -27.0307 -2.0933 0.0000
vertex -27.0307 -2.0933 22.6646
endloop
endfacet
facet normal -0.382683 0.923880 0.000000
outer loop
vertex -26.5682 -1.9017 0.0000
vertex -27.0307 -2.0933 22.6646
vertex -26.5682 -1.9017 22.6646
endloop
endfacet
facet normal 0.000000 0.000000 1.000000
outer loop
vertex -26.0718 -3.7541 22.6646
vertex -26.5682 -1.9017 22.6646
vertex -27.0307 -2.0933 22.6646
endloop
endfacet
facet normal 0.000000 0.000000 -1.000000
outer loop
vertex -26.0718 -3.7541 0.0000
vertex -27.0307 -2.0933 0.0000
vertex -26.5682 -1.9017 0.0000
endloop
endfacet
facet normal -0.608761 0.793353 0.000000
outer loop
vertex -27.0307 -2.0933 0.0000
vertex -27.4278 -2.3981 0.0000
vertex -27.4278 -2.3981 22.6646
endloop
endfacet
facet normal -0.608761 0.793353 0.000000
outer loop
vertex -27.0307 -2.0933 0.0000
vertex -27.4278 -2.3981 22.6646
vertex -27.0307 -2.0933 22.6646
endloop
endfacet
facet normal 0.000000 0.000000 1.000000
outer loop
vertex -26.0718 -3.7541 22.6646
vertex -27.0307 -2.0933 22.6646
vertex -27.4278 -2.3981 22.6646
endloop
endfacet
facet normal 0.000000 0.000000 -1.000000
outer loop
vertex -26.0718 -3.7541 0.0000
vertex -27.4278 -2.3981 0.0000
vertex -27.0307 -2.0933 0.0000
endloop
endfacet
facet normal -0.793353 0.608761 0.000000
outer loop
vertex -27.4278 -2.3981 0.0000
vertex -27.7326 -2.7952 0.0000
vertex -27.7326 -2.7952 22.6646
endloop
endfacet
facet normal -0.793353 0.608761 0.000000
outer loop
vertex -27.4278 -2.3981 0.0000
vertex -27.7326 -2.7952 22.6646
vertex -27.4278 -2.3981 22.6646
endloop
endfacet
facet normal 0.000000 0.000000 1.000000
outer loop
vertex -26.0718 -3.7541 22.6646
vertex -27.4278 -2.3981 22.6646
vertex -27.7326 -2.7952 22.6646
endloop
endfacet
facet normal 0.000000 0.000000 -1.000000
outer loop
vertex -26.0718 -3.7541 0.0000
vertex -27.7326 -2.7952 0.0000
vertex -27.4278 -2.3981 0.0000
endloop
endfacet
facet normal -0.923880 0.382683 0.000000
outer loop
vertex -27.7326 -2.7952 0.0000
vertex -27.9241 -3.2577 0.0000
vertex -27.9241 -3.2577 22.6646
endloop
endfacet
facet normal -0.923880 0.382683 0.000000
outer loop
vertex -27.7326 -2.7952 0.0000
vertex -27.9241 -3.2577 22.6646
vertex -27.7326 -2.7952 22.6646
endloop
endfacet
facet normal 0.000000 0.000000 1.000000
outer loop
vertex -26.0718 -3.7541 22.6646
vertex -27.7326 -2.7952 22.6646
vertex -27.9241 -3.2577 22.6646
endloop
endfacet
facet normal 0.000000 0.000000 -1.000000
outer loop
vertex -26.0718 -3.7541 0.0000
vertex -27.9241 -3.2577 0.0000
vertex -27.7326 -2.7952 0.0000
endloop
endfacet
facet normal -0.991445 0.130526 0.000000
outer loop
vertex -27.9241 -3.2577 0.0000
vertex -27.9895 -3.7541 0.0000
vertex -27.9895 -3.7541 22.6646
endloop
endfacet
facet normal -0.991445 0.130526 0.000000
outer loop
vertex -27.9241 -3.2577 0.0000
vertex -27.9895 -3.7541 22.6646
vertex -27.9241 -3.2577 22.6646
endloop
endfacet
facet normal 0.000000 0.000000 1.000000
outer loop
vertex -26.0718 -3.7541 22.6646
vertex -27.9241 -3.2577 22.6646
vertex -27.9895 -3.7541 22.6646
endloop
endfacet
facet normal 0.000000 0.000000 -1.000000
outer loop
vertex -26.0718 -3.7541 0.0000
vertex -27.9895 -3.7541 0.0000
vertex -27.9241 -3.2577 0.0000
endloop
endfacet
facet normal -0.991445 -0.130526 0.000000
outer loop
vertex -27.9895 -3.7541 0.0000
vertex -27.9241 -4.2504 0.0000
vertex -27.9241 -4.2504 22.6646
endloop
endfacet
facet normal -0.991445 -0.130526 0.000000
outer loop
vertex -27.9895 -3.7541 0.0000
vertex -27.9241 -4.2504 22.6646
vertex -27.9895 -3.7541 22.6646
endloop
endfacet
facet normal 0.000000 0.000000 1.000000
outer loop
vertex -26.0718 -3.7541 22.6646
vertex -27.9895 -3.7541 22.6646
vertex -27.9241 -4.2504 22.6646
endloop
endfacet
facet normal -0.000000 0.000000 -1.000000
outer loop
vertex -26.0718 -3.7541 0.0000
vertex -27.9241 -4.2504 0.0000
vertex -27.9895 -3.7541 0.0000
endloop
endfacet
facet normal -0.923880 -0.382683 0.000000
outer loop
vertex -27.9241 -4.2504 0.0000
vertex -27.7326 -4.7129 0.0000
vertex -27.7326 -4.7129 22.6646
endloop
endfacet
facet normal -0.923880 -0.382683 0.000000
outer loop
vertex -27.9241 -4.2504 0.0000
vertex -27.7326 -4.7129 22.6646
vertex -27.9241 -4.2504 22.6646
endloop
endfacet
facet normal 0.000000 0.000000 1.000000
outer loop
vertex -26.0718 -3.7541 22.6646
vertex -27.9241 -4.2504 22.6646
vertex -27.7326 -4.7129 22.6646
endloop
endfacet
facet normal 0.000000 0.000000 -1.000000
outer loop
vertex -26.0718 -3.7541 0.0000
vertex -27.7326 -4.7129 0.0000
vertex -27.9241 -4.2504 0.0000
endloop
endfacet
facet normal -0.793353 -0.608761 0.000000
outer loop
vertex -27.7326 -4.7129 0.0000
vertex -27.4278 -5.1101 0.0000
vertex -27.4278 -5.1101 22.6646
endloop
endfacet
facet normal -0.793353 -0.608761 0.000000
outer loop
vertex -27.7326 -4.7129 0.0000
vertex -27.4278 -5.1101 22.6646
vertex -27.7326 -4.7129 22.6646
endloop
endfacet
facet normal 0.000000 0.000000 1.000000
outer loop
vertex -26.0718 -3.7541 22.6646
vertex -27.7326 -4.7129 22.6646
vertex -27.4278 -5.1101 22.6646
endloop
endfacet
facet normal 0.000000 0.000000 -1.000000
outer loop
vertex -26.0718 -3.7541 0.0000
vertex -27.4278 -5.1101 0.0000
vertex -27.7326 -4.7129 0.0000
endloop
endfacet
facet normal -0.608761 -0.793353 0.000000
outer loop
vertex -27.4278 -5.1101 0.0000
vertex -27.0307 -5.4148 0.0000
vertex -27.0307 -5.4148 22.6646
endloop
endfacet
facet normal -0.608761 -0.793353 0.000000
outer loop
vertex -27.4278 -5.1101 0.0000
vertex -27.0307 -5.4148 22.6646
vertex -27.4278 -5.1101 22.6646
endloop
endfacet
facet normal 0.000000 0.000000 1.000000
outer loop
vertex -26.0718 -3.7541 22.6646
vertex -27.4278 -5.1101 22.6646
vertex -27.0307 -5.4148 22.6646
endloop
endfacet
facet normal 0.000000 0.000000 -1.000000
outer loop
vertex -26.0718 -3.7541 0.0000
vertex -27.0307 -5.4148 0.0000
vertex -27.4278 -5.1101 0.0000
endloop
endfacet
facet normal -0.382683 -0.923880 0.000000
outer loop
vertex -27.0307 -5.4148 0.0000
vertex -26.5682 -5.6064 0.0000
vertex -26.5682 -5.6064 22.6646
endloop
endfacet
facet normal -0.382683 -0.923880 0.000000
outer loop
vertex -27.0307 -5.4148 0.0000
vertex -26.5682 -5.6064 22.6646
vertex -27.0307 -5.4148 22.6646
endloop
endfacet
facet normal 0.000000 0.000000 1.000000
outer loop
vertex -26.0718 -3.7541 22.6646
vertex -27.0307 -5.4148 22.6646
vertex -26.5682 -5.6064 22.6646
endloop
endfacet
facet normal 0.000000 0.000000 -1.000000
outer loop
vertex -26.0718 -3.7541 0.0000
vertex -26.5682 -5.6064 0.0000
vertex -27.0307 -5.4148 0.0000
endloop
endfacet
facet normal -0.130526 -0.991445 0.000000
outer loop
vertex -26.5682 -5.6064 0.0000
vertex -26.0718 -5.6717 0.0000
vertex -26.0718 -5.6717 22.6646
endloop
endfacet
facet normal -0.130526 -0.991445 0.000000
outer loop
vertex -26.5682 -5.6064 0.0000
vertex -26.0718 -5.6717 22.6646
vertex -26.5682 -5.6064 22.6646
endloop
endfacet
facet normal 0.000000 0.000000 1.000000
outer loop
vertex -26.0718 -3.7541 22.6646
vertex -26.5682 -5.6064 22.6646
vertex -26.0718 -5.6717 22.6646
endloop
endfacet
facet normal 0.000000 -0.000000 -1.000000
outer loop
vertex -26.0718 -3.7541 0.0000
vertex -26.0718 -5.6717 0.0000
vertex -26.5682 -5.6064 0.0000
endloop
endfacet
facet normal 0.130526 -0.991445 0.000000
outer loop
vertex -26.0718 -5.6717 0.0000
vertex -25.5755 -5.6064 0.0000
vertex -25.5755 -5.6064 22.6646
endloop
endfacet
facet normal 0.130526 -0.991445 0.000000
outer loop
vertex -26.0718 -5.6717 0.0000
vertex -25.5755 -5.6064 22.6646
vertex -26.0718 -5.6717 22.6646
endloop
endfacet
facet normal 0.000000 0.000000 1.000000
outer loop
vertex -26.0718 -3.7541 22.6646
vertex -26.0718 -5.6717 22.6646
vertex -25.5755 -5.6064 22.6646
endloop
endfacet
facet normal 0.000000 0.000000 -1.000000
outer loop
vertex -26.0718 -3.7541 0.0000
vertex -25.5755 -5.6064 0.0000
vertex -26.0718 -5.6717 0.0000
endloop
endfacet
facet normal 0.382683 -0.923880 0.000000
outer loop
vertex -25.5755 -5.6064 0.0000
vertex -25.1130 -5.4148 0.0000
vertex -25.1130 -5.4148 22.6646
endloop
endfacet
facet normal 0.382683 -0.923880 0.000000
outer loop
vertex -25.5755 -5.6064 0.0000
vertex -25.1130 -5.4148 22.6646
vertex -25.5755 -5.6064 22.6646
endloop
endfacet
facet normal 0.000000 0.000000 1.000000
outer loop
vertex -26.0718 -3.7541 22.6646
vertex -25.5755 -5.6064 22.6646
vertex -25.1130 -5.4148 22.6646
endloop
endfacet
facet normal 0.000000 0.000000 -1.000000
outer loop
vertex -26.0718 -3.7541 0.0000
vertex -25.1130 -5.4148 0.0000
vertex -25.5755 -5.6064 0.0000
endloop
endfacet
facet normal 0.608761 -0.793353 0.000000
outer loop
vertex -25.1130 -5.4148 0.0000
vertex -24.7158 -5.1101 0.0000
vertex -24.7158 -5.1101 22.6646
endloop
endfacet
facet normal 0.608761 -0.793353 0.000000
outer loop
vertex -25.1130 -5.4148 0.0000
vertex -24.7158 -5.1101 22.6646
vertex -25.1130 -5.4148 22.6646
endloop
endfacet
facet normal 0.000000 0.000000 1.000000
outer loop
vertex -26.0718 -3.7541 22.6646
vertex -25.1130 -5.4148 22.6646
vertex -24.7158 -5.1101 22.6646
endloop
endfacet
facet normal 0.000000 0.000000 -1.000000
outer loop
vertex -26.0718 -3.7541 0.0000
vertex -24.7158 -5.1101 0.0000
vertex -25.1130 -5.4148 0.0000
endloop
endfacet
facet normal 0.793353 -0.608761 0.000000
outer loop
vertex -24.7158 -5.1101 0.0000
vertex -24.4111 -4.7129 0.0000
vertex -24.4111 -4.7129 22.6646
endloop
endfacet
facet normal 0.793353 -0.608761 0.000000
outer loop
vertex -24.7158 -5.1101 0.0000
vertex -24.4111 -4.7129 22.6646
vertex -24.7158 -5.1101 22.6646
endloop
endfacet
facet normal 0.000000 0.000000 1.000000
outer loop
vertex -26.0718 -3.7541 22.6646
vertex -24.7158 -5.1101 22.6646
vertex -24.4111 -4.7129 22.6646
endloop
endfacet
facet normal 0.000000 0.000000 -1.000000
outer loop
vertex -26.0718 -3.7541 0.0000
vertex -24.4111 -4.7129 0.0000
vertex -24.7158 -5.1101 0.0000
endloop
endfacet
facet normal 0.923880 -0.382683 0.000000
outer loop
vertex -24.4111 -4.7129 0.0000
vertex -24.2195 -4.2504 0.0000
vertex -24.2195 -4.2504 22.6646
endloop
endfacet
facet normal 0.923880 -0.382683 0.000000
outer loop
vertex -24.4111 -4.7129 0.0000
vertex -24.2195 -4.2504 22.6646
vertex -24.4111 -4.7129 22.6646
endloop
endfacet
facet normal 0.000000 0.000000 1.000000
outer loop
vertex -26.0718 -3.7541 22.6646
vertex -24.4111 -4.7129 22.6646
vertex -24.2195 -4.2504 22.6646
endloop
endfacet
facet normal 0.000000 0.000000 -1.000000
outer loop
vertex -26.0718 -3.7541 0.0000
vertex -24.2195 -4.2504 0.0000
vertex -24.4111 -4.7129 0.0000
endloop
endfacet
facet normal 0.991445 -0.130526 0.000000
outer loop
vertex -24.2195 -4.2504 0.0000
vertex -24.1542 -3.7541 0.0000
vertex -24.1542 -3.7541 22.6646
endloop
endfacet
facet normal 0.991445 -0.130526 0.000000
outer loop
vertex -24.2195 -4.2504 0.0000
vertex -24.1542 -3.7541 22.6646
vertex -24.2195 -4.2504 22.6646
endloop
endfacet
facet normal 0.000000 0.000000 1.000000
outer loop
vertex -26.0718 -3.7541 22.6646
vertex -24.2195 -4.2504 22.6646
vertex -24.1542 -3.7541 22.6646
endloop
endfacet
facet normal 0.000000 0.000000 -1.000000
outer loop
vertex -26.0718 -3.7541 0.0000
vertex -24.1542 -3.7541 0.0000
vertex -24.2195 -4.2504 0.0000
endloop
endfacet
facet normal 0.991445 0.130526 0.000000
outer loop
vertex -20.9164 -18.7205 0.0000
vertex -21.0120 -17.9943 0.0000
vertex -21.0120 -17.9943 17.6355
endloop
endfacet
facet normal 0.991445 0.130526 -0.000000
outer loop
vertex -20.9164 -18.7205 0.0000
vertex -21.0120 -17.9943 17.6355
vertex -20.9164 -18.7205 17.6355
endloop
endfacet
facet normal 0.000000 0.000000 1.000000
outer loop
vertex -23.7222 -18.7205 17.6355
vertex -20.9164 -18.7205 17.6355
vertex -21.0120 -17.9943 17.6355
endloop
endfacet
facet normal 0.000000 0.000000 -1.000000
outer loop
vertex -23.7222 -18.7205 0.0000
vertex -21.0120 -17.9943 0.0000
vertex -20.9164 -18.7205 0.0000
endloop
endfacet
facet normal 0.923880 0.382683 0.000000
outer loop
vertex -21.0120 -17.9943 0.0000
vertex -21.2923 -17.3176 0.0000
vertex -21.2923 -17.3176 17.6355
endloop
endfacet
facet normal 0.923880 0.382683 -0.000000
outer loop
vertex -21.0120 -17.9943 0.0000
vertex -21.2923 -17.3176 17.6355
vertex -21.0120 -17.9943 17.6355
endloop
endfacet
facet normal 0.000000 0.000000 1.000000
outer loop
vertex -23.7222 -18.7205 17.6355
vertex -21.0120 -17.9943 17.6355
vertex -21.2923 -17.3176 17.6355
endloop
endfacet
facet normal 0.000000 0.000000 -1.000000
outer loop
vertex -23.7222 -18.7205 0.0000
vertex -21.2923 -17.3176 0.0000
vertex -21.0120 -17.9943 0.0000
endloop
endfacet
facet normal 0.793353 0.608761 0.000000
outer loop
vertex -21.2923 -17.3176 0.0000
vertex -21.7382 -16.7365 0.0000
vertex -21.7382 -16.7365 17.6355
endloop
endfacet
facet normal 0.793353 0.608761 -0.000000
outer loop
vertex -21.2923 -17.3176 0.0000
vertex -21.7382 -16.7365 17.6355
vertex -21.2923 -17.3176 17.6355
endloop
endfacet
facet normal 0.000000 0.000000 1.000000
outer loop
vertex -23.7222 -18.7205 17.6355
vertex -21.2923 -17.3176 17.6355
vertex -21.7382 -16.7365 17.6355
endloop
endfacet
facet normal 0.000000 0.000000 -1.000000
outer loop
vertex -23.7222 -18.7205 0.0000
vertex -21.7382 -16.7365 0.0000
vertex -21.2923 -17.3176 0.0000
endloop
endfacet
facet normal 0.608761 0.793353 0.000000
outer loop
vertex -21.7382 -16.7365 0.0000
vertex -22.3193 -16.2906 0.0000
vertex -22.3193 -16.2906 17.6355
endloop
endfacet
facet normal 0.608761 0.793353 -0.000000
outer loop
vertex -21.7382 -16.7365 0.0000
vertex -22.3193 -16.2906 17.6355
vertex -21.7382 -16.7365 17.6355
endloop
endfacet
facet normal 0.000000 0.000000 1.000000
outer loop
vertex -23.7222 -18.7205 17.6355
vertex -21.7382 -16.7365 17.6355
vertex -22.3193 -16.2906 17.6355
endloop
endfacet
facet normal 0.000000 0.000000 -1.000000
outer loop
vertex -23.7222 -18.7205 0.0000
vertex -22.3193 -16.2906 0.0000
vertex -21.7382 -16.7365 0.0000
endloop
endfacet
facet normal 0.382683 0.923880 0.000000
outer loop
vertex -22.3193 -16.2906 0.0000
vertex -22.9960 -16.0103 0.0000
vertex -22.9960 -16.0103 17.6355
endloop
endfacet
facet normal 0.382683 0.923880 -0.000000
outer loop
vertex -22.3193 -16.2906 0.0000
vertex -22.9960 -16.0103 17.6355
vertex -22.3193 -16.2906 17.6355
endloop
endfacet
facet normal 0.000000 0.000000 1.000000
outer loop
vertex -23.7222 -18.7205 17.6355
vertex -22.3193 -16.2906 17.6355
vertex -22.9960 -16.0103 17.6355
endloop
endfacet
facet normal 0.000000 0.000000 -1.000000
outer loop
vertex -23.7222 -18.7205 0.0000
vertex -22.9960 -16.0103 0.0000
vertex -22.3193 -16.2906 0.0000
endloop
endfacet
facet normal 0.130526 0.991445 0.000000
outer loop
vertex -22.9960 -16.0103 0.0000
vertex -23.7222 -15.9147 0.0000
vertex -23.7222 -15.9147 17.6355
endloop
endfacet
facet normal 0.130526 0.991445 -0.000000
outer loop
vertex -22.9960 -16.0103 0.0000
vertex -23.7222 -15.9147 17.6355
vertex -22.9960 -16.0103 17.6355
endloop
endfacet
facet normal 0.000000 0.000000 1.000000
outer loop
vertex -23.7222 -18.7205 17.6355
vertex -22.9960 -16.0103 17.6355
vertex -23.7222 -15.9147 17.6355
endloop
endfacet
facet normal 0.000000 0.000000 -1.000000
outer loop
vertex -23.7222 -18.7205 0.0000
vertex -23.7222 -15.9147 0.0000
vertex -22.9960 -16.0103 0.0000
endloop
endfacet
facet normal -0.130526 0.991445 0.000000
outer loop
vertex -23.7222 -15.9147 0.0000
vertex -24.4484 -16.0103 0.0000
vertex -24.4484 -16.0103 17.6355
endloop
endfacet
facet normal -0.130526 0.991445 0.000000
outer loop
vertex -23.7222 -15.9147 0.0000
vertex -24.4484 -16.0103 17.6355
vertex -23.7222 -15.9147 17.6355
endloop
endfacet
facet normal 0.000000 -0.000000 1.000000
outer loop
vertex -23.7222 -18.7205 17.6355
vertex -23.7222 -15.9147 17.6355
vertex -24.4484 -16.0103 17.6355
endloop
endfacet
facet normal 0.000000 0.000000 -1.000000
outer loop
vertex -23.7222 -18.7205 0.0000
vertex -24.4484 -16.0103 0.0000
vertex -23.7222 -15.9147 0.0000
endloop
endfacet
facet normal -0.382683 0.923880 0.000000
outer loop
vertex -24.4484 -16.0103 0.0000
vertex -25.1251 -16.2906 0.0000
vertex -25.1251 -16.2906 17.6355
endloop
endfacet
facet normal -0.382683 0.923880 0.000000
outer loop
vertex -24.4484 -16.0103 0.0000
vertex -25.1251 -16.2906 17.6355
vertex -24.4484 -16.0103 17.6355
endloop
endfacet
facet normal 0.000000 0.000000 1.000000
outer loop
vertex -23.7222 -18.7205 17.6355
vertex -24.4484 -16.0103 17.6355
vertex -25.1251 -16.2906 17.6355
endloop
endfacet
facet normal 0.000000 0.000000 -1.000000
outer loop
vertex -23.7222 -18.7205 0.0000
vertex -25.1251 -16.2906 0.0000
vertex -24.4484 -16.0103 0.0000
endloop
endfacet
facet normal -0.608761 0.793353 0.000000
outer loop
vertex -25.1251 -16.2906 0.0000
vertex -25.7062 -16.7365 0.0000
vertex -25.7062 -16.7365 17.6355
endloop
endfacet
facet normal -0.608761 0.793353 0.000000
outer loop
vertex -25.1251 -16.2906 0.0000
vertex -25.7062 -16.7365 17.6355
vertex -25.1251 -16.2906 17.6355
endloop
endfacet
facet normal 0.000000 0.000000 1.000000
outer loop
vertex -23.7222 -18.7205 17.6355
vertex -25.1251 -16.2906 17.6355
vertex -25.7062 -16.7365 17.6355
endloop
endfacet
facet normal 0.000000 0.000000 -1.000000
outer loop
vertex -23.7222 -18.7205 0.0000
vertex -25.7062 -16.7365 0.0000
vertex -25.1251 -16.2906 0.0000
endloop
endfacet
facet normal -0.793353 0.608761 0.000000
outer loop
vertex -25.7062 -16.7365 0.0000
vertex -26.1521 -17.3176 0.0000
vertex -26.1521 -17.3176 17.6355
endloop
endfacet
facet normal -0.793353 0.608761 0.000000
outer loop
vertex -25.7062 -16.7365 0.0000
vertex -26.1521 -17.3176 17.6355
vertex -25.7062 -16.7365 17.6355
endloop
endfacet
facet normal 0.000000 0.000000 1.000000
outer loop
vertex -23.7222 -18.7205 17.6355
vertex -25.7062 -16.7365 17.6355
vertex -26.1521 -17.3176 17.6355
endloop
endfacet
facet normal 0.000000 0.000000 -1.000000
outer loop
vertex -23.7222 -18.7205 0.0000
vertex -26.1521 -17.3176 0.0000
vertex -25.7062 -16.7365 0.0000
endloop
endfacet
facet normal -0.923880 0.382683 0.000000
outer loop
vertex -26.1521 -17.3176 0.0000
vertex -26.4324 -17.9943 0.0000
vertex -26.4324 -17.9943 17.6355
endloop
endfacet
facet normal -0.923880 0.382683 0.000000
outer loop
vertex -26.1521 -17.3176 0.0000
vertex -26.4324 -17.9943 17.6355
vertex -26.1521 -17.3176 17.6355
endloop
endfacet
facet normal 0.000000 0.000000 1.000000
outer loop
vertex -23.7222 -18.7205 17.6355
vertex -26.1521 -17.3176 17.6355
vertex -26.4324 -17.9943 17.6355
endloop
endfacet
facet normal 0.000000 0.000000 -1.000000
outer loop
vertex -23.7222 -18.7205 0.0000
vertex -26.4324 -17.9943 0.0000
vertex -26.1521 -17.3176 0.0000
endloop
endfacet
facet normal -0.991445 0.130526 0.000000
outer loop
vertex -26.4324 -17.9943 0.0000
vertex -26.5280 -18.7205 0.0000
vertex -26.5280 -18.7205 17.6355
endloop
endfacet
facet normal -0.991445 0.130526 0.000000
outer loop
vertex -26.4324 -17.9943 0.0000
vertex -26.5280 -18.7205 17.6355
vertex -26.4324 -17.9943 17.6355
endloop
endfacet
facet normal 0.000000 0.000000 1.000000
outer loop
vertex -23.7222 -18.7205 17.6355
vertex -26.4324 -17.9943 17.6355
vertex -26.5280 -18.7205 17.6355
endloop
endfacet
facet normal 0.000000 0.000000 -1.000000
outer loop
vertex -23.7222 -18.7205 0.0000
vertex -26.5280 -18.7205 0.0000
vertex -26.4324 -17.9943 0.0000
endloop
endfacet
facet normal -0.991445 -0.130526 0.000000
outer loop
vertex -26.5280 -18.7205 0.0000
vertex -26.4324 -19.4467 0.0000
vertex -26.4324 -19.4467 17.6355
endloop
endfacet
facet normal -0.991445 -0.130526 0.000000
outer loop
vertex -26.5280 -18.7205 0.0000
vertex -26.4324 -19.4467 17.6355
vertex -26.5280 -18.7205 17.6355
endloop
endfacet
facet normal 0.000000 0.000000 1.000000
outer loop
vertex -23.7222 -18.7205 17.6355
vertex -26.5280 -18.7205 17.6355
vertex -26.4324 -19.4467 17.6355
endloop
endfacet
facet normal -0.000000 0.000000 -1.000000
outer loop
vertex -23.7222 -18.7205 0.0000
vertex -26.4324 -19.4467 0.0000
vertex -26.5280 -18.7205 0.0000
endloop
endfacet
facet normal -0.923880 -0.382683 0.000000
outer loop
vertex -26.4324 -19.4467 0.0000
vertex -26.1521 -20.1234 0.0000
vertex -26.1521 -20.1234 17.6355
endloop
endfacet
facet normal -0.923880 -0.382683 0.000000
outer loop
vertex -26.4324 -19.4467 0.0000
vertex -26.1521 -20.1234 17.6355
vertex -26.4324 -19.4467 17.6355
endloop
endfacet
facet normal 0.000000 0.000000 1.000000
outer loop
vertex -23.7222 -18.7205 17.6355
vertex -26.4324 -19.4467 17.6355
vertex -26.1521 -20.1234 17.6355
endloop
endfacet
facet normal 0.000000 0.000000 -1.000000
outer loop
vertex -23.7222 -18.7205 0.0000
vertex -26.1521 -20.1234 0.0000
vertex -26.4324 -19.4467 0.0000
endloop
endfacet
facet normal -0.793353 -0.608761 0.000000
outer loop
vertex -26.1521 -20.1234 0.0000
vertex -25.7062 -20.7045 0.0000
vertex -25.7062 -20.7045 17.6355
endloop
endfacet
facet normal -0.793353 -0.608761 0.000000
outer loop
vertex -26.1521 -20.1234 0.0000
vertex -25.7062 -20.7045 17.6355
vertex -26.1521 -20.1234 17.6355
endloop
endfacet
facet normal 0.000000 0.000000 1.000000
outer loop
vertex -23.7222 -18.7205 17.6355
vertex -26.1521 -20.1234 17.6355
vertex -25.7062 -20.7045 17.6355
endloop
endfacet
facet normal 0.000000 0.000000 -1.000000
outer loop
vertex -23.7222 -18.7205 0.0000
vertex -25.7062 -20.7045 0.0000
vertex -26.1521 -20.1234 0.0000
endloop
endfacet
facet normal -0.608761 -0.793353 0.000000
outer loop
vertex -25.7062 -20.7045 0.0000
vertex -25.1251 -21.1504 0.0000
vertex -25.1251 -21.1504 17.6355
endloop
endfacet
facet normal -0.608761 -0.793353 0.000000
outer loop
vertex -25.7062 -20.7045 0.0000
vertex -25.1251 -21.1504 17.6355
vertex -25.7062 -20.7045 17.6355
endloop
endfacet
facet normal 0.000000 0.000000 1.000000
outer loop
vertex -23.7222 -18.7205 17.6355
vertex -25.7062 -20.7045 17.6355
vertex -25.1251 -21.1504 17.6355
endloop
endfacet
facet normal 0.000000 0.000000 -1.000000
outer loop
vertex -23.7222 -18.7205 0.0000
vertex -25.1251 -21.1504 0.0000
vertex -25.7062 -20.7045 0.0000
endloop
endfacet
facet normal -0.382683 -0.923880 0.000000
outer loop
vertex -25.1251 -21.1504 0.0000
vertex -24.4484 -21.4307 0.0000
vertex -24.4484 -21.4307 17.6355
endloop
endfacet
facet normal -0.382683 -0.923880 0.000000
outer loop
vertex -25.1251 -21.1504 0.0000
vertex -24.4484 -21.4307 17.6355
vertex -25.1251 -21.1504 17.6355
endloop
endfacet
facet normal 0.000000 0.000000 1.000000
outer loop
vertex -23.7222 -18.7205 17.6355
vertex -25.1251 -21.1504 17.6355
vertex -24.4484 -21.4307 17.6355
endloop
endfacet
facet normal 0.000000 0.000000 -1.000000
outer loop
vertex -23.7222 -18.7205 0.0000
vertex -24.4484 -21.4307 0.0000
vertex -25.1251 -21.1504 0.0000
endloop
endfacet
facet normal -0.130526 -0.991445 0.000000
outer loop
vertex -24.4484 -21.4307 0.0000
vertex -23.7222 -21.5263 0.0000
vertex -23.7222 -21.5263 17.6355
endloop
endfacet
facet normal -0.130526 -0.991445 0.000000
outer loop
vertex -24.4484 -21.4307 0.0000
vertex -23.7222 -21.5263 17.6355
vertex -24.4484 -21.4307 17.6355
endloop
endfacet
facet normal 0.000000 0.000000 1.000000
outer loop
vertex -23.7222 -18.7205 17.6355
vertex -24.4484 -21.4307 17.6355
vertex -23.7222 -21.5263 17.6355
endloop
endfacet
facet normal 0.000000 -0.000000 -1.000000
outer loop
vertex -23.7222 -18.7205 0.0000
vertex -23.7222 -21.5263 0.0000
vertex -24.4484 -21.4307 0.0000
endloop
endfacet
facet normal 0.130526 -0.991445 0.000000
outer loop
vertex -23.7222 -21.5263 0.0000
vertex -22.9960 -21.4307 0.0000
vertex -22.9960 -21.4307 17.6355
endloop
endfacet
facet normal 0.130526 -0.991445 0.000000
outer loop
vertex -23.7222 -21.5263 0.0000
vertex -22.9960 -21.4307 17.6355
vertex -23.7222 -21.5263 17.6355
endloop
endfacet
facet normal 0.000000 0.000000 1.000000
outer loop
vertex -23.7222 -18.7205 17.6355
vertex -23.7222 -21.5263 17.6355
vertex -22.9960 -21.4307 17.6355
endloop
endfacet
facet normal 0.000000 0.000000 -1.000000
outer loop
vertex -23.7222 -18.7205 0.0000
vertex -22.9960 -21.4307 0.0000
vertex -23.7222 -21.5263 0.0000
endloop
endfacet
facet normal 0.382683 -0.923880 0.000000
outer loop
vertex -22.9960 -21.4307 0.0000
vertex -22.3193 -21.1504 0.0000
vertex -22.3193 -21.1504 17.6355
endloop
endfacet
facet normal 0.382683 -0.923880 0.000000
outer loop
vertex -22.9960 -21.4307 0.0000
vertex -22.3193 -21.1504 17.6355
vertex -22.9960 -21.4307 17.6355
endloop
endfacet
facet normal 0.000000 0.000000 1.000000
outer loop
vertex -23.7222 -18.7205 17.6355
vertex -22.9960 -21.4307 17.6355
vertex -22.3193 -21.1504 17.6355
endloop
endfacet
facet normal 0.000000 0.000000 -1.000000
outer loop
vertex -23.7222 -18.7205 0.0000
vertex -22.3193 -21.1504 0.0000
vertex -22.9960 -21.4307 0.0000
endloop
endfacet
facet normal 0.608761 -0.793353 0.000000
outer loop
vertex -22.3193 -21.1504 0.0000
vertex -21.7382 -20.7045 0.0000
vertex -21.7382 -20.7045 17.6355
endloop
endfacet
facet normal 0.608761 -0.793353 0.000000
outer loop
vertex -22.3193 -21.1504 0.0000
vertex -21.7382 -20.7045 17.6355
vertex -22.3193 -21.1504 17.6355
endloop
endfacet
facet normal 0.000000 0.000000 1.000000
outer loop
vertex -23.7222 -18.7205 17.6355
vertex -22.3193 -21.1504 17.6355
vertex -21.7382 -20.7045 17.6355
endloop
endfacet
facet normal 0.000000 0.000000 -1.000000
outer loop
vertex -23.7222 -18.7205 0.0000
vertex -21.7382 -20.7045 0.0000
vertex -22.3193 -21.1504 0.0000
endloop
endfacet
facet normal 0.793353 -0.608761 0.000000
outer loop
vertex -21.7382 -20.7045 0.0000
vertex -21.2923 -20.1234 0.0000
vertex -21.2923 -20.1234 17.6355
endloop
endfacet
facet normal 0.793353 -0.608761 0.000000
outer loop
vertex -21.7382 -20.7045 0.0000
vertex -21.2923 -20.1234 17.6355
vertex -21.7382 -20.7045 17.6355
endloop
endfacet
facet normal 0.000000 0.000000 1.000000
outer loop
vertex -23.7222 -18.7205 17.6355
vertex -21.7382 -20.7045 17.6355
vertex -21.2923 -20.1234 17.6355
endloop
endfacet
facet normal 0.000000 0.000000 -1.000000
outer loop
vertex -23.7222 -18.7205 0.0000
vertex -21.2923 -20.1234 0.0000
vertex -21.7382 -20.7045 0.0000
endloop
endfacet
facet normal 0.923880 -0.382683 0.000000
outer loop
vertex -21.2923 -20.1234 0.0000
vertex -21.0120 -19.4467 0.0000
vertex -21.0120 -19.4467 17.6355
endloop
endfacet
facet normal 0.923880 -0.382683 0.000000
outer loop
vertex -21.2923 -20.1234 0.0000
vertex -21.0120 -19.4467 17.6355
vertex -21.2923 -20.1234 17.6355
endloop
endfacet
facet normal 0.000000 0.000000 1.000000
outer loop
vertex -23.7222 -18.7205 17.6355
vertex -21.2923 -20.1234 17.6355
vertex -21.0120 -19.4467 17.6355
endloop
endfacet
facet normal 0.000000 0.000000 -1.000000
outer loop
vertex -23.7222 -18.7205 0.0000
vertex -21.0120 -19.4467 0.0000
vertex -21.2923 -20.1234 0.0000
endloop
endfacet
facet normal 0.991445 -0.130526 0.000000
outer loop
vertex -21.0120 -19.4467 0.0000
vertex -20.9164 -18.7205 0.0000
vertex -20.9164 -18.7205 17.6355
endloop
endfacet
facet normal 0.991445 -0.130526 0.000000
outer loop
vertex -21.0120 -19.4467 0.0000
vertex -20.9164 -18.7205 17.6355
vertex -21.0120 -19.4467 17.6355
endloop
endfacet
facet normal -0.000000 0.000000 1.000000
outer loop
vertex -23.7222 -18.7205 17.6355
vertex -21.0120 -19.4467 17.6355
vertex -20.9164 -18.7205 17.6355
endloop
endfacet
facet normal 0.000000 0.000000 -1.000000
outer loop
vertex -23.7222 -18.7205 0.0000
vertex -20.9164 -18.7205 0.0000
vertex -21.0120 -19.4467 0.0000
endloop
endfacet
facet normal 0.991445 0.130526 0.000000
outer loop
vertex -3.3874 -21.8057 0.0000
vertex -3.4654 -21.2138 0.0000
vertex -3.4654 -21.2138 19.3135
endloop
endfacet
facet normal 0.991445 0.130526 -0.000000
outer loop
vertex -3.3874 -21.8057 0.0000
vertex -3.4654 -21.2138 19.3135
vertex -3.3874 -21.8057 19.3135
endloop
endfacet
facet normal 0.000000 0.000000 1.000000
outer loop
vertex -5.6742 -21.8057 19.3135
vertex -3.3874 -21.8057 19.3135
vertex -3.4654 -21.2138 19.3135
endloop
endfacet
facet normal 0.000000 0.000000 -1.000000
outer loop
vertex -5.6742 -21.8057 0.0000
vertex -3.4654 -21.2138 0.0000
vertex -3.3874 -21.8057 0.0000
endloop
endfacet
facet normal 0.923880 0.382683 0.000000
outer loop
vertex -3.4654 -21.2138 0.0000
vertex -3.6938 -20.6623 0.0000
vertex -3.6938 -20.6623 19.3135
endloop
endfacet
facet normal 0.923880 0.382683 -0.000000
outer loop
vertex -3.4654 -21.2138 0.0000
vertex -3.6938 -20.6623 19.3135
vertex -3.4654 -21.2138 19.3135
endloop
endfacet
facet normal 0.000000 0.000000 1.000000
outer loop
vertex -5.6742 -21.8057 19.3135
vertex -3.4654 -21.2138 19.3135
vertex -3.6938 -20.6623 19.3135
endloop
endfacet
facet normal 0.000000 0.000000 -1.000000
outer loop
vertex -5.6742 -21.8057 0.0000
vertex -3.6938 -20.6623 0.0000
vertex -3.4654 -21.2138 0.0000
endloop
endfacet
facet normal 0.793353 0.608761 0.000000
outer loop
vertex -3.6938 -20.6623 0.0000
vertex -4.0572 -20.1887 0.0000
vertex -4.0572 -20.1887 19.3135
endloop
endfacet
facet normal 0.793353 0.608761 -0.000000
outer loop
vertex -3.6938 -20.6623 0.0000
vertex -4.0572 -20.1887 19.3135
vertex -3.6938 -20.6623 19.3135
endloop
endfacet
facet normal 0.000000 0.000000 1.000000
outer loop
vertex -5.6742 -21.8057 19.3135
vertex -3.6938 -20.6623 19.3135
vertex -4.0572 -20.1887 19.3135
endloop
endfacet
facet normal 0.000000 0.000000 -1.000000
outer loop
vertex -5.6742 -21.8057 0.0000
vertex -4.0572 -20.1887 0.0000
vertex -3.6938 -20.6623 0.0000
endloop
endfacet
facet normal 0.608761 0.793353 0.000000
outer loop
vertex -4.0572 -20.1887 0.0000
vertex -4.5308 -19.8253 0.0000
vertex -4.5308 -19.8253 19.3135
endloop
endfacet
facet normal 0.608761 0.793353 -0.000000
outer loop
vertex -4.0572 -20.1887 0.0000
vertex -4.5308 -19.8253 19.3135
vertex -4.0572 -20.1887 19.3135
endloop
endfacet
facet normal 0.000000 0.000000 1.000000
outer loop
vertex -5.6742 -21.8057 19.3135
vertex -4.0572 -20.1887 19.3135
vertex -4.5308 -19.8253 19.3135
endloop
endfacet
facet normal 0.000000 0.000000 -1.000000
outer loop
vertex -5.6742 -21.8057 0.0000
vertex -4.5308 -19.8253 0.0000
vertex -4.0572 -20.1887 0.0000
endloop
endfacet
facet normal 0.382683 0.923880 0.000000
outer loop
vertex -4.5308 -19.8253 0.0000
vertex -5.0823 -19.5969 0.0000
vertex -5.0823 -19.5969 19.3135
endloop
endfacet
facet normal 0.382683 0.923880 -0.000000
outer loop
vertex -4.5308 -19.8253 0.0000
vertex -5.0823 -19.5969 19.3135
vertex -4.5308 -19.8253 19.3135
endloop
endfacet
facet normal 0.000000 0.000000 1.000000
outer loop
vertex -5.6742 -21.8057 19.3135
vertex -4.5308 -19.8253 19.3135
vertex -5.0823 -19.5969 19.3135
endloop
endfacet
facet normal 0.000000 0.000000 -1.000000
outer loop
vertex -5.6742 -21.8057 0.0000
vertex -5.0823 -19.5969 0.0000
vertex -4.5308 -19.8253 0.0000
endloop
endfacet
facet normal 0.130526 0.991445 0.000000
outer loop
vertex -5.0823 -19.5969 0.0000
vertex -5.6742 -19.5189 0.0000
vertex -5.6742 -19.5189 19.3135
endloop
endfacet
facet normal 0.130526 0.991445 -0.000000
outer loop
vertex -5.0823 -19.5969 0.0000
vertex -5.6742 -19.5189 19.3135
vertex -5.0823 -19.5969 19.3135
endloop
endfacet
facet normal 0.000000 0.000000 1.000000
outer loop
vertex -5.6742 -21.8057 19.3135
vertex -5.0823 -19.5969 19.3135
vertex -5.6742 -19.5189 19.3135
endloop
endfacet
facet normal 0.000000 0.000000 -1.000000
outer loop
vertex -5.6742 -21.8057 0.0000
vertex -5.6742 -19.5189 0.0000
vertex -5.0823 -19.5969 0.0000
endloop
endfacet
facet normal -0.130526 0.991445 0.000000
outer loop
vertex -5.6742 -19.5189 0.0000
vertex -6.2660 -19.5969 0.0000
vertex -6.2660 -19.5969 19.3135
endloop
endfacet
facet normal -0.130526 0.991445 0.000000
outer loop
vertex -5.6742 -19.5189 0.0000
vertex -6.2660 -19.5969 19.3135
vertex -5.6742 -19.5189 19.3135
endloop
endfacet
facet normal 0.000000 -0.000000 1.000000
outer loop
vertex -5.6742 -21.8057 19.3135
vertex -5.6742 -19.5189 19.3135
vertex -6.2660 -19.5969 19.3135
endloop
endfacet
facet normal 0.000000 0.000000 -1.000000
outer loop
vertex -5.6742 -21.8057 0.0000
vertex -6.2660 -19.5969 0.0000
vertex -5.6742 -19.5189 0.0000
endloop
endfacet
facet normal -0.382683 0.923880 0.000000
outer loop
vertex -6.2660 -19.5969 0.0000
vertex -6.8175 -19.8253 0.0000
vertex -6.8175 -19.8253 19.3135
endloop
endfacet
facet normal -0.382683 0.923880 0.000000
outer loop
vertex -6.2660 -19.5969 0.0000
vertex -6.8175 -19.8253 19.3135
vertex -6.2660 -19.5969 19.3135
endloop
endfacet
facet normal 0.000000 0.000000 1.000000
outer loop
vertex -5.6742 -21.8057 19.3135
vertex -6.2660 -19.5969 19.3135
vertex -6.8175 -19.8253 19.3135
endloop
endfacet
facet normal 0.000000 0.000000 -1.000000
outer loop
vertex -5.6742 -21.8057 0.0000
vertex -6.8175 -19.8253 0.0000
vertex -6.2660 -19.5969 0.0000
endloop
endfacet
facet normal -0.608761 0.793353 0.000000
outer loop
vertex -6.8175 -19.8253 0.0000
vertex -7.2911 -20.1887 0.0000
vertex -7.2911 -20.1887 19.3135
endloop
endfacet
facet normal -0.608761 0.793353 0.000000
outer loop
vertex -6.8175 -19.8253 0.0000
vertex -7.2911 -20.1887 19.3135
vertex -6.8175 -19.8253 19.3135
endloop
endfacet
facet normal 0.000000 0.000000 1.000000
outer loop
vertex -5.6742 -21.8057 19.3135
vertex -6.8175 -19.8253 19.3135
vertex -7.2911 -20.1887 19.3135
endloop
endfacet
facet normal 0.000000 0.000000 -1.000000
outer loop
vertex -5.6742 -21.8057 0.0000
vertex -7.2911 -20.1887 0.0000
vertex -6.8175 -19.8253 0.0000
endloop
endfacet
facet normal -0.793353 0.608761 0.000000
outer loop
vertex -7.2911 -20.1887 0.0000
vertex -7.6545 -20.6623 0.0000
vertex -7.6545 -20.6623 19.3135
endloop
endfacet
facet normal -0.793353 0.608761 0.000000
outer loop
vertex -7.2911 -20.1887 0.0000
vertex -7.6545 -20.6623 19.3135
vertex -7.2911 -20.1887 19.3135
endloop
endfacet
facet normal 0.000000 0.000000 1.000000
outer loop
vertex -5.6742 -21.8057 19.3135
vertex -7.2911 -20.1887 19.3135
vertex -7.6545 -20.6623 19.3135
endloop
endfacet
facet normal 0.000000 0.000000 -1.000000
outer loop
vertex -5.6742 -21.8057 0.0000
vertex -7.6545 -20.6623 0.0000
vertex -7.2911 -20.1887 0.0000
endloop
endfacet
facet normal -0.923880 0.382683 0.000000
outer loop
vertex -7.6545 -20.6623 0.0000
vertex -7.8830 -21.2138 0.0000
vertex -7.8830 -21.2138 19.3135
endloop
endfacet
facet normal -0.923880 0.382683 0.000000
outer loop
vertex -7.6545 -20.6623 0.0000
vertex -7.8830 -21.2138 19.3135
vertex -7.6545 -20.6623 19.3135
endloop
endfacet
facet normal 0.000000 0.000000 1.000000
outer loop
vertex -5.6742 -21.8057 19.3135
vertex -7.6545 -20.6623 19.3135
vertex -7.8830 -21.2138 19.3135
endloop
endfacet
facet normal 0.000000 0.000000 -1.000000
outer loop
vertex -5.6742 -21.8057 0.0000
vertex -7.8830 -21.2138 0.0000
vertex -7.6545 -20.6623 0.0000
endloop
endfacet
facet normal -0.991445 0.130526 0.000000
outer loop
vertex -7.8830 -21.2138 0.0000
vertex -7.9609 -21.8057 0.0000
vertex -7.9609 -21.8057 19.3135
endloop
endfacet
facet normal -0.991445 0.130526 0.000000
outer loop
vertex -7.8830 -21.2138 0.0000
vertex -7.9609 -21.8057 19.3135
vertex -7.8830 -21.2138 19.3135
endloop
endfacet
facet normal 0.000000 0.000000 1.000000
outer loop
vertex -5.6742 -21.8057 19.3135
vertex -7.8830 -21.2138 19.3135
vertex -7.9609 -21.8057 19.3135
endloop
endfacet
facet normal 0.000000 0.000000 -1.000000
outer loop
vertex -5.6742 -21.8057 0.0000
vertex -7.9609 -21.8057 0.0000
vertex -7.8830 -21.2138 0.0000
endloop
endfacet
facet normal -0.991445 -0.130526 0.000000
outer loop
vertex -7.9609 -21.8057 0.0000
vertex -7.8830 -22.3975 0.0000
vertex -7.8830 -22.3975 19.3135
endloop
endfacet
facet normal -0.991445 -0.130526 0.000000
outer loop
vertex -7.9609 -21.8057 0.0000
vertex -7.8830 -22.3975 19.3135
vertex -7.9609 -21.8057 19.3135
endloop
endfacet
facet normal 0.000000 0.000000 1.000000
outer loop
vertex -5.6742 -21.8057 19.3135
vertex -7.9609 -21.8057 19.3135
vertex -7.8830 -22.3975 19.3135
endloop
endfacet
facet normal -0.000000 0.000000 -1.000000
outer loop
vertex -5.6742 -21.8057 0.0000
vertex -7.8830 -22.3975 0.0000
vertex -7.9609 -21.8057 0.0000
endloop
endfacet
facet normal -0.923880 -0.382683 0.000000
outer loop
vertex -7.8830 -22.3975 0.0000
vertex -7.6545 -22.9490 0.0000
vertex -7.6545 -22.9490 19.3135
endloop
endfacet
facet normal -0.923880 -0.382683 0.000000
outer loop
vertex -7.8830 -22.3975 0.0000
vertex -7.6545 -22.9490 19.3135
vertex -7.8830 -22.3975 19.3135
endloop
endfacet
facet normal 0.000000 0.000000 1.000000
outer loop
vertex -5.6742 -21.8057 19.3135
vertex -7.8830 -22.3975 19.3135
vertex -7.6545 -22.9490 19.3135
endloop
endfacet
facet normal 0.000000 0.000000 -1.000000
outer loop
vertex -5.6742 -21.8057 0.0000
vertex -7.6545 -22.9490 0.0000
vertex -7.8830 -22.3975 0.0000
endloop
endfacet
facet normal -0.793353 -0.608761 0.000000
outer loop
vertex -7.6545 -22.9490 0.0000
vertex -7.2911 -23.4226 0.0000
vertex -7.2911 -23.4226 19.3135
endloop
endfacet
facet normal -0.793353 -0.608761 0.000000
outer loop
vertex -7.6545 -22.9490 0.0000
vertex -7.2911 -23.4226 19.3135
vertex -7.6545 -22.9490 19.3135
endloop
endfacet
facet normal 0.000000 0.000000 1.000000
outer loop
vertex -5.6742 -21.8057 19.3135
vertex -7.6545 -22.9490 19.3135
vertex -7.2911 -23.4226 19.3135
endloop
endfacet
facet normal 0.000000 0.000000 -1.000000
outer loop
vertex -5.6742 -21.8057 0.0000
vertex -7.2911 -23.4226 0.0000
vertex -7.6545 -22.9490 0.0000
endloop
endfacet
facet normal -0.608761 -0.793353 0.000000
outer loop
vertex -7.2911 -23.4226 0.0000
vertex -6.8175 -23.7860 0.0000
vertex -6.8175 -23.7860 19.3135
endloop
endfacet
facet normal -0.608761 -0.793353 0.000000
outer loop
vertex -7.2911 -23.4226 0.0000
vertex -6.8175 -23.7860 19.3135
vertex -7.2911 -23.4226 19.3135
endloop
endfacet
facet normal 0.000000 0.000000 1.000000
outer loop
vertex -5.6742 -21.8057 19.3135
vertex -7.2911 -23.4226 19.3135
vertex -6.8175 -23.7860 19.3135
endloop
endfacet
facet normal 0.000000 0.000000 -1.000000
outer loop
vertex -5.6742 -21.8057 0.0000
vertex -6.8175 -23.7860 0.0000
vertex -7.2911 -23.4226 0.0000
endloop
endfacet
facet normal -0.382683 -0.923880 0.000000
outer loop
vertex -6.8175 -23.7860 0.0000
vertex -6.2660 -24.0145 0.0000
vertex -6.2660 -24.0145 19.3135
endloop
endfacet
facet normal -0.382683 -0.923880 0.000000
outer loop
vertex -6.8175 -23.7860 0.0000
vertex -6.2660 -24.0145 19.3135
vertex -6.8175 -23.7860 19.3135
endloop
endfacet
facet normal 0.000000 0.000000 1.000000
outer loop
vertex -5.6742 -21.8057 19.3135
vertex -6.8175 -23.7860 19.3135
vertex -6.2660 -24.0145 19.3135
endloop
endfacet
facet normal 0.000000 0.000000 -1.000000
outer loop
vertex -5.6742 -21.8057 0.0000
vertex -6.2660 -24.0145 0.0000
vertex -6.8175 -23.7860 0.0000
endloop
endfacet
facet normal -0.130526 -0.991445 0.000000
outer loop
vertex -6.2660 -24.0145 0.0000
vertex -5.6742 -24.0924 0.0000
vertex -5.6742 -24.0924 19.3135
endloop
endfacet
facet normal -0.130526 -0.991445 0.000000
outer loop
vertex -6.2660 -24.0145 0.0000
vertex -5.6742 -24.0924 19.3135
vertex -6.2660 -24.0145 19.3135
endloop
endfacet
facet normal 0.000000 0.000000 1.000000
outer loop
vertex -5.6742 -21.8057 19.3135
vertex -6.2660 -24.0145 19.3135
vertex -5.6742 -24.0924 19.3135
endloop
endfacet
facet normal 0.000000 -0.000000 -1.000000
outer loop
vertex -5.6742 -21.8057 0.0000
vertex -5.6742 -24.0924 0.0000
vertex -6.2660 -24.0145 0.0000
endloop
endfacet
facet normal 0.130526 -0.991445 0.000000
outer loop
vertex -5.6742 -24.0924 0.0000
vertex -5.0823 -24.0145 0.0000
vertex -5.0823 -24.0145 19.3135
endloop
endfacet
facet normal 0.130526 -0.991445 0.000000
outer loop
vertex -5.6742 -24.0924 0.0000
vertex -5.0823 -24.0145 19.3135
vertex -5.6742 -24.0924 19.3135
endloop
endfacet
facet normal 0.000000 0.000000 1.000000
outer loop
vertex -5.6742 -21.8057 19.3135
vertex -5.6742 -24.0924 19.3135
vertex -5.0823 -24.0145 19.3135
endloop
endfacet
facet normal 0.000000 0.000000 -1.000000
outer loop
vertex -5.6742 -21.8057 0.0000
vertex -5.0823 -24.0145 0.0000
vertex -5.6742 -24.0924 0.0000
endloop
endfacet
facet normal 0.382683 -0.923880 0.000000
outer loop
vertex -5.0823 -24.0145 0.0000
vertex -4.5308 -23.7860 0.0000
vertex -4.5308 -23.7860 19.3135
endloop
endfacet
facet normal 0.382683 -0.923880 0.000000
outer loop
vertex -5.0823 -24.0145 0.0000
vertex -4.5308 -23.7860 19.3135
vertex -5.0823 -24.0145 19.3135
endloop
endfacet
facet normal 0.000000 0.000000 1.000000
outer loop
vertex -5.6742 -21.8057 19.3135
vertex -5.0823 -24.0145 19.3135
vertex -4.5308 -23.7860 19.3135
endloop
endfacet
facet normal 0.000000 0.000000 -1.000000
outer loop
vertex -5.6742 -21.8057 0.0000
vertex -4.5308 -23.7860 0.0000
vertex -5.0823 -24.0145 0.0000
endloop
endfacet
facet normal 0.608761 -0.793353 0.000000
outer loop
vertex -4.5308 -23.7860 0.0000
vertex -4.0572 -23.4226 0.0000
vertex -4.0572 -23.4226 19.3135
endloop
endfacet
facet normal 0.608761 -0.793353 0.000000
outer loop
vertex -4.5308 -23.7860 0.0000
vertex -4.0572 -23.4226 19.3135
vertex -4.5308 -23.7860 19.3135
endloop
endfacet
facet normal 0.000000 0.000000 1.000000
outer loop
vertex -5.6742 -21.8057 19.3135
vertex -4.5308 -23.7860 19.3135
vertex -4.0572 -23.4226 19.3135
endloop
endfacet
facet normal 0.000000 0.000000 -1.000000
outer loop
vertex -5.6742 -21.8057 0.0000
vertex -4.0572 -23.4226 0.0000
vertex -4.5308 -23.7860 0.0000
endloop
endfacet
facet normal 0.793353 -0.608761 0.000000
outer loop
vertex -4.0572 -23.4226 0.0000
vertex -3.6938 -22.9490 0.0000
vertex -3.6938 -22.9490 19.3135
endloop
endfacet
facet normal 0.793353 -0.608761 0.000000
outer loop
vertex -4.0572 -23.4226 0.0000
vertex -3.6938 -22.9490 19.3135
vertex -4.0572 -23.4226 19.3135
endloop
endfacet
facet normal 0.000000 0.000000 1.000000
outer loop
vertex -5.6742 -21.8057 19.3135
vertex -4.0572 -23.4226 19.3135
vertex -3.6938 -22.9490 19.3135
endloop
endfacet
facet normal 0.000000 0.000000 -1.000000
outer loop
vertex -5.6742 -21.8057 0.0000
vertex -3.6938 -22.9490 0.0000
vertex -4.0572 -23.4226 0.0000
endloop
endfacet
facet normal 0.923880 -0.382683 0.000000
outer loop
vertex -3.6938 -22.9490 0.0000
vertex -3.4654 -22.3975 0.0000
vertex -3.4654 -22.3975 19.3135
endloop
endfacet
facet normal 0.923880 -0.382683 0.000000
outer loop
vertex -3.6938 -22.9490 0.0000
vertex -3.4654 -22.3975 19.3135
vertex -3.6938 -22.9490 19.3135
endloop
endfacet
facet normal 0.000000 0.000000 1.000000
outer loop
vertex -5.6742 -21.8057 19.3135
vertex -3.6938 -22.9490 19.3135
vertex -3.4654 -22.3975 19.3135
endloop
endfacet
facet normal 0.000000 0.000000 -1.000000
outer loop
vertex -5.6742 -21.8057 0.0000
vertex -3.4654 -22.3975 0.0000
vertex -3.6938 -22.9490 0.0000
endloop
endfacet
facet normal 0.991445 -0.130526 0.000000
outer loop
vertex -3.4654 -22.3975 0.0000
vertex -3.3874 -21.8057 0.0000
vertex -3.3874 -21.8057 19.3135
endloop
endfacet
facet normal 0.991445 -0.130526 0.000000
outer loop
vertex -3.4654 -22.3975 0.0000
vertex -3.3874 -21.8057 19.3135
vertex -3.4654 -22.3975 19.3135
endloop
endfacet
facet normal -0.000000 0.000000 1.000000
outer loop
vertex -5.6742 -21.8057 19.3135
vertex -3.4654 -22.3975 19.3135
vertex -3.3874 -21.8057 19.3135
endloop
endfacet
facet normal 0.000000 0.000000 -1.000000
outer loop
vertex -5.6742 -21.8057 0.0000
vertex -3.3874 -21.8057 0.0000
vertex -3.4654 -22.3975 0.0000
endloop
endfacet
facet normal 0.991445 0.130526 0.000000
outer loop
vertex 28.0977 -7.5953 0.0000
vertex 28.0050 -6.8916 0.0000
vertex 28.0050 -6.8916 17.9005
endloop
endfacet
facet normal 0.991445 0.130526 -0.000000
outer loop
vertex 28.0977 -7.5953 0.0000
vertex 28.0050 -6.8916 17.9005
vertex 28.0977 -7.5953 17.9005
endloop
endfacet
facet normal 0.000000 0.000000 1.000000
outer loop
vertex 25.3791 -7.5953 17.9005
vertex 28.0977 -7.5953 17.9005
vertex 28.0050 -6.8916 17.9005
endloop
endfacet
facet normal 0.000000 0.000000 -1.000000
outer loop
vertex 25.3791 -7.5953 0.0000
vertex 28.0050 -6.8916 0.0000
vertex 28.0977 -7.5953 0.0000
endloop
endfacet
facet normal 0.923880 0.382683 0.000000
outer loop
vertex 28.0050 -6.8916 0.0000
vertex 27.7335 -6.2360 0.0000
vertex 27.7335 -6.2360 17.9005
endloop
endfacet
facet normal 0.923880 0.382683 -0.000000
outer loop
vertex 28.0050 -6.8916 0.0000
vertex 27.7335 -6.2360 17.9005
vertex 28.0050 -6.8916 17.9005
endloop
endfacet
facet normal 0.000000 0.000000 1.000000
outer loop
vertex 25.3791 -7.5953 17.9005
vertex 28.0050 -6.8916 17.9005
vertex 27.7335 -6.2360 17.9005
endloop
endfacet
facet normal 0.000000 0.000000 -1.000000
outer loop
vertex 25.3791 -7.5953 0.0000
vertex 27.7335 -6.2360 0.0000
vertex 28.0050 -6.8916 0.0000
endloop
endfacet
facet normal 0.793353 0.608761 0.000000
outer loop
vertex 27.7335 -6.2360 0.0000
vertex 27.3014 -5.6729 0.0000
vertex 27.3014 -5.6729 17.9005
endloop
endfacet
facet normal 0.793353 0.608761 -0.000000
outer loop
vertex 27.7335 -6.2360 0.0000
vertex 27.3014 -5.6729 17.9005
vertex 27.7335 -6.2360 17.9005
endloop
endfacet
facet normal 0.000000 0.000000 1.000000
outer loop
vertex 25.3791 -7.5953 17.9005
vertex 27.7335 -6.2360 17.9005
vertex 27.3014 -5.6729 17.9005
endloop
endfacet
facet normal 0.000000 0.000000 -1.000000
outer loop
vertex 25.3791 -7.5953 0.0000
vertex 27.3014 -5.6729 0.0000
vertex 27.7335 -6.2360 0.0000
endloop
endfacet
facet normal 0.608761 0.793353 0.000000
outer loop
vertex 27.3014 -5.6729 0.0000
vertex 26.7384 -5.2409 0.0000
vertex 26.7384 -5.2409 17.9005
endloop
endfacet
facet normal 0.608761 0.793353 -0.000000
outer loop
vertex 27.3014 -5.6729 0.0000
vertex 26.7384 -5.2409 17.9005
vertex 27.3014 -5.6729 17.9005
endloop
endfacet
facet normal 0.000000 0.000000 1.000000
outer loop
vertex 25.3791 -7.5953 17.9005
vertex 27.3014 -5.6729 17.9005
vertex 26.7384 -5.2409 17.9005
endloop
endfacet
facet normal 0.000000 0.000000 -1.000000
outer loop
vertex 25.3791 -7.5953 0.0000
vertex 26.7384 -5.2409 0.0000
vertex 27.3014 -5.6729 0.0000
endloop
endfacet
facet normal 0.382683 0.923880 0.000000
outer loop
vertex 26.7384 -5.2409 0.0000
vertex 26.0827 -4.9693 0.0000
vertex 26.0827 -4.9693 17.9005
endloop
endfacet
facet normal 0.382683 0.923880 -0.000000
outer loop
vertex 26.7384 -5.2409 0.0000
vertex 26.0827 -4.9693 17.9005
vertex 26.7384 -5.2409 17.9005
endloop
endfacet
facet normal 0.000000 0.000000 1.000000
outer loop
vertex 25.3791 -7.5953 17.9005
vertex 26.7384 -5.2409 17.9005
vertex 26.0827 -4.9693 17.9005
endloop
endfacet
facet normal 0.000000 0.000000 -1.000000
outer loop
vertex 25.3791 -7.5953 0.0000
vertex 26.0827 -4.9693 0.0000
vertex 26.7384 -5.2409 0.0000
endloop
endfacet
facet normal 0.130526 0.991445 0.000000
outer loop
vertex 26.0827 -4.9693 0.0000
vertex 25.3791 -4.8767 0.0000
vertex 25.3791 -4.8767 17.9005
endloop
endfacet
facet normal 0.130526 0.991445 -0.000000
outer loop
vertex 26.0827 -4.9693 0.0000
vertex 25.3791 -4.8767 17.9005
vertex 26.0827 -4.9693 17.9005
endloop
endfacet
facet normal 0.000000 0.000000 1.000000
outer loop
vertex 25.3791 -7.5953 17.9005
vertex 26.0827 -4.9693 17.9005
vertex 25.3791 -4.8767 17.9005
endloop
endfacet
facet normal 0.000000 0.000000 -1.000000
outer loop
vertex 25.3791 -7.5953 0.0000
vertex 25.3791 -4.8767 0.0000
vertex 26.0827 -4.9693 0.0000
endloop
endfacet
facet normal -0.130526 0.991445 0.000000
outer loop
vertex 25.3791 -4.8767 0.0000
vertex 24.6754 -4.9693 0.0000
vertex 24.6754 -4.9693 17.9005
endloop
endfacet
facet normal -0.130526 0.991445 0.000000
outer loop
vertex 25.3791 -4.8767 0.0000
vertex 24.6754 -4.9693 17.9005
vertex 25.3791 -4.8767 17.9005
endloop
endfacet
facet normal 0.000000 -0.000000 1.000000
outer loop
vertex 25.3791 -7.5953 17.9005
vertex 25.3791 -4.8767 17.9005
vertex 24.6754 -4.9693 17.9005
endloop
endfacet
facet normal 0.000000 0.000000 -1.000000
outer loop
vertex 25.3791 -7.5953 0.0000
vertex 24.6754 -4.9693 0.0000
vertex 25.3791 -4.8767 0.0000
endloop
endfacet
facet normal -0.382683 0.923880 0.000000
outer loop
vertex 24.6754 -4.9693 0.0000
vertex 24.0198 -5.2409 0.0000
vertex 24.0198 -5.2409 17.9005
endloop
endfacet
facet normal -0.382683 0.923880 0.000000
outer loop
vertex 24.6754 -4.9693 0.0000
vertex 24.0198 -5.2409 17.9005
vertex 24.6754 -4.9693 17.9005
endloop
endfacet
facet normal 0.000000 0.000000 1.000000
outer loop
vertex 25.3791 -7.5953 17.9005
vertex 24.6754 -4.9693 17.9005
vertex 24.0198 -5.2409 17.9005
endloop
endfacet
facet normal 0.000000 0.000000 -1.000000
outer loop
vertex 25.3791 -7.5953 0.0000
vertex 24.0198 -5.2409 0.0000
vertex 24.6754 -4.9693 0.0000
endloop
endfacet
facet normal -0.608761 0.793353 0.000000
outer loop
vertex 24.0198 -5.2409 0.0000
vertex 23.4567 -5.6729 0.0000
vertex 23.4567 -5.6729 17.9005
endloop
endfacet
facet normal -0.608761 0.793353 0.000000
outer loop
vertex 24.0198 -5.2409 0.0000
vertex 23.4567 -5.6729 17.9005
vertex 24.0198 -5.2409 17.9005
endloop
endfacet
facet normal 0.000000 0.000000 1.000000
outer loop
vertex 25.3791 -7.5953 17.9005
vertex 24.0198 -5.2409 17.9005
vertex 23.4567 -5.6729 17.9005
endloop
endfacet
facet normal 0.000000 0.000000 -1.000000
outer loop
vertex 25.3791 -7.5953 0.0000
vertex 23.4567 -5.6729 0.0000
vertex 24.0198 -5.2409 0.0000
endloop
endfacet
facet normal -0.793353 0.608761 0.000000
outer loop
vertex 23.4567 -5.6729 0.0000
vertex 23.0247 -6.2360 0.0000
vertex 23.0247 -6.2360 17.9005
endloop
endfacet
facet normal -0.793353 0.608761 0.000000
outer loop
vertex 23.4567 -5.6729 0.0000
vertex 23.0247 -6.2360 17.9005
vertex 23.4567 -5.6729 17.9005
endloop
endfacet
facet normal 0.000000 0.000000 1.000000
outer loop
vertex 25.3791 -7.5953 17.9005
vertex 23.4567 -5.6729 17.9005
vertex 23.0247 -6.2360 17.9005
endloop
endfacet
facet normal 0.000000 0.000000 -1.000000
outer loop
vertex 25.3791 -7.5953 0.0000
vertex 23.0247 -6.2360 0.0000
vertex 23.4567 -5.6729 0.0000
endloop
endfacet
facet normal -0.923880 0.382683 0.000000
outer loop
vertex 23.0247 -6.2360 0.0000
vertex 22.7531 -6.8916 0.0000
vertex 22.7531 -6.8916 17.9005
endloop
endfacet
facet normal -0.923880 0.382683 0.000000
outer loop
vertex 23.0247 -6.2360 0.0000
vertex 22.7531 -6.8916 17.9005
vertex 23.0247 -6.2360 17.9005
endloop
endfacet
facet normal 0.000000 0.000000 1.000000
outer loop
vertex 25.3791 -7.5953 17.9005
vertex 23.0247 -6.2360 17.9005
vertex 22.7531 -6.8916 17.9005
endloop
endfacet
facet normal 0.000000 0.000000 -1.000000
outer loop
vertex 25.3791 -7.5953 0.0000
vertex 22.7531 -6.8916 0.0000
vertex 23.0247 -6.2360 0.0000
endloop
endfacet
facet normal -0.991445 0.130526 0.000000
outer loop
vertex 22.7531 -6.8916 0.0000
vertex 22.6605 -7.5953 0.0000
vertex 22.6605 -7.5953 17.9005
endloop
endfacet
facet normal -0.991445 0.130526 0.000000
outer loop
vertex 22.7531 -6.8916 0.0000
vertex 22.6605 -7.5953 17.9005
vertex 22.7531 -6.8916 17.9005
endloop
endfacet
facet normal 0.000000 0.000000 1.000000
outer loop
vertex 25.3791 -7.5953 17.9005
vertex 22.7531 -6.8916 17.9005
vertex 22.6605 -7.5953 17.9005
endloop
endfacet
facet normal 0.000000 0.000000 -1.000000
outer loop
vertex 25.3791 -7.5953 0.0000
vertex 22.6605 -7.5953 0.0000
vertex 22.7531 -6.8916 0.0000
endloop
endfacet
facet normal -0.991445 -0.130526 0.000000
outer loop
vertex 22.6605 -7.5953 0.0000
vertex 22.7531 -8.2989 0.0000
vertex 22.7531 -8.2989 17.9005
endloop
endfacet
facet normal -0.991445 -0.130526 0.000000
outer loop
vertex 22.6605 -7.5953 0.0000
vertex 22.7531 -8.2989 17.9005
vertex 22.6605 -7.5953 17.9005
endloop
endfacet
facet normal 0.000000 0.000000 1.000000
outer loop
vertex 25.3791 -7.5953 17.9005
vertex 22.6605 -7.5953 17.9005
vertex 22.7531 -8.2989 17.9005
endloop
endfacet
facet normal -0.000000 0.000000 -1.000000
outer loop
vertex 25.3791 -7.5953 0.0000
vertex 22.7531 -8.2989 0.0000
vertex 22.6605 -7.5953 0.0000
endloop
endfacet
facet normal -0.923880 -0.382683 0.000000
outer loop
vertex 22.7531 -8.2989 0.0000
vertex 23.0247 -8.9546 0.0000
vertex 23.0247 -8.9546 17.9005
endloop
endfacet
facet normal -0.923880 -0.382683 0.000000
outer loop
vertex 22.7531 -8.2989 0.0000
vertex 23.0247 -8.9546 17.9005
vertex 22.7531 -8.2989 17.9005
endloop
endfacet
facet normal 0.000000 0.000000 1.000000
outer loop
vertex 25.3791 -7.5953 17.9005
vertex 22.7531 -8.2989 17.9005
vertex 23.0247 -8.9546 17.9005
endloop
endfacet
facet normal 0.000000 0.000000 -1.000000
outer loop
vertex 25.3791 -7.5953 0.0000
vertex 23.0247 -8.9546 0.0000
vertex 22.7531 -8.2989 0.0000
endloop
endfacet
facet normal -0.793353 -0.608761 0.000000
outer loop
vertex 23.0247 -8.9546 0.0000
vertex 23.4567 -9.5176 0.0000
vertex 23.4567 -9.5176 17.9005
endloop
endfacet
facet normal -0.793353 -0.608761 0.000000
outer loop
vertex 23.0247 -8.9546 0.0000
vertex 23.4567 -9.5176 17.9005
vertex 23.0247 -8.9546 17.9005
endloop
endfacet
facet normal 0.000000 0.000000 1.000000
outer loop
vertex 25.3791 -7.5953 17.9005
vertex 23.0247 -8.9546 17.9005
vertex 23.4567 -9.5176 17.9005
endloop
endfacet
facet normal 0.000000 0.000000 -1.000000
outer loop
vertex 25.3791 -7.5953 0.0000
vertex 23.4567 -9.5176 0.0000
vertex 23.0247 -8.9546 0.0000
endloop
endfacet
facet normal -0.608761 -0.793353 0.000000
outer loop
vertex 23.4567 -9.5176 0.0000
vertex 24.0198 -9.9496 0.0000
vertex 24.0198 -9.9496 17.9005
endloop
endfacet
facet normal -0.608761 -0.793353 0.000000
outer loop
vertex 23.4567 -9.5176 0.0000
vertex 24.0198 -9.9496 17.9005
vertex 23.4567 -9.5176 17.9005
endloop
endfacet
facet normal 0.000000 0.000000 1.000000
outer loop
vertex 25.3791 -7.5953 17.9005
vertex 23.4567 -9.5176 17.9005
vertex 24.0198 -9.9496 17.9005
endloop
endfacet
facet normal 0.000000 0.000000 -1.000000
outer loop
vertex 25.3791 -7.5953 0.0000
vertex 24.0198 -9.9496 0.0000
vertex 23.4567 -9.5176 0.0000
endloop
endfacet
facet normal -0.382683 -0.923880 0.000000
outer loop
vertex 24.0198 -9.9496 0.0000
vertex 24.6754 -10.2212 0.0000
vertex 24.6754 -10.2212 17.9005
endloop
endfacet
facet normal -0.382683 -0.923880 0.000000
outer loop
vertex 24.0198 -9.9496 0.0000
vertex 24.6754 -10.2212 17.9005
vertex 24.0198 -9.9496 17.9005
endloop
endfacet
facet normal 0.000000 0.000000 1.000000
outer loop
vertex 25.3791 -7.5953 17.9005
vertex 24.0198 -9.9496 17.9005
vertex 24.6754 -10.2212 17.9005
endloop
endfacet
facet normal 0.000000 0.000000 -1.000000
outer loop
vertex 25.3791 -7.5953 0.0000
vertex 24.6754 -10.2212 0.0000
vertex 24.0198 -9.9496 0.0000
endloop
endfacet
facet normal -0.130526 -0.991445 0.000000
outer loop
vertex 24.6754 -10.2212 0.0000
vertex 25.3791 -10.3139 0.0000
vertex 25.3791 -10.3139 17.9005
endloop
endfacet
facet normal -0.130526 -0.991445 0.000000
outer loop
vertex 24.6754 -10.2212 0.0000
vertex 25.3791 -10.3139 17.9005
vertex 24.6754 -10.2212 17.9005
endloop
endfacet
facet normal 0.000000 0.000000 1.000000
outer loop
vertex 25.3791 -7.5953 17.9005
vertex 24.6754 -10.2212 17.9005
vertex 25.3791 -10.3139 17.9005
endloop
endfacet
facet normal 0.000000 -0.000000 -1.000000
outer loop
vertex 25.3791 -7.5953 0.0000
vertex 25.3791 -10.3139 0.0000
vertex 24.6754 -10.2212 0.0000
endloop
endfacet
facet normal 0.130526 -0.991445 0.000000
outer loop
vertex 25.3791 -10.3139 0.0000
vertex 26.0827 -10.2212 0.0000
vertex 26.0827 -10.2212 17.9005
endloop
endfacet
facet normal 0.130526 -0.991445 0.000000
outer loop
vertex 25.3791 -10.3139 0.0000
vertex 26.0827 -10.2212 17.9005
vertex 25.3791 -10.3139 17.9005
endloop
endfacet
facet normal 0.000000 0.000000 1.000000
outer loop
vertex 25.3791 -7.5953 17.9005
vertex 25.3791 -10.3139 17.9005
vertex 26.0827 -10.2212 17.9005
endloop
endfacet
facet normal 0.000000 0.000000 -1.000000
outer loop
vertex 25.3791 -7.5953 0.0000
vertex 26.0827 -10.2212 0.0000
vertex 25.3791 -10.3139 0.0000
endloop
endfacet
facet normal 0.382683 -0.923880 0.000000
outer loop
vertex 26.0827 -10.2212 0.0000
vertex 26.7384 -9.9496 0.0000
vertex 26.7384 -9.9496 17.9005
endloop
endfacet
facet normal 0.382683 -0.923880 0.000000
outer loop
vertex 26.0827 -10.2212 0.0000
vertex 26.7384 -9.9496 17.9005
vertex 26.0827 -10.2212 17.9005
endloop
endfacet
facet normal 0.000000 0.000000 1.000000
outer loop
vertex 25.3791 -7.5953 17.9005
vertex 26.0827 -10.2212 17.9005
vertex 26.7384 -9.9496 17.9005
endloop
endfacet
facet normal 0.000000 0.000000 -1.000000
outer loop
vertex 25.3791 -7.5953 0.0000
vertex 26.7384 -9.9496 0.0000
vertex 26.0827 -10.2212 0.0000
endloop
endfacet
facet normal 0.608761 -0.793353 0.000000
outer loop
vertex 26.7384 -9.9496 0.0000
vertex 27.3014 -9.5176 0.0000
vertex 27.3014 -9.5176 17.9005
endloop
endfacet
facet normal 0.608761 -0.793353 0.000000
outer loop
vertex 26.7384 -9.9496 0.0000
vertex 27.3014 -9.5176 17.9005
vertex 26.7384 -9.9496 17.9005
endloop
endfacet
facet normal 0.000000 0.000000 1.000000
outer loop
vertex 25.3791 -7.5953 17.9005
vertex 26.7384 -9.9496 17.9005
vertex 27.3014 -9.5176 17.9005
endloop
endfacet
facet normal 0.000000 0.000000 -1.000000
outer loop
vertex 25.3791 -7.5953 0.0000
vertex 27.3014 -9.5176 0.0000
vertex 26.7384 -9.9496 0.0000
endloop
endfacet
facet normal 0.793353 -0.608761 0.000000
outer loop
vertex 27.3014 -9.5176 0.0000
vertex 27.7335 -8.9546 0.0000
vertex 27.7335 -8.9546 17.9005
endloop
endfacet
facet normal 0.793353 -0.608761 0.000000
outer loop
vertex 27.3014 -9.5176 0.0000
vertex 27.7335 -8.9546 17.9005
vertex 27.3014 -9.5176 17.9005
endloop
endfacet
facet normal 0.000000 0.000000 1.000000
outer loop
vertex 25.3791 -7.5953 17.9005
vertex 27.3014 -9.5176 17.9005
vertex 27.7335 -8.9546 17.9005
endloop
endfacet
facet normal 0.000000 0.000000 -1.000000
outer loop
vertex 25.3791 -7.5953 0.0000
vertex 27.7335 -8.9546 0.0000
vertex 27.3014 -9.5176 0.0000
endloop
endfacet
facet normal 0.923880 -0.382683 0.000000
outer loop
vertex 27.7335 -8.9546 0.0000
vertex 28.0050 -8.2989 0.0000
vertex 28.0050 -8.2989 17.9005
endloop
endfacet
facet normal 0.923880 -0.382683 0.000000
outer loop
vertex 27.7335 -8.9546 0.0000
vertex 28.0050 -8.2989 17.9005
vertex 27.7335 -8.9546 17.9005
endloop
endfacet
facet normal 0.000000 0.000000 1.000000
outer loop
vertex 25.3791 -7.5953 17.9005
vertex 27.7335 -8.9546 17.9005
vertex 28.0050 -8.2989 17.9005
endloop
endfacet
facet normal 0.000000 0.000000 -1.000000
outer loop
vertex 25.3791 -7.5953 0.0000
vertex 28.0050 -8.2989 0.0000
vertex 27.7335 -8.9546 0.0000
endloop
endfacet
facet normal 0.991445 -0.130526 0.000000
outer loop
vertex 28.0050 -8.2989 0.0000
vertex 28.0977 -7.5953 0.0000
vertex 28.0977 -7.5953 17.9005
endloop
endfacet
facet normal 0.991445 -0.130526 0.000000
outer loop
vertex 28.0050 -8.2989 0.0000
vertex 28.0977 -7.5953 17.9005
vertex 28.0050 -8.2989 17.9005
endloop
endfacet
facet normal 0.000000 0.000000 1.000000
outer loop
vertex 25.3791 -7.5953 17.9005
vertex 28.0050 -8.2989 17.9005
vertex 28.0977 -7.5953 17.9005
endloop
endfacet
facet normal 0.000000 0.000000 -1.000000
outer loop
vertex 25.3791 -7.5953 0.0000
vertex 28.0977 -7.5953 0.0000
vertex 28.0050 -8.2989 0.0000
endloop
endfacet
facet normal 0.991445 0.130526 0.000000
outer loop
vertex -2.8273 22.4182 0.0000
vertex -2.8848 22.8545 0.0000
vertex -2.8848 22.8545 11.2897
endloop
endfacet
facet normal 0.991445 0.130526 -0.000000
outer loop
vertex -2.8273 22.4182 0.0000
vertex -2.8848 22.8545 11.2897
vertex -2.8273 22.4182 11.2897
endloop
endfacet
facet normal 0.000000 0.000000 1.000000
outer loop
vertex -4.5128 22.4182 11.2897
vertex -2.8273 22.4182 11.2897
vertex -2.8848 22.8545 11.2897
endloop
endfacet
facet normal 0.000000 0.000000 -1.000000
outer loop
vertex -4.5128 22.4182 0.0000
vertex -2.8848 22.8545 0.0000
vertex -2.8273 22.4182 0.0000
endloop
endfacet
facet normal 0.923880 0.382683 0.000000
outer loop
vertex -2.8848 22.8545 0.0000
vertex -3.0532 23.2610 0.0000
vertex -3.0532 23.2610 11.2897
endloop
endfacet
facet normal 0.923880 0.382683 -0.000000
outer loop
vertex -2.8848 22.8545 0.0000
vertex -3.0532 23.2610 11.2897
vertex -2.8848 22.8545 11.2897
endloop
endfacet
facet normal 0.000000 0.000000 1.000000
outer loop
vertex -4.5128 22.4182 11.2897
vertex -2.8848 22.8545 11.2897
vertex -3.0532 23.2610 11.2897
endloop
endfacet
facet normal 0.000000 0.000000 -1.000000
outer loop
vertex -4.5128 22.4182 0.0000
vertex -3.0532 23.2610 0.0000
vertex -2.8848 22.8545 0.0000
endloop
endfacet
facet normal 0.793353 0.608761 0.000000
outer loop
vertex -3.0532 23.2610 0.0000
vertex -3.3210 23.6100 0.0000
vertex -3.3210 23.6100 11.2897
endloop
endfacet
facet normal 0.793353 0.608761 -0.000000
outer loop
vertex -3.0532 23.2610 0.0000
vertex -3.3210 23.6100 11.2897
vertex -3.0532 23.2610 11.2897
endloop
endfacet
facet normal 0.000000 0.000000 1.000000
outer loop
vertex -4.5128 22.4182 11.2897
vertex -3.0532 23.2610 11.2897
vertex -3.3210 23.6100 11.2897
endloop
endfacet
facet normal 0.000000 0.000000 -1.000000
outer loop
vertex -4.5128 22.4182 0.0000
vertex -3.3210 23.6100 0.0000
vertex -3.0532 23.2610 0.0000
endloop
endfacet
facet normal 0.608761 0.793353 0.000000
outer loop
vertex -3.3210 23.6100 0.0000
vertex -3.6701 23.8779 0.0000
vertex -3.6701 23.8779 11.2897
endloop
endfacet
facet normal 0.608761 0.793353 -0.000000
outer loop
vertex -3.3210 23.6100 0.0000
vertex -3.6701 23.8779 11.2897
vertex -3.3210 23.6100 11.2897
endloop
endfacet
facet normal 0.000000 0.000000 1.000000
outer loop
vertex -4.5128 22.4182 11.2897
vertex -3.3210 23.6100 11.2897
vertex -3.6701 23.8779 11.2897
endloop
endfacet
facet normal 0.000000 0.000000 -1.000000
outer loop
vertex -4.5128 22.4182 0.0000
vertex -3.6701 23.8779 0.0000
vertex -3.3210 23.6100 0.0000
endloop
endfacet
facet normal 0.382683 0.923880 0.000000
outer loop
vertex -3.6701 23.8779 0.0000
vertex -4.0766 24.0463 0.0000
vertex -4.0766 24.0463 11.2897
endloop
endfacet
facet normal 0.382683 0.923880 -0.000000
outer loop
vertex -3.6701 23.8779 0.0000
vertex -4.0766 24.0463 11.2897
vertex -3.6701 23.8779 11.2897
endloop
endfacet
facet normal 0.000000 0.000000 1.000000
outer loop
vertex -4.5128 22.4182 11.2897
vertex -3.6701 23.8779 11.2897
vertex -4.0766 24.0463 11.2897
endloop
endfacet
facet normal 0.000000 0.000000 -1.000000
outer loop
vertex -4.5128 22.4182 0.0000
vertex -4.0766 24.0463 0.0000
vertex -3.6701 23.8779 0.0000
endloop
endfacet
facet normal 0.130526 0.991445 0.000000
outer loop
vertex -4.0766 24.0463 0.0000
vertex -4.5128 24.1037 0.0000
vertex -4.5128 24.1037 11.2897
endloop
endfacet
facet normal 0.130526 0.991445 -0.000000
outer loop
vertex -4.0766 24.0463 0.0000
vertex -4.5128 24.1037 11.2897
vertex -4.0766 24.0463 11.2897
endloop
endfacet
facet normal 0.000000 0.000000 1.000000
outer loop
vertex -4.5128 22.4182 11.2897
vertex -4.0766 24.0463 11.2897
vertex -4.5128 24.1037 11.2897
endloop
endfacet
facet normal 0.000000 0.000000 -1.000000
outer loop
vertex -4.5128 22.4182 0.0000
vertex -4.5128 24.1037 0.0000
vertex -4.0766 24.0463 0.0000
endloop
endfacet
facet normal -0.130526 0.991445 0.000000
outer loop
vertex -4.5128 24.1037 0.0000
vertex -4.9491 24.0463 0.0000
vertex -4.9491 24.0463 11.2897
endloop
endfacet
facet normal -0.130526 0.991445 0.000000
outer loop
vertex -4.5128 24.1037 0.0000
vertex -4.9491 24.0463 11.2897
vertex -4.5128 24.1037 11.2897
endloop
endfacet
facet normal 0.000000 -0.000000 1.000000
outer loop
vertex -4.5128 22.4182 11.2897
vertex -4.5128 24.1037 11.2897
vertex -4.9491 24.0463 11.2897
endloop
endfacet
facet normal 0.000000 0.000000 -1.000000
outer loop
vertex -4.5128 22.4182 0.0000
vertex -4.9491 24.0463 0.0000
vertex -4.5128 24.1037 0.0000
endloop
endfacet
facet normal -0.382683 0.923880 0.000000
outer loop
vertex -4.9491 24.0463 0.0000
vertex -5.3556 23.8779 0.0000
vertex -5.3556 23.8779 11.2897
endloop
endfacet
facet normal -0.382683 0.923880 0.000000
outer loop
vertex -4.9491 24.0463 0.0000
vertex -5.3556 23.8779 11.2897
vertex -4.9491 24.0463 11.2897
endloop
endfacet
facet normal 0.000000 0.000000 1.000000
outer loop
vertex -4.5128 22.4182 11.2897
vertex -4.9491 24.0463 11.2897
vertex -5.3556 23.8779 11.2897
endloop
endfacet
facet normal 0.000000 0.000000 -1.000000
outer loop
vertex -4.5128 22.4182 0.0000
vertex -5.3556 23.8779 0.0000
vertex -4.9491 24.0463 0.0000
endloop
endfacet
facet normal -0.608761 0.793353 0.000000
outer loop
vertex -5.3556 23.8779 0.0000
vertex -5.7047 23.6100 0.0000
vertex -5.7047 23.6100 11.2897
endloop
endfacet
facet normal -0.608761 0.793353 0.000000
outer loop
vertex -5.3556 23.8779 0.0000
vertex -5.7047 23.6100 11.2897
vertex -5.3556 23.8779 11.2897
endloop
endfacet
facet normal 0.000000 0.000000 1.000000
outer loop
vertex -4.5128 22.4182 11.2897
vertex -5.3556 23.8779 11.2897
vertex -5.7047 23.6100 11.2897
endloop
endfacet
facet normal 0.000000 0.000000 -1.000000
outer loop
vertex -4.5128 22.4182 0.0000
vertex -5.7047 23.6100 0.0000
vertex -5.3556 23.8779 0.0000
endloop
endfacet
facet normal -0.793353 0.608761 0.000000
outer loop
vertex -5.7047 23.6100 0.0000
vertex -5.9725 23.2610 0.0000
vertex -5.9725 23.2610 11.2897
endloop
endfacet
facet normal -0.793353 0.608761 0.000000
outer loop
vertex -5.7047 23.6100 0.0000
vertex -5.9725 23.2610 11.2897
vertex -5.7047 23.6100 11.2897
endloop
endfacet
facet normal 0.000000 0.000000 1.000000
outer loop
vertex -4.5128 22.4182 11.2897
vertex -5.7047 23.6100 11.2897
vertex -5.9725 23.2610 11.2897
endloop
endfacet
facet normal 0.000000 0.000000 -1.000000
outer loop
vertex -4.5128 22.4182 0.0000
vertex -5.9725 23.2610 0.0000
vertex -5.7047 23.6100 0.0000
endloop
endfacet
facet normal -0.923880 0.382683 0.000000
outer loop
vertex -5.9725 23.2610 0.0000
vertex -6.1409 22.8545 0.0000
vertex -6.1409 22.8545 11.2897
endloop
endfacet
facet normal -0.923880 0.382683 0.000000
outer loop
vertex -5.9725 23.2610 0.0000
vertex -6.1409 22.8545 11.2897
vertex -5.9725 23.2610 11.2897
endloop
endfacet
facet normal 0.000000 0.000000 1.000000
outer loop
vertex -4.5128 22.4182 11.2897
vertex -5.9725 23.2610 11.2897
vertex -6.1409 22.8545 11.2897
endloop
endfacet
facet normal 0.000000 0.000000 -1.000000
outer loop
vertex -4.5128 22.4182 0.0000
vertex -6.1409 22.8545 0.0000
vertex -5.9725 23.2610 0.0000
endloop
endfacet
facet normal -0.991445 0.130526 0.000000
outer loop
vertex -6.1409 22.8545 0.0000
vertex -6.1983 22.4182 0.0000
vertex -6.1983 22.4182 11.2897
endloop
endfacet
facet normal -0.991445 0.130526 0.000000
outer loop
vertex -6.1409 22.8545 0.0000
vertex -6.1983 22.4182 11.2897
vertex -6.1409 22.8545 11.2897
endloop
endfacet
facet normal 0.000000 0.000000 1.000000
outer loop
vertex -4.5128 22.4182 11.2897
vertex -6.1409 22.8545 11.2897
vertex -6.1983 22.4182 11.2897
endloop
endfacet
facet normal 0.000000 0.000000 -1.000000
outer loop
vertex -4.5128 22.4182 0.0000
vertex -6.1983 22.4182 0.0000
vertex -6.1409 22.8545 0.0000
endloop
endfacet
facet normal -0.991445 -0.130526 0.000000
outer loop
vertex -6.1983 22.4182 0.0000
vertex -6.1409 21.9820 0.0000
vertex -6.1409 21.9820 11.2897
endloop
endfacet
facet normal -0.991445 -0.130526 0.000000
outer loop
vertex -6.1983 22.4182 0.0000
vertex -6.1409 21.9820 11.2897
vertex -6.1983 22.4182 11.2897
endloop
endfacet
facet normal 0.000000 0.000000 1.000000
outer loop
vertex -4.5128 22.4182 11.2897
vertex -6.1983 22.4182 11.2897
vertex -6.1409 21.9820 11.2897
endloop
endfacet
facet normal -0.000000 0.000000 -1.000000
outer loop
vertex -4.5128 22.4182 0.0000
vertex -6.1409 21.9820 0.0000
vertex -6.1983 22.4182 0.0000
endloop
endfacet
facet normal -0.923880 -0.382683 0.000000
outer loop
vertex -6.1409 21.9820 0.0000
vertex -5.9725 21.5755 0.0000
vertex -5.9725 21.5755 11.2897
endloop
endfacet
facet normal -0.923880 -0.382683 0.000000
outer loop
vertex -6.1409 21.9820 0.0000
vertex -5.9725 21.5755 11.2897
vertex -6.1409 21.9820 11.2897
endloop
endfacet
facet normal 0.000000 0.000000 1.000000
outer loop
vertex -4.5128 22.4182 11.2897
vertex -6.1409 21.9820 11.2897
vertex -5.9725 21.5755 11.2897
endloop
endfacet
facet normal 0.000000 0.000000 -1.000000
outer loop
vertex -4.5128 22.4182 0.0000
vertex -5.9725 21.5755 0.0000
vertex -6.1409 21.9820 0.0000
endloop
endfacet
facet normal -0.793353 -0.608761 0.000000
outer loop
vertex -5.9725 21.5755 0.0000
vertex -5.7047 21.2264 0.0000
vertex -5.7047 21.2264 11.2897
endloop
endfacet
facet normal -0.793353 -0.608761 0.000000
outer loop
vertex -5.9725 21.5755 0.0000
vertex -5.7047 21.2264 11.2897
vertex -5.9725 21.5755 11.2897
endloop
endfacet
facet normal 0.000000 0.000000 1.000000
outer loop
vertex -4.5128 22.4182 11.2897
vertex -5.9725 21.5755 11.2897
vertex -5.7047 21.2264 11.2897
endloop
endfacet
facet normal 0.000000 0.000000 -1.000000
outer loop
vertex -4.5128 22.4182 0.0000
vertex -5.7047 21.2264 0.0000
vertex -5.9725 21.5755 0.0000
endloop
endfacet
facet normal -0.608761 -0.793353 0.000000
outer loop
vertex -5.7047 21.2264 0.0000
vertex -5.3556 20.9585 0.0000
vertex -5.3556 20.9585 11.2897
endloop
endfacet
facet normal -0.608761 -0.793353 0.000000
outer loop
vertex -5.7047 21.2264 0.0000
vertex -5.3556 20.9585 11.2897
vertex -5.7047 21.2264 11.2897
endloop
endfacet
facet normal 0.000000 0.000000 1.000000
outer loop
vertex -4.5128 22.4182 11.2897
vertex -5.7047 21.2264 11.2897
vertex -5.3556 20.9585 11.2897
endloop
endfacet
facet normal 0.000000 0.000000 -1.000000
outer loop
vertex -4.5128 22.4182 0.0000
vertex -5.3556 20.9585 0.0000
vertex -5.7047 21.2264 0.0000
endloop
endfacet
facet normal -0.382683 -0.923880 0.000000
outer loop
vertex -5.3556 20.9585 0.0000
vertex -4.9491 20.7902 0.0000
vertex -4.9491 20.7902 11.2897
endloop
endfacet
facet normal -0.382683 -0.923880 0.000000
outer loop
vertex -5.3556 20.9585 0.0000
vertex -4.9491 20.7902 11.2897
vertex -5.3556 20.9585 11.2897
endloop
endfacet
facet normal 0.000000 0.000000 1.000000
outer loop
vertex -4.5128 22.4182 11.2897
vertex -5.3556 20.9585 11.2897
vertex -4.9491 20.7902 11.2897
endloop
endfacet
facet normal 0.000000 0.000000 -1.000000
outer loop
vertex -4.5128 22.4182 0.0000
vertex -4.9491 20.7902 0.0000
vertex -5.3556 20.9585 0.0000
endloop
endfacet
facet normal -0.130526 -0.991445 0.000000
outer loop
vertex -4.9491 20.7902 0.0000
vertex -4.5128 20.7327 0.0000
vertex -4.5128 20.7327 11.2897
endloop
endfacet
facet normal -0.130526 -0.991445 0.000000
outer loop
vertex -4.9491 20.7902 0.0000
vertex -4.5128 20.7327 11.2897
vertex -4.9491 20.7902 11.2897
endloop
endfacet
facet normal 0.000000 0.000000 1.000000
outer loop
vertex -4.5128 22.4182 11.2897
vertex -4.9491 20.7902 11.2897
vertex -4.5128 20.7327 11.2897
endloop
endfacet
facet normal 0.000000 -0.000000 -1.000000
outer loop
vertex -4.5128 22.4182 0.0000
vertex -4.5128 20.7327 0.0000
vertex -4.9491 20.7902 0.0000
endloop
endfacet
facet normal 0.130526 -0.991445 0.000000
outer loop
vertex -4.5128 20.7327 0.0000
vertex -4.0766 20.7902 0.0000
vertex -4.0766 20.7902 11.2897
endloop
endfacet
facet normal 0.130526 -0.991445 0.000000
outer loop
vertex -4.5128 20.7327 0.0000
vertex -4.0766 20.7902 11.2897
vertex -4.5128 20.7327 11.2897
endloop
endfacet
facet normal 0.000000 0.000000 1.000000
outer loop
vertex -4.5128 22.4182 11.2897
vertex -4.5128 20.7327 11.2897
vertex -4.0766 20.7902 11.2897
endloop
endfacet
facet normal 0.000000 0.000000 -1.000000
outer loop
vertex -4.5128 22.4182 0.0000
vertex -4.0766 20.7902 0.0000
vertex -4.5128 20.7327 0.0000
endloop
endfacet
facet normal 0.382683 -0.923880 0.000000
outer loop
vertex -4.0766 20.7902 0.0000
vertex -3.6701 20.9585 0.0000
vertex -3.6701 20.9585 11.2897
endloop
endfacet
facet normal 0.382683 -0.923880 0.000000
outer loop
vertex -4.0766 20.7902 0.0000
vertex -3.6701 20.9585 11.2897
vertex -4.0766 20.7902 11.2897
endloop
endfacet
facet normal 0.000000 0.000000 1.000000
outer loop
vertex -4.5128 22.4182 11.2897
vertex -4.0766 20.7902 11.2897
vertex -3.6701 20.9585 11.2897
endloop
endfacet
facet normal 0.000000 0.000000 -1.000000
outer loop
vertex -4.5128 22.4182 0.0000
vertex -3.6701 20.9585 0.0000
vertex -4.0766 20.7902 0.0000
endloop
endfacet
facet normal 0.608761 -0.793353 0.000000
outer loop
vertex -3.6701 20.9585 0.0000
vertex -3.3210 21.2264 0.0000
vertex -3.3210 21.2264 11.2897
endloop
endfacet
facet normal 0.608761 -0.793353 0.000000
outer loop
vertex -3.6701 20.9585 0.0000
vertex -3.3210 21.2264 11.2897
vertex -3.6701 20.9585 11.2897
endloop
endfacet
facet normal 0.000000 0.000000 1.000000
outer loop
vertex -4.5128 22.4182 11.2897
vertex -3.6701 20.9585 11.2897
vertex -3.3210 21.2264 11.2897
endloop
endfacet
facet normal 0.000000 0.000000 -1.000000
outer loop
vertex -4.5128 22.4182 0.0000
vertex -3.3210 21.2264 0.0000
vertex -3.6701 20.9585 0.0000
endloop
endfacet
facet normal 0.793353 -0.608761 0.000000
outer loop
vertex -3.3210 21.2264 0.0000
vertex -3.0532 21.5755 0.0000
vertex -3.0532 21.5755 11.2897
endloop
endfacet
facet normal 0.793353 -0.608761 0.000000
outer loop
vertex -3.3210 21.2264 0.0000
vertex -3.0532 21.5755 11.2897
vertex -3.3210 21.2264 11.2897
endloop
endfacet
facet normal 0.000000 0.000000 1.000000
outer loop
vertex -4.5128 22.4182 11.2897
vertex -3.3210 21.2264 11.2897
vertex -3.0532 21.5755 11.2897
endloop
endfacet
facet normal 0.000000 0.000000 -1.000000
outer loop
vertex -4.5128 22.4182 0.0000
vertex -3.0532 21.5755 0.0000
vertex -3.3210 21.2264 0.0000
endloop
endfacet
facet normal 0.923880 -0.382683 0.000000
outer loop
vertex -3.0532 21.5755 0.0000
vertex -2.8848 21.9820 0.0000
vertex -2.8848 21.9820 11.2897
endloop
endfacet
facet normal 0.923880 -0.382683 0.000000
outer loop
vertex -3.0532 21.5755 0.0000
vertex -2.8848 21.9820 11.2897
vertex -3.0532 21.5755 11.2897
endloop
endfacet
facet normal 0.000000 0.000000 1.000000
outer loop
vertex -4.5128 22.4182 11.2897
vertex -3.0532 21.5755 11.2897
vertex -2.8848 21.9820 11.2897
endloop
endfacet
facet normal 0.000000 0.000000 -1.000000
outer loop
vertex -4.5128 22.4182 0.0000
vertex -2.8848 21.9820 0.0000
vertex -3.0532 21.5755 0.0000
endloop
endfacet
facet normal 0.991445 -0.130526 0.000000
outer loop
vertex -2.8848 21.9820 0.0000
vertex -2.8273 22.4182 0.0000
vertex -2.8273 22.4182 11.2897
endloop
endfacet
facet normal 0.991445 -0.130526 0.000000
outer loop
vertex -2.8848 21.9820 0.0000
vertex -2.8273 22.4182 11.2897
vertex -2.8848 21.9820 11.2897
endloop
endfacet
facet normal -0.000000 0.000000 1.000000
outer loop
vertex -4.5128 22.4182 11.2897
vertex -2.8848 21.9820 11.2897
vertex -2.8273 22.4182 11.2897
endloop
endfacet
facet normal 0.000000 0.000000 -1.000000
outer loop
vertex -4.5128 22.4182 0.0000
vertex -2.8273 22.4182 0.0000
vertex -2.8848 21.9820 0.0000
endloop
endfacet
facet normal 0.991445 0.130526 0.000000
outer loop
vertex 7.7769 21.9958 0.0000
vertex 7.7003 22.5778 0.0000
vertex 7.7003 22.5778 17.5547
endloop
endfacet
facet normal 0.991445 0.130526 -0.000000
outer loop
vertex 7.7769 21.9958 0.0000
vertex 7.7003 22.5778 17.5547
vertex 7.7769 21.9958 17.5547
endloop
endfacet
facet normal 0.000000 0.000000 1.000000
outer loop
vertex 5.5284 21.9958 17.5547
vertex 7.7769 21.9958 17.5547
vertex 7.7003 22.5778 17.5547
endloop
endfacet
facet normal 0.000000 0.000000 -1.000000
outer loop
vertex 5.5284 21.9958 0.0000
vertex 7.7003 22.5778 0.0000
vertex 7.7769 21.9958 0.0000
endloop
endfacet
facet normal 0.923880 0.382683 0.000000
outer loop
vertex 7.7003 22.5778 0.0000
vertex 7.4756 23.1201 0.0000
vertex 7.4756 23.1201 17.5547
endloop
endfacet
facet normal 0.923880 0.382683 -0.000000
outer loop
vertex 7.7003 22.5778 0.0000
vertex 7.4756 23.1201 17.5547
vertex 7.7003 22.5778 17.5547
endloop
endfacet
facet normal 0.000000 0.000000 1.000000
outer loop
vertex 5.5284 21.9958 17.5547
vertex 7.7003 22.5778 17.5547
vertex 7.4756 23.1201 17.5547
endloop
endfacet
facet normal 0.000000 0.000000 -1.000000
outer loop
vertex 5.5284 21.9958 0.0000
vertex 7.4756 23.1201 0.0000
vertex 7.7003 22.5778 0.0000
endloop
endfacet
facet normal 0.793353 0.608761 0.000000
outer loop
vertex 7.4756 23.1201 0.0000
vertex 7.1183 23.5857 0.0000
vertex 7.1183 23.5857 17.5547
endloop
endfacet
facet normal 0.793353 0.608761 -0.000000
outer loop
vertex 7.4756 23.1201 0.0000
vertex 7.1183 23.5857 17.5547
vertex 7.4756 23.1201 17.5547
endloop
endfacet
facet normal 0.000000 0.000000 1.000000
outer loop
vertex 5.5284 21.9958 17.5547
vertex 7.4756 23.1201 17.5547
vertex 7.1183 23.5857 17.5547
endloop
endfacet
facet normal 0.000000 0.000000 -1.000000
outer loop
vertex 5.5284 21.9958 0.0000
vertex 7.1183 23.5857 0.0000
vertex 7.4756 23.1201 0.0000
endloop
endfacet
facet normal 0.608761 0.793353 0.000000
outer loop
vertex 7.1183 23.5857 0.0000
vertex 6.6526 23.9431 0.0000
vertex 6.6526 23.9431 17.5547
endloop
endfacet
facet normal 0.608761 0.793353 -0.000000
outer loop
vertex 7.1183 23.5857 0.0000
vertex 6.6526 23.9431 17.5547
vertex 7.1183 23.5857 17.5547
endloop
endfacet
facet normal 0.000000 0.000000 1.000000
outer loop
vertex 5.5284 21.9958 17.5547
vertex 7.1183 23.5857 17.5547
vertex 6.6526 23.9431 17.5547
endloop
endfacet
facet normal 0.000000 0.000000 -1.000000
outer loop
vertex 5.5284 21.9958 0.0000
vertex 6.6526 23.9431 0.0000
vertex 7.1183 23.5857 0.0000
endloop
endfacet
facet normal 0.382683 0.923880 0.000000
outer loop
vertex 6.6526 23.9431 0.0000
vertex 6.1103 24.1677 0.0000
vertex 6.1103 24.1677 17.5547
endloop
endfacet
facet normal 0.382683 0.923880 -0.000000
outer loop
vertex 6.6526 23.9431 0.0000
vertex 6.1103 24.1677 17.5547
vertex 6.6526 23.9431 17.5547
endloop
endfacet
facet normal 0.000000 0.000000 1.000000
outer loop
vertex 5.5284 21.9958 17.5547
vertex 6.6526 23.9431 17.5547
vertex 6.1103 24.1677 17.5547
endloop
endfacet
facet normal 0.000000 0.000000 -1.000000
outer loop
vertex 5.5284 21.9958 0.0000
vertex 6.1103 24.1677 0.0000
vertex 6.6526 23.9431 0.0000
endloop
endfacet
facet normal 0.130526 0.991445 0.000000
outer loop
vertex 6.1103 24.1677 0.0000
vertex 5.5284 24.2443 0.0000
vertex 5.5284 24.2443 17.5547
endloop
endfacet
facet normal 0.130526 0.991445 -0.000000
outer loop
vertex 6.1103 24.1677 0.0000
vertex 5.5284 24.2443 17.5547
vertex 6.1103 24.1677 17.5547
endloop
endfacet
facet normal 0.000000 0.000000 1.000000
outer loop
vertex 5.5284 21.9958 17.5547
vertex 6.1103 24.1677 17.5547
vertex 5.5284 24.2443 17.5547
endloop
endfacet
facet normal 0.000000 0.000000 -1.000000
outer loop
vertex 5.5284 21.9958 0.0000
vertex 5.5284 24.2443 0.0000
vertex 6.1103 24.1677 0.0000
endloop
endfacet
facet normal -0.130526 0.991445 0.000000
outer loop
vertex 5.5284 24.2443 0.0000
vertex 4.9464 24.1677 0.0000
vertex 4.9464 24.1677 17.5547
endloop
endfacet
facet normal -0.130526 0.991445 0.000000
outer loop
vertex 5.5284 24.2443 0.0000
vertex 4.9464 24.1677 17.5547
vertex 5.5284 24.2443 17.5547
endloop
endfacet
facet normal 0.000000 -0.000000 1.000000
outer loop
vertex 5.5284 21.9958 17.5547
vertex 5.5284 24.2443 17.5547
vertex 4.9464 24.1677 17.5547
endloop
endfacet
facet normal 0.000000 0.000000 -1.000000
outer loop
vertex 5.5284 21.9958 0.0000
vertex 4.9464 24.1677 0.0000
vertex 5.5284 24.2443 0.0000
endloop
endfacet
facet normal -0.382683 0.923880 0.000000
outer loop
vertex 4.9464 24.1677 0.0000
vertex 4.4042 23.9431 0.0000
vertex 4.4042 23.9431 17.5547
endloop
endfacet
facet normal -0.382683 0.923880 0.000000
outer loop
vertex 4.9464 24.1677 0.0000
vertex 4.4042 23.9431 17.5547
vertex 4.9464 24.1677 17.5547
endloop
endfacet
facet normal 0.000000 0.000000 1.000000
outer loop
vertex 5.5284 21.9958 17.5547
vertex 4.9464 24.1677 17.5547
vertex 4.4042 23.9431 17.5547
endloop
endfacet
facet normal 0.000000 0.000000 -1.000000
outer loop
vertex 5.5284 21.9958 0.0000
vertex 4.4042 23.9431 0.0000
vertex 4.9464 24.1677 0.0000
endloop
endfacet
facet normal -0.608761 0.793353 0.000000
outer loop
vertex 4.4042 23.9431 0.0000
vertex 3.9385 23.5857 0.0000
vertex 3.9385 23.5857 17.5547
endloop
endfacet
facet normal -0.608761 0.793353 0.000000
outer loop
vertex 4.4042 23.9431 0.0000
vertex 3.9385 23.5857 17.5547
vertex 4.4042 23.9431 17.5547
endloop
endfacet
facet normal 0.000000 0.000000 1.000000
outer loop
vertex 5.5284 21.9958 17.5547
vertex 4.4042 23.9431 17.5547
vertex 3.9385 23.5857 17.5547
endloop
endfacet
facet normal 0.000000 0.000000 -1.000000
outer loop
vertex 5.5284 21.9958 0.0000
vertex 3.9385 23.5857 0.0000
vertex 4.4042 23.9431 0.0000
endloop
endfacet
facet normal -0.793353 0.608761 0.000000
outer loop
vertex 3.9385 23.5857 0.0000
vertex 3.5812 23.1201 0.0000
vertex 3.5812 23.1201 17.5547
endloop
endfacet
facet normal -0.793353 0.608761 0.000000
outer loop
vertex 3.9385 23.5857 0.0000
vertex 3.5812 23.1201 17.5547
vertex 3.9385 23.5857 17.5547
endloop
endfacet
facet normal 0.000000 0.000000 1.000000
outer loop
vertex 5.5284 21.9958 17.5547
vertex 3.9385 23.5857 17.5547
vertex 3.5812 23.1201 17.5547
endloop
endfacet
facet normal 0.000000 0.000000 -1.000000
outer loop
vertex 5.5284 21.9958 0.0000
vertex 3.5812 23.1201 0.0000
vertex 3.9385 23.5857 0.0000
endloop
endfacet
facet normal -0.923880 0.382683 0.000000
outer loop
vertex 3.5812 23.1201 0.0000
vertex 3.3565 22.5778 0.0000
vertex 3.3565 22.5778 17.5547
endloop
endfacet
facet normal -0.923880 0.382683 0.000000
outer loop
vertex 3.5812 23.1201 0.0000
vertex 3.3565 22.5778 17.5547
vertex 3.5812 23.1201 17.5547
endloop
endfacet
facet normal 0.000000 0.000000 1.000000
outer loop
vertex 5.5284 21.9958 17.5547
vertex 3.5812 23.1201 17.5547
vertex 3.3565 22.5778 17.5547
endloop
endfacet
facet normal 0.000000 0.000000 -1.000000
outer loop
vertex 5.5284 21.9958 0.0000
vertex 3.3565 22.5778 0.0000
vertex 3.5812 23.1201 0.0000
endloop
endfacet
facet normal -0.991445 0.130526 0.000000
outer loop
vertex 3.3565 22.5778 0.0000
vertex 3.2799 21.9958 0.0000
vertex 3.2799 21.9958 17.5547
endloop
endfacet
facet normal -0.991445 0.130526 0.000000
outer loop
vertex 3.3565 22.5778 0.0000
vertex 3.2799 21.9958 17.5547
vertex 3.3565 22.5778 17.5547
endloop
endfacet
facet normal 0.000000 0.000000 1.000000
outer loop
vertex 5.5284 21.9958 17.5547
vertex 3.3565 22.5778 17.5547
vertex 3.2799 21.9958 17.5547
endloop
endfacet
facet normal 0.000000 0.000000 -1.000000
outer loop
vertex 5.5284 21.9958 0.0000
vertex 3.2799 21.9958 0.0000
vertex 3.3565 22.5778 0.0000
endloop
endfacet
facet normal -0.991445 -0.130526 0.000000
outer loop
vertex 3.2799 21.9958 0.0000
vertex 3.3565 21.4139 0.0000
vertex 3.3565 21.4139 17.5547
endloop
endfacet
facet normal -0.991445 -0.130526 0.000000
outer loop
vertex 3.2799 21.9958 0.0000
vertex 3.3565 21.4139 17.5547
vertex 3.2799 21.9958 17.5547
endloop
endfacet
facet normal 0.000000 0.000000 1.000000
outer loop
vertex 5.5284 21.9958 17.5547
vertex 3.2799 21.9958 17.5547
vertex 3.3565 21.4139 17.5547
endloop
endfacet
facet normal -0.000000 0.000000 -1.000000
outer loop
vertex 5.5284 21.9958 0.0000
vertex 3.3565 21.4139 0.0000
vertex 3.2799 21.9958 0.0000
endloop
endfacet
facet normal -0.923880 -0.382683 0.000000
outer loop
vertex 3.3565 21.4139 0.0000
vertex 3.5812 20.8716 0.0000
vertex 3.5812 20.8716 17.5547
endloop
endfacet
facet normal -0.923880 -0.382683 0.000000
outer loop
vertex 3.3565 21.4139 0.0000
vertex 3.5812 20.8716 17.5547
vertex 3.3565 21.4139 17.5547
endloop
endfacet
facet normal 0.000000 0.000000 1.000000
outer loop
vertex 5.5284 21.9958 17.5547
vertex 3.3565 21.4139 17.5547
vertex 3.5812 20.8716 17.5547
endloop
endfacet
facet normal 0.000000 0.000000 -1.000000
outer loop
vertex 5.5284 21.9958 0.0000
vertex 3.5812 20.8716 0.0000
vertex 3.3565 21.4139 0.0000
endloop
endfacet
facet normal -0.793353 -0.608761 0.000000
outer loop
vertex 3.5812 20.8716 0.0000
vertex 3.9385 20.4059 0.0000
vertex 3.9385 20.4059 17.5547
endloop
endfacet
facet normal -0.793353 -0.608761 0.000000
outer loop
vertex 3.5812 20.8716 0.0000
vertex 3.9385 20.4059 17.5547
vertex 3.5812 20.8716 17.5547
endloop
endfacet
facet normal 0.000000 0.000000 1.000000
outer loop
vertex 5.5284 21.9958 17.5547
vertex 3.5812 20.8716 17.5547
vertex 3.9385 20.4059 17.5547
endloop
endfacet
facet normal 0.000000 0.000000 -1.000000
outer loop
vertex 5.5284 21.9958 0.0000
vertex 3.9385 20.4059 0.0000
vertex 3.5812 20.8716 0.0000
endloop
endfacet
facet normal -0.608761 -0.793353 0.000000
outer loop
vertex 3.9385 20.4059 0.0000
vertex 4.4042 20.0486 0.0000
vertex 4.4042 20.0486 17.5547
endloop
endfacet
facet normal -0.608761 -0.793353 0.000000
outer loop
vertex 3.9385 20.4059 0.0000
vertex 4.4042 20.0486 17.5547
vertex 3.9385 20.4059 17.5547
endloop
endfacet
facet normal 0.000000 0.000000 1.000000
outer loop
vertex 5.5284 21.9958 17.5547
vertex 3.9385 20.4059 17.5547
vertex 4.4042 20.0486 17.5547
endloop
endfacet
facet normal 0.000000 0.000000 -1.000000
outer loop
vertex 5.5284 21.9958 0.0000
vertex 4.4042 20.0486 0.0000
vertex 3.9385 20.4059 0.0000
endloop
endfacet
facet normal -0.382683 -0.923880 0.000000
outer loop
vertex 4.4042 20.0486 0.0000
vertex 4.9464 19.8240 0.0000
vertex 4.9464 19.8240 17.5547
endloop
endfacet
facet normal -0.382683 -0.923880 0.000000
outer loop
vertex 4.4042 20.0486 0.0000
vertex 4.9464 19.8240 17.5547
vertex 4.4042 20.0486 17.5547
endloop
endfacet
facet normal 0.000000 0.000000 1.000000
outer loop
vertex 5.5284 21.9958 17.5547
vertex 4.4042 20.0486 17.5547
vertex 4.9464 19.8240 17.5547
endloop
endfacet
facet normal 0.000000 0.000000 -1.000000
outer loop
vertex 5.5284 21.9958 0.0000
vertex 4.9464 19.8240 0.0000
vertex 4.4042 20.0486 0.0000
endloop
endfacet
facet normal -0.130526 -0.991445 0.000000
outer loop
vertex 4.9464 19.8240 0.0000
vertex 5.5284 19.7474 0.0000
vertex 5.5284 19.7474 17.5547
endloop
endfacet
facet normal -0.130526 -0.991445 0.000000
outer loop
vertex 4.9464 19.8240 0.0000
vertex 5.5284 19.7474 17.5547
vertex 4.9464 19.8240 17.5547
endloop
endfacet
facet normal 0.000000 0.000000 1.000000
outer loop
vertex 5.5284 21.9958 17.5547
vertex 4.9464 19.8240 17.5547
vertex 5.5284 19.7474 17.5547
endloop
endfacet
facet normal 0.000000 -0.000000 -1.000000
outer loop
vertex 5.5284 21.9958 0.0000
vertex 5.5284 19.7474 0.0000
vertex 4.9464 19.8240 0.0000
endloop
endfacet
facet normal 0.130526 -0.991445 0.000000
outer loop
vertex 5.5284 19.7474 0.0000
vertex 6.1103 19.8240 0.0000
vertex 6.1103 19.8240 17.5547
endloop
endfacet
facet normal 0.130526 -0.991445 0.000000
outer loop
vertex 5.5284 19.7474 0.0000
vertex 6.1103 19.8240 17.5547
vertex 5.5284 19.7474 17.5547
endloop
endfacet
facet normal 0.000000 0.000000 1.000000
outer loop
vertex 5.5284 21.9958 17.5547
vertex 5.5284 19.7474 17.5547
vertex 6.1103 19.8240 17.5547
endloop
endfacet
facet normal 0.000000 0.000000 -1.000000
outer loop
vertex 5.5284 21.9958 0.0000
vertex 6.1103 19.8240 0.0000
vertex 5.5284 19.7474 0.0000
endloop
endfacet
facet normal 0.382683 -0.923880 0.000000
outer loop
vertex 6.1103 19.8240 0.0000
vertex 6.6526 20.0486 0.0000
vertex 6.6526 20.0486 17.5547
endloop
endfacet
facet normal 0.382683 -0.923880 0.000000
outer loop
vertex 6.1103 19.8240 0.0000
vertex 6.6526 20.0486 17.5547
vertex 6.1103 19.8240 17.5547
endloop
endfacet
facet normal 0.000000 0.000000 1.000000
outer loop
vertex 5.5284 21.9958 17.5547
vertex 6.1103 19.8240 17.5547
vertex 6.6526 20.0486 17.5547
endloop
endfacet
facet normal 0.000000 0.000000 -1.000000
outer loop
vertex 5.5284 21.9958 0.0000
vertex 6.6526 20.0486 0.0000
vertex 6.1103 19.8240 0.0000
endloop
endfacet
facet normal 0.608761 -0.793353 0.000000
outer loop
vertex 6.6526 20.0486 0.0000
vertex 7.1183 20.4059 0.0000
vertex 7.1183 20.4059 17.5547
endloop
endfacet
facet normal 0.608761 -0.793353 0.000000
outer loop
vertex 6.6526 20.0486 0.0000
vertex 7.1183 20.4059 17.5547
vertex 6.6526 20.0486 17.5547
endloop
endfacet
facet normal 0.000000 0.000000 1.000000
outer loop
vertex 5.5284 21.9958 17.5547
vertex 6.6526 20.0486 17.5547
vertex 7.1183 20.4059 17.5547
endloop
endfacet
facet normal 0.000000 0.000000 -1.000000
outer loop
vertex 5.5284 21.9958 0.0000
vertex 7.1183 20.4059 0.0000
vertex 6.6526 20.0486 0.0000
endloop
endfacet
facet normal 0.793353 -0.608761 0.000000
outer loop
vertex 7.1183 20.4059 0.0000
vertex 7.4756 20.8716 0.0000
vertex 7.4756 20.8716 17.5547
endloop
endfacet
facet normal 0.793353 -0.608761 0.000000
outer loop
vertex 7.1183 20.4059 0.0000
vertex 7.4756 20.8716 17.5547
vertex 7.1183 20.4059 17.5547
endloop
endfacet
facet normal 0.000000 0.000000 1.000000
outer loop
vertex 5.5284 21.9958 17.5547
vertex 7.1183 20.4059 17.5547
vertex 7.4756 20.8716 17.5547
endloop
endfacet
facet normal 0.000000 0.000000 -1.000000
outer loop
vertex 5.5284 21.9958 0.0000
vertex 7.4756 20.8716 0.0000
vertex 7.1183 20.4059 0.0000
endloop
endfacet
facet normal 0.923880 -0.382683 0.000000
outer loop
vertex 7.4756 20.8716 0.0000
vertex 7.7003 21.4139 0.0000
vertex 7.7003 21.4139 17.5547
endloop
endfacet
facet normal 0.923880 -0.382683 0.000000
outer loop
vertex 7.4756 20.8716 0.0000
vertex 7.7003 21.4139 17.5547
vertex 7.4756 20.8716 17.5547
endloop
endfacet
facet normal 0.000000 0.000000 1.000000
outer loop
vertex 5.5284 21.9958 17.5547
vertex 7.4756 20.8716 17.5547
vertex 7.7003 21.4139 17.5547
endloop
endfacet
facet normal 0.000000 0.000000 -1.000000
outer loop
vertex 5.5284 21.9958 0.0000
vertex 7.7003 21.4139 0.0000
vertex 7.4756 20.8716 0.0000
endloop
endfacet
facet normal 0.991445 -0.130526 0.000000
outer loop
vertex 7.7003 21.4139 0.0000
vertex 7.7769 21.9958 0.0000
vertex 7.7769 21.9958 17.5547
endloop
endfacet
facet normal 0.991445 -0.130526 0.000000
outer loop
vertex 7.7003 21.4139 0.0000
vertex 7.7769 21.9958 17.5547
vertex 7.7003 21.4139 17.5547
endloop
endfacet
facet normal -0.000000 0.000000 1.000000
outer loop
vertex 5.5284 21.9958 17.5547
vertex 7.7003 21.4139 17.5547
vertex 7.7769 21.9958 17.5547
endloop
endfacet
facet normal 0.000000 0.000000 -1.000000
outer loop
vertex 5.5284 21.9958 0.0000
vertex 7.7769 21.9958 0.0000
vertex 7.7003 21.4139 0.0000
endloop
endfacet
facet normal 0.991445 0.130526 0.000000
outer loop
vertex -7.4135 -2.1524 0.0000
vertex -7.5130 -1.3962 0.0000
vertex -7.5130 -1.3962 15.3618
endloop
endfacet
facet normal 0.991445 0.130526 -0.000000
outer loop
vertex -7.4135 -2.1524 0.0000
vertex -7.5130 -1.3962 15.3618
vertex -7.4135 -2.1524 15.3618
endloop
endfacet
facet normal 0.000000 0.000000 1.000000
outer loop
vertex -10.3352 -2.1524 15.3618
vertex -7.4135 -2.1524 15.3618
vertex -7.5130 -1.3962 15.3618
endloop
endfacet
facet normal 0.000000 0.000000 -1.000000
outer loop
vertex -10.3352 -2.1524 0.0000
vertex -7.5130 -1.3962 0.0000
vertex -7.4135 -2.1524 0.0000
endloop
endfacet
facet normal 0.923880 0.382683 0.000000
outer loop
vertex -7.5130 -1.3962 0.0000
vertex -7.8049 -0.6916 0.0000
vertex -7.8049 -0.6916 15.3618
endloop
endfacet
facet normal 0.923880 0.382683 -0.000000
outer loop
vertex -7.5130 -1.3962 0.0000
vertex -7.8049 -0.6916 15.3618
vertex -7.5130 -1.3962 15.3618
endloop
endfacet
facet normal 0.000000 0.000000 1.000000
outer loop
vertex -10.3352 -2.1524 15.3618
vertex -7.5130 -1.3962 15.3618
vertex -7.8049 -0.6916 15.3618
endloop
endfacet
facet normal 0.000000 0.000000 -1.000000
outer loop
vertex -10.3352 -2.1524 0.0000
vertex -7.8049 -0.6916 0.0000
vertex -7.5130 -1.3962 0.0000
endloop
endfacet
facet normal 0.793353 0.608761 0.000000
outer loop
vertex -7.8049 -0.6916 0.0000
vertex -8.2692 -0.0865 0.0000
vertex -8.2692 -0.0865 15.3618
endloop
endfacet
facet normal 0.793353 0.608761 -0.000000
outer loop
vertex -7.8049 -0.6916 0.0000
vertex -8.2692 -0.0865 15.3618
vertex -7.8049 -0.6916 15.3618
endloop
endfacet
facet normal 0.000000 0.000000 1.000000
outer loop
vertex -10.3352 -2.1524 15.3618
vertex -7.8049 -0.6916 15.3618
vertex -8.2692 -0.0865 15.3618
endloop
endfacet
facet normal 0.000000 0.000000 -1.000000
outer loop
vertex -10.3352 -2.1524 0.0000
vertex -8.2692 -0.0865 0.0000
vertex -7.8049 -0.6916 0.0000
endloop
endfacet
facet normal 0.608761 0.793353 0.000000
outer loop
vertex -8.2692 -0.0865 0.0000
vertex -8.8743 0.3779 0.0000
vertex -8.8743 0.3779 15.3618
endloop
endfacet
facet normal 0.608761 0.793353 -0.000000
outer loop
vertex -8.2692 -0.0865 0.0000
vertex -8.8743 0.3779 15.3618
vertex -8.2692 -0.0865 15.3618
endloop
endfacet
facet normal 0.000000 0.000000 1.000000
outer loop
vertex -10.3352 -2.1524 15.3618
vertex -8.2692 -0.0865 15.3618
vertex -8.8743 0.3779 15.3618
endloop
endfacet
facet normal 0.000000 0.000000 -1.000000
outer loop
vertex -10.3352 -2.1524 0.0000
vertex -8.8743 0.3779 0.0000
vertex -8.2692 -0.0865 0.0000
endloop
endfacet
facet normal 0.382683 0.923880 0.000000
outer loop
vertex -8.8743 0.3779 0.0000
vertex -9.5790 0.6697 0.0000
vertex -9.5790 0.6697 15.3618
endloop
endfacet
facet normal 0.382683 0.923880 -0.000000
outer loop
vertex -8.8743 0.3779 0.0000
vertex -9.5790 0.6697 15.3618
vertex -8.8743 0.3779 15.3618
endloop
endfacet
facet normal 0.000000 0.000000 1.000000
outer loop
vertex -10.3352 -2.1524 15.3618
vertex -8.8743 0.3779 15.3618
vertex -9.5790 0.6697 15.3618
endloop
endfacet
facet normal 0.000000 0.000000 -1.000000
outer loop
vertex -10.3352 -2.1524 0.0000
vertex -9.5790 0.6697 0.0000
vertex -8.8743 0.3779 0.0000
endloop
endfacet
facet normal 0.130526 0.991445 0.000000
outer loop
vertex -9.5790 0.6697 0.0000
vertex -10.3352 0.7693 0.0000
vertex -10.3352 0.7693 15.3618
endloop
endfacet
facet normal 0.130526 0.991445 -0.000000
outer loop
vertex -9.5790 0.6697 0.0000
vertex -10.3352 0.7693 15.3618
vertex -9.5790 0.6697 15.3618
endloop
endfacet
facet normal 0.000000 0.000000 1.000000
outer loop
vertex -10.3352 -2.1524 15.3618
vertex -9.5790 0.6697 15.3618
vertex -10.3352 0.7693 15.3618
endloop
endfacet
facet normal 0.000000 0.000000 -1.000000
outer loop
vertex -10.3352 -2.1524 0.0000
vertex -10.3352 0.7693 0.0000
vertex -9.5790 0.6697 0.0000
endloop
endfacet
facet normal -0.130526 0.991445 0.000000
outer loop
vertex -10.3352 0.7693 0.0000
vertex -11.0914 0.6697 0.0000
vertex -11.0914 0.6697 15.3618
endloop
endfacet
facet normal -0.130526 0.991445 0.000000
outer loop
vertex -10.3352 0.7693 0.0000
vertex -11.0914 0.6697 15.3618
vertex -10.3352 0.7693 15.3618
endloop
endfacet
facet normal 0.000000 -0.000000 1.000000
outer loop
vertex -10.3352 -2.1524 15.3618
vertex -10.3352 0.7693 15.3618
vertex -11.0914 0.6697 15.3618
endloop
endfacet
facet normal 0.000000 0.000000 -1.000000
outer loop
vertex -10.3352 -2.1524 0.0000
vertex -11.0914 0.6697 0.0000
vertex -10.3352 0.7693 0.0000
endloop
endfacet
facet normal -0.382683 0.923880 0.000000
outer loop
vertex -11.0914 0.6697 0.0000
vertex -11.7961 0.3779 0.0000
vertex -11.7961 0.3779 15.3618
endloop
endfacet
facet normal -0.382683 0.923880 0.000000
outer loop
vertex -11.0914 0.6697 0.0000
vertex -11.7961 0.3779 15.3618
vertex -11.0914 0.6697 15.3618
endloop
endfacet
facet normal 0.000000 0.000000 1.000000
outer loop
vertex -10.3352 -2.1524 15.3618
vertex -11.0914 0.6697 15.3618
vertex -11.7961 0.3779 15.3618
endloop
endfacet
facet normal 0.000000 0.000000 -1.000000
outer loop
vertex -10.3352 -2.1524 0.0000
vertex -11.7961 0.3779 0.0000
vertex -11.0914 0.6697 0.0000
endloop
endfacet
facet normal -0.608761 0.793353 0.000000
outer loop
vertex -11.7961 0.3779 0.0000
vertex -12.4012 -0.0865 0.0000
vertex -12.4012 -0.0865 15.3618
endloop
endfacet
facet normal -0.608761 0.793353 0.000000
outer loop
vertex -11.7961 0.3779 0.0000
vertex -12.4012 -0.0865 15.3618
vertex -11.7961 0.3779 15.3618
endloop
endfacet
facet normal 0.000000 0.000000 1.000000
outer loop
vertex -10.3352 -2.1524 15.3618
vertex -11.7961 0.3779 15.3618
vertex -12.4012 -0.0865 15.3618
endloop
endfacet
facet normal 0.000000 0.000000 -1.000000
outer loop
vertex -10.3352 -2.1524 0.0000
vertex -12.4012 -0.0865 0.0000
vertex -11.7961 0.3779 0.0000
endloop
endfacet
facet normal -0.793353 0.608761 0.000000
outer loop
vertex -12.4012 -0.0865 0.0000
vertex -12.8655 -0.6916 0.0000
vertex -12.8655 -0.6916 15.3618
endloop
endfacet
facet normal -0.793353 0.608761 0.000000
outer loop
vertex -12.4012 -0.0865 0.0000
vertex -12.8655 -0.6916 15.3618
vertex -12.4012 -0.0865 15.3618
endloop
endfacet
facet normal 0.000000 0.000000 1.000000
outer loop
vertex -10.3352 -2.1524 15.3618
vertex -12.4012 -0.0865 15.3618
vertex -12.8655 -0.6916 15.3618
endloop
endfacet
facet normal 0.000000 0.000000 -1.000000
outer loop
vertex -10.3352 -2.1524 0.0000
vertex -12.8655 -0.6916 0.0000
vertex -12.4012 -0.0865 0.0000
endloop
endfacet
facet normal -0.923880 0.382683 0.000000
outer loop
vertex -12.8655 -0.6916 0.0000
vertex -13.1574 -1.3962 0.0000
vertex -13.1574 -1.3962 15.3618
endloop
endfacet
facet normal -0.923880 0.382683 0.000000
outer loop
vertex -12.8655 -0.6916 0.0000
vertex -13.1574 -1.3962 15.3618
vertex -12.8655 -0.6916 15.3618
endloop
endfacet
facet normal 0.000000 0.000000 1.000000
outer loop
vertex -10.3352 -2.1524 15.3618
vertex -12.8655 -0.6916 15.3618
vertex -13.1574 -1.3962 15.3618
endloop
endfacet
facet normal 0.000000 0.000000 -1.000000
outer loop
vertex -10.3352 -2.1524 0.0000
vertex -13.1574 -1.3962 0.0000
vertex -12.8655 -0.6916 0.0000
endloop
endfacet
facet normal -0.991445 0.130526 0.000000
outer loop
vertex -13.1574 -1.3962 0.0000
vertex -13.2569 -2.1524 0.0000
vertex -13.2569 -2.1524 15.3618
endloop
endfacet
facet normal -0.991445 0.130526 0.000000
outer loop
vertex -13.1574 -1.3962 0.0000
vertex -13.2569 -2.1524 15.3618
vertex -13.1574 -1.3962 15.3618
endloop
endfacet
facet normal 0.000000 0.000000 1.000000
outer loop
vertex -10.3352 -2.1524 15.3618
vertex -13.1574 -1.3962 15.3618
vertex -13.2569 -2.1524 15.3618
endloop
endfacet
facet normal 0.000000 0.000000 -1.000000
outer loop
vertex -10.3352 -2.1524 0.0000
vertex -13.2569 -2.1524 0.0000
vertex -13.1574 -1.3962 0.0000
endloop
endfacet
facet normal -0.991445 -0.130526 0.000000
outer loop
vertex -13.2569 -2.1524 0.0000
vertex -13.1574 -2.9086 0.0000
vertex -13.1574 -2.9086 15.3618
endloop
endfacet
facet normal -0.991445 -0.130526 0.000000
outer loop
vertex -13.2569 -2.1524 0.0000
vertex -13.1574 -2.9086 15.3618
vertex -13.2569 -2.1524 15.3618
endloop
endfacet
facet normal 0.000000 0.000000 1.000000
outer loop
vertex -10.3352 -2.1524 15.3618
vertex -13.2569 -2.1524 15.3618
vertex -13.1574 -2.9086 15.3618
endloop
endfacet
facet normal -0.000000 0.000000 -1.000000
outer loop
vertex -10.3352 -2.1524 0.0000
vertex -13.1574 -2.9086 0.0000
vertex -13.2569 -2.1524 0.0000
endloop
endfacet
facet normal -0.923880 -0.382683 0.000000
outer loop
vertex -13.1574 -2.9086 0.0000
vertex -12.8655 -3.6133 0.0000
vertex -12.8655 -3.6133 15.3618
endloop
endfacet
facet normal -0.923880 -0.382683 0.000000
outer loop
vertex -13.1574 -2.9086 0.0000
vertex -12.8655 -3.6133 15.3618
vertex -13.1574 -2.9086 15.3618
endloop
endfacet
facet normal 0.000000 0.000000 1.000000
outer loop
vertex -10.3352 -2.1524 15.3618
vertex -13.1574 -2.9086 15.3618
vertex -12.8655 -3.6133 15.3618
endloop
endfacet
facet normal 0.000000 0.000000 -1.000000
outer loop
vertex -10.3352 -2.1524 0.0000
vertex -12.8655 -3.6133 0.0000
vertex -13.1574 -2.9086 0.0000
endloop
endfacet
facet normal -0.793353 -0.608761 0.000000
outer loop
vertex -12.8655 -3.6133 0.0000
vertex -12.4012 -4.2184 0.0000
vertex -12.4012 -4.2184 15.3618
endloop
endfacet
facet normal -0.793353 -0.608761 0.000000
outer loop
vertex -12.8655 -3.6133 0.0000
vertex -12.4012 -4.2184 15.3618
vertex -12.8655 -3.6133 15.3618
endloop
endfacet
facet normal 0.000000 0.000000 1.000000
outer loop
vertex -10.3352 -2.1524 15.3618
vertex -12.8655 -3.6133 15.3618
vertex -12.4012 -4.2184 15.3618
endloop
endfacet
facet normal 0.000000 0.000000 -1.000000
outer loop
vertex -10.3352 -2.1524 0.0000
vertex -12.4012 -4.2184 0.0000
vertex -12.8655 -3.6133 0.0000
endloop
endfacet
facet normal -0.608761 -0.793353 0.000000
outer loop
vertex -12.4012 -4.2184 0.0000
vertex -11.7961 -4.6827 0.0000
vertex -11.7961 -4.6827 15.3618
endloop
endfacet
facet normal -0.608761 -0.793353 0.000000
outer loop
vertex -12.4012 -4.2184 0.0000
vertex -11.7961 -4.6827 15.3618
vertex -12.4012 -4.2184 15.3618
endloop
endfacet
facet normal 0.000000 0.000000 1.000000
outer loop
vertex -10.3352 -2.1524 15.3618
vertex -12.4012 -4.2184 15.3618
vertex -11.7961 -4.6827 15.3618
endloop
endfacet
facet normal 0.000000 0.000000 -1.000000
outer loop
vertex -10.3352 -2.1524 0.0000
vertex -11.7961 -4.6827 0.0000
vertex -12.4012 -4.2184 0.0000
endloop
endfacet
facet normal -0.382683 -0.923880 0.000000
outer loop
vertex -11.7961 -4.6827 0.0000
vertex -11.0914 -4.9746 0.0000
vertex -11.0914 -4.9746 15.3618
endloop
endfacet
facet normal -0.382683 -0.923880 0.000000
outer loop
vertex -11.7961 -4.6827 0.0000
vertex -11.0914 -4.9746 15.3618
vertex -11.7961 -4.6827 15.3618
endloop
endfacet
facet normal 0.000000 0.000000 1.000000
outer loop
vertex -10.3352 -2.1524 15.3618
vertex -11.7961 -4.6827 15.3618
vertex -11.0914 -4.9746 15.3618
endloop
endfacet
facet normal 0.000000 0.000000 -1.000000
outer loop
vertex -10.3352 -2.1524 0.0000
vertex -11.0914 -4.9746 0.0000
vertex -11.7961 -4.6827 0.0000
endloop
endfacet
facet normal -0.130526 -0.991445 0.000000
outer loop
vertex -11.0914 -4.9746 0.0000
vertex -10.3352 -5.0741 0.0000
vertex -10.3352 -5.0741 15.3618
endloop
endfacet
facet normal -0.130526 -0.991445 0.000000
outer loop
vertex -11.0914 -4.9746 0.0000
vertex -10.3352 -5.0741 15.3618
vertex -11.0914 -4.9746 15.3618
endloop
endfacet
facet normal 0.000000 0.000000 1.000000
outer loop
vertex -10.3352 -2.1524 15.3618
vertex -11.0914 -4.9746 15.3618
vertex -10.3352 -5.0741 15.3618
endloop
endfacet
facet normal 0.000000 -0.000000 -1.000000
outer loop
vertex -10.3352 -2.1524 0.0000
vertex -10.3352 -5.0741 0.0000
vertex -11.0914 -4.9746 0.0000
endloop
endfacet
facet normal 0.130526 -0.991445 0.000000
outer loop
vertex -10.3352 -5.0741 0.0000
vertex -9.5790 -4.9746 0.0000
vertex -9.5790 -4.9746 15.3618
endloop
endfacet
facet normal 0.130526 -0.991445 0.000000
outer loop
vertex -10.3352 -5.0741 0.0000
vertex -9.5790 -4.9746 15.3618
vertex -10.3352 -5.0741 15.3618
endloop
endfacet
facet normal 0.000000 0.000000 1.000000
outer loop
vertex -10.3352 -2.1524 15.3618
vertex -10.3352 -5.0741 15.3618
vertex -9.5790 -4.9746 15.3618
endloop
endfacet
facet normal 0.000000 0.000000 -1.000000
outer loop
vertex -10.3352 -2.1524 0.0000
vertex -9.5790 -4.9746 0.0000
vertex -10.3352 -5.0741 0.0000
endloop
endfacet
facet normal 0.382683 -0.923880 0.000000
outer loop
vertex -9.5790 -4.9746 0.0000
vertex -8.8743 -4.6827 0.0000
vertex -8.8743 -4.6827 15.3618
endloop
endfacet
facet normal 0.382683 -0.923880 0.000000
outer loop
vertex -9.5790 -4.9746 0.0000
vertex -8.8743 -4.6827 15.3618
vertex -9.5790 -4.9746 15.3618
endloop
endfacet
facet normal 0.000000 0.000000 1.000000
outer loop
vertex -10.3352 -2.1524 15.3618
vertex -9.5790 -4.9746 15.3618
vertex -8.8743 -4.6827 15.3618
endloop
endfacet
facet normal 0.000000 0.000000 -1.000000
outer loop
vertex -10.3352 -2.1524 0.0000
vertex -8.8743 -4.6827 0.0000
vertex -9.5790 -4.9746 0.0000
endloop
endfacet
facet normal 0.608761 -0.793353 0.000000
outer loop
vertex -8.8743 -4.6827 0.0000
vertex -8.2692 -4.2184 0.0000
vertex -8.2692 -4.2184 15.3618
endloop
endfacet
facet normal 0.608761 -0.793353 0.000000
outer loop
vertex -8.8743 -4.6827 0.0000
vertex -8.2692 -4.2184 15.3618
vertex -8.8743 -4.6827 15.3618
endloop
endfacet
facet normal 0.000000 0.000000 1.000000
outer loop
vertex -10.3352 -2.1524 15.3618
vertex -8.8743 -4.6827 15.3618
vertex -8.2692 -4.2184 15.3618
endloop
endfacet
facet normal 0.000000 0.000000 -1.000000
outer loop
vertex -10.3352 -2.1524 0.0000
vertex -8.2692 -4.2184 0.0000
vertex -8.8743 -4.6827 0.0000
endloop
endfacet
facet normal 0.793353 -0.608761 0.000000
outer loop
vertex -8.2692 -4.2184 0.0000
vertex -7.8049 -3.6133 0.0000
vertex -7.8049 -3.6133 15.3618
endloop
endfacet
facet normal 0.793353 -0.608761 0.000000
outer loop
vertex -8.2692 -4.2184 0.0000
vertex -7.8049 -3.6133 15.3618
vertex -8.2692 -4.2184 15.3618
endloop
endfacet
facet normal 0.000000 0.000000 1.000000
outer loop
vertex -10.3352 -2.1524 15.3618
vertex -8.2692 -4.2184 15.3618
vertex -7.8049 -3.6133 15.3618
endloop
endfacet
facet normal 0.000000 0.000000 -1.000000
outer loop
vertex -10.3352 -2.1524 0.0000
vertex -7.8049 -3.6133 0.0000
vertex -8.2692 -4.2184 0.0000
endloop
endfacet
facet normal 0.923880 -0.382683 0.000000
outer loop
vertex -7.8049 -3.6133 0.0000
vertex -7.5130 -2.9086 0.0000
vertex -7.5130 -2.9086 15.3618
endloop
endfacet
facet normal 0.923880 -0.382683 0.000000
outer loop
vertex -7.8049 -3.6133 0.0000
vertex -7.5130 -2.9086 15.3618
vertex -7.8049 -3.6133 15.3618
endloop
endfacet
facet normal 0.000000 0.000000 1.000000
outer loop
vertex -10.3352 -2.1524 15.3618
vertex -7.8049 -3.6133 15.3618
vertex -7.5130 -2.9086 15.3618
endloop
endfacet
facet normal 0.000000 0.000000 -1.000000
outer loop
vertex -10.3352 -2.1524 0.0000
vertex -7.5130 -2.9086 0.0000
vertex -7.8049 -3.6133 0.0000
endloop
endfacet
facet normal 0.991445 -0.130526 0.000000
outer loop
vertex -7.5130 -2.9086 0.0000
vertex -7.4135 -2.1524 0.0000
vertex -7.4135 -2.1524 15.3618
endloop
endfacet
facet normal 0.991445 -0.130526 0.000000
outer loop
vertex -7.5130 -2.9086 0.0000
vertex -7.4135 -2.1524 15.3618
vertex -7.5130 -2.9086 15.3618
endloop
endfacet
facet normal 0.000000 0.000000 1.000000
outer loop
vertex -10.3352 -2.1524 15.3618
vertex -7.5130 -2.9086 15.3618
vertex -7.4135 -2.1524 15.3618
endloop
endfacet
facet normal 0.000000 0.000000 -1.000000
outer loop
vertex -10.3352 -2.1524 0.0000
vertex -7.4135 -2.1524 0.0000
vertex -7.5130 -2.9086 0.0000
endloop
endfacet
facet normal 0.986752 0.129908 0.097187
outer loop
vertex 29.6864 4.1585 0.0000
vertex 29.5709 5.0353 0.0000
vertex 29.5081 5.0184 0.6608
endloop
endfacet
facet normal 0.986752 0.129908 0.097187
outer loop
vertex 29.6864 4.1585 0.0000
vertex 29.5081 5.0184 0.6608
vertex 29.6213 4.1585 0.6608
endloop
endfacet
facet normal 0.919506 0.380872 0.097187
outer loop
vertex 29.5709 5.0353 0.0000
vertex 29.2325 5.8522 0.0000
vertex 29.1762 5.8197 0.6608
endloop
endfacet
facet normal 0.919506 0.380872 0.097187
outer loop
vertex 29.5709 5.0353 0.0000
vertex 29.1762 5.8197 0.6608
vertex 29.5081 5.0184 0.6608
endloop
endfacet
facet normal 0.789598 0.605880 0.097187
outer loop
vertex 29.2325 5.8522 0.0000
vertex 28.6942 6.5538 0.0000
vertex 28.6482 6.5078 0.6608
endloop
endfacet
facet normal 0.789598 0.605880 0.097187
outer loop
vertex 29.2325 5.8522 0.0000
vertex 28.6482 6.5078 0.6608
vertex 29.1762 5.8197 0.6608
endloop
endfacet
facet normal 0.605880 0.789598 0.097187
outer loop
vertex 28.6942 6.5538 0.0000
vertex 27.9927 7.0921 0.0000
vertex 27.9601 7.0357 0.6608
endloop
endfacet
facet normal 0.605880 0.789598 0.097187
outer loop
vertex 28.6942 6.5538 0.0000
vertex 27.9601 7.0357 0.6608
vertex 28.6482 6.5078 0.6608
endloop
endfacet
facet normal 0.380872 0.919506 0.097187
outer loop
vertex 27.9927 7.0921 0.0000
vertex 27.1757 7.4305 0.0000
vertex 27.1589 7.3676 0.6608
endloop
endfacet
facet normal 0.380872 0.919506 0.097187
outer loop
vertex 27.9927 7.0921 0.0000
vertex 27.1589 7.3676 0.6608
vertex 27.9601 7.0357 0.6608
endloop
endfacet
facet normal 0.129908 0.986752 0.097187
outer loop
vertex 27.1757 7.4305 0.0000
vertex 26.2990 7.5459 0.0000
vertex 26.2990 7.4808 0.6608
endloop
endfacet
facet normal 0.129908 0.986752 0.097187
outer loop
vertex 27.1757 7.4305 0.0000
vertex 26.2990 7.4808 0.6608
vertex 27.1589 7.3676 0.6608
endloop
endfacet
facet normal -0.129908 0.986752 0.097187
outer loop
vertex 26.2990 7.5459 0.0000
vertex 25.4223 7.4305 0.0000
vertex 25.4391 7.3676 0.6608
endloop
endfacet
facet normal -0.129908 0.986752 0.097187
outer loop
vertex 26.2990 7.5459 0.0000
vertex 25.4391 7.3676 0.6608
vertex 26.2990 7.4808 0.6608
endloop
endfacet
facet normal -0.380872 0.919506 0.097187
outer loop
vertex 25.4223 7.4305 0.0000
vertex 24.6053 7.0921 0.0000
vertex 24.6378 7.0357 0.6608
endloop
endfacet
facet normal -0.380872 0.919506 0.097187
outer loop
vertex 25.4223 7.4305 0.0000
vertex 24.6378 7.0357 0.6608
vertex 25.4391 7.3676 0.6608
endloop
endfacet
facet normal -0.605880 0.789598 0.097187
outer loop
vertex 24.6053 7.0921 0.0000
vertex 23.9037 6.5538 0.0000
vertex 23.9498 6.5078 0.6608
endloop
endfacet
facet normal -0.605880 0.789598 0.097187
outer loop
vertex 24.6053 7.0921 0.0000
vertex 23.9498 6.5078 0.6608
vertex 24.6378 7.0357 0.6608
endloop
endfacet
facet normal -0.789598 0.605880 0.097187
outer loop
vertex 23.9037 6.5538 0.0000
vertex 23.3654 5.8522 0.0000
vertex 23.4218 5.8197 0.6608
endloop
endfacet
facet normal -0.789598 0.605880 0.097187
outer loop
vertex 23.9037 6.5538 0.0000
vertex 23.4218 5.8197 0.6608
vertex 23.9498 6.5078 0.6608
endloop
endfacet
facet normal -0.919506 0.380872 0.097187
outer loop
vertex 23.3654 5.8522 0.0000
vertex 23.0270 5.0353 0.0000
vertex 23.0899 5.0184 0.6608
endloop
endfacet
facet normal -0.919506 0.380872 0.097187
outer loop
vertex 23.3654 5.8522 0.0000
vertex 23.0899 5.0184 0.6608
vertex 23.4218 5.8197 0.6608
endloop
endfacet
facet normal -0.986752 0.129908 0.097187
outer loop
vertex 23.0270 5.0353 0.0000
vertex 22.9116 4.1585 0.0000
vertex 22.9767 4.1585 0.6608
endloop
endfacet
facet normal -0.986752 0.129908 0.097187
outer loop
vertex 23.0270 5.0353 0.0000
vertex 22.9767 4.1585 0.6608
vertex 23.0899 5.0184 0.6608
endloop
endfacet
facet normal -0.986752 -0.129908 0.097187
outer loop
vertex 22.9116 4.1585 0.0000
vertex 23.0270 3.2818 0.0000
vertex 23.0899 3.2987 0.6608
endloop
endfacet
facet normal -0.986752 -0.129908 0.097187
outer loop
vertex 22.9116 4.1585 0.0000
vertex 23.0899 3.2987 0.6608
vertex 22.9767 4.1585 0.6608
endloop
endfacet
facet normal -0.919506 -0.380872 0.097187
outer loop
vertex 23.0270 3.2818 0.0000
vertex 23.3654 2.4648 0.0000
vertex 23.4218 2.4974 0.6608
endloop
endfacet
facet normal -0.919506 -0.380872 0.097187
outer loop
vertex 23.0270 3.2818 0.0000
vertex 23.4218 2.4974 0.6608
vertex 23.0899 3.2987 0.6608
endloop
endfacet
facet normal -0.789598 -0.605880 0.097187
outer loop
vertex 23.3654 2.4648 0.0000
vertex 23.9037 1.7633 0.0000
vertex 23.9498 1.8093 0.6608
endloop
endfacet
facet normal -0.789598 -0.605880 0.097187
outer loop
vertex 23.3654 2.4648 0.0000
vertex 23.9498 1.8093 0.6608
vertex 23.4218 2.4974 0.6608
endloop
endfacet
facet normal -0.605880 -0.789598 0.097187
outer loop
vertex 23.9037 1.7633 0.0000
vertex 24.6053 1.2250 0.0000
vertex 24.6378 1.2813 0.6608
endloop
endfacet
facet normal -0.605880 -0.789598 0.097187
outer loop
vertex 23.9037 1.7633 0.0000
vertex 24.6378 1.2813 0.6608
vertex 23.9498 1.8093 0.6608
endloop
endfacet
facet normal -0.380872 -0.919506 0.097187
outer loop
vertex 24.6053 1.2250 0.0000
vertex 25.4223 0.8866 0.0000
vertex 25.4391 0.9494 0.6608
endloop
endfacet
facet normal -0.380872 -0.919506 0.097187
outer loop
vertex 24.6053 1.2250 0.0000
vertex 25.4391 0.9494 0.6608
vertex 24.6378 1.2813 0.6608
endloop
endfacet
facet normal -0.129908 -0.986752 0.097187
outer loop
vertex 25.4223 0.8866 0.0000
vertex 26.2990 0.7711 0.0000
vertex 26.2990 0.8362 0.6608
endloop
endfacet
facet normal -0.129908 -0.986752 0.097187
outer loop
vertex 25.4223 0.8866 0.0000
vertex 26.2990 0.8362 0.6608
vertex 25.4391 0.9494 0.6608
endloop
endfacet
facet normal 0.129908 -0.986752 0.097187
outer loop
vertex 26.2990 0.7711 0.0000
vertex 27.1757 0.8866 0.0000
vertex 27.1589 0.9494 0.6608
endloop
endfacet
facet normal 0.129908 -0.986752 0.097187
outer loop
vertex 26.2990 0.7711 0.0000
vertex 27.1589 0.9494 0.6608
vertex 26.2990 0.8362 0.6608
endloop
endfacet
facet normal 0.380872 -0.919506 0.097187
outer loop
vertex 27.1757 0.8866 0.0000
vertex 27.9927 1.2250 0.0000
vertex 27.9601 1.2813 0.6608
endloop
endfacet
facet normal 0.380872 -0.919506 0.097187
outer loop
vertex 27.1757 0.8866 0.0000
vertex 27.9601 1.2813 0.6608
vertex 27.1589 0.9494 0.6608
endloop
endfacet
facet normal 0.605880 -0.789598 0.097187
outer loop
vertex 27.9927 1.2250 0.0000
vertex 28.6942 1.7633 0.0000
vertex 28.6482 1.8093 0.6608
endloop
endfacet
facet normal 0.605880 -0.789598 0.097187
outer loop
vertex 27.9927 1.2250 0.0000
vertex 28.6482 1.8093 0.6608
vertex 27.9601 1.2813 0.6608
endloop
endfacet
facet normal 0.789598 -0.605880 0.097187
outer loop
vertex 28.6942 1.7633 0.0000
vertex 29.2325 2.4648 0.0000
vertex 29.1762 2.4974 0.6608
endloop
endfacet
facet normal 0.789598 -0.605880 0.097187
outer loop
vertex 28.6942 1.7633 0.0000
vertex 29.1762 2.4974 0.6608
vertex 28.6482 1.8093 0.6608
endloop
endfacet
facet normal 0.919506 -0.380872 0.097187
outer loop
vertex 29.2325 2.4648 0.0000
vertex 29.5709 3.2818 0.0000
vertex 29.5081 3.2987 0.6608
endloop
endfacet
facet normal 0.919506 -0.380872 0.097187
outer loop
vertex 29.2325 2.4648 0.0000
vertex 29.5081 3.2987 0.6608
vertex 29.1762 2.4974 0.6608
endloop
endfacet
facet normal 0.986752 -0.129908 0.097187
outer loop
vertex 29.5709 3.2818 0.0000
vertex 29.6864 4.1585 0.0000
vertex 29.6213 4.1585 0.6608
endloop
endfacet
facet normal 0.986752 -0.129908 0.097187
outer loop
vertex 29.5709 3.2818 0.0000
vertex 29.6213 4.1585 0.6608
vertex 29.5081 3.2987 0.6608
endloop
endfacet
facet normal 0.949435 0.124996 0.288008
outer loop
vertex 29.6213 4.1585 0.6608
vertex 29.5081 5.0184 0.6608
vertex 29.3219 4.9685 1.2963
endloop
endfacet
facet normal 0.949435 0.124996 0.288008
outer loop
vertex 29.6213 4.1585 0.6608
vertex 29.3219 4.9685 1.2963
vertex 29.4285 4.1585 1.2963
endloop
endfacet
facet normal 0.884733 0.366468 0.288008
outer loop
vertex 29.5081 5.0184 0.6608
vertex 29.1762 5.8197 0.6608
vertex 29.0092 5.7233 1.2963
endloop
endfacet
facet normal 0.884733 0.366468 0.288008
outer loop
vertex 29.5081 5.0184 0.6608
vertex 29.0092 5.7233 1.2963
vertex 29.3219 4.9685 1.2963
endloop
endfacet
facet normal 0.759737 0.582967 0.288008
outer loop
vertex 29.1762 5.8197 0.6608
vertex 28.6482 6.5078 0.6608
vertex 28.5119 6.3714 1.2963
endloop
endfacet
facet normal 0.759737 0.582967 0.288008
outer loop
vertex 29.1762 5.8197 0.6608
vertex 28.5119 6.3714 1.2963
vertex 29.0092 5.7233 1.2963
endloop
endfacet
facet normal 0.582967 0.759737 0.288008
outer loop
vertex 28.6482 6.5078 0.6608
vertex 27.9601 7.0357 0.6608
vertex 27.8638 6.8688 1.2963
endloop
endfacet
facet normal 0.582967 0.759737 0.288008
outer loop
vertex 28.6482 6.5078 0.6608
vertex 27.8638 6.8688 1.2963
vertex 28.5119 6.3714 1.2963
endloop
endfacet
facet normal 0.366468 0.884733 0.288008
outer loop
vertex 27.9601 7.0357 0.6608
vertex 27.1589 7.3676 0.6608
vertex 27.1090 7.1814 1.2963
endloop
endfacet
facet normal 0.366468 0.884733 0.288008
outer loop
vertex 27.9601 7.0357 0.6608
vertex 27.1090 7.1814 1.2963
vertex 27.8638 6.8688 1.2963
endloop
endfacet
facet normal 0.124996 0.949435 0.288008
outer loop
vertex 27.1589 7.3676 0.6608
vertex 26.2990 7.4808 0.6608
vertex 26.2990 7.2881 1.2963
endloop
endfacet
facet normal 0.124996 0.949435 0.288008
outer loop
vertex 27.1589 7.3676 0.6608
vertex 26.2990 7.2881 1.2963
vertex 27.1090 7.1814 1.2963
endloop
endfacet
facet normal -0.124996 0.949435 0.288008
outer loop
vertex 26.2990 7.4808 0.6608
vertex 25.4391 7.3676 0.6608
vertex 25.4890 7.1814 1.2963
endloop
endfacet
facet normal -0.124996 0.949435 0.288008
outer loop
vertex 26.2990 7.4808 0.6608
vertex 25.4890 7.1814 1.2963
vertex 26.2990 7.2881 1.2963
endloop
endfacet
facet normal -0.366468 0.884733 0.288008
outer loop
vertex 25.4391 7.3676 0.6608
vertex 24.6378 7.0357 0.6608
vertex 24.7342 6.8688 1.2963
endloop
endfacet
facet normal -0.366468 0.884733 0.288008
outer loop
vertex 25.4391 7.3676 0.6608
vertex 24.7342 6.8688 1.2963
vertex 25.4890 7.1814 1.2963
endloop
endfacet
facet normal -0.582967 0.759737 0.288008
outer loop
vertex 24.6378 7.0357 0.6608
vertex 23.9498 6.5078 0.6608
vertex 24.0861 6.3714 1.2963
endloop
endfacet
facet normal -0.582967 0.759737 0.288008
outer loop
vertex 24.6378 7.0357 0.6608
vertex 24.0861 6.3714 1.2963
vertex 24.7342 6.8688 1.2963
endloop
endfacet
facet normal -0.759737 0.582967 0.288008
outer loop
vertex 23.9498 6.5078 0.6608
vertex 23.4218 5.8197 0.6608
vertex 23.5887 5.7233 1.2963
endloop
endfacet
facet normal -0.759737 0.582967 0.288008
outer loop
vertex 23.9498 6.5078 0.6608
vertex 23.5887 5.7233 1.2963
vertex 24.0861 6.3714 1.2963
endloop
endfacet
facet normal -0.884733 0.366468 0.288008
outer loop
vertex 23.4218 5.8197 0.6608
vertex 23.0899 5.0184 0.6608
vertex 23.2761 4.9685 1.2963
endloop
endfacet
facet normal -0.884733 0.366468 0.288008
outer loop
vertex 23.4218 5.8197 0.6608
vertex 23.2761 4.9685 1.2963
vertex 23.5887 5.7233 1.2963
endloop
endfacet
facet normal -0.949435 0.124996 0.288008
outer loop
vertex 23.0899 5.0184 0.6608
vertex 22.9767 4.1585 0.6608
vertex 23.1695 4.1585 1.2963
endloop
endfacet
facet normal -0.949435 0.124996 0.288008
outer loop
vertex 23.0899 5.0184 0.6608
vertex 23.1695 4.1585 1.2963
vertex 23.2761 4.9685 1.2963
endloop
endfacet
facet normal -0.949435 -0.124996 0.288008
outer loop
vertex 22.9767 4.1585 0.6608
vertex 23.0899 3.2987 0.6608
vertex 23.2761 3.3485 1.2963
endloop
endfacet
facet normal -0.949435 -0.124996 0.288008
outer loop
vertex 22.9767 4.1585 0.6608
vertex 23.2761 3.3485 1.2963
vertex 23.1695 4.1585 1.2963
endloop
endfacet
facet normal -0.884733 -0.366468 0.288008
outer loop
vertex 23.0899 3.2987 0.6608
vertex 23.4218 2.4974 0.6608
vertex 23.5887 2.5938 1.2963
endloop
endfacet
facet normal -0.884733 -0.366468 0.288008
outer loop
vertex 23.0899 3.2987 0.6608
vertex 23.5887 2.5938 1.2963
vertex 23.2761 3.3485 1.2963
endloop
endfacet
facet normal -0.759737 -0.582967 0.288008
outer loop
vertex 23.4218 2.4974 0.6608
vertex 23.9498 1.8093 0.6608
vertex 24.0861 1.9456 1.2963
endloop
endfacet
facet normal -0.759737 -0.582967 0.288008
outer loop
vertex 23.4218 2.4974 0.6608
vertex 24.0861 1.9456 1.2963
vertex 23.5887 2.5938 1.2963
endloop
endfacet
facet normal -0.582967 -0.759737 0.288008
outer loop
vertex 23.9498 1.8093 0.6608
vertex 24.6378 1.2813 0.6608
vertex 24.7342 1.4483 1.2963
endloop
endfacet
facet normal -0.582967 -0.759737 0.288008
outer loop
vertex 23.9498 1.8093 0.6608
vertex 24.7342 1.4483 1.2963
vertex 24.0861 1.9456 1.2963
endloop
endfacet
facet normal -0.366468 -0.884733 0.288008
outer loop
vertex 24.6378 1.2813 0.6608
vertex 25.4391 0.9494 0.6608
vertex 25.4890 1.1356 1.2963
endloop
endfacet
facet normal -0.366468 -0.884733 0.288008
outer loop
vertex 24.6378 1.2813 0.6608
vertex 25.4890 1.1356 1.2963
vertex 24.7342 1.4483 1.2963
endloop
endfacet
facet normal -0.124996 -0.949435 0.288008
outer loop
vertex 25.4391 0.9494 0.6608
vertex 26.2990 0.8362 0.6608
vertex 26.2990 1.0290 1.2963
endloop
endfacet
facet normal -0.124996 -0.949435 0.288008
outer loop
vertex 25.4391 0.9494 0.6608
vertex 26.2990 1.0290 1.2963
vertex 25.4890 1.1356 1.2963
endloop
endfacet
facet normal 0.124996 -0.949435 0.288008
outer loop
vertex 26.2990 0.8362 0.6608
vertex 27.1589 0.9494 0.6608
vertex 27.1090 1.1356 1.2963
endloop
endfacet
facet normal 0.124996 -0.949435 0.288008
outer loop
vertex 26.2990 0.8362 0.6608
vertex 27.1090 1.1356 1.2963
vertex 26.2990 1.0290 1.2963
endloop
endfacet
facet normal 0.366468 -0.884733 0.288008
outer loop
vertex 27.1589 0.9494 0.6608
vertex 27.9601 1.2813 0.6608
vertex 27.8638 1.4483 1.2963
endloop
endfacet
facet normal 0.366468 -0.884733 0.288008
outer loop
vertex 27.1589 0.9494 0.6608
vertex 27.8638 1.4483 1.2963
vertex 27.1090 1.1356 1.2963
endloop
endfacet
facet normal 0.582967 -0.759737 0.288008
outer loop
vertex 27.9601 1.2813 0.6608
vertex 28.6482 1.8093 0.6608
vertex 28.5119 1.9456 1.2963
endloop
endfacet
facet normal 0.582967 -0.759737 0.288008
outer loop
vertex 27.9601 1.2813 0.6608
vertex 28.5119 1.9456 1.2963
vertex 27.8638 1.4483 1.2963
endloop
endfacet
facet normal 0.759737 -0.582967 0.288008
outer loop
vertex 28.6482 1.8093 0.6608
vertex 29.1762 2.4974 0.6608
vertex 29.0092 2.5938 1.2963
endloop
endfacet
facet normal 0.759737 -0.582967 0.288008
outer loop
vertex 28.6482 1.8093 0.6608
vertex 29.0092 2.5938 1.2963
vertex 28.5119 1.9456 1.2963
endloop
endfacet
facet normal 0.884733 -0.366468 0.288008
outer loop
vertex 29.1762 2.4974 0.6608
vertex 29.5081 3.2987 0.6608
vertex 29.3219 3.3485 1.2963
endloop
endfacet
facet normal 0.884733 -0.366468 0.288008
outer loop
vertex 29.1762 2.4974 0.6608
vertex 29.3219 3.3485 1.2963
vertex 29.0092 2.5938 1.2963
endloop
endfacet
facet normal 0.949435 -0.124996 0.288008
outer loop
vertex 29.5081 3.2987 0.6608
vertex 29.6213 4.1585 0.6608
vertex 29.4285 4.1585 1.2963
endloop
endfacet
facet normal 0.949435 -0.124996 0.288008
outer loop
vertex 29.5081 3.2987 0.6608
vertex 29.4285 4.1585 1.2963
vertex 29.3219 3.3485 1.2963
endloop
endfacet
facet normal 0.876036 0.115332 0.468251
outer loop
vertex 29.4285 4.1585 1.2963
vertex 29.3219 4.9685 1.2963
vertex 29.0195 4.8875 1.8819
endloop
endfacet
facet normal 0.876036 0.115332 0.468251
outer loop
vertex 29.4285 4.1585 1.2963
vertex 29.0195 4.8875 1.8819
vertex 29.1155 4.1585 1.8819
endloop
endfacet
facet normal 0.816336 0.338137 0.468251
outer loop
vertex 29.3219 4.9685 1.2963
vertex 29.0092 5.7233 1.2963
vertex 28.7382 5.5668 1.8819
endloop
endfacet
facet normal 0.816336 0.338137 0.468251
outer loop
vertex 29.3219 4.9685 1.2963
vertex 28.7382 5.5668 1.8819
vertex 29.0195 4.8875 1.8819
endloop
endfacet
facet normal 0.701003 0.537899 0.468251
outer loop
vertex 29.0092 5.7233 1.2963
vertex 28.5119 6.3714 1.2963
vertex 28.2906 6.1501 1.8819
endloop
endfacet
facet normal 0.701003 0.537899 0.468251
outer loop
vertex 29.0092 5.7233 1.2963
vertex 28.2906 6.1501 1.8819
vertex 28.7382 5.5668 1.8819
endloop
endfacet
facet normal 0.537899 0.701003 0.468251
outer loop
vertex 28.5119 6.3714 1.2963
vertex 27.8638 6.8688 1.2963
vertex 27.7072 6.5977 1.8819
endloop
endfacet
facet normal 0.537899 0.701003 0.468251
outer loop
vertex 28.5119 6.3714 1.2963
vertex 27.7072 6.5977 1.8819
vertex 28.2906 6.1501 1.8819
endloop
endfacet
facet normal 0.338137 0.816336 0.468251
outer loop
vertex 27.8638 6.8688 1.2963
vertex 27.1090 7.1814 1.2963
vertex 27.0280 6.8791 1.8819
endloop
endfacet
facet normal 0.338137 0.816336 0.468251
outer loop
vertex 27.8638 6.8688 1.2963
vertex 27.0280 6.8791 1.8819
vertex 27.7072 6.5977 1.8819
endloop
endfacet
facet normal 0.115332 0.876036 0.468251
outer loop
vertex 27.1090 7.1814 1.2963
vertex 26.2990 7.2881 1.2963
vertex 26.2990 6.9750 1.8819
endloop
endfacet
facet normal 0.115332 0.876036 0.468251
outer loop
vertex 27.1090 7.1814 1.2963
vertex 26.2990 6.9750 1.8819
vertex 27.0280 6.8791 1.8819
endloop
endfacet
facet normal -0.115332 0.876036 0.468251
outer loop
vertex 26.2990 7.2881 1.2963
vertex 25.4890 7.1814 1.2963
vertex 25.5700 6.8791 1.8819
endloop
endfacet
facet normal -0.115332 0.876036 0.468251
outer loop
vertex 26.2990 7.2881 1.2963
vertex 25.5700 6.8791 1.8819
vertex 26.2990 6.9750 1.8819
endloop
endfacet
facet normal -0.338137 0.816336 0.468251
outer loop
vertex 25.4890 7.1814 1.2963
vertex 24.7342 6.8688 1.2963
vertex 24.8907 6.5977 1.8819
endloop
endfacet
facet normal -0.338137 0.816336 0.468251
outer loop
vertex 25.4890 7.1814 1.2963
vertex 24.8907 6.5977 1.8819
vertex 25.5700 6.8791 1.8819
endloop
endfacet
facet normal -0.537899 0.701003 0.468251
outer loop
vertex 24.7342 6.8688 1.2963
vertex 24.0861 6.3714 1.2963
vertex 24.3074 6.1501 1.8819
endloop
endfacet
facet normal -0.537899 0.701003 0.468251
outer loop
vertex 24.7342 6.8688 1.2963
vertex 24.3074 6.1501 1.8819
vertex 24.8907 6.5977 1.8819
endloop
endfacet
facet normal -0.701003 0.537899 0.468251
outer loop
vertex 24.0861 6.3714 1.2963
vertex 23.5887 5.7233 1.2963
vertex 23.8598 5.5668 1.8819
endloop
endfacet
facet normal -0.701003 0.537899 0.468251
outer loop
vertex 24.0861 6.3714 1.2963
vertex 23.8598 5.5668 1.8819
vertex 24.3074 6.1501 1.8819
endloop
endfacet
facet normal -0.816336 0.338137 0.468251
outer loop
vertex 23.5887 5.7233 1.2963
vertex 23.2761 4.9685 1.2963
vertex 23.5784 4.8875 1.8819
endloop
endfacet
facet normal -0.816336 0.338137 0.468251
outer loop
vertex 23.5887 5.7233 1.2963
vertex 23.5784 4.8875 1.8819
vertex 23.8598 5.5668 1.8819
endloop
endfacet
facet normal -0.876036 0.115332 0.468251
outer loop
vertex 23.2761 4.9685 1.2963
vertex 23.1695 4.1585 1.2963
vertex 23.4825 4.1585 1.8819
endloop
endfacet
facet normal -0.876036 0.115332 0.468251
outer loop
vertex 23.2761 4.9685 1.2963
vertex 23.4825 4.1585 1.8819
vertex 23.5784 4.8875 1.8819
endloop
endfacet
facet normal -0.876036 -0.115332 0.468251
outer loop
vertex 23.1695 4.1585 1.2963
vertex 23.2761 3.3485 1.2963
vertex 23.5784 3.4296 1.8819
endloop
endfacet
facet normal -0.876036 -0.115332 0.468251
outer loop
vertex 23.1695 4.1585 1.2963
vertex 23.5784 3.4296 1.8819
vertex 23.4825 4.1585 1.8819
endloop
endfacet
facet normal -0.816336 -0.338137 0.468251
outer loop
vertex 23.2761 3.3485 1.2963
vertex 23.5887 2.5938 1.2963
vertex 23.8598 2.7503 1.8819
endloop
endfacet
facet normal -0.816336 -0.338137 0.468251
outer loop
vertex 23.2761 3.3485 1.2963
vertex 23.8598 2.7503 1.8819
vertex 23.5784 3.4296 1.8819
endloop
endfacet
facet normal -0.701003 -0.537899 0.468251
outer loop
vertex 23.5887 2.5938 1.2963
vertex 24.0861 1.9456 1.2963
vertex 24.3074 2.1670 1.8819
endloop
endfacet
facet normal -0.701003 -0.537899 0.468251
outer loop
vertex 23.5887 2.5938 1.2963
vertex 24.3074 2.1670 1.8819
vertex 23.8598 2.7503 1.8819
endloop
endfacet
facet normal -0.537899 -0.701003 0.468251
outer loop
vertex 24.0861 1.9456 1.2963
vertex 24.7342 1.4483 1.2963
vertex 24.8907 1.7194 1.8819
endloop
endfacet
facet normal -0.537899 -0.701003 0.468251
outer loop
vertex 24.0861 1.9456 1.2963
vertex 24.8907 1.7194 1.8819
vertex 24.3074 2.1670 1.8819
endloop
endfacet
facet normal -0.338137 -0.816336 0.468251
outer loop
vertex 24.7342 1.4483 1.2963
vertex 25.4890 1.1356 1.2963
vertex 25.5700 1.4380 1.8819
endloop
endfacet
facet normal -0.338137 -0.816336 0.468251
outer loop
vertex 24.7342 1.4483 1.2963
vertex 25.5700 1.4380 1.8819
vertex 24.8907 1.7194 1.8819
endloop
endfacet
facet normal -0.115332 -0.876036 0.468251
outer loop
vertex 25.4890 1.1356 1.2963
vertex 26.2990 1.0290 1.2963
vertex 26.2990 1.3420 1.8819
endloop
endfacet
facet normal -0.115332 -0.876036 0.468251
outer loop
vertex 25.4890 1.1356 1.2963
vertex 26.2990 1.3420 1.8819
vertex 25.5700 1.4380 1.8819
endloop
endfacet
facet normal 0.115332 -0.876036 0.468251
outer loop
vertex 26.2990 1.0290 1.2963
vertex 27.1090 1.1356 1.2963
vertex 27.0280 1.4380 1.8819
endloop
endfacet
facet normal 0.115332 -0.876036 0.468251
outer loop
vertex 26.2990 1.0290 1.2963
vertex 27.0280 1.4380 1.8819
vertex 26.2990 1.3420 1.8819
endloop
endfacet
facet normal 0.338137 -0.816336 0.468251
outer loop
vertex 27.1090 1.1356 1.2963
vertex 27.8638 1.4483 1.2963
vertex 27.7072 1.7194 1.8819
endloop
endfacet
facet normal 0.338137 -0.816336 0.468251
outer loop
vertex 27.1090 1.1356 1.2963
vertex 27.7072 1.7194 1.8819
vertex 27.0280 1.4380 1.8819
endloop
endfacet
facet normal 0.537899 -0.701003 0.468251
outer loop
vertex 27.8638 1.4483 1.2963
vertex 28.5119 1.9456 1.2963
vertex 28.2906 2.1670 1.8819
endloop
endfacet
facet normal 0.537899 -0.701003 0.468251
outer loop
vertex 27.8638 1.4483 1.2963
vertex 28.2906 2.1670 1.8819
vertex 27.7072 1.7194 1.8819
endloop
endfacet
facet normal 0.701003 -0.537899 0.468251
outer loop
vertex 28.5119 1.9456 1.2963
vertex 29.0092 2.5938 1.2963
vertex 28.7382 2.7503 1.8819
endloop
endfacet
facet normal 0.701003 -0.537899 0.468251
outer loop
vertex 28.5119 1.9456 1.2963
vertex 28.7382 2.7503 1.8819
vertex 28.2906 2.1670 1.8819
endloop
endfacet
facet normal 0.816336 -0.338137 0.468251
outer loop
vertex 29.0092 2.5938 1.2963
vertex 29.3219 3.3485 1.2963
vertex 29.0195 3.4296 1.8819
endloop
endfacet
facet normal 0.816336 -0.338137 0.468251
outer loop
vertex 29.0092 2.5938 1.2963
vertex 29.0195 3.4296 1.8819
vertex 28.7382 2.7503 1.8819
endloop
endfacet
facet normal 0.876036 -0.115332 0.468251
outer loop
vertex 29.3219 3.3485 1.2963
vertex 29.4285 4.1585 1.2963
vertex 29.1155 4.1585 1.8819
endloop
endfacet
facet normal 0.876036 -0.115332 0.468251
outer loop
vertex 29.3219 3.3485 1.2963
vertex 29.1155 4.1585 1.8819
vertex 29.0195 3.4296 1.8819
endloop
endfacet
facet normal 0.769038 0.101246 0.631133
outer loop
vertex 29.1155 4.1585 1.8819
vertex 29.0195 4.8875 1.8819
vertex 28.6126 4.7785 2.3952
endloop
endfacet
facet normal 0.769038 0.101246 0.631133
outer loop
vertex 29.1155 4.1585 1.8819
vertex 28.6126 4.7785 2.3952
vertex 28.6942 4.1585 2.3952
endloop
endfacet
facet normal 0.716630 0.296838 0.631133
outer loop
vertex 29.0195 4.8875 1.8819
vertex 28.7382 5.5668 1.8819
vertex 28.3733 5.3562 2.3952
endloop
endfacet
facet normal 0.716630 0.296838 0.631133
outer loop
vertex 29.0195 4.8875 1.8819
vertex 28.3733 5.3562 2.3952
vertex 28.6126 4.7785 2.3952
endloop
endfacet
facet normal 0.615384 0.472201 0.631133
outer loop
vertex 28.7382 5.5668 1.8819
vertex 28.2906 6.1501 1.8819
vertex 27.9927 5.8522 2.3952
endloop
endfacet
facet normal 0.615384 0.472201 0.631133
outer loop
vertex 28.7382 5.5668 1.8819
vertex 27.9927 5.8522 2.3952
vertex 28.3733 5.3562 2.3952
endloop
endfacet
facet normal 0.472201 0.615384 0.631133
outer loop
vertex 28.2906 6.1501 1.8819
vertex 27.7072 6.5977 1.8819
vertex 27.4966 6.2329 2.3952
endloop
endfacet
facet normal 0.472201 0.615384 0.631133
outer loop
vertex 28.2906 6.1501 1.8819
vertex 27.4966 6.2329 2.3952
vertex 27.9927 5.8522 2.3952
endloop
endfacet
facet normal 0.296838 0.716630 0.631133
outer loop
vertex 27.7072 6.5977 1.8819
vertex 27.0280 6.8791 1.8819
vertex 26.9189 6.4722 2.3952
endloop
endfacet
facet normal 0.296838 0.716630 0.631133
outer loop
vertex 27.7072 6.5977 1.8819
vertex 26.9189 6.4722 2.3952
vertex 27.4966 6.2329 2.3952
endloop
endfacet
facet normal 0.101246 0.769038 0.631133
outer loop
vertex 27.0280 6.8791 1.8819
vertex 26.2990 6.9750 1.8819
vertex 26.2990 6.5538 2.3952
endloop
endfacet
facet normal 0.101246 0.769038 0.631133
outer loop
vertex 27.0280 6.8791 1.8819
vertex 26.2990 6.5538 2.3952
vertex 26.9189 6.4722 2.3952
endloop
endfacet
facet normal -0.101246 0.769038 0.631133
outer loop
vertex 26.2990 6.9750 1.8819
vertex 25.5700 6.8791 1.8819
vertex 25.6791 6.4722 2.3952
endloop
endfacet
facet normal -0.101246 0.769038 0.631133
outer loop
vertex 26.2990 6.9750 1.8819
vertex 25.6791 6.4722 2.3952
vertex 26.2990 6.5538 2.3952
endloop
endfacet
facet normal -0.296838 0.716630 0.631133
outer loop
vertex 25.5700 6.8791 1.8819
vertex 24.8907 6.5977 1.8819
vertex 25.1014 6.2329 2.3952
endloop
endfacet
facet normal -0.296838 0.716630 0.631133
outer loop
vertex 25.5700 6.8791 1.8819
vertex 25.1014 6.2329 2.3952
vertex 25.6791 6.4722 2.3952
endloop
endfacet
facet normal -0.472201 0.615384 0.631133
outer loop
vertex 24.8907 6.5977 1.8819
vertex 24.3074 6.1501 1.8819
vertex 24.6053 5.8522 2.3952
endloop
endfacet
facet normal -0.472201 0.615384 0.631133
outer loop
vertex 24.8907 6.5977 1.8819
vertex 24.6053 5.8522 2.3952
vertex 25.1014 6.2329 2.3952
endloop
endfacet
facet normal -0.615384 0.472201 0.631133
outer loop
vertex 24.3074 6.1501 1.8819
vertex 23.8598 5.5668 1.8819
vertex 24.2246 5.3562 2.3952
endloop
endfacet
facet normal -0.615384 0.472201 0.631133
outer loop
vertex 24.3074 6.1501 1.8819
vertex 24.2246 5.3562 2.3952
vertex 24.6053 5.8522 2.3952
endloop
endfacet
facet normal -0.716630 0.296838 0.631133
outer loop
vertex 23.8598 5.5668 1.8819
vertex 23.5784 4.8875 1.8819
vertex 23.9854 4.7785 2.3952
endloop
endfacet
facet normal -0.716630 0.296838 0.631133
outer loop
vertex 23.8598 5.5668 1.8819
vertex 23.9854 4.7785 2.3952
vertex 24.2246 5.3562 2.3952
endloop
endfacet
facet normal -0.769038 0.101246 0.631133
outer loop
vertex 23.5784 4.8875 1.8819
vertex 23.4825 4.1585 1.8819
vertex 23.9037 4.1585 2.3952
endloop
endfacet
facet normal -0.769038 0.101246 0.631133
outer loop
vertex 23.5784 4.8875 1.8819
vertex 23.9037 4.1585 2.3952
vertex 23.9854 4.7785 2.3952
endloop
endfacet
facet normal -0.769038 -0.101246 0.631133
outer loop
vertex 23.4825 4.1585 1.8819
vertex 23.5784 3.4296 1.8819
vertex 23.9854 3.5386 2.3952
endloop
endfacet
facet normal -0.769038 -0.101246 0.631133
outer loop
vertex 23.4825 4.1585 1.8819
vertex 23.9854 3.5386 2.3952
vertex 23.9037 4.1585 2.3952
endloop
endfacet
facet normal -0.716630 -0.296838 0.631133
outer loop
vertex 23.5784 3.4296 1.8819
vertex 23.8598 2.7503 1.8819
vertex 24.2246 2.9609 2.3952
endloop
endfacet
facet normal -0.716630 -0.296838 0.631133
outer loop
vertex 23.5784 3.4296 1.8819
vertex 24.2246 2.9609 2.3952
vertex 23.9854 3.5386 2.3952
endloop
endfacet
facet normal -0.615384 -0.472201 0.631133
outer loop
vertex 23.8598 2.7503 1.8819
vertex 24.3074 2.1670 1.8819
vertex 24.6053 2.4648 2.3952
endloop
endfacet
facet normal -0.615384 -0.472201 0.631133
outer loop
vertex 23.8598 2.7503 1.8819
vertex 24.6053 2.4648 2.3952
vertex 24.2246 2.9609 2.3952
endloop
endfacet
facet normal -0.472201 -0.615384 0.631133
outer loop
vertex 24.3074 2.1670 1.8819
vertex 24.8907 1.7194 1.8819
vertex 25.1014 2.0842 2.3952
endloop
endfacet
facet normal -0.472201 -0.615384 0.631133
outer loop
vertex 24.3074 2.1670 1.8819
vertex 25.1014 2.0842 2.3952
vertex 24.6053 2.4648 2.3952
endloop
endfacet
facet normal -0.296838 -0.716630 0.631133
outer loop
vertex 24.8907 1.7194 1.8819
vertex 25.5700 1.4380 1.8819
vertex 25.6791 1.8449 2.3952
endloop
endfacet
facet normal -0.296838 -0.716630 0.631133
outer loop
vertex 24.8907 1.7194 1.8819
vertex 25.6791 1.8449 2.3952
vertex 25.1014 2.0842 2.3952
endloop
endfacet
facet normal -0.101246 -0.769038 0.631133
outer loop
vertex 25.5700 1.4380 1.8819
vertex 26.2990 1.3420 1.8819
vertex 26.2990 1.7633 2.3952
endloop
endfacet
facet normal -0.101246 -0.769038 0.631133
outer loop
vertex 25.5700 1.4380 1.8819
vertex 26.2990 1.7633 2.3952
vertex 25.6791 1.8449 2.3952
endloop
endfacet
facet normal 0.101246 -0.769038 0.631133
outer loop
vertex 26.2990 1.3420 1.8819
vertex 27.0280 1.4380 1.8819
vertex 26.9189 1.8449 2.3952
endloop
endfacet
facet normal 0.101246 -0.769038 0.631133
outer loop
vertex 26.2990 1.3420 1.8819
vertex 26.9189 1.8449 2.3952
vertex 26.2990 1.7633 2.3952
endloop
endfacet
facet normal 0.296838 -0.716630 0.631133
outer loop
vertex 27.0280 1.4380 1.8819
vertex 27.7072 1.7194 1.8819
vertex 27.4966 2.0842 2.3952
endloop
endfacet
facet normal 0.296838 -0.716630 0.631133
outer loop
vertex 27.0280 1.4380 1.8819
vertex 27.4966 2.0842 2.3952
vertex 26.9189 1.8449 2.3952
endloop
endfacet
facet normal 0.472201 -0.615384 0.631133
outer loop
vertex 27.7072 1.7194 1.8819
vertex 28.2906 2.1670 1.8819
vertex 27.9927 2.4648 2.3952
endloop
endfacet
facet normal 0.472201 -0.615384 0.631133
outer loop
vertex 27.7072 1.7194 1.8819
vertex 27.9927 2.4648 2.3952
vertex 27.4966 2.0842 2.3952
endloop
endfacet
facet normal 0.615384 -0.472201 0.631133
outer loop
vertex 28.2906 2.1670 1.8819
vertex 28.7382 2.7503 1.8819
vertex 28.3733 2.9609 2.3952
endloop
endfacet
facet normal 0.615384 -0.472201 0.631133
outer loop
vertex 28.2906 2.1670 1.8819
vertex 28.3733 2.9609 2.3952
vertex 27.9927 2.4648 2.3952
endloop
endfacet
facet normal 0.716630 -0.296838 0.631133
outer loop
vertex 28.7382 2.7503 1.8819
vertex 29.0195 3.4296 1.8819
vertex 28.6126 3.5386 2.3952
endloop
endfacet
facet normal 0.716630 -0.296838 0.631133
outer loop
vertex 28.7382 2.7503 1.8819
vertex 28.6126 3.5386 2.3952
vertex 28.3733 2.9609 2.3952
endloop
endfacet
facet normal 0.769038 -0.101246 0.631133
outer loop
vertex 29.0195 3.4296 1.8819
vertex 29.1155 4.1585 1.8819
vertex 28.6942 4.1585 2.3952
endloop
endfacet
facet normal 0.769038 -0.101246 0.631133
outer loop
vertex 29.0195 3.4296 1.8819
vertex 28.6942 4.1585 2.3952
vertex 28.6126 3.5386 2.3952
endloop
endfacet
facet normal 0.632192 0.083230 0.770328
outer loop
vertex 28.6942 4.1585 2.3952
vertex 28.6126 4.7785 2.3952
vertex 28.1168 4.6456 2.8165
endloop
endfacet
facet normal 0.632192 0.083230 0.770328
outer loop
vertex 28.6942 4.1585 2.3952
vertex 28.1168 4.6456 2.8165
vertex 28.1809 4.1585 2.8165
endloop
endfacet
facet normal 0.589109 0.244017 0.770328
outer loop
vertex 28.6126 4.7785 2.3952
vertex 28.3733 5.3562 2.3952
vertex 27.9288 5.0995 2.8165
endloop
endfacet
facet normal 0.589109 0.244017 0.770328
outer loop
vertex 28.6126 4.7785 2.3952
vertex 27.9288 5.0995 2.8165
vertex 28.1168 4.6456 2.8165
endloop
endfacet
facet normal 0.505880 0.388175 0.770328
outer loop
vertex 28.3733 5.3562 2.3952
vertex 27.9927 5.8522 2.3952
vertex 27.6297 5.4893 2.8165
endloop
endfacet
facet normal 0.505880 0.388175 0.770328
outer loop
vertex 28.3733 5.3562 2.3952
vertex 27.6297 5.4893 2.8165
vertex 27.9288 5.0995 2.8165
endloop
endfacet
facet normal 0.388175 0.505880 0.770328
outer loop
vertex 27.9927 5.8522 2.3952
vertex 27.4966 6.2329 2.3952
vertex 27.2400 5.7883 2.8165
endloop
endfacet
facet normal 0.388175 0.505880 0.770328
outer loop
vertex 27.9927 5.8522 2.3952
vertex 27.2400 5.7883 2.8165
vertex 27.6297 5.4893 2.8165
endloop
endfacet
facet normal 0.244017 0.589109 0.770328
outer loop
vertex 27.4966 6.2329 2.3952
vertex 26.9189 6.4722 2.3952
vertex 26.7861 5.9763 2.8165
endloop
endfacet
facet normal 0.244017 0.589109 0.770328
outer loop
vertex 27.4966 6.2329 2.3952
vertex 26.7861 5.9763 2.8165
vertex 27.2400 5.7883 2.8165
endloop
endfacet
facet normal 0.083230 0.632192 0.770328
outer loop
vertex 26.9189 6.4722 2.3952
vertex 26.2990 6.5538 2.3952
vertex 26.2990 6.0405 2.8165
endloop
endfacet
facet normal 0.083230 0.632192 0.770328
outer loop
vertex 26.9189 6.4722 2.3952
vertex 26.2990 6.0405 2.8165
vertex 26.7861 5.9763 2.8165
endloop
endfacet
facet normal -0.083230 0.632192 0.770328
outer loop
vertex 26.2990 6.5538 2.3952
vertex 25.6791 6.4722 2.3952
vertex 25.8119 5.9763 2.8165
endloop
endfacet
facet normal -0.083230 0.632192 0.770328
outer loop
vertex 26.2990 6.5538 2.3952
vertex 25.8119 5.9763 2.8165
vertex 26.2990 6.0405 2.8165
endloop
endfacet
facet normal -0.244017 0.589109 0.770328
outer loop
vertex 25.6791 6.4722 2.3952
vertex 25.1014 6.2329 2.3952
vertex 25.3580 5.7883 2.8165
endloop
endfacet
facet normal -0.244017 0.589109 0.770328
outer loop
vertex 25.6791 6.4722 2.3952
vertex 25.3580 5.7883 2.8165
vertex 25.8119 5.9763 2.8165
endloop
endfacet
facet normal -0.388175 0.505880 0.770328
outer loop
vertex 25.1014 6.2329 2.3952
vertex 24.6053 5.8522 2.3952
vertex 24.9683 5.4893 2.8165
endloop
endfacet
facet normal -0.388175 0.505880 0.770328
outer loop
vertex 25.1014 6.2329 2.3952
vertex 24.9683 5.4893 2.8165
vertex 25.3580 5.7883 2.8165
endloop
endfacet
facet normal -0.505880 0.388175 0.770328
outer loop
vertex 24.6053 5.8522 2.3952
vertex 24.2246 5.3562 2.3952
vertex 24.6692 5.0995 2.8165
endloop
endfacet
facet normal -0.505880 0.388175 0.770328
outer loop
vertex 24.6053 5.8522 2.3952
vertex 24.6692 5.0995 2.8165
vertex 24.9683 5.4893 2.8165
endloop
endfacet
facet normal -0.589109 0.244017 0.770328
outer loop
vertex 24.2246 5.3562 2.3952
vertex 23.9854 4.7785 2.3952
vertex 24.4812 4.6456 2.8165
endloop
endfacet
facet normal -0.589109 0.244017 0.770328
outer loop
vertex 24.2246 5.3562 2.3952
vertex 24.4812 4.6456 2.8165
vertex 24.6692 5.0995 2.8165
endloop
endfacet
facet normal -0.632192 0.083230 0.770328
outer loop
vertex 23.9854 4.7785 2.3952
vertex 23.9037 4.1585 2.3952
vertex 24.4171 4.1585 2.8165
endloop
endfacet
facet normal -0.632192 0.083230 0.770328
outer loop
vertex 23.9854 4.7785 2.3952
vertex 24.4171 4.1585 2.8165
vertex 24.4812 4.6456 2.8165
endloop
endfacet
facet normal -0.632192 -0.083230 0.770328
outer loop
vertex 23.9037 4.1585 2.3952
vertex 23.9854 3.5386 2.3952
vertex 24.4812 3.6715 2.8165
endloop
endfacet
facet normal -0.632192 -0.083230 0.770328
outer loop
vertex 23.9037 4.1585 2.3952
vertex 24.4812 3.6715 2.8165
vertex 24.4171 4.1585 2.8165
endloop
endfacet
facet normal -0.589109 -0.244017 0.770328
outer loop
vertex 23.9854 3.5386 2.3952
vertex 24.2246 2.9609 2.3952
vertex 24.6692 3.2176 2.8165
endloop
endfacet
facet normal -0.589109 -0.244017 0.770328
outer loop
vertex 23.9854 3.5386 2.3952
vertex 24.6692 3.2176 2.8165
vertex 24.4812 3.6715 2.8165
endloop
endfacet
facet normal -0.505880 -0.388175 0.770328
outer loop
vertex 24.2246 2.9609 2.3952
vertex 24.6053 2.4648 2.3952
vertex 24.9683 2.8278 2.8165
endloop
endfacet
facet normal -0.505880 -0.388175 0.770328
outer loop
vertex 24.2246 2.9609 2.3952
vertex 24.9683 2.8278 2.8165
vertex 24.6692 3.2176 2.8165
endloop
endfacet
facet normal -0.388175 -0.505880 0.770328
outer loop
vertex 24.6053 2.4648 2.3952
vertex 25.1014 2.0842 2.3952
vertex 25.3580 2.5287 2.8165
endloop
endfacet
facet normal -0.388175 -0.505880 0.770328
outer loop
vertex 24.6053 2.4648 2.3952
vertex 25.3580 2.5287 2.8165
vertex 24.9683 2.8278 2.8165
endloop
endfacet
facet normal -0.244017 -0.589109 0.770328
outer loop
vertex 25.1014 2.0842 2.3952
vertex 25.6791 1.8449 2.3952
vertex 25.8119 2.3407 2.8165
endloop
endfacet
facet normal -0.244017 -0.589109 0.770328
outer loop
vertex 25.1014 2.0842 2.3952
vertex 25.8119 2.3407 2.8165
vertex 25.3580 2.5287 2.8165
endloop
endfacet
facet normal -0.083230 -0.632192 0.770328
outer loop
vertex 25.6791 1.8449 2.3952
vertex 26.2990 1.7633 2.3952
vertex 26.2990 2.2766 2.8165
endloop
endfacet
facet normal -0.083230 -0.632192 0.770328
outer loop
vertex 25.6791 1.8449 2.3952
vertex 26.2990 2.2766 2.8165
vertex 25.8119 2.3407 2.8165
endloop
endfacet
facet normal 0.083230 -0.632192 0.770328
outer loop
vertex 26.2990 1.7633 2.3952
vertex 26.9189 1.8449 2.3952
vertex 26.7861 2.3407 2.8165
endloop
endfacet
facet normal 0.083230 -0.632192 0.770328
outer loop
vertex 26.2990 1.7633 2.3952
vertex 26.7861 2.3407 2.8165
vertex 26.2990 2.2766 2.8165
endloop
endfacet
facet normal 0.244017 -0.589109 0.770328
outer loop
vertex 26.9189 1.8449 2.3952
vertex 27.4966 2.0842 2.3952
vertex 27.2400 2.5287 2.8165
endloop
endfacet
facet normal 0.244017 -0.589109 0.770328
outer loop
vertex 26.9189 1.8449 2.3952
vertex 27.2400 2.5287 2.8165
vertex 26.7861 2.3407 2.8165
endloop
endfacet
facet normal 0.388175 -0.505880 0.770328
outer loop
vertex 27.4966 2.0842 2.3952
vertex 27.9927 2.4648 2.3952
vertex 27.6297 2.8278 2.8165
endloop
endfacet
facet normal 0.388175 -0.505880 0.770328
outer loop
vertex 27.4966 2.0842 2.3952
vertex 27.6297 2.8278 2.8165
vertex 27.2400 2.5287 2.8165
endloop
endfacet
facet normal 0.505880 -0.388175 0.770328
outer loop
vertex 27.9927 2.4648 2.3952
vertex 28.3733 2.9609 2.3952
vertex 27.9288 3.2176 2.8165
endloop
endfacet
facet normal 0.505880 -0.388175 0.770328
outer loop
vertex 27.9927 2.4648 2.3952
vertex 27.9288 3.2176 2.8165
vertex 27.6297 2.8278 2.8165
endloop
endfacet
facet normal 0.589109 -0.244017 0.770328
outer loop
vertex 28.3733 2.9609 2.3952
vertex 28.6126 3.5386 2.3952
vertex 28.1168 3.6715 2.8165
endloop
endfacet
facet normal 0.589109 -0.244017 0.770328
outer loop
vertex 28.3733 2.9609 2.3952
vertex 28.1168 3.6715 2.8165
vertex 27.9288 3.2176 2.8165
endloop
endfacet
facet normal 0.632192 -0.083230 0.770328
outer loop
vertex 28.6126 3.5386 2.3952
vertex 28.6942 4.1585 2.3952
vertex 28.1809 4.1585 2.8165
endloop
endfacet
facet normal 0.632192 -0.083230 0.770328
outer loop
vertex 28.6126 3.5386 2.3952
vertex 28.1809 4.1585 2.8165
vertex 28.1168 3.6715 2.8165
endloop
endfacet
facet normal 0.470492 0.061941 0.880228
outer loop
vertex 28.1809 4.1585 2.8165
vertex 28.1168 4.6456 2.8165
vertex 27.5511 4.4940 3.1295
endloop
endfacet
facet normal 0.470492 0.061941 0.880228
outer loop
vertex 28.1809 4.1585 2.8165
vertex 27.5511 4.4940 3.1295
vertex 27.5953 4.1585 3.1295
endloop
endfacet
facet normal 0.438428 0.181603 0.880228
outer loop
vertex 28.1168 4.6456 2.8165
vertex 27.9288 5.0995 2.8165
vertex 27.4216 4.8067 3.1295
endloop
endfacet
facet normal 0.438428 0.181603 0.880228
outer loop
vertex 28.1168 4.6456 2.8165
vertex 27.4216 4.8067 3.1295
vertex 27.5511 4.4940 3.1295
endloop
endfacet
facet normal 0.376487 0.288889 0.880228
outer loop
vertex 27.9288 5.0995 2.8165
vertex 27.6297 5.4893 2.8165
vertex 27.2156 5.0752 3.1295
endloop
endfacet
facet normal 0.376487 0.288889 0.880228
outer loop
vertex 27.9288 5.0995 2.8165
vertex 27.2156 5.0752 3.1295
vertex 27.4216 4.8067 3.1295
endloop
endfacet
facet normal 0.288889 0.376487 0.880228
outer loop
vertex 27.6297 5.4893 2.8165
vertex 27.2400 5.7883 2.8165
vertex 26.9471 5.2812 3.1295
endloop
endfacet
facet normal 0.288889 0.376487 0.880228
outer loop
vertex 27.6297 5.4893 2.8165
vertex 26.9471 5.2812 3.1295
vertex 27.2156 5.0752 3.1295
endloop
endfacet
facet normal 0.181603 0.438428 0.880228
outer loop
vertex 27.2400 5.7883 2.8165
vertex 26.7861 5.9763 2.8165
vertex 26.6345 5.4107 3.1295
endloop
endfacet
facet normal 0.181603 0.438428 0.880228
outer loop
vertex 27.2400 5.7883 2.8165
vertex 26.6345 5.4107 3.1295
vertex 26.9471 5.2812 3.1295
endloop
endfacet
facet normal 0.061941 0.470492 0.880228
outer loop
vertex 26.7861 5.9763 2.8165
vertex 26.2990 6.0405 2.8165
vertex 26.2990 5.4548 3.1295
endloop
endfacet
facet normal 0.061941 0.470492 0.880228
outer loop
vertex 26.7861 5.9763 2.8165
vertex 26.2990 5.4548 3.1295
vertex 26.6345 5.4107 3.1295
endloop
endfacet
facet normal -0.061941 0.470492 0.880228
outer loop
vertex 26.2990 6.0405 2.8165
vertex 25.8119 5.9763 2.8165
vertex 25.9635 5.4107 3.1295
endloop
endfacet
facet normal -0.061941 0.470492 0.880228
outer loop
vertex 26.2990 6.0405 2.8165
vertex 25.9635 5.4107 3.1295
vertex 26.2990 5.4548 3.1295
endloop
endfacet
facet normal -0.181603 0.438428 0.880228
outer loop
vertex 25.8119 5.9763 2.8165
vertex 25.3580 5.7883 2.8165
vertex 25.6508 5.2812 3.1295
endloop
endfacet
facet normal -0.181603 0.438428 0.880228
outer loop
vertex 25.8119 5.9763 2.8165
vertex 25.6508 5.2812 3.1295
vertex 25.9635 5.4107 3.1295
endloop
endfacet
facet normal -0.288889 0.376487 0.880228
outer loop
vertex 25.3580 5.7883 2.8165
vertex 24.9683 5.4893 2.8165
vertex 25.3824 5.0752 3.1295
endloop
endfacet
facet normal -0.288889 0.376487 0.880228
outer loop
vertex 25.3580 5.7883 2.8165
vertex 25.3824 5.0752 3.1295
vertex 25.6508 5.2812 3.1295
endloop
endfacet
facet normal -0.376487 0.288889 0.880228
outer loop
vertex 24.9683 5.4893 2.8165
vertex 24.6692 5.0995 2.8165
vertex 25.1764 4.8067 3.1295
endloop
endfacet
facet normal -0.376487 0.288889 0.880228
outer loop
vertex 24.9683 5.4893 2.8165
vertex 25.1764 4.8067 3.1295
vertex 25.3824 5.0752 3.1295
endloop
endfacet
facet normal -0.438428 0.181603 0.880228
outer loop
vertex 24.6692 5.0995 2.8165
vertex 24.4812 4.6456 2.8165
vertex 25.0469 4.4940 3.1295
endloop
endfacet
facet normal -0.438428 0.181603 0.880228
outer loop
vertex 24.6692 5.0995 2.8165
vertex 25.0469 4.4940 3.1295
vertex 25.1764 4.8067 3.1295
endloop
endfacet
facet normal -0.470492 0.061941 0.880228
outer loop
vertex 24.4812 4.6456 2.8165
vertex 24.4171 4.1585 2.8165
vertex 25.0027 4.1585 3.1295
endloop
endfacet
facet normal -0.470492 0.061941 0.880228
outer loop
vertex 24.4812 4.6456 2.8165
vertex 25.0027 4.1585 3.1295
vertex 25.0469 4.4940 3.1295
endloop
endfacet
facet normal -0.470492 -0.061941 0.880228
outer loop
vertex 24.4171 4.1585 2.8165
vertex 24.4812 3.6715 2.8165
vertex 25.0469 3.8230 3.1295
endloop
endfacet
facet normal -0.470492 -0.061941 0.880228
outer loop
vertex 24.4171 4.1585 2.8165
vertex 25.0469 3.8230 3.1295
vertex 25.0027 4.1585 3.1295
endloop
endfacet
facet normal -0.438428 -0.181603 0.880228
outer loop
vertex 24.4812 3.6715 2.8165
vertex 24.6692 3.2176 2.8165
vertex 25.1764 3.5104 3.1295
endloop
endfacet
facet normal -0.438428 -0.181603 0.880228
outer loop
vertex 24.4812 3.6715 2.8165
vertex 25.1764 3.5104 3.1295
vertex 25.0469 3.8230 3.1295
endloop
endfacet
facet normal -0.376487 -0.288889 0.880228
outer loop
vertex 24.6692 3.2176 2.8165
vertex 24.9683 2.8278 2.8165
vertex 25.3824 3.2419 3.1295
endloop
endfacet
facet normal -0.376487 -0.288889 0.880228
outer loop
vertex 24.6692 3.2176 2.8165
vertex 25.3824 3.2419 3.1295
vertex 25.1764 3.5104 3.1295
endloop
endfacet
facet normal -0.288889 -0.376487 0.880228
outer loop
vertex 24.9683 2.8278 2.8165
vertex 25.3580 2.5287 2.8165
vertex 25.6508 3.0359 3.1295
endloop
endfacet
facet normal -0.288889 -0.376487 0.880228
outer loop
vertex 24.9683 2.8278 2.8165
vertex 25.6508 3.0359 3.1295
vertex 25.3824 3.2419 3.1295
endloop
endfacet
facet normal -0.181603 -0.438428 0.880228
outer loop
vertex 25.3580 2.5287 2.8165
vertex 25.8119 2.3407 2.8165
vertex 25.9635 2.9064 3.1295
endloop
endfacet
facet normal -0.181603 -0.438428 0.880228
outer loop
vertex 25.3580 2.5287 2.8165
vertex 25.9635 2.9064 3.1295
vertex 25.6508 3.0359 3.1295
endloop
endfacet
facet normal -0.061941 -0.470492 0.880228
outer loop
vertex 25.8119 2.3407 2.8165
vertex 26.2990 2.2766 2.8165
vertex 26.2990 2.8622 3.1295
endloop
endfacet
facet normal -0.061941 -0.470492 0.880228
outer loop
vertex 25.8119 2.3407 2.8165
vertex 26.2990 2.8622 3.1295
vertex 25.9635 2.9064 3.1295
endloop
endfacet
facet normal 0.061941 -0.470492 0.880228
outer loop
vertex 26.2990 2.2766 2.8165
vertex 26.7861 2.3407 2.8165
vertex 26.6345 2.9064 3.1295
endloop
endfacet
facet normal 0.061941 -0.470492 0.880228
outer loop
vertex 26.2990 2.2766 2.8165
vertex 26.6345 2.9064 3.1295
vertex 26.2990 2.8622 3.1295
endloop
endfacet
facet normal 0.181603 -0.438428 0.880228
outer loop
vertex 26.7861 2.3407 2.8165
vertex 27.2400 2.5287 2.8165
vertex 26.9471 3.0359 3.1295
endloop
endfacet
facet normal 0.181603 -0.438428 0.880228
outer loop
vertex 26.7861 2.3407 2.8165
vertex 26.9471 3.0359 3.1295
vertex 26.6345 2.9064 3.1295
endloop
endfacet
facet normal 0.288889 -0.376487 0.880228
outer loop
vertex 27.2400 2.5287 2.8165
vertex 27.6297 2.8278 2.8165
vertex 27.2156 3.2419 3.1295
endloop
endfacet
facet normal 0.288889 -0.376487 0.880228
outer loop
vertex 27.2400 2.5287 2.8165
vertex 27.2156 3.2419 3.1295
vertex 26.9471 3.0359 3.1295
endloop
endfacet
facet normal 0.376487 -0.288889 0.880228
outer loop
vertex 27.6297 2.8278 2.8165
vertex 27.9288 3.2176 2.8165
vertex 27.4216 3.5104 3.1295
endloop
endfacet
facet normal 0.376487 -0.288889 0.880228
outer loop
vertex 27.6297 2.8278 2.8165
vertex 27.4216 3.5104 3.1295
vertex 27.2156 3.2419 3.1295
endloop
endfacet
facet normal 0.438428 -0.181603 0.880228
outer loop
vertex 27.9288 3.2176 2.8165
vertex 28.1168 3.6715 2.8165
vertex 27.5511 3.8230 3.1295
endloop
endfacet
facet normal 0.438428 -0.181603 0.880228
outer loop
vertex 27.9288 3.2176 2.8165
vertex 27.5511 3.8230 3.1295
vertex 27.4216 3.5104 3.1295
endloop
endfacet
facet normal 0.470492 -0.061941 0.880228
outer loop
vertex 28.1168 3.6715 2.8165
vertex 28.1809 4.1585 2.8165
vertex 27.5953 4.1585 3.1295
endloop
endfacet
facet normal 0.470492 -0.061941 0.880228
outer loop
vertex 28.1168 3.6715 2.8165
vertex 27.5953 4.1585 3.1295
vertex 27.5511 3.8230 3.1295
endloop
endfacet
facet normal 0.290073 0.038189 0.956242
outer loop
vertex 27.5953 4.1585 3.1295
vertex 27.5511 4.4940 3.1295
vertex 26.9373 4.3296 3.3223
endloop
endfacet
facet normal 0.290073 0.038189 0.956242
outer loop
vertex 27.5953 4.1585 3.1295
vertex 26.9373 4.3296 3.3223
vertex 26.9598 4.1585 3.3223
endloop
endfacet
facet normal 0.270305 0.111964 0.956242
outer loop
vertex 27.5511 4.4940 3.1295
vertex 27.4216 4.8067 3.1295
vertex 26.8713 4.4890 3.3223
endloop
endfacet
facet normal 0.270305 0.111964 0.956242
outer loop
vertex 27.5511 4.4940 3.1295
vertex 26.8713 4.4890 3.3223
vertex 26.9373 4.3296 3.3223
endloop
endfacet
facet normal 0.232116 0.178109 0.956242
outer loop
vertex 27.4216 4.8067 3.1295
vertex 27.2156 5.0752 3.1295
vertex 26.7663 4.6258 3.3223
endloop
endfacet
facet normal 0.232116 0.178109 0.956242
outer loop
vertex 27.4216 4.8067 3.1295
vertex 26.7663 4.6258 3.3223
vertex 26.8713 4.4890 3.3223
endloop
endfacet
facet normal 0.178109 0.232116 0.956242
outer loop
vertex 27.2156 5.0752 3.1295
vertex 26.9471 5.2812 3.1295
vertex 26.6294 4.7308 3.3223
endloop
endfacet
facet normal 0.178109 0.232116 0.956242
outer loop
vertex 27.2156 5.0752 3.1295
vertex 26.6294 4.7308 3.3223
vertex 26.7663 4.6258 3.3223
endloop
endfacet
facet normal 0.111964 0.270305 0.956242
outer loop
vertex 26.9471 5.2812 3.1295
vertex 26.6345 5.4107 3.1295
vertex 26.4700 4.7969 3.3223
endloop
endfacet
facet normal 0.111964 0.270305 0.956242
outer loop
vertex 26.9471 5.2812 3.1295
vertex 26.4700 4.7969 3.3223
vertex 26.6294 4.7308 3.3223
endloop
endfacet
facet normal 0.038189 0.290073 0.956242
outer loop
vertex 26.6345 5.4107 3.1295
vertex 26.2990 5.4548 3.1295
vertex 26.2990 4.8194 3.3223
endloop
endfacet
facet normal 0.038189 0.290073 0.956242
outer loop
vertex 26.6345 5.4107 3.1295
vertex 26.2990 4.8194 3.3223
vertex 26.4700 4.7969 3.3223
endloop
endfacet
facet normal -0.038189 0.290073 0.956242
outer loop
vertex 26.2990 5.4548 3.1295
vertex 25.9635 5.4107 3.1295
vertex 26.1279 4.7969 3.3223
endloop
endfacet
facet normal -0.038189 0.290073 0.956242
outer loop
vertex 26.2990 5.4548 3.1295
vertex 26.1279 4.7969 3.3223
vertex 26.2990 4.8194 3.3223
endloop
endfacet
facet normal -0.111964 0.270305 0.956242
outer loop
vertex 25.9635 5.4107 3.1295
vertex 25.6508 5.2812 3.1295
vertex 25.9686 4.7308 3.3223
endloop
endfacet
facet normal -0.111964 0.270305 0.956242
outer loop
vertex 25.9635 5.4107 3.1295
vertex 25.9686 4.7308 3.3223
vertex 26.1279 4.7969 3.3223
endloop
endfacet
facet normal -0.178109 0.232116 0.956242
outer loop
vertex 25.6508 5.2812 3.1295
vertex 25.3824 5.0752 3.1295
vertex 25.8317 4.6258 3.3223
endloop
endfacet
facet normal -0.178109 0.232116 0.956242
outer loop
vertex 25.6508 5.2812 3.1295
vertex 25.8317 4.6258 3.3223
vertex 25.9686 4.7308 3.3223
endloop
endfacet
facet normal -0.232116 0.178109 0.956242
outer loop
vertex 25.3824 5.0752 3.1295
vertex 25.1764 4.8067 3.1295
vertex 25.7267 4.4890 3.3223
endloop
endfacet
facet normal -0.232116 0.178109 0.956242
outer loop
vertex 25.3824 5.0752 3.1295
vertex 25.7267 4.4890 3.3223
vertex 25.8317 4.6258 3.3223
endloop
endfacet
facet normal -0.270305 0.111964 0.956242
outer loop
vertex 25.1764 4.8067 3.1295
vertex 25.0469 4.4940 3.1295
vertex 25.6607 4.3296 3.3223
endloop
endfacet
facet normal -0.270305 0.111964 0.956242
outer loop
vertex 25.1764 4.8067 3.1295
vertex 25.6607 4.3296 3.3223
vertex 25.7267 4.4890 3.3223
endloop
endfacet
facet normal -0.290073 0.038189 0.956242
outer loop
vertex 25.0469 4.4940 3.1295
vertex 25.0027 4.1585 3.1295
vertex 25.6381 4.1585 3.3223
endloop
endfacet
facet normal -0.290073 0.038189 0.956242
outer loop
vertex 25.0469 4.4940 3.1295
vertex 25.6381 4.1585 3.3223
vertex 25.6607 4.3296 3.3223
endloop
endfacet
facet normal -0.290073 -0.038189 0.956242
outer loop
vertex 25.0027 4.1585 3.1295
vertex 25.0469 3.8230 3.1295
vertex 25.6607 3.9875 3.3223
endloop
endfacet
facet normal -0.290073 -0.038189 0.956242
outer loop
vertex 25.0027 4.1585 3.1295
vertex 25.6607 3.9875 3.3223
vertex 25.6381 4.1585 3.3223
endloop
endfacet
facet normal -0.270305 -0.111964 0.956242
outer loop
vertex 25.0469 3.8230 3.1295
vertex 25.1764 3.5104 3.1295
vertex 25.7267 3.8281 3.3223
endloop
endfacet
facet normal -0.270305 -0.111964 0.956242
outer loop
vertex 25.0469 3.8230 3.1295
vertex 25.7267 3.8281 3.3223
vertex 25.6607 3.9875 3.3223
endloop
endfacet
facet normal -0.232116 -0.178109 0.956242
outer loop
vertex 25.1764 3.5104 3.1295
vertex 25.3824 3.2419 3.1295
vertex 25.8317 3.6912 3.3223
endloop
endfacet
facet normal -0.232116 -0.178109 0.956242
outer loop
vertex 25.1764 3.5104 3.1295
vertex 25.8317 3.6912 3.3223
vertex 25.7267 3.8281 3.3223
endloop
endfacet
facet normal -0.178109 -0.232116 0.956242
outer loop
vertex 25.3824 3.2419 3.1295
vertex 25.6508 3.0359 3.1295
vertex 25.9686 3.5862 3.3223
endloop
endfacet
facet normal -0.178109 -0.232116 0.956242
outer loop
vertex 25.3824 3.2419 3.1295
vertex 25.9686 3.5862 3.3223
vertex 25.8317 3.6912 3.3223
endloop
endfacet
facet normal -0.111964 -0.270305 0.956242
outer loop
vertex 25.6508 3.0359 3.1295
vertex 25.9635 2.9064 3.1295
vertex 26.1279 3.5202 3.3223
endloop
endfacet
facet normal -0.111964 -0.270305 0.956242
outer loop
vertex 25.6508 3.0359 3.1295
vertex 26.1279 3.5202 3.3223
vertex 25.9686 3.5862 3.3223
endloop
endfacet
facet normal -0.038189 -0.290073 0.956242
outer loop
vertex 25.9635 2.9064 3.1295
vertex 26.2990 2.8622 3.1295
vertex 26.2990 3.4977 3.3223
endloop
endfacet
facet normal -0.038189 -0.290073 0.956242
outer loop
vertex 25.9635 2.9064 3.1295
vertex 26.2990 3.4977 3.3223
vertex 26.1279 3.5202 3.3223
endloop
endfacet
facet normal 0.038189 -0.290073 0.956242
outer loop
vertex 26.2990 2.8622 3.1295
vertex 26.6345 2.9064 3.1295
vertex 26.4700 3.5202 3.3223
endloop
endfacet
facet normal 0.038189 -0.290073 0.956242
outer loop
vertex 26.2990 2.8622 3.1295
vertex 26.4700 3.5202 3.3223
vertex 26.2990 3.4977 3.3223
endloop
endfacet
facet normal 0.111964 -0.270305 0.956242
outer loop
vertex 26.6345 2.9064 3.1295
vertex 26.9471 3.0359 3.1295
vertex 26.6294 3.5862 3.3223
endloop
endfacet
facet normal 0.111964 -0.270305 0.956242
outer loop
vertex 26.6345 2.9064 3.1295
vertex 26.6294 3.5862 3.3223
vertex 26.4700 3.5202 3.3223
endloop
endfacet
facet normal 0.178109 -0.232116 0.956242
outer loop
vertex 26.9471 3.0359 3.1295
vertex 27.2156 3.2419 3.1295
vertex 26.7663 3.6912 3.3223
endloop
endfacet
facet normal 0.178109 -0.232116 0.956242
outer loop
vertex 26.9471 3.0359 3.1295
vertex 26.7663 3.6912 3.3223
vertex 26.6294 3.5862 3.3223
endloop
endfacet
facet normal 0.232116 -0.178109 0.956242
outer loop
vertex 27.2156 3.2419 3.1295
vertex 27.4216 3.5104 3.1295
vertex 26.8713 3.8281 3.3223
endloop
endfacet
facet normal 0.232116 -0.178109 0.956242
outer loop
vertex 27.2156 3.2419 3.1295
vertex 26.8713 3.8281 3.3223
vertex 26.7663 3.6912 3.3223
endloop
endfacet
facet normal 0.270305 -0.111964 0.956242
outer loop
vertex 27.4216 3.5104 3.1295
vertex 27.5511 3.8230 3.1295
vertex 26.9373 3.9875 3.3223
endloop
endfacet
facet normal 0.270305 -0.111964 0.956242
outer loop
vertex 27.4216 3.5104 3.1295
vertex 26.9373 3.9875 3.3223
vertex 26.8713 3.8281 3.3223
endloop
endfacet
facet normal 0.290073 -0.038189 0.956242
outer loop
vertex 27.5511 3.8230 3.1295
vertex 27.5953 4.1585 3.1295
vertex 26.9598 4.1585 3.3223
endloop
endfacet
facet normal 0.290073 -0.038189 0.956242
outer loop
vertex 27.5511 3.8230 3.1295
vertex 26.9598 4.1585 3.3223
vertex 26.9373 3.9875 3.3223
endloop
endfacet
facet normal 0.098009 0.012903 0.995102
outer loop
vertex 26.9598 4.1585 3.3223
vertex 26.9373 4.3296 3.3223
vertex 26.2990 4.1585 3.3874
endloop
endfacet
facet normal 0.091330 0.037830 0.995102
outer loop
vertex 26.9373 4.3296 3.3223
vertex 26.8713 4.4890 3.3223
vertex 26.2990 4.1585 3.3874
endloop
endfacet
facet normal 0.078427 0.060179 0.995102
outer loop
vertex 26.8713 4.4890 3.3223
vertex 26.7663 4.6258 3.3223
vertex 26.2990 4.1585 3.3874
endloop
endfacet
facet normal 0.060179 0.078427 0.995102
outer loop
vertex 26.7663 4.6258 3.3223
vertex 26.6294 4.7308 3.3223
vertex 26.2990 4.1585 3.3874
endloop
endfacet
facet normal 0.037830 0.091330 0.995102
outer loop
vertex 26.6294 4.7308 3.3223
vertex 26.4700 4.7969 3.3223
vertex 26.2990 4.1585 3.3874
endloop
endfacet
facet normal 0.012903 0.098009 0.995102
outer loop
vertex 26.4700 4.7969 3.3223
vertex 26.2990 4.8194 3.3223
vertex 26.2990 4.1585 3.3874
endloop
endfacet
facet normal -0.012903 0.098009 0.995102
outer loop
vertex 26.2990 4.8194 3.3223
vertex 26.1279 4.7969 3.3223
vertex 26.2990 4.1585 3.3874
endloop
endfacet
facet normal -0.037830 0.091330 0.995102
outer loop
vertex 26.1279 4.7969 3.3223
vertex 25.9686 4.7308 3.3223
vertex 26.2990 4.1585 3.3874
endloop
endfacet
facet normal -0.060179 0.078427 0.995102
outer loop
vertex 25.9686 4.7308 3.3223
vertex 25.8317 4.6258 3.3223
vertex 26.2990 4.1585 3.3874
endloop
endfacet
facet normal -0.078427 0.060179 0.995102
outer loop
vertex 25.8317 4.6258 3.3223
vertex 25.7267 4.4890 3.3223
vertex 26.2990 4.1585 3.3874
endloop
endfacet
facet normal -0.091330 0.037830 0.995102
outer loop
vertex 25.7267 4.4890 3.3223
vertex 25.6607 4.3296 3.3223
vertex 26.2990 4.1585 3.3874
endloop
endfacet
facet normal -0.098009 0.012903 0.995102
outer loop
vertex 25.6607 4.3296 3.3223
vertex 25.6381 4.1585 3.3223
vertex 26.2990 4.1585 3.3874
endloop
endfacet
facet normal -0.098009 -0.012903 0.995102
outer loop
vertex 25.6381 4.1585 3.3223
vertex 25.6607 3.9875 3.3223
vertex 26.2990 4.1585 3.3874
endloop
endfacet
facet normal -0.091330 -0.037830 0.995102
outer loop
vertex 25.6607 3.9875 3.3223
vertex 25.7267 3.8281 3.3223
vertex 26.2990 4.1585 3.3874
endloop
endfacet
facet normal -0.078427 -0.060179 0.995102
outer loop
vertex 25.7267 3.8281 3.3223
vertex 25.8317 3.6912 3.3223
vertex 26.2990 4.1585 3.3874
endloop
endfacet
facet normal -0.060179 -0.078427 0.995102
outer loop
vertex 25.8317 3.6912 3.3223
vertex 25.9686 3.5862 3.3223
vertex 26.2990 4.1585 3.3874
endloop
endfacet
facet normal -0.037830 -0.091330 0.995102
outer loop
vertex 25.9686 3.5862 3.3223
vertex 26.1279 3.5202 3.3223
vertex 26.2990 4.1585 3.3874
endloop
endfacet
facet normal -0.012903 -0.098009 0.995102
outer loop
vertex 26.1279 3.5202 3.3223
vertex 26.2990 3.4977 3.3223
vertex 26.2990 4.1585 3.3874
endloop
endfacet
facet normal 0.012903 -0.098009 0.995102
outer loop
vertex 26.2990 3.4977 3.3223
vertex 26.4700 3.5202 3.3223
vertex 26.2990 4.1585 3.3874
endloop
endfacet
facet normal 0.037830 -0.091330 0.995102
outer loop
vertex 26.4700 3.5202 3.3223
vertex 26.6294 3.5862 3.3223
vertex 26.2990 4.1585 3.3874
endloop
endfacet
facet normal 0.060179 -0.078427 0.995102
outer loop
vertex 26.6294 3.5862 3.3223
vertex 26.7663 3.6912 3.3223
vertex 26.2990 4.1585 3.3874
endloop
endfacet
facet normal 0.078427 -0.060179 0.995102
outer loop
vertex 26.7663 3.6912 3.3223
vertex 26.8713 3.8281 3.3223
vertex 26.2990 4.1585 3.3874
endloop
endfacet
facet normal 0.091330 -0.037830 0.995102
outer loop
vertex 26.8713 3.8281 3.3223
vertex 26.9373 3.9875 3.3223
vertex 26.2990 4.1585 3.3874
endloop
endfacet
facet normal 0.098009 -0.012903 0.995102
outer loop
vertex 26.9373 3.9875 3.3223
vertex 26.9598 4.1585 3.3223
vertex 26.2990 4.1585 3.3874
endloop
endfacet
facet normal 0.991445 0.130526 0.000000
outer loop
vertex -13.4771 36.7980 0.0000
vertex -13.5324 37.2180 0.0000
vertex -13.5324 37.2180 15.7801
endloop
endfacet
facet normal 0.991445 0.130526 -0.000000
outer loop
vertex -13.4771 36.7980 0.0000
vertex -13.5324 37.2180 15.7801
vertex -13.4771 36.7980 15.7801
endloop
endfacet
facet normal 0.000000 0.000000 1.000000
outer loop
vertex -15.0998 36.7980 15.7801
vertex -13.4771 36.7980 15.7801
vertex -13.5324 37.2180 15.7801
endloop
endfacet
facet normal 0.000000 0.000000 -1.000000
outer loop
vertex -15.0998 36.7980 0.0000
vertex -13.5324 37.2180 0.0000
vertex -13.4771 36.7980 0.0000
endloop
endfacet
facet normal 0.923880 0.382683 0.000000
outer loop
vertex -13.5324 37.2180 0.0000
vertex -13.6945 37.6094 0.0000
vertex -13.6945 37.6094 15.7801
endloop
endfacet
facet normal 0.923880 0.382683 -0.000000
outer loop
vertex -13.5324 37.2180 0.0000
vertex -13.6945 37.6094 15.7801
vertex -13.5324 37.2180 15.7801
endloop
endfacet
facet normal 0.000000 0.000000 1.000000
outer loop
vertex -15.0998 36.7980 15.7801
vertex -13.5324 37.2180 15.7801
vertex -13.6945 37.6094 15.7801
endloop
endfacet
facet normal 0.000000 0.000000 -1.000000
outer loop
vertex -15.0998 36.7980 0.0000
vertex -13.6945 37.6094 0.0000
vertex -13.5324 37.2180 0.0000
endloop
endfacet
facet normal 0.793353 0.608761 0.000000
outer loop
vertex -13.6945 37.6094 0.0000
vertex -13.9524 37.9455 0.0000
vertex -13.9524 37.9455 15.7801
endloop
endfacet
facet normal 0.793353 0.608761 -0.000000
outer loop
vertex -13.6945 37.6094 0.0000
vertex -13.9524 37.9455 15.7801
vertex -13.6945 37.6094 15.7801
endloop
endfacet
facet normal 0.000000 0.000000 1.000000
outer loop
vertex -15.0998 36.7980 15.7801
vertex -13.6945 37.6094 15.7801
vertex -13.9524 37.9455 15.7801
endloop
endfacet
facet normal 0.000000 0.000000 -1.000000
outer loop
vertex -15.0998 36.7980 0.0000
vertex -13.9524 37.9455 0.0000
vertex -13.6945 37.6094 0.0000
endloop
endfacet
facet normal 0.608761 0.793353 0.000000
outer loop
vertex -13.9524 37.9455 0.0000
vertex -14.2885 38.2034 0.0000
vertex -14.2885 38.2034 15.7801
endloop
endfacet
facet normal 0.608761 0.793353 -0.000000
outer loop
vertex -13.9524 37.9455 0.0000
vertex -14.2885 38.2034 15.7801
vertex -13.9524 37.9455 15.7801
endloop
endfacet
facet normal 0.000000 0.000000 1.000000
outer loop
vertex -15.0998 36.7980 15.7801
vertex -13.9524 37.9455 15.7801
vertex -14.2885 38.2034 15.7801
endloop
endfacet
facet normal 0.000000 0.000000 -1.000000
outer loop
vertex -15.0998 36.7980 0.0000
vertex -14.2885 38.2034 0.0000
vertex -13.9524 37.9455 0.0000
endloop
endfacet
facet normal 0.382683 0.923880 0.000000
outer loop
vertex -14.2885 38.2034 0.0000
vertex -14.6798 38.3655 0.0000
vertex -14.6798 38.3655 15.7801
endloop
endfacet
facet normal 0.382683 0.923880 -0.000000
outer loop
vertex -14.2885 38.2034 0.0000
vertex -14.6798 38.3655 15.7801
vertex -14.2885 38.2034 15.7801
endloop
endfacet
facet normal 0.000000 0.000000 1.000000
outer loop
vertex -15.0998 36.7980 15.7801
vertex -14.2885 38.2034 15.7801
vertex -14.6798 38.3655 15.7801
endloop
endfacet
facet normal 0.000000 0.000000 -1.000000
outer loop
vertex -15.0998 36.7980 0.0000
vertex -14.6798 38.3655 0.0000
vertex -14.2885 38.2034 0.0000
endloop
endfacet
facet normal 0.130526 0.991445 0.000000
outer loop
vertex -14.6798 38.3655 0.0000
vertex -15.0998 38.4208 0.0000
vertex -15.0998 38.4208 15.7801
endloop
endfacet
facet normal 0.130526 0.991445 -0.000000
outer loop
vertex -14.6798 38.3655 0.0000
vertex -15.0998 38.4208 15.7801
vertex -14.6798 38.3655 15.7801
endloop
endfacet
facet normal 0.000000 0.000000 1.000000
outer loop
vertex -15.0998 36.7980 15.7801
vertex -14.6798 38.3655 15.7801
vertex -15.0998 38.4208 15.7801
endloop
endfacet
facet normal 0.000000 0.000000 -1.000000
outer loop
vertex -15.0998 36.7980 0.0000
vertex -15.0998 38.4208 0.0000
vertex -14.6798 38.3655 0.0000
endloop
endfacet
facet normal -0.130526 0.991445 0.000000
outer loop
vertex -15.0998 38.4208 0.0000
vertex -15.5198 38.3655 0.0000
vertex -15.5198 38.3655 15.7801
endloop
endfacet
facet normal -0.130526 0.991445 0.000000
outer loop
vertex -15.0998 38.4208 0.0000
vertex -15.5198 38.3655 15.7801
vertex -15.0998 38.4208 15.7801
endloop
endfacet
facet normal 0.000000 -0.000000 1.000000
outer loop
vertex -15.0998 36.7980 15.7801
vertex -15.0998 38.4208 15.7801
vertex -15.5198 38.3655 15.7801
endloop
endfacet
facet normal 0.000000 0.000000 -1.000000
outer loop
vertex -15.0998 36.7980 0.0000
vertex -15.5198 38.3655 0.0000
vertex -15.0998 38.4208 0.0000
endloop
endfacet
facet normal -0.382683 0.923880 0.000000
outer loop
vertex -15.5198 38.3655 0.0000
vertex -15.9112 38.2034 0.0000
vertex -15.9112 38.2034 15.7801
endloop
endfacet
facet normal -0.382683 0.923880 0.000000
outer loop
vertex -15.5198 38.3655 0.0000
vertex -15.9112 38.2034 15.7801
vertex -15.5198 38.3655 15.7801
endloop
endfacet
facet normal 0.000000 0.000000 1.000000
outer loop
vertex -15.0998 36.7980 15.7801
vertex -15.5198 38.3655 15.7801
vertex -15.9112 38.2034 15.7801
endloop
endfacet
facet normal 0.000000 0.000000 -1.000000
outer loop
vertex -15.0998 36.7980 0.0000
vertex -15.9112 38.2034 0.0000
vertex -15.5198 38.3655 0.0000
endloop
endfacet
facet normal -0.608761 0.793353 0.000000
outer loop
vertex -15.9112 38.2034 0.0000
vertex -16.2473 37.9455 0.0000
vertex -16.2473 37.9455 15.7801
endloop
endfacet
facet normal -0.608761 0.793353 0.000000
outer loop
vertex -15.9112 38.2034 0.0000
vertex -16.2473 37.9455 15.7801
vertex -15.9112 38.2034 15.7801
endloop
endfacet
facet normal 0.000000 0.000000 1.000000
outer loop
vertex -15.0998 36.7980 15.7801
vertex -15.9112 38.2034 15.7801
vertex -16.2473 37.9455 15.7801
endloop
endfacet
facet normal 0.000000 0.000000 -1.000000
outer loop
vertex -15.0998 36.7980 0.0000
vertex -16.2473 37.9455 0.0000
vertex -15.9112 38.2034 0.0000
endloop
endfacet
facet normal -0.793353 0.608761 0.000000
outer loop
vertex -16.2473 37.9455 0.0000
vertex -16.5052 37.6094 0.0000
vertex -16.5052 37.6094 15.7801
endloop
endfacet
facet normal -0.793353 0.608761 0.000000
outer loop
vertex -16.2473 37.9455 0.0000
vertex -16.5052 37.6094 15.7801
vertex -16.2473 37.9455 15.7801
endloop
endfacet
facet normal 0.000000 0.000000 1.000000
outer loop
vertex -15.0998 36.7980 15.7801
vertex -16.2473 37.9455 15.7801
vertex -16.5052 37.6094 15.7801
endloop
endfacet
facet normal 0.000000 0.000000 -1.000000
outer loop
vertex -15.0998 36.7980 0.0000
vertex -16.5052 37.6094 0.0000
vertex -16.2473 37.9455 0.0000
endloop
endfacet
facet normal -0.923880 0.382683 0.000000
outer loop
vertex -16.5052 37.6094 0.0000
vertex -16.6673 37.2180 0.0000
vertex -16.6673 37.2180 15.7801
endloop
endfacet
facet normal -0.923880 0.382683 0.000000
outer loop
vertex -16.5052 37.6094 0.0000
vertex -16.6673 37.2180 15.7801
vertex -16.5052 37.6094 15.7801
endloop
endfacet
facet normal 0.000000 0.000000 1.000000
outer loop
vertex -15.0998 36.7980 15.7801
vertex -16.5052 37.6094 15.7801
vertex -16.6673 37.2180 15.7801
endloop
endfacet
facet normal 0.000000 0.000000 -1.000000
outer loop
vertex -15.0998 36.7980 0.0000
vertex -16.6673 37.2180 0.0000
vertex -16.5052 37.6094 0.0000
endloop
endfacet
facet normal -0.991445 0.130526 0.000000
outer loop
vertex -16.6673 37.2180 0.0000
vertex -16.7226 36.7980 0.0000
vertex -16.7226 36.7980 15.7801
endloop
endfacet
facet normal -0.991445 0.130526 0.000000
outer loop
vertex -16.6673 37.2180 0.0000
vertex -16.7226 36.7980 15.7801
vertex -16.6673 37.2180 15.7801
endloop
endfacet
facet normal 0.000000 0.000000 1.000000
outer loop
vertex -15.0998 36.7980 15.7801
vertex -16.6673 37.2180 15.7801
vertex -16.7226 36.7980 15.7801
endloop
endfacet
facet normal 0.000000 0.000000 -1.000000
outer loop
vertex -15.0998 36.7980 0.0000
vertex -16.7226 36.7980 0.0000
vertex -16.6673 37.2180 0.0000
endloop
endfacet
facet normal -0.991445 -0.130526 0.000000
outer loop
vertex -16.7226 36.7980 0.0000
vertex -16.6673 36.3780 0.0000
vertex -16.6673 36.3780 15.7801
endloop
endfacet
facet normal -0.991445 -0.130526 0.000000
outer loop
vertex -16.7226 36.7980 0.0000
vertex -16.6673 36.3780 15.7801
vertex -16.7226 36.7980 15.7801
endloop
endfacet
facet normal 0.000000 0.000000 1.000000
outer loop
vertex -15.0998 36.7980 15.7801
vertex -16.7226 36.7980 15.7801
vertex -16.6673 36.3780 15.7801
endloop
endfacet
facet normal -0.000000 0.000000 -1.000000
outer loop
vertex -15.0998 36.7980 0.0000
vertex -16.6673 36.3780 0.0000
vertex -16.7226 36.7980 0.0000
endloop
endfacet
facet normal -0.923880 -0.382683 0.000000
outer loop
vertex -16.6673 36.3780 0.0000
vertex -16.5052 35.9867 0.0000
vertex -16.5052 35.9867 15.7801
endloop
endfacet
facet normal -0.923880 -0.382683 0.000000
outer loop
vertex -16.6673 36.3780 0.0000
vertex -16.5052 35.9867 15.7801
vertex -16.6673 36.3780 15.7801
endloop
endfacet
facet normal 0.000000 0.000000 1.000000
outer loop
vertex -15.0998 36.7980 15.7801
vertex -16.6673 36.3780 15.7801
vertex -16.5052 35.9867 15.7801
endloop
endfacet
facet normal 0.000000 0.000000 -1.000000
outer loop
vertex -15.0998 36.7980 0.0000
vertex -16.5052 35.9867 0.0000
vertex -16.6673 36.3780 0.0000
endloop
endfacet
facet normal -0.793353 -0.608761 0.000000
outer loop
vertex -16.5052 35.9867 0.0000
vertex -16.2473 35.6506 0.0000
vertex -16.2473 35.6506 15.7801
endloop
endfacet
facet normal -0.793353 -0.608761 0.000000
outer loop
vertex -16.5052 35.9867 0.0000
vertex -16.2473 35.6506 15.7801
vertex -16.5052 35.9867 15.7801
endloop
endfacet
facet normal 0.000000 0.000000 1.000000
outer loop
vertex -15.0998 36.7980 15.7801
vertex -16.5052 35.9867 15.7801
vertex -16.2473 35.6506 15.7801
endloop
endfacet
facet normal 0.000000 0.000000 -1.000000
outer loop
vertex -15.0998 36.7980 0.0000
vertex -16.2473 35.6506 0.0000
vertex -16.5052 35.9867 0.0000
endloop
endfacet
facet normal -0.608761 -0.793353 0.000000
outer loop
vertex -16.2473 35.6506 0.0000
vertex -15.9112 35.3927 0.0000
vertex -15.9112 35.3927 15.7801
endloop
endfacet
facet normal -0.608761 -0.793353 0.000000
outer loop
vertex -16.2473 35.6506 0.0000
vertex -15.9112 35.3927 15.7801
vertex -16.2473 35.6506 15.7801
endloop
endfacet
facet normal 0.000000 0.000000 1.000000
outer loop
vertex -15.0998 36.7980 15.7801
vertex -16.2473 35.6506 15.7801
vertex -15.9112 35.3927 15.7801
endloop
endfacet
facet normal 0.000000 0.000000 -1.000000
outer loop
vertex -15.0998 36.7980 0.0000
vertex -15.9112 35.3927 0.0000
vertex -16.2473 35.6506 0.0000
endloop
endfacet
facet normal -0.382683 -0.923880 0.000000
outer loop
vertex -15.9112 35.3927 0.0000
vertex -15.5198 35.2306 0.0000
vertex -15.5198 35.2306 15.7801
endloop
endfacet
facet normal -0.382683 -0.923880 0.000000
outer loop
vertex -15.9112 35.3927 0.0000
vertex -15.5198 35.2306 15.7801
vertex -15.9112 35.3927 15.7801
endloop
endfacet
facet normal 0.000000 0.000000 1.000000
outer loop
vertex -15.0998 36.7980 15.7801
vertex -15.9112 35.3927 15.7801
vertex -15.5198 35.2306 15.7801
endloop
endfacet
facet normal 0.000000 0.000000 -1.000000
outer loop
vertex -15.0998 36.7980 0.0000
vertex -15.5198 35.2306 0.0000
vertex -15.9112 35.3927 0.0000
endloop
endfacet
facet normal -0.130526 -0.991445 0.000000
outer loop
vertex -15.5198 35.2306 0.0000
vertex -15.0998 35.1753 0.0000
vertex -15.0998 35.1753 15.7801
endloop
endfacet
facet normal -0.130526 -0.991445 0.000000
outer loop
vertex -15.5198 35.2306 0.0000
vertex -15.0998 35.1753 15.7801
vertex -15.5198 35.2306 15.7801
endloop
endfacet
facet normal 0.000000 0.000000 1.000000
outer loop
vertex -15.0998 36.7980 15.7801
vertex -15.5198 35.2306 15.7801
vertex -15.0998 35.1753 15.7801
endloop
endfacet
facet normal 0.000000 -0.000000 -1.000000
outer loop
vertex -15.0998 36.7980 0.0000
vertex -15.0998 35.1753 0.0000
vertex -15.5198 35.2306 0.0000
endloop
endfacet
facet normal 0.130526 -0.991445 0.000000
outer loop
vertex -15.0998 35.1753 0.0000
vertex -14.6798 35.2306 0.0000
vertex -14.6798 35.2306 15.7801
endloop
endfacet
facet normal 0.130526 -0.991445 0.000000
outer loop
vertex -15.0998 35.1753 0.0000
vertex -14.6798 35.2306 15.7801
vertex -15.0998 35.1753 15.7801
endloop
endfacet
facet normal 0.000000 0.000000 1.000000
outer loop
vertex -15.0998 36.7980 15.7801
vertex -15.0998 35.1753 15.7801
vertex -14.6798 35.2306 15.7801
endloop
endfacet
facet normal 0.000000 0.000000 -1.000000
outer loop
vertex -15.0998 36.7980 0.0000
vertex -14.6798 35.2306 0.0000
vertex -15.0998 35.1753 0.0000
endloop
endfacet
facet normal 0.382683 -0.923880 0.000000
outer loop
vertex -14.6798 35.2306 0.0000
vertex -14.2885 35.3927 0.0000
vertex -14.2885 35.3927 15.7801
endloop
endfacet
facet normal 0.382683 -0.923880 0.000000
outer loop
vertex -14.6798 35.2306 0.0000
vertex -14.2885 35.3927 15.7801
vertex -14.6798 35.2306 15.7801
endloop
endfacet
facet normal 0.000000 0.000000 1.000000
outer loop
vertex -15.0998 36.7980 15.7801
vertex -14.6798 35.2306 15.7801
vertex -14.2885 35.3927 15.7801
endloop
endfacet
facet normal 0.000000 0.000000 -1.000000
outer loop
vertex -15.0998 36.7980 0.0000
vertex -14.2885 35.3927 0.0000
vertex -14.6798 35.2306 0.0000
endloop
endfacet
facet normal 0.608761 -0.793353 0.000000
outer loop
vertex -14.2885 35.3927 0.0000
vertex -13.9524 35.6506 0.0000
vertex -13.9524 35.6506 15.7801
endloop
endfacet
facet normal 0.608761 -0.793353 0.000000
outer loop
vertex -14.2885 35.3927 0.0000
vertex -13.9524 35.6506 15.7801
vertex -14.2885 35.3927 15.7801
endloop
endfacet
facet normal 0.000000 0.000000 1.000000
outer loop
vertex -15.0998 36.7980 15.7801
vertex -14.2885 35.3927 15.7801
vertex -13.9524 35.6506 15.7801
endloop
endfacet
facet normal 0.000000 0.000000 -1.000000
outer loop
vertex -15.0998 36.7980 0.0000
vertex -13.9524 35.6506 0.0000
vertex -14.2885 35.3927 0.0000
endloop
endfacet
facet normal 0.793353 -0.608761 0.000000
outer loop
vertex -13.9524 35.6506 0.0000
vertex -13.6945 35.9867 0.0000
vertex -13.6945 35.9867 15.7801
endloop
endfacet
facet normal 0.793353 -0.608761 0.000000
outer loop
vertex -13.9524 35.6506 0.0000
vertex -13.6945 35.9867 15.7801
vertex -13.9524 35.6506 15.7801
endloop
endfacet
facet normal 0.000000 0.000000 1.000000
outer loop
vertex -15.0998 36.7980 15.7801
vertex -13.9524 35.6506 15.7801
vertex -13.6945 35.9867 15.7801
endloop
endfacet
facet normal 0.000000 0.000000 -1.000000
outer loop
vertex -15.0998 36.7980 0.0000
vertex -13.6945 35.9867 0.0000
vertex -13.9524 35.6506 0.0000
endloop
endfacet
facet normal 0.923880 -0.382683 0.000000
outer loop
vertex -13.6945 35.9867 0.0000
vertex -13.5324 36.3780 0.0000
vertex -13.5324 36.3780 15.7801
endloop
endfacet
facet normal 0.923880 -0.382683 0.000000
outer loop
vertex -13.6945 35.9867 0.0000
vertex -13.5324 36.3780 15.7801
vertex -13.6945 35.9867 15.7801
endloop
endfacet
facet normal 0.000000 0.000000 1.000000
outer loop
vertex -15.0998 36.7980 15.7801
vertex -13.6945 35.9867 15.7801
vertex -13.5324 36.3780 15.7801
endloop
endfacet
facet normal 0.000000 0.000000 -1.000000
outer loop
vertex -15.0998 36.7980 0.0000
vertex -13.5324 36.3780 0.0000
vertex -13.6945 35.9867 0.0000
endloop
endfacet
facet normal 0.991445 -0.130526 0.000000
outer loop
vertex -13.5324 36.3780 0.0000
vertex -13.4771 36.7980 0.0000
vertex -13.4771 36.7980 15.7801
endloop
endfacet
facet normal 0.991445 -0.130526 0.000000
outer loop
vertex -13.5324 36.3780 0.0000
vertex -13.4771 36.7980 15.7801
vertex -13.5324 36.3780 15.7801
endloop
endfacet
facet normal -0.000000 0.000000 1.000000
outer loop
vertex -15.0998 36.7980 15.7801
vertex -13.5324 36.3780 15.7801
vertex -13.4771 36.7980 15.7801
endloop
endfacet
facet normal 0.000000 0.000000 -1.000000
outer loop
vertex -15.0998 36.7980 0.0000
vertex -13.4771 36.7980 0.0000
vertex -13.5324 36.3780 0.0000
endloop
endfacet
endsolid terrain
